Date,close
2020-11-02,9.75
2020-11-03,9.75
2020-11-04,9.800000190734863
2020-11-05,9.800000190734863
2020-11-06,9.890000343322754
2020-11-09,9.779999732971191
2020-11-10,9.789999961853027
2020-11-11,9.835000038146973
2020-11-12,9.829999923706055
2020-11-13,9.850000381469727
2020-11-16,9.829999923706055
2020-11-17,9.880000114440918
2020-11-18,9.899999618530273
2020-11-19,9.869999885559082
2020-11-20,9.850000381469727
2020-11-23,9.850000381469727
2020-11-24,9.859999656677246
2020-11-25,9.859999656677246
2020-11-27,9.899999618530273
2020-11-30,9.899999618530273
2020-12-01,9.944999694824219
2020-12-02,9.949999809265137
2020-12-03,10.020000457763672
2020-12-04,10.010000228881836
2020-12-07,10.0
2020-12-08,9.989999771118164
2020-12-09,10.0
2020-12-10,10.029999732971191
2020-12-11,10.029999732971191
2020-12-14,10.039999961853027
2020-12-15,10.100000381469727
2020-12-16,10.039999961853027
2020-12-17,10.050000190734863
2020-12-18,10.079999923706055
2020-12-21,10.010000228881836
2020-12-22,10.079999923706055
2020-12-23,10.079999923706055
2020-12-24,10.079999923706055
2020-12-28,10.100000381469727
2020-12-29,10.149999618530273
2020-12-30,10.149999618530273
2020-12-31,10.0600004196167
2021-01-04,10.109999656677246
2021-01-05,10.180000305175781
2021-01-06,10.0600004196167
2021-01-07,10.100000381469727
2021-01-08,10.170000076293945
2021-01-11,10.234999656677246
2021-01-12,10.260000228881836
2021-01-13,10.279999732971191
2021-01-14,10.274999618530273
2021-01-15,10.289999961853027
2021-01-19,10.3100004196167
2021-01-20,10.270000457763672
2021-01-21,10.270000457763672
2021-01-22,10.270000457763672
2021-01-25,10.369999885559082
2021-01-26,10.270000457763672
2021-01-27,10.170000076293945
2021-01-28,10.399999618530273
2021-01-29,10.199999809265137
2021-02-01,10.300000190734863
2021-02-02,10.319999694824219
2021-02-03,10.40999984741211
2021-02-04,10.4399995803833
2021-02-05,10.369999885559082
2021-02-08,10.25
2021-02-09,10.229999542236328
2021-02-10,10.329999923706055
2021-02-11,10.279999732971191
2021-02-12,10.449999809265137
2021-02-16,10.364999771118164
2021-02-17,10.390000343322754
2021-02-18,10.369999885559082
2021-02-19,10.399999618530273
2021-02-22,10.385000228881836
2021-02-23,10.305000305175781
2021-02-24,10.399999618530273
2021-02-25,10.34000015258789
2021-02-26,10.359999656677246
2021-03-01,10.25
2021-03-02,10.050000190734863
2021-03-03,10.010000228881836
2021-03-04,9.979999542236328
2021-03-05,10.0
2021-03-08,9.979999542236328
2021-03-09,9.960000038146973
2021-03-10,9.920000076293945
2021-03-11,9.920000076293945
2021-03-12,9.920000076293945
2021-03-15,9.960000038146973
2021-03-16,9.970000267028809
2021-03-17,9.90999984741211
2021-03-18,9.90999984741211
2021-03-19,9.920000076293945
2021-03-22,9.90999984741211
2021-03-23,9.819999694824219
2021-03-24,9.859999656677246
2021-03-25,9.800000190734863
2021-03-26,9.949999809265137
2021-03-29,9.9399995803833
2021-03-30,9.899999618530273
2021-03-31,9.850000381469727
2021-04-01,9.850000381469727
2021-04-05,9.920000076293945
2021-04-06,9.96500015258789
2021-04-07,10.0
2021-04-08,9.90999984741211
2021-04-09,9.960000038146973
2021-04-12,9.989999771118164
2021-04-13,9.970000267028809
2021-04-14,9.970000267028809
2021-04-15,10.0
2021-04-16,9.989999771118164
2021-04-19,9.979999542236328
2021-04-20,9.979999542236328
2021-04-21,9.899999618530273
2021-04-22,9.970000267028809
2021-04-23,9.949999809265137
2021-04-26,9.949999809265137
2021-04-27,9.960000038146973
2021-04-28,9.949999809265137
2021-04-29,9.970000267028809
2021-04-30,9.970000267028809
2021-05-03,9.975000381469727
2021-05-04,9.970000267028809
2021-05-05,9.970000267028809
2021-05-06,9.960000038146973
2021-05-07,9.949999809265137
2021-05-10,9.970000267028809
2021-05-11,9.979999542236328
2021-05-12,9.920000076293945
2021-05-13,9.899999618530273
2021-05-14,9.899999618530273
2021-05-17,9.861000061035156
2021-05-18,9.899999618530273
2021-05-19,9.899999618530273
2021-05-20,9.899999618530273
2021-05-21,9.899999618530273
2021-05-24,9.880000114440918
2021-05-25,9.970000267028809
2021-05-26,9.949999809265137
2021-05-27,9.949999809265137
2021-05-28,9.930000305175781
2021-06-01,9.9399995803833
2021-06-02,9.949999809265137
2021-06-03,9.970000267028809
2021-06-04,9.960000038146973
2021-06-07,9.970000267028809
2021-06-08,9.970000267028809
2021-06-09,9.958999633789062
2021-06-10,10.079999923706055
2021-06-11,10.045000076293945
2021-06-14,10.050000190734863
2021-06-15,10.074999809265137
2021-06-16,10.029999732971191
2021-06-17,10.039999961853027
2021-06-18,10.050000190734863
2021-06-21,10.020000457763672
2021-06-22,10.050000190734863
2021-06-23,10.020000457763672
2021-06-24,10.010000228881836
2021-06-25,10.010000228881836
2021-06-28,10.020000457763672
2021-06-29,10.020000457763672
2021-06-30,10.050000190734863
2021-07-01,10.010000228881836
2021-07-02,10.039999961853027
2021-07-06,10.039999961853027
2021-07-07,10.039999961853027
2021-07-08,10.050000190734863
2021-07-09,10.050000190734863
2021-07-12,10.050000190734863
2021-07-13,10.069999694824219
2021-07-14,10.0600004196167
2021-07-15,10.050000190734863
2021-07-16,10.069999694824219
2021-07-19,10.039999961853027
2021-07-20,10.050000190734863
2021-07-21,10.029999732971191
2021-07-22,10.039999961853027
2021-07-23,10.039999961853027
2021-07-26,10.039999961853027
2021-07-27,10.050000190734863
2021-07-28,10.0
2021-07-29,10.010000228881836
2021-07-30,10.0
2021-08-02,10.0
2021-08-03,10.0
2021-08-04,10.0
2021-08-05,10.0
2021-08-06,10.010000228881836
2021-08-09,10.010000228881836
2021-08-10,10.020000457763672
2021-08-11,10.010000228881836
2021-08-12,10.010000228881836
2021-08-13,10.050000190734863
2021-08-16,10.020000457763672
2021-08-17,10.050000190734863
2021-08-18,10.029999732971191
2021-08-19,10.020000457763672
2021-08-20,10.020000457763672
2021-08-23,10.029999732971191
2021-08-24,10.029999732971191
2021-08-25,10.015000343322754
2021-08-26,10.039999961853027
2021-08-27,10.050000190734863
2021-08-30,10.039999961853027
2021-08-31,10.0600004196167
2021-09-01,10.069999694824219
2021-09-02,10.0600004196167
2021-09-03,10.0600004196167
2021-09-07,10.0600004196167
2021-09-08,10.069999694824219
2021-09-09,10.0600004196167
2021-09-10,10.069999694824219
2021-09-13,10.069999694824219
2021-09-14,10.069999694824219
2021-09-15,10.09000015258789
2021-09-16,10.109999656677246
2021-09-17,10.100000381469727
2021-09-20,10.109999656677246
2021-09-21,10.109999656677246
2021-09-22,10.109999656677246
2021-09-23,10.114999771118164
2021-09-24,10.109999656677246
2021-09-27,10.114999771118164
2021-09-28,10.109999656677246
2021-09-29,10.109999656677246
2021-09-30,10.119999885559082
2021-10-01,10.119999885559082
2021-10-04,10.119999885559082
2021-10-05,10.116999626159668
2021-10-06,10.119999885559082
2021-10-07,10.119999885559082
2021-10-08,10.114999771118164
2021-10-11,10.119999885559082
2021-10-12,10.119999885559082
2021-10-13,10.109999656677246
2021-10-14,10.119999885559082
2021-10-15,10.119000434875488
2021-10-18,10.140000343322754
2021-10-19,10.130000114440918
2021-10-20,10.145000457763672
2021-10-21,10.130000114440918
2021-10-22,10.09000015258789
2021-10-25,10.149999618530273
2021-10-26,10.3100004196167
2021-10-27,10.890000343322754
2021-10-28,10.859999656677246
2021-10-29,10.949999809265137
2021-11-01,12.779999732971191
2021-11-02,9.970000267028809
2021-11-03,8.430000305175781
2021-11-04,8.4399995803833
2021-11-05,9.039999961853027
2021-11-08,9.8100004196167
2021-11-09,9.170000076293945
2021-11-10,9.489999771118164
2021-11-11,9.880000114440918
2021-11-12,9.119999885559082
2021-11-15,9.199999809265137
2021-11-16,9.039999961853027
2021-11-17,9.039999961853027
2021-11-18,7.980000019073486
2021-11-19,8.020000457763672
2021-11-22,8.739999771118164
2021-11-23,7.960000038146973
2021-11-24,7.929999828338623
2021-11-26,8.0
2021-11-29,8.319999694824219
2021-11-30,8.119999885559082
2021-12-01,7.769999980926514
2021-12-02,7.5
2021-12-03,7.409999847412109
2021-12-06,6.53000020980835
2021-12-07,7.239999771118164
2021-12-08,7.210000038146973
2021-12-09,7.940000057220459
2021-12-10,7.789999961853027
2021-12-13,7.650000095367432
2021-12-14,7.519999980926514
2021-12-15,7.809999942779541
2021-12-16,8.220000267028809
2021-12-17,8.15999984741211
2021-12-20,8.0600004196167
2021-12-21,8.050000190734863
2021-12-22,8.270000457763672
2021-12-23,8.829999923706055
2021-12-27,9.3100004196167
2021-12-28,9.289999961853027
2021-12-29,8.920000076293945
2021-12-30,9.170000076293945
2021-12-31,8.760000228881836
2022-01-03,9.25
2022-01-04,8.989999771118164
2022-01-05,8.829999923706055
2022-01-06,8.670000076293945
2022-01-07,8.739999771118164
2022-01-10,8.65999984741211
2022-01-11,8.739999771118164
2022-01-12,8.529999732971191
2022-01-13,8.65999984741211
2022-01-14,9.100000381469727
2022-01-18,8.899999618530273
2022-01-19,8.0
2022-01-20,7.650000095367432
2022-01-21,7.059999942779541
2022-01-24,7.369999885559082
2022-01-25,7.199999809265137
2022-01-26,7.260000228881836
2022-01-27,6.989999771118164
2022-01-28,7.079999923706055
2022-01-31,7.380000114440918
2022-02-01,7.460000038146973
2022-02-02,7.539999961853027
2022-02-03,7.300000190734863
2022-02-04,7.119999885559082
2022-02-07,7.369999885559082
2022-02-08,7.480000019073486
2022-02-09,7.210000038146973
2022-02-10,7.519999980926514
2022-02-11,7.650000095367432
2022-02-14,7.03000020980835
2022-02-15,6.590000152587891
2022-02-16,6.480000019073486
2022-02-17,6.150000095367432
2022-02-18,6.150000095367432
2022-02-22,6.150000095367432
2022-02-23,5.989999771118164
2022-02-24,6.130000114440918
2022-02-25,6.349999904632568
2022-02-28,6.079999923706055
2022-03-01,6.090000152587891
2022-03-02,6.090000152587891
2022-03-03,6.019999980926514
2022-03-04,6.039999961853027
2022-03-07,5.96999979019165
2022-03-08,6.050000190734863
2022-03-09,6.28000020980835
2022-03-10,6.590000152587891
2022-03-11,6.630000114440918
2022-03-14,6.460000038146973
2022-03-15,6.920000076293945
2022-03-16,7.25
2022-03-17,7.710000038146973
2022-03-18,7.889999866485596
2022-03-21,8.15999984741211
2022-03-22,8.369999885559082
2022-03-23,7.940000057220459
2022-03-24,7.800000190734863
2022-03-25,7.869999885559082
2022-03-28,7.21999979019165
2022-03-29,7.519999980926514
2022-03-30,7.599999904632568
2022-03-31,7.489999771118164
2022-04-01,7.659999847412109
2022-04-04,7.46999979019165
2022-04-05,7.670000076293945
2022-04-06,7.480000019073486
2022-04-07,7.360000133514404
2022-04-08,7.369999885559082
2022-04-11,7.519999980926514
2022-04-12,7.300000190734863
2022-04-13,7.519999980926514
2022-04-14,7.489999771118164
2022-04-18,7.5
2022-04-19,7.5
2022-04-20,7.650000095367432
2022-04-21,7.440000057220459
2022-04-22,7.349999904632568
2022-04-25,7.619999885559082
2022-04-26,7.409999847412109
2022-04-27,6.46999979019165
2022-04-28,6.480000019073486
2022-04-29,6.230000019073486
2022-05-02,6.170000076293945
2022-05-03,6.199999809265137
2022-05-04,6.039999961853027
2022-05-05,5.929999828338623
2022-05-06,5.809999942779541
2022-05-09,5.559999942779541
2022-05-10,5.28000020980835
2022-05-11,5.119999885559082
2022-05-12,4.820000171661377
2022-05-13,4.96999979019165
2022-05-16,4.710000038146973
2022-05-17,4.679999828338623
2022-05-18,4.269999980926514
2022-05-19,4.03000020980835
2022-05-20,3.9800000190734863
2022-05-23,3.6500000953674316
2022-05-24,3.319999933242798
2022-05-25,3.2699999809265137
2022-05-26,3.200000047683716
2022-05-27,3.5
2022-05-31,3.4100000858306885
2022-06-01,3.319999933242798
2022-06-02,3.1700000762939453
2022-06-03,2.990000009536743
2022-06-06,2.799999952316284
2022-06-07,3.0
2022-06-08,2.930000066757202
2022-06-09,2.6500000953674316
2022-06-10,2.3399999141693115
2022-06-13,2.3399999141693115
2022-06-14,2.390000104904175
2022-06-15,2.569999933242798
2022-06-16,2.9700000286102295
2022-06-17,2.740000009536743
2022-06-21,2.3499999046325684
2022-06-22,2.180000066757202
2022-06-23,2.190000057220459
2022-06-24,2.180000066757202
2022-06-27,2.2300000190734863
2022-06-28,1.9900000095367432
2022-06-29,2.0
2022-06-30,2.2699999809265137
2022-07-01,2.309999942779541
2022-07-05,2.190000057220459
2022-07-06,2.1500000953674316
2022-07-07,2.180000066757202
2022-07-08,2.200000047683716
2022-07-11,2.4000000953674316
2022-07-12,2.2699999809265137
2022-07-13,2.4200000762939453
2022-07-14,2.7300000190734863
2022-07-15,2.630000114440918
2022-07-18,2.640000104904175
2022-07-19,2.7200000286102295
2022-07-20,2.930000066757202
2022-07-21,2.930000066757202
2022-07-22,2.740000009536743
2022-07-25,2.7200000286102295
2022-07-26,2.740000009536743
2022-07-27,2.700000047683716
2022-07-28,2.799999952316284
2022-07-29,2.759999990463257
2022-08-01,2.759999990463257
2022-08-02,2.859999895095825
2022-08-03,2.759999990463257
2022-08-04,2.799999952316284
2022-08-05,2.799999952316284
2022-08-08,3.109999895095825
2022-08-09,2.930000066757202
2022-08-10,3.359999895095825
2022-08-11,3.390000104904175
2022-08-12,3.180000066757202
2022-08-15,3.0999999046325684
2022-08-16,3.1700000762939453
2022-08-17,3.049999952316284
2022-08-18,3.1700000762939453
2022-08-19,2.8399999141693115
2022-08-22,2.940000057220459
2022-08-23,3.0299999713897705
2022-08-24,3.0899999141693115
2022-08-25,3.2300000190734863
2022-08-26,3.0999999046325684
2022-08-29,3.2699999809265137
2022-08-30,3.299999952316284
2022-08-31,3.390000104904175
2022-09-01,3.309999942779541
2022-09-02,3.2300000190734863
2022-09-06,3.359999895095825
2022-09-07,3.380000114440918
2022-09-08,3.4800000190734863
2022-09-09,3.440000057220459
2022-09-12,3.380000114440918
2022-09-13,3.319999933242798
2022-09-14,3.130000114440918
2022-09-15,2.950000047683716
2022-09-16,2.799999952316284
2022-09-19,2.759999990463257
2022-09-20,2.7699999809265137
2022-09-21,2.680000066757202
2022-09-22,2.759999990463257
2022-09-23,2.740000009536743
2022-09-26,2.869999885559082
2022-09-27,2.880000114440918
2022-09-28,2.809999942779541
2022-09-29,2.8399999141693115
2022-09-30,2.690000057220459
2022-10-03,2.759999990463257
2022-10-04,2.990000009536743
2022-10-05,2.9700000286102295
2022-10-06,3.009999990463257
2022-10-07,2.7899999618530273
2022-10-10,2.7200000286102295
2022-10-11,2.5999999046325684
2022-10-12,2.619999885559082
2022-10-13,2.680000066757202
2022-10-14,2.75
2022-10-17,2.869999885559082
2022-10-18,2.9800000190734863
2022-10-19,2.869999885559082
2022-10-20,2.8499999046325684
2022-10-21,2.9100000858306885
2022-10-24,3.0899999141693115
2022-10-25,3.25
2022-10-26,3.380000114440918
2022-10-27,3.3399999141693115
2022-10-28,3.3499999046325684
2022-10-31,3.430000066757202
2022-11-01,3.380000114440918
2022-11-02,3.4000000953674316
2022-11-03,3.3499999046325684
2022-11-04,3.2899999618530273
2022-11-07,3.299999952316284
2022-11-08,3.240000009536743
2022-11-09,3.109999895095825
2022-11-10,3.2200000286102295
2022-11-11,3.380000114440918
2022-11-14,3.4800000190734863
2022-11-15,3.3299999237060547
2022-11-16,3.569999933242798
2022-11-17,3.7100000381469727
2022-11-18,3.490000009536743
2022-11-21,3.130000114440918
2022-11-22,3.625
2022-11-23,3.509999990463257
2022-11-25,3.549999952316284
2022-11-28,3.2100000381469727
2022-11-29,3.259999990463257
2022-11-30,3.2899999618530273
2022-12-01,3.2100000381469727
2022-12-02,3.180000066757202
2022-12-05,2.9700000286102295
2022-12-06,2.9100000858306885
2022-12-07,2.890000104904175
2022-12-08,2.9000000953674316
2022-12-09,2.740000009536743
2022-12-12,2.759999990463257
2022-12-13,2.950000047683716
2022-12-14,2.950000047683716
2022-12-15,2.859999895095825
2022-12-16,2.8499999046325684
2022-12-19,2.700000047683716
2022-12-20,2.9000000953674316
2022-12-21,2.890000104904175
2022-12-22,2.799999952316284
2022-12-23,2.799999952316284
2022-12-27,2.759999990463257
2022-12-28,2.740000009536743
2022-12-29,2.880000114440918
2022-12-30,2.930000066757202
2023-01-03,3.059999942779541
2023-01-04,3.119999885559082
2023-01-05,3.0199999809265137
2023-01-06,3.0399999618530273
2023-01-09,3.059999942779541
2023-01-10,3.0999999046325684
2023-01-11,3.119999885559082
2023-01-12,2.9800000190734863
2023-01-13,3.0
2023-01-17,2.9000000953674316
2023-01-18,2.700000047683716
2023-01-19,2.5299999713897705
2023-01-20,2.7100000381469727
2023-01-23,2.809999942779541
2023-01-24,2.9100000858306885
2023-01-25,3.0999999046325684
2023-01-26,3.0799999237060547
2023-01-27,2.9100000858306885
2023-01-30,2.759999990463257
2023-01-31,2.9600000381469727
2023-02-01,2.990000009536743
2023-02-02,3.0
2023-02-03,3.069999933242798
2023-02-06,3.0199999809265137
2023-02-07,3.2200000286102295
2023-02-08,3.4600000381469727
2023-02-09,3.059999942779541
2023-02-10,3.1600000858306885
2023-02-13,2.930000066757202
2023-02-14,2.859999895095825
2023-02-15,2.799999952316284
2023-02-16,2.869999885559082
2023-02-17,2.9100000858306885
2023-02-21,2.8299999237060547
2023-02-22,2.75
2023-02-23,2.819999933242798
2023-02-24,2.7799999713897705
2023-02-27,2.759999990463257
2023-02-28,2.759999990463257
2023-03-01,2.7699999809265137
2023-03-02,2.6600000858306885
2023-03-03,2.6700000762939453
2023-03-06,2.7300000190734863
2023-03-07,2.7300000190734863
2023-03-08,2.740000009536743
2023-03-09,2.6600000858306885
2023-03-10,2.4000000953674316
2023-03-13,2.190000057220459
2023-03-14,2.1600000858306885
2023-03-15,2.1600000858306885
2023-03-16,2.130000114440918
2023-03-17,2.0799999237060547
2023-03-20,2.0199999809265137
2023-03-21,2.0
2023-03-22,1.8849999904632568
2023-03-23,1.7200000286102295
2023-03-24,1.7200000286102295
2023-03-27,1.7699999809265137
2023-03-28,2.049999952316284
2023-03-29,1.9950000047683716
2023-03-30,1.8899999856948853
2023-03-31,2.0299999713897705
2023-04-03,1.9800000190734863
2023-04-04,1.850000023841858
2023-04-05,1.8300000429153442
2023-04-06,1.8799999952316284
2023-04-10,1.9299999475479126
2023-04-11,1.9600000381469727
2023-04-12,1.9800000190734863
2023-04-13,2.049999952316284
2023-04-14,2.0199999809265137
2023-04-17,2.069999933242798
2023-04-18,2.069999933242798
2023-04-19,2.0899999141693115
2023-04-20,2.130000114440918
2023-04-21,1.9800000190734863
2023-04-24,1.9700000286102295
2023-04-25,2.1600000858306885
2023-04-26,2.1500000953674316
2023-04-27,2.140000104904175
2023-04-28,2.1600000858306885
2023-05-01,2.0399999618530273
2023-05-02,1.9900000095367432
2023-05-03,2.009999990463257
2023-05-04,1.9900000095367432
2023-05-05,2.0799999237060547
2023-05-08,2.130000114440918
2023-05-09,2.180000066757202
2023-05-10,2.3299999237060547
2023-05-11,2.8499999046325684
2023-05-12,2.819999933242798
2023-05-15,2.4700000286102295
2023-05-16,2.299999952316284
2023-05-17,2.2899999618530273
2023-05-18,2.3399999141693115
2023-05-19,2.240000009536743
2023-05-22,2.184999942779541
2023-05-23,2.2799999713897705
2023-05-24,2.2300000190734863
2023-05-25,2.369999885559082
2023-05-26,2.4100000858306885
2023-05-30,2.569999933242798
2023-05-31,2.5799999237060547
2023-06-01,2.5899999141693115
2023-06-02,2.6700000762939453
2023-06-05,2.7300000190734863
2023-06-06,2.7699999809265137
2023-06-07,2.7799999713897705
2023-06-08,2.7899999618530273
2023-06-09,2.7300000190734863
2023-06-12,2.8499999046325684
2023-06-13,3.0299999713897705
2023-06-14,3.0899999141693115
2023-06-15,2.990000009536743
2023-06-16,2.950000047683716
2023-06-20,2.869999885559082
2023-06-21,2.759999990463257
2023-06-22,2.880000114440918
2023-06-23,3.0199999809265137
2023-06-26,2.9000000953674316
2023-06-27,3.049999952316284
2023-06-28,3.0
2023-06-29,3.0299999713897705
2023-06-30,2.940000057220459
2023-07-03,2.990000009536743
2023-07-05,2.990000009536743
2023-07-06,2.890000104904175
2023-07-07,2.9700000286102295
2023-07-10,2.990000009536743
2023-07-11,3.0299999713897705
2023-07-12,3.180000066757202
2023-07-13,3.200000047683716
2023-07-14,2.990000009536743
2023-07-17,2.950000047683716
2023-07-18,2.940000057220459
2023-07-19,3.0
2023-07-20,3.0
2023-07-21,2.940000057220459
2023-07-24,2.990000009536743
2023-07-25,3.049999952316284
2023-07-26,3.0
2023-07-27,2.9700000286102295
2023-07-28,2.9700000286102295
2023-07-31,3.2100000381469727
2023-08-01,3.240000009536743
2023-08-02,3.1500000953674316
2023-08-03,3.369999885559082
2023-08-04,3.509999990463257
2023-08-07,3.369999885559082
2023-08-08,3.3499999046325684
2023-08-09,3.3499999046325684
2023-08-10,3.7799999713897705
2023-08-11,4.5
2023-08-14,4.579999923706055
2023-08-15,4.289999961853027
2023-08-16,4.21999979019165
2023-08-17,4.159999847412109
2023-08-18,4.0
2023-08-21,3.859999895095825
2023-08-22,3.9700000286102295
2023-08-23,4.190000057220459
2023-08-24,4.119999885559082
2023-08-25,4.349999904632568
2023-08-28,4.28000020980835
2023-08-29,4.349999904632568
2023-08-30,4.585000038146973
2023-08-31,4.320000171661377
2023-09-01,4.440000057220459
2023-09-05,4.550000190734863
2023-09-06,4.440000057220459
2023-09-07,4.329999923706055
2023-09-08,4.349999904632568
2023-09-11,4.489999771118164
2023-09-12,5.070000171661377
2023-09-13,5.730000019073486
2023-09-14,5.840000152587891
2023-09-15,5.900000095367432
2023-09-18,5.46999979019165
2023-09-19,5.75
2023-09-20,5.230000019073486
2023-09-21,5.130000114440918
2023-09-22,5.5
2023-09-25,5.409999847412109
2023-09-26,5.349999904632568
2023-09-27,5.340000152587891
2023-09-28,5.400000095367432
2023-09-29,5.139999866485596
2023-10-02,4.929999828338623
2023-10-03,4.75
2023-10-04,5.090000152587891
2023-10-05,5.03000020980835
2023-10-06,5.230000019073486
2023-10-09,5.139999866485596
2023-10-10,5.28000020980835
2023-10-11,5.119999885559082
2023-10-12,4.78000020980835
2023-10-13,4.610000133514404
2023-10-16,4.809999942779541
2023-10-17,4.989999771118164
2023-10-18,4.670000076293945
2023-10-19,4.650000095367432
2023-10-20,4.46999979019165
2023-10-23,4.380000114440918
2023-10-24,4.429999828338623
2023-10-25,4.400000095367432
2023-10-26,4.429999828338623
2023-10-27,4.440000057220459
2023-10-30,4.46999979019165
2023-10-31,4.659999847412109
2023-11-01,4.570000171661377
2023-11-02,4.599999904632568
2023-11-03,4.679999828338623
2023-11-06,4.590000152587891
2023-11-07,4.809999942779541
2023-11-08,4.880000114440918
2023-11-09,4.849999904632568
2023-11-10,4.599999904632568
2023-11-13,4.71999979019165
2023-11-14,5.050000190734863
2023-11-15,4.829999923706055
2023-11-16,4.789999961853027
2023-11-17,4.860000133514404
2023-11-20,4.789999961853027
2023-11-21,4.5
2023-11-22,4.340000152587891
2023-11-24,4.480000019073486
2023-11-27,4.409999847412109
2023-11-28,4.170000076293945
2023-11-29,4.110000133514404
2023-11-30,3.9600000381469727
2023-12-01,4.210000038146973
2023-12-04,4.099999904632568
2023-12-05,3.950000047683716
2023-12-06,3.930000066757202
2023-12-07,3.940000057220459
2023-12-08,3.9200000762939453
2023-12-11,4.070000171661377
2023-12-12,4.0
2023-12-13,4.090000152587891
2023-12-14,4.099999904632568
2023-12-15,4.010000228881836
2023-12-18,4.230000019073486
2023-12-19,4.190000057220459
2023-12-20,4.119999885559082
2023-12-21,4.300000190734863
2023-12-22,4.329999923706055
2023-12-26,4.429999828338623
2023-12-27,4.420000076293945
2023-12-28,4.510000228881836
2023-12-29,4.449999809265137
2024-01-02,4.5
2024-01-03,4.534999847412109
2024-01-04,4.519999980926514
2024-01-05,4.590000152587891
2024-01-08,4.630000114440918
2024-01-09,5.099999904632568
2024-01-10,4.585000038146973
2024-01-11,4.125
2024-01-12,3.9800000190734863
2024-01-16,3.880000114440918
2024-01-17,3.8499999046325684
2024-01-18,3.9000000953674316
2024-01-19,3.880000114440918
2024-01-22,3.950000047683716
2024-01-23,3.8499999046325684
2024-01-24,3.7899999618530273
2024-01-25,3.759999990463257
2024-01-26,3.75
2024-01-29,4.150000095367432
2024-01-30,4.170000076293945
2024-01-31,4.159999847412109
2024-02-01,4.130000114440918
2024-02-02,4.090000152587891
2024-02-05,4.159999847412109
2024-02-06,4.130000114440918
2024-02-07,4.130000114440918
2024-02-08,4.400000095367432
2024-02-09,4.409999847412109
2024-02-12,4.400000095367432
2024-02-13,4.010000228881836
2024-02-14,3.9800000190734863
2024-02-15,4.110000133514404
2024-02-16,4.199999809265137
2024-02-20,4.340000152587891
2024-02-21,4.090000152587891
2024-02-22,4.150000095367432
2024-02-23,4.099999904632568
2024-02-26,4.179999828338623
2024-02-27,4.050000190734863
2024-02-28,3.9700000286102295
2024-02-29,4.28000020980835
2024-03-01,4.300000190734863
2024-03-04,3.930000066757202
2024-03-05,3.755000114440918
2024-03-06,3.640000104904175
2024-03-07,3.6700000762939453
2024-03-08,3.890000104904175
2024-03-11,5.260000228881836
2024-03-12,5.239999771118164
2024-03-13,5.605000019073486
2024-03-14,4.239999771118164
2024-03-15,4.210000038146973
2024-03-18,4.730000019073486
2024-03-19,4.739999771118164
2024-03-20,4.820000171661377
2024-03-21,5.659999847412109
2024-03-22,6.190000057220459
2024-03-25,6.579999923706055
2024-03-26,6.929999828338623
2024-03-27,6.909999847412109
2024-03-28,6.579999923706055
2024-04-01,6.820000171661377
2024-04-02,7.03000020980835
2024-04-03,7.369999885559082
2024-04-04,7.25
2024-04-05,7.5
2024-04-08,7.860000133514404
2024-04-09,7.599999904632568
2024-04-10,7.599999904632568
2024-04-11,7.440000057220459
2024-04-12,7.409999847412109
2024-04-15,7.054999828338623
2024-04-16,8.020000457763672
2024-04-17,7.789999961853027
2024-04-18,8.079999923706055
2024-04-19,8.15999984741211
2024-04-22,8.399999618530273
2024-04-23,8.65999984741211
2024-04-24,8.704999923706055
2024-04-25,8.265000343322754
2024-04-26,9.420000076293945
2024-04-29,9.390000343322754
2024-04-30,9.109999656677246
2024-05-01,9.100000381469727
2024-05-02,8.989999771118164
2024-05-03,9.020000457763672
2024-05-06,8.539999961853027
2024-05-07,8.59000015258789
2024-05-08,8.380000114440918
2024-05-09,8.069999694824219
2024-05-10,7.489999771118164
2024-05-13,7.460000038146973
2024-05-14,7.71999979019165
2024-05-15,7.480000019073486
2024-05-16,8.149999618530273
2024-05-17,8.100000381469727
2024-05-20,7.900000095367432
2024-05-21,7.53000020980835
2024-05-22,7.364999771118164
2024-05-23,7.5
2024-05-24,7.710000038146973
2024-05-28,7.900000095367432
2024-05-29,7.599999904632568
2024-05-30,7.670000076293945
2024-05-31,7.894999980926514
2024-06-03,7.849999904632568
2024-06-04,7.550000190734863
2024-06-05,8.239999771118164
2024-06-06,7.760000228881836
2024-06-07,7.449999809265137
2024-06-10,7.440000057220459
2024-06-11,7.570000171661377
2024-06-12,7.659999847412109
2024-06-13,7.369999885559082
2024-06-14,7.380000114440918
2024-06-17,7.400000095367432
2024-06-18,7.409999847412109
2024-06-20,7.400000095367432
2024-06-21,7.75
2024-06-24,7.880000114440918
2024-06-25,8.260000228881836
2024-06-26,7.900000095367432
2024-06-27,8.0
2024-06-28,8.109999656677246
2024-07-01,8.0600004196167
2024-07-02,7.949999809265137
2024-07-03,8.020000457763672
2024-07-05,8.430000305175781
2024-07-08,8.329999923706055
2024-07-09,8.149999618530273
2024-07-10,8.5600004196167
2024-07-11,8.399999618530273
2024-07-12,8.609999656677246
2024-07-15,9.199999809265137
2024-07-16,9.34000015258789
2024-07-17,9.199999809265137
2024-07-18,8.449999809265137
2024-07-19,8.0
2024-07-22,8.260000228881836
2024-07-23,8.600000381469727
2024-07-24,8.449999809265137
2024-07-25,8.180000305175781
2024-07-26,8.350000381469727
2024-07-29,8.039999961853027
2024-07-30,8.050000190734863
2024-07-31,8.3100004196167
2024-08-01,7.820000171661377
2024-08-02,7.449999809265137
2024-08-05,7.059999942779541
2024-08-06,8.0600004196167
2024-08-07,7.320000171661377
2024-08-08,7.46999979019165
2024-08-09,7.300000190734863
2024-08-12,7.260000228881836
2024-08-13,7.46999979019165
2024-08-14,7.559999942779541
2024-08-15,7.744999885559082
2024-08-16,7.320000171661377
2024-08-19,7.119999885559082
2024-08-20,7.03000020980835
2024-08-21,7.099999904632568
2024-08-22,6.534999847412109
2024-08-23,6.960000038146973
2024-08-26,6.929999828338623
2024-08-27,6.96999979019165
2024-08-28,7.190000057220459
2024-08-29,7.519999980926514
2024-08-30,7.670000076293945
2024-09-03,7.085000038146973
2024-09-04,7.199999809265137
2024-09-05,7.570000171661377
2024-09-06,7.019999980926514
2024-09-09,7.039999961853027
2024-09-10,7.210000038146973
2024-09-11,7.599999904632568
2024-09-12,7.460000038146973
2024-09-13,7.860000133514404
2024-09-16,7.739999771118164
2024-09-17,7.59499979019165
2024-09-18,7.550000190734863
2024-09-19,7.809999942779541
2024-09-20,7.690000057220459
2024-09-23,6.989999771118164
2024-09-24,7.179999828338623
2024-09-25,7.150000095367432
2024-09-26,7.389999866485596
2024-09-27,7.420000076293945
2024-09-30,7.489999771118164
2024-10-01,7.489999771118164
2024-10-02,7.579999923706055
2024-10-03,7.630000114440918
2024-10-04,7.78000020980835
2024-10-07,7.71999979019165
2024-10-08,7.84499979019165
2024-10-09,7.690000057220459
2024-10-10,7.695000171661377
2024-10-11,7.909999847412109
2024-10-14,7.800000190734863
2024-10-15,7.989999771118164
2024-10-16,8.0
2024-10-17,8.25
2024-10-18,8.75
2024-10-21,9.430000305175781
2024-10-22,10.0600004196167
2024-10-23,10.180000305175781
2024-10-24,9.869999885559082
2024-10-25,10.470000267028809
2024-10-28,11.449999809265137
2024-10-29,11.819999694824219
2024-10-30,11.8100004196167
2024-10-31,11.619999885559082
2024-11-01,11.949999809265137
2024-11-04,12.869999885559082
2024-11-05,12.859999656677246
2024-11-06,13.510000228881836
2024-11-07,13.970000267028809
2024-11-08,14.479999542236328
2024-11-11,15.050000190734863
2024-11-12,14.890000343322754
2024-11-13,13.5600004196167
2024-11-14,14.149999618530273
2024-11-15,14.220000267028809
2024-11-18,15.100000381469727
2024-11-19,16.209999084472656
2024-11-20,15.350000381469727
2024-11-21,15.539999961853027
2024-11-22,15.869999885559082
2024-11-25,16.139999389648438
2024-11-26,16.059999465942383
2024-11-27,16.729999542236328
2024-11-29,17.389999389648438
2024-12-02,17.25
2024-12-03,16.34000015258789
2024-12-04,16.899999618530273
2024-12-05,17.040000915527344
2024-12-06,17.010000228881836
2024-12-09,16.989999771118164
2024-12-10,17.139999389648438
2024-12-11,17.31999969482422
2024-12-12,17.190000534057617
2024-12-13,16.790000915527344
2024-12-16,18.0
2024-12-17,17.549999237060547
2024-12-18,16.469999313354492
2024-12-19,16.760000228881836
2024-12-20,15.600000381469727
2024-12-23,14.949999809265137
2024-12-24,14.920000076293945
2024-12-26,16.68000030517578
2024-12-27,16.739999771118164
2024-12-30,16.6200008392334
2024-12-31,15.5600004196167
2025-01-02,15.899999618530273
2025-01-03,16.110000610351562
2025-01-06,13.505000114440918
2025-01-07,13.635000228881836
2025-01-08,12.890000343322754
2025-01-10,11.979999542236328
2025-01-13,13.199999809265137
2025-01-14,12.630000114440918
2025-01-15,12.869999885559082
2025-01-16,12.789999961853027
2025-01-17,12.989999771118164
2025-01-21,13.930000305175781
2025-01-22,13.130000114440918
2025-01-23,12.529999732971191
2025-01-24,12.229999542236328
2025-01-27,11.755000114440918
2025-01-28,12.270000457763672
2025-01-29,11.859999656677246
2025-01-30,11.729999542236328
2025-01-31,12.430000305175781
2025-02-03,11.954999923706055
2025-02-04,11.6899995803833
2025-02-05,12.25
2025-02-06,12.270000457763672
2025-02-07,12.100000381469727
2025-02-10,12.0
2025-02-11,11.880000114440918
2025-02-12,11.5600004196167
2025-02-13,12.229999542236328
2025-02-14,12.720000267028809
2025-02-18,12.350000381469727
2025-02-19,12.25
2025-02-20,12.449999809265137
2025-02-21,11.800000190734863
2025-02-24,11.239999771118164
2025-02-25,10.670000076293945
2025-02-26,10.40999984741211
2025-02-27,10.15999984741211
2025-02-28,10.489999771118164
2025-03-03,9.949999809265137
2025-03-04,9.399999618530273
2025-03-05,11.5
2025-03-06,11.170000076293945
2025-03-07,10.760000228881836
2025-03-10,10.180000305175781
2025-03-11,10.15999984741211
2025-03-12,10.270000457763672
2025-03-13,11.199999809265137
2025-03-14,11.039999961853027
2025-03-17,11.380000114440918
2025-03-18,11.869999885559082
2025-03-19,11.800000190734863
2025-03-20,11.84000015258789
2025-03-21,11.970000267028809
2025-03-24,12.760000228881836
2025-03-25,13.4399995803833
2025-03-26,12.680000305175781
2025-03-27,13.0
2025-03-28,12.90999984741211
2025-03-31,12.170000076293945
2025-04-01,12.279999732971191
2025-04-02,12.819999694824219
2025-04-03,12.510000228881836
2025-04-04,11.890000343322754
2025-04-07,12.289999961853027
2025-04-08,11.079999923706055
2025-04-09,12.220000267028809
2025-04-10,11.920000076293945
2025-04-11,12.100000381469727
2025-04-14,12.34000015258789
2025-04-15,12.0600004196167
2025-04-16,11.9399995803833
2025-04-17,11.8149995803833
2025-04-21,11.100000381469727
2025-04-22,10.960000038146973
2025-04-23,11.079999923706055
2025-04-24,11.829999923706055
2025-04-25,11.75
2025-04-28,12.25
2025-04-29,12.680000305175781
2025-04-30,12.420000076293945
2025-05-01,12.755000114440918
2025-05-02,13.199999809265137
2025-05-05,13.010000228881836
2025-05-06,13.220000267028809
2025-05-07,13.795000076293945
2025-05-08,13.930000305175781
2025-05-09,13.119999885559082
2025-05-12,12.739999771118164
2025-05-13,12.949999809265137
2025-05-14,13.289999961853027
2025-05-15,13.59000015258789
2025-05-16,13.9399995803833
2025-05-19,13.4399995803833
2025-05-20,13.319999694824219
2025-05-21,12.680000305175781
2025-05-22,12.869999885559082
2025-05-23,12.4399995803833
2025-05-27,13.210000038146973
2025-05-28,12.760000228881836
2025-05-29,12.390000343322754
2025-05-30,12.550000190734863
2025-06-02,11.600000381469727
2025-06-03,11.630000114440918
2025-06-04,11.829999923706055
2025-06-05,11.619999885559082
2025-06-06,11.859999656677246
2025-06-09,12.329999923706055
2025-06-10,12.234999656677246
2025-06-11,12.670000076293945
2025-06-12,12.520000457763672
2025-06-13,12.869999885559082
2025-06-16,14.470000267028809
2025-06-17,14.359999656677246
2025-06-18,14.390000343322754
2025-06-20,14.489999771118164
2025-06-23,14.630000114440918
2025-06-24,14.930000305175781
2025-06-25,14.9399995803833
2025-06-26,15.079999923706055
2025-06-27,15.069999694824219
2025-06-30,15.199999809265137
2025-07-01,15.369999885559082
2025-07-02,15.460000038146973
2025-07-03,15.930000305175781
2025-07-07,16.2450008392334
2025-07-08,16.229999542236328
2025-07-09,16.040000915527344
2025-07-10,16.260000228881836
2025-07-11,16.139999389648438
2025-07-14,16.25
2025-07-15,16.170000076293945
2025-07-16,15.199999809265137
2025-07-17,14.579999923706055
2025-07-18,14.40999984741211
2025-07-21,14.930000305175781
2025-07-22,15.300000190734863
2025-07-23,15.420000076293945
2025-07-24,15.279999732971191
2025-07-25,15.399999618530273
2025-07-28,15.380000114440918
2025-07-29,15.210000038146973
2025-07-30,14.869999885559082
2025-07-31,14.789999961853027
2025-08-01,14.8100004196167
2025-08-04,15.4399995803833
2025-08-05,15.510000228881836
2025-08-06,15.630000114440918
2025-08-07,14.005000114440918
2025-08-08,13.75
2025-08-11,14.4399995803833
2025-08-12,14.729999542236328
2025-08-13,14.850000381469727
2025-08-14,14.989999771118164
2025-08-15,14.510000228881836
2025-08-18,14.739999771118164
2025-08-19,14.079999923706055
2025-08-20,14.194999694824219
2025-08-21,14.489999771118164
2025-08-22,15.53499984741211
2025-08-25,16.415000915527344
2025-08-26,16.950000762939453
2025-08-27,17.790000915527344
2025-08-28,17.940000534057617
2025-08-29,17.809999465942383
2025-09-02,17.600000381469727
2025-09-03,16.329999923706055
2025-09-04,15.869999885559082
2025-09-05,16.049999237060547
2025-09-08,15.779999732971191
2025-09-09,16.549999237060547
2025-09-10,16.5
2025-09-11,17.100000381469727
2025-09-12,17.239999771118164
2025-09-15,17.5
2025-09-16,17.079999923706055
2025-09-17,17.43000030517578
2025-09-18,17.329999923706055
2025-09-19,17.06999969482422
2025-09-22,17.18000030517578
2025-09-23,16.940000534057617
2025-09-24,16.190000534057617
2025-09-25,15.890000343322754
2025-09-26,15.729999542236328
2025-09-29,14.779999732971191
2025-09-30,14.300000190734863
2025-10-01,14.270000457763672
2025-10-02,14.300000190734863
2025-10-03,14.350000381469727
2025-10-06,14.739999771118164
2025-10-07,14.180000305175781
2025-10-08,14.260000228881836
2025-10-09,14.479999542236328
2025-10-10,13.90999984741211
2025-10-13,13.4399995803833
2025-10-14,13.430000305175781
2025-10-15,13.460000038146973
2025-10-16,13.0600004196167
2025-10-17,12.5
2025-10-20,12.8100004196167
2025-10-21,13.170000076293945
2025-10-22,12.859999656677246
2025-10-23,12.710000038146973
2025-10-24,13.3100004196167
2025-10-27,12.920000076293945
2025-10-28,12.800000190734863
2025-10-29,13.399999618530273
2025-10-30,12.670000076293945
2025-10-31,13.350000381469727
2025-11-03,12.800000190734863
2025-11-04,11.979999542236328
2025-11-05,12.609999656677246
2025-11-06,11.835000038146973
2025-11-07,12.5
2025-11-10,12.640000343322754
2025-11-11,12.520000457763672
2025-11-12,12.59000015258789
2025-11-13,12.25
2025-11-14,12.670000076293945
2025-11-17,12.609999656677246
2025-11-18,12.720000267028809
2025-11-19,12.510000228881836
2025-11-20,11.369999885559082
2025-11-21,11.960000038146973
2025-11-24,12.960000038146973
2025-11-25,13.84000015258789
2025-11-26,13.970000267028809
2025-11-28,14.210000038146973
2025-12-01,14.050000190734863
2025-12-02,13.6899995803833
2025-12-03,14.539999961853027
2025-12-04,15.489999771118164
2025-12-05,15.890000343322754
2025-12-08,16.110000610351562
2025-12-09,16.360000610351562
2025-12-10,16.760000228881836
2025-12-11,16.700000762939453
2025-12-12,16.40999984741211
2025-12-15,16.110000610351562
2025-12-16,16.850000381469727
2025-12-17,16.6299991607666
2025-12-18,16.899999618530273
2025-12-19,16.790000915527344
2025-12-22,17.260000228881836
2025-12-23,17.190000534057617
2025-12-24,17.040000915527344
2025-12-26,17.06999969482422
2025-12-29,16.84000015258789
2025-12-30,16.639999389648438
2025-12-31,16.639999389648438
2026-01-02,16.219999313354492
2026-01-05,15.630000114440918
2026-01-06,15.25
2026-01-07,14.739999771118164
2026-01-08,14.170000076293945
2026-01-09,14.319999694824219
2026-01-12,14.319999694824219
2026-01-13,14.15999984741211
2026-01-14,14.5600004196167
2026-01-15,14.930000305175781
2026-01-16,15.699999809265137
2026-01-20,15.550000190734863
2026-01-21,15.260000228881836
2026-01-22,17.010000228881836
2026-01-23,17.079999923706055
2026-01-26,17.600000381469727
2026-01-27,14.329999923706055
2026-01-28,14.979999542236328
2026-01-29,14.630000114440918
2026-01-30,14.359999656677246
2026-02-02,14.800000190734863
2026-02-03,14.34000015258789
2026-02-04,14.15999984741211
2026-02-05,13.59000015258789
2026-02-06,15.010000228881836
2026-02-09,16.5
2026-02-10,16.479999542236328
2026-02-11,16.549999237060547
2026-02-12,16.1299991607666
2026-02-13,16.09000015258789
2026-02-17,15.989999771118164
2026-02-18,16.329999923706055
2026-02-19,16.81999969482422
2026-02-20,17.06999969482422
2026-02-23,16.5
2026-02-24,16.520000457763672
2026-02-25,16.90999984741211
2026-02-26,16.920000076293945
2026-02-27,16.09000015258789
2026-03-02,16.84000015258789
2026-03-03,17.059999465942383
2026-03-04,16.360000610351562
2026-03-05,16.559999465942383
2026-03-06,16.329999923706055
2026-03-09,16.5
2026-03-10,16.329999923706055
2026-03-11,16.84000015258789
2026-03-12,16.940000534057617
2026-03-13,17.020000457763672
2026-03-16,16.610000610351562
2026-03-17,16.8700008392334
2026-03-18,18.280000686645508
2026-03-19,18.540000915527344
2026-03-20,17.950000762939453
2026-03-23,18.68000030517578
2026-03-24,18.520000457763672
2026-03-25,19.360000610351562
2026-03-26,18.81999969482422
2026-03-27,17.8700008392334
