Date,close
2013-12-03,8.34000015258789
2013-12-04,7.849999904632568
2013-12-05,7.550000190734863
2013-12-06,7.760000228881836
2013-12-09,8.199999809265137
2013-12-10,8.989999771118164
2013-12-11,8.760000228881836
2013-12-12,8.489999771118164
2013-12-13,8.539999961853027
2013-12-16,8.739999771118164
2013-12-17,8.5
2013-12-18,8.600000381469727
2013-12-19,8.59000015258789
2013-12-20,8.680000305175781
2013-12-23,8.760000228881836
2013-12-24,8.949999809265137
2013-12-26,9.274999618530273
2013-12-27,9.199999809265137
2013-12-30,8.619999885559082
2013-12-31,9.140000343322754
2014-01-02,8.880000114440918
2014-01-03,9.149999618530273
2014-01-06,9.0600004196167
2014-01-07,9.229999542236328
2014-01-08,9.619999885559082
2014-01-09,9.75
2014-01-10,9.609999656677246
2014-01-13,9.25
2014-01-14,8.949999809265137
2014-01-15,9.789999961853027
2014-01-16,9.630000114440918
2014-01-17,9.710000038146973
2014-01-21,8.949999809265137
2014-01-22,8.710000038146973
2014-01-23,8.510000228881836
2014-01-24,8.489999771118164
2014-01-27,8.59000015258789
2014-01-28,9.039999961853027
2014-01-29,9.020000457763672
2014-01-30,8.970000267028809
2014-01-31,8.789999961853027
2014-02-03,9.0
2014-02-04,8.960000038146973
2014-02-05,9.489999771118164
2014-02-06,9.170000076293945
2014-02-07,9.149999618530273
2014-02-10,9.289999961853027
2014-02-11,9.09000015258789
2014-02-12,9.140000343322754
2014-02-13,9.079999923706055
2014-02-14,8.890000343322754
2014-02-18,9.5
2014-02-19,10.050000190734863
2014-02-20,10.1899995803833
2014-02-21,11.050000190734863
2014-02-24,11.140000343322754
2014-02-25,11.149999618530273
2014-02-26,11.430000305175781
2014-02-27,11.329999923706055
2014-02-28,11.239999771118164
2014-03-03,11.300000190734863
2014-03-04,11.4399995803833
2014-03-05,11.90999984741211
2014-03-06,12.0
2014-03-07,12.5
2014-03-10,13.050000190734863
2014-03-11,13.65999984741211
2014-03-12,13.899999618530273
2014-03-13,13.680000305175781
2014-03-14,13.899999618530273
2014-03-17,13.609999656677246
2014-03-18,13.399999618530273
2014-03-19,13.130000114440918
2014-03-20,13.0600004196167
2014-03-21,12.470000267028809
2014-03-24,11.149999618530273
2014-03-25,12.010000228881836
2014-03-26,11.119999885559082
2014-03-27,11.229999542236328
2014-03-28,10.550000190734863
2014-03-31,11.729999542236328
2014-04-01,11.949999809265137
2014-04-02,11.479999542236328
2014-04-03,11.59000015258789
2014-04-04,10.899999618530273
2014-04-07,10.260000228881836
2014-04-08,10.25
2014-04-09,10.289999961853027
2014-04-10,9.8100004196167
2014-04-11,9.59000015258789
2014-04-14,9.739999771118164
2014-04-15,9.520000457763672
2014-04-16,10.199999809265137
2014-04-17,10.34000015258789
2014-04-21,10.140000343322754
2014-04-22,10.279999732971191
2014-04-23,10.220000267028809
2014-04-24,10.260000228881836
2014-04-25,10.300000190734863
2014-04-28,9.890000343322754
2014-04-29,9.880000114440918
2014-04-30,9.899999618530273
2014-05-01,9.829999923706055
2014-05-02,9.300000190734863
2014-05-05,9.260000228881836
2014-05-06,8.710000038146973
2014-05-07,8.760000228881836
2014-05-08,8.319999694824219
2014-05-09,8.350000381469727
2014-05-12,8.829999923706055
2014-05-13,8.270000457763672
2014-05-14,8.199999809265137
2014-05-15,8.079999923706055
2014-05-16,8.069999694824219
2014-05-19,8.010000228881836
2014-05-20,7.989999771118164
2014-05-21,8.050000190734863
2014-05-22,8.0
2014-05-23,8.039999961853027
2014-05-27,8.210000038146973
2014-05-28,8.4399995803833
2014-05-29,8.5600004196167
2014-05-30,8.800000190734863
2014-06-02,8.649999618530273
2014-06-03,8.899999618530273
2014-06-04,8.920000076293945
2014-06-05,9.319999694824219
2014-06-06,10.180000305175781
2014-06-09,10.170000076293945
2014-06-10,10.420000076293945
2014-06-11,11.010000228881836
2014-06-12,11.460000038146973
2014-06-13,11.390000343322754
2014-06-16,11.100000381469727
2014-06-17,11.170000076293945
2014-06-18,11.300000190734863
2014-06-19,11.210000038146973
2014-06-20,11.210000038146973
2014-06-23,11.229999542236328
2014-06-24,11.0600004196167
2014-06-25,11.050000190734863
2014-06-26,10.9399995803833
2014-06-27,11.260000228881836
2014-06-30,11.619999885559082
2014-07-01,11.130000114440918
2014-07-02,10.949999809265137
2014-07-03,10.899999618530273
2014-07-07,10.5600004196167
2014-07-08,10.289999961853027
2014-07-09,10.329999923706055
2014-07-10,10.079999923706055
2014-07-11,10.65999984741211
2014-07-14,10.729999542236328
2014-07-15,10.8100004196167
2014-07-16,10.449999809265137
2014-07-17,9.850000381469727
2014-07-18,9.539999961853027
2014-07-21,9.84000015258789
2014-07-22,9.960000038146973
2014-07-23,9.970000267028809
2014-07-24,9.6899995803833
2014-07-25,9.5
2014-07-28,9.420000076293945
2014-07-29,9.579999923706055
2014-07-30,9.579999923706055
2014-07-31,9.65999984741211
2014-08-01,9.829999923706055
2014-08-04,9.819999694824219
2014-08-05,10.079999923706055
2014-08-06,10.039999961853027
2014-08-07,9.779999732971191
2014-08-08,9.899999618530273
2014-08-11,9.859999656677246
2014-08-12,9.380000114440918
2014-08-13,9.899999618530273
2014-08-14,9.869999885559082
2014-08-15,9.800000190734863
2014-08-18,9.84000015258789
2014-08-19,10.210000038146973
2014-08-20,9.84000015258789
2014-08-21,9.84000015258789
2014-08-22,10.25
2014-08-25,10.289999961853027
2014-08-26,10.399999618530273
2014-08-27,10.4399995803833
2014-08-28,10.289999961853027
2014-08-29,10.6899995803833
2014-09-02,10.59000015258789
2014-09-03,10.520000457763672
2014-09-04,10.5600004196167
2014-09-05,10.489999771118164
2014-09-08,10.65999984741211
2014-09-09,10.710000038146973
2014-09-10,10.729999542236328
2014-09-11,10.8100004196167
2014-09-12,10.579999923706055
2014-09-15,10.59000015258789
2014-09-16,10.670000076293945
2014-09-17,10.699999809265137
2014-09-18,10.460000038146973
2014-09-19,9.6899995803833
2014-09-22,9.329999923706055
2014-09-23,9.260000228881836
2014-09-24,9.600000381469727
2014-09-25,9.444999694824219
2014-09-26,9.569999694824219
2014-09-29,9.359999656677246
2014-09-30,9.3100004196167
2014-10-01,9.0
2014-10-02,9.84000015258789
2014-10-03,9.770000457763672
2014-10-06,9.760000228881836
2014-10-07,10.119999885559082
2014-10-08,10.430000305175781
2014-10-09,10.5600004196167
2014-10-10,9.899999618530273
2014-10-13,9.859999656677246
2014-10-14,9.789999961853027
2014-10-15,10.505000114440918
2014-10-16,10.399999618530273
2014-10-17,10.170000076293945
2014-10-20,10.489999771118164
2014-10-21,10.529999732971191
2014-10-22,10.239999771118164
2014-10-23,10.5
2014-10-24,10.5
2014-10-27,10.5600004196167
2014-10-28,10.600000381469727
2014-10-29,10.489999771118164
2014-10-30,10.5
2014-10-31,10.789999961853027
2014-11-03,10.680000305175781
2014-11-04,10.729999542236328
2014-11-05,10.819999694824219
2014-11-06,10.880000114440918
2014-11-07,10.720000267028809
2014-11-10,11.220000267028809
2014-11-11,11.109999656677246
2014-11-12,11.199999809265137
2014-11-13,11.210000038146973
2014-11-14,11.1899995803833
2014-11-17,11.140000343322754
2014-11-18,11.100000381469727
2014-11-19,10.779999732971191
2014-11-20,10.470000267028809
2014-11-21,10.59000015258789
2014-11-24,10.75
2014-11-25,10.680000305175781
2014-11-26,11.149999618530273
2014-11-28,11.210000038146973
2014-12-01,10.770000457763672
2014-12-02,11.109999656677246
2014-12-03,11.3100004196167
2014-12-04,10.970000267028809
2014-12-05,10.760000228881836
2014-12-08,10.960000038146973
2014-12-09,11.539999961853027
2014-12-10,11.329999923706055
2014-12-11,11.600000381469727
2014-12-12,11.779999732971191
2014-12-15,11.489999771118164
2014-12-16,12.0
2014-12-17,15.550000190734863
2014-12-18,16.299999237060547
2014-12-19,16.6200008392334
2014-12-22,16.719999313354492
2014-12-23,16.059999465942383
2014-12-24,16.829999923706055
2014-12-26,16.670000076293945
2014-12-29,16.3799991607666
2014-12-30,16.520000457763672
2014-12-31,16.040000915527344
2015-01-02,16.25
2015-01-05,15.880000114440918
2015-01-06,16.479999542236328
2015-01-07,16.5
2015-01-08,17.200000762939453
2015-01-09,17.260000228881836
2015-01-12,17.100000381469727
2015-01-13,17.520000457763672
2015-01-14,17.43000030517578
2015-01-15,17.239999771118164
2015-01-16,17.149999618530273
2015-01-20,17.450000762939453
2015-01-21,17.18000030517578
2015-01-22,17.0
2015-01-23,17.40999984741211
2015-01-26,17.15999984741211
2015-01-27,16.979999542236328
2015-01-28,16.920000076293945
2015-01-29,15.529999732971191
2015-01-30,15.149999618530273
2015-02-02,15.270000457763672
2015-02-03,14.369999885559082
2015-02-04,14.270000457763672
2015-02-05,15.140000343322754
2015-02-06,15.029999732971191
2015-02-09,14.699999809265137
2015-02-10,15.4399995803833
2015-02-11,15.640000343322754
2015-02-12,15.6899995803833
2015-02-13,15.470000267028809
2015-02-17,15.289999961853027
2015-02-18,15.1899995803833
2015-02-19,15.050000190734863
2015-02-20,15.0600004196167
2015-02-23,15.319999694824219
2015-02-24,14.510000228881836
2015-02-25,15.100000381469727
2015-02-26,15.270000457763672
2015-02-27,15.600000381469727
2015-03-02,15.829999923706055
2015-03-03,16.0
2015-03-04,15.989999771118164
2015-03-05,16.0
2015-03-06,15.329999923706055
2015-03-09,14.869999885559082
2015-03-10,14.869999885559082
2015-03-11,15.100000381469727
2015-03-12,14.699999809265137
2015-03-13,14.539999961853027
2015-03-16,15.069999694824219
2015-03-17,15.390000343322754
2015-03-18,15.350000381469727
2015-03-19,15.989999771118164
2015-03-20,15.989999771118164
2015-03-23,16.0
2015-03-24,16.010000228881836
2015-03-25,14.539999961853027
2015-03-26,14.960000038146973
2015-03-27,15.199999809265137
2015-03-30,15.449999809265137
2015-03-31,15.319999694824219
2015-04-01,15.15999984741211
2015-04-02,14.739999771118164
2015-04-06,14.550000190734863
2015-04-07,14.369999885559082
2015-04-08,15.140000343322754
2015-04-09,15.220000267028809
2015-04-10,15.789999961853027
2015-04-13,15.90999984741211
2015-04-14,15.720000267028809
2015-04-15,15.720000267028809
2015-04-16,15.399999618530273
2015-04-17,14.869999885559082
2015-04-20,14.75
2015-04-21,14.789999961853027
2015-04-22,14.630000114440918
2015-04-23,14.510000228881836
2015-04-24,14.729999542236328
2015-04-27,14.399999618530273
2015-04-28,14.710000038146973
2015-04-29,14.850000381469727
2015-04-30,14.220000267028809
2015-05-01,14.609999656677246
2015-05-04,14.770000457763672
2015-05-05,13.8100004196167
2015-05-06,13.960000038146973
2015-05-07,14.210000038146973
2015-05-08,14.59000015258789
2015-05-11,14.869999885559082
2015-05-12,14.729999542236328
2015-05-13,14.619999885559082
2015-05-14,14.9399995803833
2015-05-15,15.319999694824219
2015-05-18,15.729999542236328
2015-05-19,16.75
2015-05-20,17.190000534057617
2015-05-21,16.790000915527344
2015-05-22,17.079999923706055
2015-05-26,17.229999542236328
2015-05-27,17.899999618530273
2015-05-28,17.75
2015-05-29,18.139999389648438
2015-06-01,18.200000762939453
2015-06-02,18.280000686645508
2015-06-03,18.959999084472656
2015-06-04,18.639999389648438
2015-06-05,19.010000228881836
2015-06-08,19.290000915527344
2015-06-09,20.0
2015-06-10,19.15999984741211
2015-06-11,19.420000076293945
2015-06-12,19.3799991607666
2015-06-15,20.3799991607666
2015-06-16,19.940000534057617
2015-06-17,20.549999237060547
2015-06-18,21.09000015258789
2015-06-19,21.5
2015-06-22,21.979999542236328
2015-06-23,21.68000030517578
2015-06-24,21.280000686645508
2015-06-25,21.579999923706055
2015-06-26,21.010000228881836
2015-06-29,21.25
2015-06-30,21.969999313354492
2015-07-01,22.489999771118164
2015-07-02,22.200000762939453
2015-07-06,22.489999771118164
2015-07-07,22.5
2015-07-08,22.229999542236328
2015-07-09,22.469999313354492
2015-07-10,22.600000381469727
2015-07-13,23.459999084472656
2015-07-14,23.719999313354492
2015-07-15,23.68000030517578
2015-07-16,24.399999618530273
2015-07-17,24.489999771118164
2015-07-20,24.31999969482422
2015-07-21,24.15999984741211
2015-07-22,24.43000030517578
2015-07-23,23.90999984741211
2015-07-24,23.40999984741211
2015-07-27,23.3799991607666
2015-07-28,24.06999969482422
2015-07-29,22.649999618530273
2015-07-30,22.350000381469727
2015-07-31,22.389999389648438
2015-08-03,22.440000534057617
2015-08-04,22.1200008392334
2015-08-05,21.940000534057617
2015-08-06,20.280000686645508
2015-08-07,20.860000610351562
2015-08-10,20.90999984741211
2015-08-11,20.3700008392334
2015-08-12,20.360000610351562
2015-08-13,19.389999389648438
2015-08-14,18.729999542236328
2015-08-17,19.229999542236328
2015-08-18,18.209999084472656
2015-08-19,18.040000915527344
2015-08-20,16.540000915527344
2015-08-21,17.719999313354492
2015-08-24,16.649999618530273
2015-08-25,16.520000457763672
2015-08-26,17.290000915527344
2015-08-27,17.229999542236328
2015-08-28,17.149999618530273
2015-08-31,16.770000457763672
2015-09-01,16.600000381469727
2015-09-02,17.6299991607666
2015-09-03,17.030000686645508
2015-09-04,16.93000030517578
2015-09-08,17.899999618530273
2015-09-09,17.010000228881836
2015-09-10,16.8799991607666
2015-09-11,16.389999389648438
2015-09-14,15.510000228881836
2015-09-15,15.949999809265137
2015-09-16,18.34000015258789
2015-09-17,19.450000762939453
2015-09-18,18.690000534057617
2015-09-21,16.959999084472656
2015-09-22,16.3700008392334
2015-09-23,16.209999084472656
2015-09-24,16.530000686645508
2015-09-25,14.800000190734863
2015-09-28,12.329999923706055
2015-09-29,12.1899995803833
2015-09-30,12.229999542236328
2015-10-01,12.319999694824219
2015-10-02,13.40999984741211
2015-10-05,13.40999984741211
2015-10-06,12.65999984741211
2015-10-07,12.489999771118164
2015-10-08,12.40999984741211
2015-10-09,12.279999732971191
2015-10-12,11.920000076293945
2015-10-13,11.6899995803833
2015-10-14,11.390000343322754
2015-10-15,11.84000015258789
2015-10-16,12.010000228881836
2015-10-19,12.1899995803833
2015-10-20,12.0
2015-10-21,12.170000076293945
2015-10-22,12.140000343322754
2015-10-23,11.989999771118164
2015-10-26,11.819999694824219
2015-10-27,11.600000381469727
2015-10-28,11.3100004196167
2015-10-29,10.920000076293945
2015-10-30,10.829999923706055
2015-11-02,11.779999732971191
2015-11-03,12.350000381469727
2015-11-04,12.319999694824219
2015-11-05,13.100000381469727
2015-11-06,13.5
2015-11-09,13.770000457763672
2015-11-10,13.470000267028809
2015-11-11,13.40999984741211
2015-11-12,12.880000114440918
2015-11-13,12.970000267028809
2015-11-16,12.670000076293945
2015-11-17,12.90999984741211
2015-11-18,13.880000114440918
2015-11-19,13.579999923706055
2015-11-20,13.989999771118164
2015-11-23,14.539999961853027
2015-11-24,14.609999656677246
2015-11-25,15.789999961853027
2015-11-27,16.25
2015-11-30,16.079999923706055
2015-12-01,16.020000457763672
2015-12-02,16.40999984741211
2015-12-03,14.609999656677246
2015-12-04,14.59000015258789
2015-12-07,14.25
2015-12-08,14.4399995803833
2015-12-09,13.609999656677246
2015-12-10,14.180000305175781
2015-12-11,13.5600004196167
2015-12-14,13.680000305175781
2015-12-15,14.199999809265137
2015-12-16,15.270000457763672
2015-12-17,14.800000190734863
2015-12-18,15.0600004196167
2015-12-21,14.390000343322754
2015-12-22,15.40999984741211
2015-12-23,15.260000228881836
2015-12-24,14.90999984741211
2015-12-28,13.90999984741211
2015-12-29,14.539999961853027
2015-12-30,14.239999771118164
2015-12-31,14.619999885559082
2016-01-04,13.520000457763672
2016-01-05,13.5
2016-01-06,13.180000305175781
2016-01-07,12.550000190734863
2016-01-08,12.329999923706055
2016-01-11,11.84000015258789
2016-01-12,12.180000305175781
2016-01-13,11.75
2016-01-14,12.65999984741211
2016-01-15,12.460000038146973
2016-01-19,11.779999732971191
2016-01-20,12.09000015258789
2016-01-21,12.079999923706055
2016-01-22,12.239999771118164
2016-01-25,12.25
2016-01-26,12.510000228881836
2016-01-27,11.569999694824219
2016-01-28,10.779999732971191
2016-01-29,10.819999694824219
2016-02-01,10.960000038146973
2016-02-02,10.5
2016-02-03,10.6899995803833
2016-02-04,10.539999961853027
2016-02-05,10.710000038146973
2016-02-08,10.15999984741211
2016-02-09,10.680000305175781
2016-02-10,10.970000267028809
2016-02-11,11.010000228881836
2016-02-12,11.300000190734863
2016-02-16,11.5
2016-02-17,11.8100004196167
2016-02-18,11.074999809265137
2016-02-19,11.34000015258789
2016-02-22,11.4399995803833
2016-02-23,10.850000381469727
2016-02-24,11.239999771118164
2016-02-25,11.039999961853027
2016-02-26,11.140000343322754
2016-02-29,11.0
2016-03-01,11.800000190734863
2016-03-02,11.84000015258789
2016-03-03,11.770000457763672
2016-03-04,11.539999961853027
2016-03-07,12.0
2016-03-08,12.829999923706055
2016-03-09,12.9399995803833
2016-03-10,12.149999618530273
2016-03-11,12.5
2016-03-14,12.729999542236328
2016-03-15,11.734999656677246
2016-03-16,11.539999961853027
2016-03-17,11.470000267028809
2016-03-18,11.979999542236328
2016-03-21,12.350000381469727
2016-03-22,12.890000343322754
2016-03-23,12.260000228881836
2016-03-24,12.430000305175781
2016-03-28,11.960000038146973
2016-03-29,12.619999885559082
2016-03-30,12.890000343322754
2016-03-31,13.420000076293945
2016-04-01,13.9399995803833
2016-04-04,13.5
2016-04-05,13.829999923706055
2016-04-06,14.9399995803833
2016-04-07,14.75
2016-04-08,14.479999542236328
2016-04-11,14.029999732971191
2016-04-12,14.020000457763672
2016-04-13,14.739999771118164
2016-04-14,14.729999542236328
2016-04-15,14.569999694824219
2016-04-18,14.5
2016-04-19,14.329999923706055
2016-04-20,14.149999618530273
2016-04-21,14.489999771118164
2016-04-22,14.100000381469727
2016-04-25,13.890000343322754
2016-04-26,13.380000114440918
2016-04-27,13.119999885559082
2016-04-28,12.890000343322754
2016-04-29,12.25
2016-05-02,12.329999923706055
2016-05-03,11.899999618530273
2016-05-04,11.0600004196167
2016-05-05,11.260000228881836
2016-05-06,11.329999923706055
2016-05-09,11.779999732971191
2016-05-10,11.609999656677246
2016-05-11,11.319999694824219
2016-05-12,11.390000343322754
2016-05-13,11.779999732971191
2016-05-16,12.420000076293945
2016-05-17,12.109999656677246
2016-05-18,12.40999984741211
2016-05-19,12.5600004196167
2016-05-20,13.029999732971191
2016-05-23,13.100000381469727
2016-05-24,13.279999732971191
2016-05-25,13.579999923706055
2016-05-26,13.539999961853027
2016-05-27,13.819999694824219
2016-05-31,14.130000114440918
2016-06-01,14.350000381469727
2016-06-02,14.550000190734863
2016-06-03,14.420000076293945
2016-06-06,14.949999809265137
2016-06-07,14.5
2016-06-08,14.4399995803833
2016-06-09,14.65999984741211
2016-06-10,14.479999542236328
2016-06-13,14.109999656677246
2016-06-14,14.0
2016-06-15,14.15999984741211
2016-06-16,14.180000305175781
2016-06-17,13.989999771118164
2016-06-20,14.260000228881836
2016-06-21,13.699999809265137
2016-06-22,13.989999771118164
2016-06-23,14.430000305175781
2016-06-24,13.399999618530273
2016-06-27,12.539999961853027
2016-06-28,16.559999465942383
2016-06-29,18.510000228881836
2016-06-30,18.989999771118164
2016-07-01,18.93000030517578
2016-07-05,18.770000457763672
2016-07-06,18.84000015258789
2016-07-07,18.540000915527344
2016-07-08,18.6200008392334
2016-07-11,17.93000030517578
2016-07-12,18.290000915527344
2016-07-13,18.190000534057617
2016-07-14,17.959999084472656
2016-07-15,18.3799991607666
2016-07-18,18.280000686645508
2016-07-19,17.790000915527344
2016-07-20,18.239999771118164
2016-07-21,18.639999389648438
2016-07-22,18.360000610351562
2016-07-25,18.489999771118164
2016-07-26,18.270000457763672
2016-07-27,18.780000686645508
2016-07-28,18.559999465942383
2016-07-29,18.940000534057617
2016-08-01,19.350000381469727
2016-08-02,19.280000686645508
2016-08-03,21.15999984741211
2016-08-04,21.5
2016-08-05,22.440000534057617
2016-08-08,21.489999771118164
2016-08-09,21.889999389648438
2016-08-10,21.639999389648438
2016-08-11,21.829999923706055
2016-08-12,22.25
2016-08-15,23.0
2016-08-16,21.790000915527344
2016-08-17,21.649999618530273
2016-08-18,21.56999969482422
2016-08-19,21.75
2016-08-22,21.760000228881836
2016-08-23,21.670000076293945
2016-08-24,21.31999969482422
2016-08-25,20.860000610351562
2016-08-26,21.469999313354492
2016-08-29,21.489999771118164
2016-08-30,21.790000915527344
2016-08-31,21.1299991607666
2016-09-01,21.43000030517578
2016-09-02,20.350000381469727
2016-09-06,20.639999389648438
2016-09-07,21.190000534057617
2016-09-08,21.43000030517578
2016-09-09,20.559999465942383
2016-09-12,21.989999771118164
2016-09-13,21.850000381469727
2016-09-14,23.389999389648438
2016-09-15,24.040000915527344
2016-09-16,24.6299991607666
2016-09-19,24.8799991607666
2016-09-20,24.709999084472656
2016-09-21,24.739999771118164
2016-09-22,25.170000076293945
2016-09-23,25.059999465942383
2016-09-26,24.68000030517578
2016-09-27,26.190000534057617
2016-09-28,25.270000457763672
2016-09-29,24.3799991607666
2016-09-30,24.489999771118164
2016-10-03,24.579999923706055
2016-10-04,24.719999313354492
2016-10-05,23.729999542236328
2016-10-06,23.270000457763672
2016-10-07,23.075000762939453
2016-10-10,23.959999084472656
2016-10-11,22.729999542236328
2016-10-12,21.329999923706055
2016-10-13,21.3700008392334
2016-10-14,20.31999969482422
2016-10-17,20.43000030517578
2016-10-18,20.670000076293945
2016-10-19,20.450000762939453
2016-10-20,21.68000030517578
2016-10-21,21.299999237060547
2016-10-24,21.270000457763672
2016-10-25,21.1299991607666
2016-10-26,20.139999389648438
2016-10-27,20.559999465942383
2016-10-28,20.690000534057617
2016-10-31,21.290000915527344
2016-11-01,20.90999984741211
2016-11-02,20.510000228881836
2016-11-03,18.610000610351562
2016-11-04,19.360000610351562
2016-11-07,19.93000030517578
2016-11-08,19.8700008392334
2016-11-09,22.260000228881836
2016-11-10,22.43000030517578
2016-11-11,22.709999084472656
2016-11-14,25.700000762939453
2016-11-15,26.670000076293945
2016-11-16,25.8799991607666
2016-11-17,26.780000686645508
2016-11-18,26.799999237060547
2016-11-21,26.799999237060547
2016-11-22,26.280000686645508
2016-11-23,26.770000457763672
2016-11-25,27.170000076293945
2016-11-28,26.0
2016-11-29,26.34000015258789
2016-11-30,25.559999465942383
2016-12-01,24.700000762939453
2016-12-02,26.110000610351562
2016-12-05,26.399999618530273
2016-12-06,28.389999389648438
2016-12-07,26.8799991607666
2016-12-08,27.030000686645508
2016-12-09,27.299999237060547
2016-12-12,25.690000534057617
2016-12-13,25.489999771118164
2016-12-14,24.65999984741211
2016-12-15,25.684999465942383
2016-12-16,25.985000610351562
2016-12-19,26.760000228881836
2016-12-20,26.700000762939453
2016-12-21,26.170000076293945
2016-12-22,25.889999389648438
2016-12-23,27.459999084472656
2016-12-27,26.780000686645508
2016-12-28,26.15999984741211
2016-12-29,26.450000762939453
2016-12-30,26.31999969482422
2017-01-03,25.1299991607666
2017-01-04,25.670000076293945
2017-01-05,24.829999923706055
2017-01-06,25.809999465942383
2017-01-09,25.420000076293945
2017-01-10,26.09000015258789
2017-01-11,25.299999237060547
2017-01-12,25.75
2017-01-13,26.15999984741211
2017-01-17,23.309999465942383
2017-01-18,23.309999465942383
2017-01-19,22.75
2017-01-20,21.739999771118164
2017-01-23,21.670000076293945
2017-01-24,21.809999465942383
2017-01-25,22.719999313354492
2017-01-26,22.149999618530273
2017-01-27,22.600000381469727
2017-01-30,22.549999237060547
2017-01-31,23.829999923706055
2017-02-01,23.709999084472656
2017-02-02,24.469999313354492
2017-02-03,24.459999084472656
2017-02-06,23.959999084472656
2017-02-07,23.760000228881836
2017-02-08,23.75
2017-02-09,23.739999771118164
2017-02-10,23.75
2017-02-13,23.540000915527344
2017-02-14,23.81999969482422
2017-02-15,23.989999771118164
2017-02-16,23.780000686645508
2017-02-17,24.280000686645508
2017-02-21,24.530000686645508
2017-02-22,23.399999618530273
2017-02-23,22.850000381469727
2017-02-24,22.799999237060547
2017-02-27,24.770000457763672
2017-02-28,24.850000381469727
2017-03-01,26.649999618530273
2017-03-02,26.135000228881836
2017-03-03,26.1299991607666
2017-03-06,25.270000457763672
2017-03-07,24.540000915527344
2017-03-08,24.514999389648438
2017-03-09,24.684999465942383
2017-03-10,24.81999969482422
2017-03-13,24.229999542236328
2017-03-14,23.81999969482422
2017-03-15,24.81999969482422
2017-03-16,24.040000915527344
2017-03-17,24.110000610351562
2017-03-20,24.389999389648438
2017-03-21,23.239999771118164
2017-03-22,23.260000228881836
2017-03-23,23.709999084472656
2017-03-24,24.530000686645508
2017-03-27,24.299999237060547
2017-03-28,23.530000686645508
2017-03-29,23.309999465942383
2017-03-30,23.3799991607666
2017-03-31,23.920000076293945
2017-04-03,24.290000915527344
2017-04-04,23.81999969482422
2017-04-05,22.989999771118164
2017-04-06,23.0
2017-04-07,22.989999771118164
2017-04-10,22.84000015258789
2017-04-11,22.290000915527344
2017-04-12,22.260000228881836
2017-04-13,22.450000762939453
2017-04-17,22.43000030517578
2017-04-18,22.549999237060547
2017-04-19,22.8799991607666
2017-04-20,23.149999618530273
2017-04-21,23.299999237060547
2017-04-24,24.540000915527344
2017-04-25,24.979999542236328
2017-04-26,25.600000381469727
2017-04-27,25.770000457763672
2017-04-28,25.670000076293945
2017-05-01,25.979999542236328
2017-05-02,24.3700008392334
2017-05-03,24.1200008392334
2017-05-04,24.09000015258789
2017-05-05,24.1299991607666
2017-05-08,23.799999237060547
2017-05-09,24.100000381469727
2017-05-10,22.18000030517578
2017-05-11,21.93000030517578
2017-05-12,22.309999465942383
2017-05-15,22.899999618530273
2017-05-16,23.459999084472656
2017-05-17,22.149999618530273
2017-05-18,21.90999984741211
2017-05-19,21.84000015258789
2017-05-22,22.200000762939453
2017-05-23,22.31999969482422
2017-05-24,22.1299991607666
2017-05-25,21.75
2017-05-26,21.149999618530273
2017-05-30,21.360000610351562
2017-05-31,20.5
2017-06-01,21.280000686645508
2017-06-02,21.860000610351562
2017-06-05,21.639999389648438
2017-06-06,21.549999237060547
2017-06-07,20.799999237060547
2017-06-08,20.950000762939453
2017-06-09,20.780000686645508
2017-06-12,20.440000534057617
2017-06-13,20.5
2017-06-14,20.770000457763672
2017-06-15,20.649999618530273
2017-06-16,20.0049991607666
2017-06-19,20.290000915527344
2017-06-20,20.31999969482422
2017-06-21,22.18000030517578
2017-06-22,22.200000762939453
2017-06-23,21.959999084472656
2017-06-26,21.690000534057617
2017-06-27,19.989999771118164
2017-06-28,21.510000228881836
2017-06-29,21.18000030517578
2017-06-30,21.110000610351562
2017-07-03,21.510000228881836
2017-07-05,22.729999542236328
2017-07-06,22.549999237060547
2017-07-07,22.920000076293945
2017-07-10,22.6299991607666
2017-07-11,22.729999542236328
2017-07-12,23.200000762939453
2017-07-13,23.280000686645508
2017-07-14,23.3700008392334
2017-07-17,23.700000762939453
2017-07-18,23.549999237060547
2017-07-19,23.6200008392334
2017-07-20,23.0
2017-07-21,23.780000686645508
2017-07-24,24.170000076293945
2017-07-25,23.93000030517578
2017-07-26,24.06999969482422
2017-07-27,23.389999389648438
2017-07-28,23.665000915527344
2017-07-31,23.350000381469727
2017-08-01,22.530000686645508
2017-08-02,21.950000762939453
2017-08-03,21.6299991607666
2017-08-04,22.25
2017-08-07,22.219999313354492
2017-08-08,23.290000915527344
2017-08-09,22.399999618530273
2017-08-10,21.280000686645508
2017-08-11,21.3799991607666
2017-08-14,21.6299991607666
2017-08-15,21.440000534057617
2017-08-16,20.979999542236328
2017-08-17,20.350000381469727
2017-08-18,19.940000534057617
2017-08-21,19.93000030517578
2017-08-22,19.65999984741211
2017-08-23,19.610000610351562
2017-08-24,20.59000015258789
2017-08-25,20.799999237060547
2017-08-28,21.190000534057617
2017-08-29,21.3700008392334
2017-08-30,21.09000015258789
2017-08-31,21.6200008392334
2017-09-01,21.510000228881836
2017-09-05,21.530000686645508
2017-09-06,21.829999923706055
2017-09-07,21.90999984741211
2017-09-08,22.299999237060547
2017-09-11,22.799999237060547
2017-09-12,22.6299991607666
2017-09-13,22.389999389648438
2017-09-14,21.719999313354492
2017-09-15,21.729999542236328
2017-09-18,21.93000030517578
2017-09-19,22.489999771118164
2017-09-20,22.260000228881836
2017-09-21,22.139999389648438
2017-09-22,21.850000381469727
2017-09-25,22.469999313354492
2017-09-26,22.360000610351562
2017-09-27,22.600000381469727
2017-09-28,23.020000457763672
2017-09-29,22.920000076293945
2017-10-02,23.1200008392334
2017-10-03,23.81999969482422
2017-10-04,24.829999923706055
2017-10-05,24.829999923706055
2017-10-06,24.790000915527344
2017-10-09,23.8799991607666
2017-10-10,24.0
2017-10-11,23.940000534057617
2017-10-12,23.90999984741211
2017-10-13,23.889999389648438
2017-10-16,23.760000228881836
2017-10-17,23.15999984741211
2017-10-18,22.469999313354492
2017-10-19,21.799999237060547
2017-10-20,21.290000915527344
2017-10-23,20.479999542236328
2017-10-24,20.1299991607666
2017-10-25,20.079999923706055
2017-10-26,19.780000686645508
2017-10-27,20.040000915527344
2017-10-30,20.209999084472656
2017-10-31,19.780000686645508
2017-11-01,19.329999923706055
2017-11-02,19.290000915527344
2017-11-03,20.209999084472656
2017-11-06,20.100000381469727
2017-11-07,19.790000915527344
2017-11-08,20.520000457763672
2017-11-09,19.959999084472656
2017-11-10,21.030000686645508
2017-11-13,20.420000076293945
2017-11-14,20.290000915527344
2017-11-15,20.93000030517578
2017-11-16,21.18000030517578
2017-11-17,21.350000381469727
2017-11-20,21.280000686645508
2017-11-21,21.65999984741211
2017-11-22,21.809999465942383
2017-11-24,20.360000610351562
2017-11-27,20.780000686645508
2017-11-28,20.0
2017-11-29,20.5
2017-11-30,21.709999084472656
2017-12-01,21.489999771118164
2017-12-04,21.719999313354492
2017-12-05,22.190000534057617
2017-12-06,22.25
2017-12-07,22.260000228881836
2017-12-08,22.350000381469727
2017-12-11,21.6200008392334
2017-12-12,21.030000686645508
2017-12-13,21.489999771118164
2017-12-14,21.010000228881836
2017-12-15,21.530000686645508
2017-12-18,23.040000915527344
2017-12-19,22.309999465942383
2017-12-20,22.389999389648438
2017-12-21,22.270000457763672
2017-12-22,21.90999984741211
2017-12-26,21.979999542236328
2017-12-27,22.329999923706055
2017-12-28,22.559999465942383
2017-12-29,21.920000076293945
2018-01-02,22.799999237060547
2018-01-03,22.920000076293945
2018-01-04,23.15999984741211
2018-01-05,22.829999923706055
2018-01-08,22.3799991607666
2018-01-09,22.850000381469727
2018-01-10,22.84000015258789
2018-01-11,22.760000228881836
2018-01-12,22.5
2018-01-16,21.799999237060547
2018-01-17,21.979999542236328
2018-01-18,21.18000030517578
2018-01-19,21.559999465942383
2018-01-22,22.670000076293945
2018-01-23,23.520000457763672
2018-01-24,23.399999618530273
2018-01-25,23.969999313354492
2018-01-26,23.360000610351562
2018-01-29,23.399999618530273
2018-01-30,23.350000381469727
2018-01-31,22.760000228881836
2018-02-01,22.260000228881836
2018-02-02,21.540000915527344
2018-02-05,21.780000686645508
2018-02-06,22.18000030517578
2018-02-07,22.350000381469727
2018-02-08,21.709999084472656
2018-02-09,21.700000762939453
2018-02-12,22.25
2018-02-13,22.809999465942383
2018-02-14,24.270000457763672
2018-02-15,24.649999618530273
2018-02-16,25.399999618530273
2018-02-20,24.399999618530273
2018-02-21,25.1299991607666
2018-02-22,26.389999389648438
2018-02-23,27.639999389648438
2018-02-26,29.229999542236328
2018-02-27,29.40999984741211
2018-02-28,30.6299991607666
2018-03-01,29.1299991607666
2018-03-02,29.489999771118164
2018-03-05,29.540000915527344
2018-03-06,31.81999969482422
2018-03-07,32.189998626708984
2018-03-08,32.0099983215332
2018-03-09,32.720001220703125
2018-03-12,33.779998779296875
2018-03-13,33.2599983215332
2018-03-14,30.65999984741211
2018-03-15,31.209999084472656
2018-03-16,30.8799991607666
2018-03-19,31.729999542236328
2018-03-20,32.27000045776367
2018-03-21,30.979999542236328
2018-03-22,30.31999969482422
2018-03-23,30.440000534057617
2018-03-26,31.079999923706055
2018-03-27,28.520000457763672
2018-03-28,29.200000762939453
2018-03-29,29.979999542236328
2018-04-02,29.170000076293945
2018-04-03,28.809999465942383
2018-04-04,29.690000534057617
2018-04-05,28.5
2018-04-06,28.40999984741211
2018-04-09,28.40999984741211
2018-04-10,30.190000534057617
2018-04-11,29.450000762939453
2018-04-12,30.290000915527344
2018-04-13,30.100000381469727
2018-04-16,30.049999237060547
2018-04-17,30.6200008392334
2018-04-18,30.479999542236328
2018-04-19,29.700000762939453
2018-04-20,29.8799991607666
2018-04-23,29.149999618530273
2018-04-24,29.149999618530273
2018-04-25,29.420000076293945
2018-04-26,29.479999542236328
2018-04-27,29.420000076293945
2018-04-30,28.989999771118164
2018-05-01,29.3700008392334
2018-05-02,29.56999969482422
2018-05-03,29.579999923706055
2018-05-04,30.190000534057617
2018-05-07,30.84000015258789
2018-05-08,29.450000762939453
2018-05-09,29.860000610351562
2018-05-10,29.979999542236328
2018-05-11,31.530000686645508
2018-05-14,32.5
2018-05-15,33.11000061035156
2018-05-16,34.119998931884766
2018-05-17,34.11000061035156
2018-05-18,34.22999954223633
2018-05-21,35.34000015258789
2018-05-22,36.2400016784668
2018-05-23,37.349998474121094
2018-05-24,37.540000915527344
2018-05-25,39.65999984741211
2018-05-29,36.58000183105469
2018-05-30,38.13999938964844
2018-05-31,40.0099983215332
2018-06-01,41.27000045776367
2018-06-04,42.36000061035156
2018-06-05,42.38999938964844
2018-06-06,41.790000915527344
2018-06-07,41.470001220703125
2018-06-08,42.40999984741211
2018-06-11,41.75
2018-06-12,41.66999816894531
2018-06-13,41.630001068115234
2018-06-14,40.93000030517578
2018-06-15,40.18000030517578
2018-06-18,39.720001220703125
2018-06-19,39.66999816894531
2018-06-20,40.2400016784668
2018-06-21,39.93000030517578
2018-06-22,40.099998474121094
2018-06-25,38.7400016784668
2018-06-26,38.93000030517578
2018-06-27,37.599998474121094
2018-06-28,37.02000045776367
2018-06-29,37.0099983215332
2018-07-02,37.619998931884766
2018-07-03,37.290000915527344
2018-07-05,38.16999816894531
2018-07-06,39.04999923706055
2018-07-09,39.13999938964844
2018-07-10,39.65999984741211
2018-07-11,39.40999984741211
2018-07-12,39.540000915527344
2018-07-13,41.88999938964844
2018-07-16,40.5099983215332
2018-07-17,41.68000030517578
2018-07-18,41.9900016784668
2018-07-19,42.310001373291016
2018-07-20,42.33000183105469
2018-07-23,41.11000061035156
2018-07-24,39.34000015258789
2018-07-25,39.95000076293945
2018-07-26,38.849998474121094
2018-07-27,37.15999984741211
2018-07-30,35.689998626708984
2018-07-31,37.220001220703125
2018-08-01,37.68000030517578
2018-08-02,38.189998626708984
2018-08-03,36.5
2018-08-06,37.79999923706055
2018-08-07,40.630001068115234
2018-08-08,41.58000183105469
2018-08-09,39.81999969482422
2018-08-10,40.15999984741211
2018-08-13,40.650001525878906
2018-08-14,41.0099983215332
2018-08-15,40.33000183105469
2018-08-16,40.040000915527344
2018-08-17,39.959999084472656
2018-08-20,40.34000015258789
2018-08-21,40.9900016784668
2018-08-22,41.56999969482422
2018-08-23,41.58000183105469
2018-08-24,40.90999984741211
2018-08-27,41.959999084472656
2018-08-28,41.70000076293945
2018-08-29,41.63999938964844
2018-08-30,42.0099983215332
2018-08-31,41.790000915527344
2018-09-04,41.52000045776367
2018-09-05,40.189998626708984
2018-09-06,38.439998626708984
2018-09-07,38.400001525878906
2018-09-10,40.130001068115234
2018-09-11,43.650001525878906
2018-09-12,45.650001525878906
2018-09-13,46.7599983215332
2018-09-14,47.650001525878906
2018-09-17,45.5099983215332
2018-09-18,45.43000030517578
2018-09-19,45.060001373291016
2018-09-20,45.38999938964844
2018-09-21,42.88999938964844
2018-09-24,43.15999984741211
2018-09-25,40.79999923706055
2018-09-26,40.31999969482422
2018-09-27,39.959999084472656
2018-09-28,38.970001220703125
2018-10-01,38.56999969482422
2018-10-02,38.040000915527344
2018-10-03,38.189998626708984
2018-10-04,36.47999954223633
2018-10-05,35.0
2018-10-08,35.310001373291016
2018-10-09,34.31999969482422
2018-10-10,33.0
2018-10-11,34.0
2018-10-12,35.040000915527344
2018-10-15,35.0099983215332
2018-10-16,36.599998474121094
2018-10-17,36.36000061035156
2018-10-18,35.16999816894531
2018-10-19,35.02000045776367
2018-10-22,34.560001373291016
2018-10-23,35.0099983215332
2018-10-24,33.29999923706055
2018-10-25,35.25
2018-10-26,35.18000030517578
2018-10-29,33.18000030517578
2018-10-30,33.7400016784668
2018-10-31,32.720001220703125
2018-11-01,37.81999969482422
2018-11-02,37.9900016784668
2018-11-05,37.75
2018-11-06,40.33000183105469
2018-11-07,41.689998626708984
2018-11-08,39.720001220703125
2018-11-09,37.880001068115234
2018-11-12,36.81999969482422
2018-11-13,38.27000045776367
2018-11-14,37.209999084472656
2018-11-15,38.959999084472656
2018-11-16,39.81999969482422
2018-11-19,38.27000045776367
2018-11-20,37.56999969482422
2018-11-21,38.29999923706055
2018-11-23,37.20000076293945
2018-11-26,38.959999084472656
2018-11-27,39.04999923706055
2018-11-28,41.099998474121094
2018-11-29,41.4900016784668
2018-11-30,42.0099983215332
2018-12-03,42.04999923706055
2018-12-04,39.40999984741211
2018-12-06,38.470001220703125
2018-12-07,37.59000015258789
2018-12-10,37.52000045776367
2018-12-11,37.529998779296875
2018-12-12,38.189998626708984
2018-12-13,37.91999816894531
2018-12-14,36.119998931884766
2018-12-17,35.279998779296875
2018-12-18,34.20000076293945
2018-12-19,32.88999938964844
2018-12-20,32.88999938964844
2018-12-21,32.459999084472656
2018-12-24,32.38999938964844
2018-12-26,34.040000915527344
2018-12-27,34.52000045776367
2018-12-28,34.720001220703125
2018-12-31,36.15999984741211
2019-01-02,35.790000915527344
2019-01-03,34.86000061035156
2019-01-04,36.58000183105469
2019-01-07,38.09000015258789
2019-01-08,38.0099983215332
2019-01-09,38.0099983215332
2019-01-10,37.90999984741211
2019-01-11,37.54999923706055
2019-01-14,34.68000030517578
2019-01-15,34.4900016784668
2019-01-16,34.56999969482422
2019-01-17,34.5
2019-01-18,33.63999938964844
2019-01-22,32.869998931884766
2019-01-23,32.279998779296875
2019-01-24,32.099998474121094
2019-01-25,32.970001220703125
2019-01-28,32.540000915527344
2019-01-29,32.61000061035156
2019-01-30,32.709999084472656
2019-01-31,36.099998474121094
2019-02-01,36.849998474121094
2019-02-04,36.439998626708984
2019-02-05,36.540000915527344
2019-02-06,37.619998931884766
2019-02-07,35.7400016784668
2019-02-08,36.040000915527344
2019-02-11,35.79999923706055
2019-02-12,36.310001373291016
2019-02-13,35.75
2019-02-14,35.06999969482422
2019-02-15,36.459999084472656
2019-02-19,36.08000183105469
2019-02-20,33.720001220703125
2019-02-21,32.25
2019-02-22,31.6299991607666
2019-02-25,32.189998626708984
2019-02-26,30.65999984741211
2019-02-27,31.469999313354492
2019-02-28,30.34000015258789
2019-03-01,31.389999389648438
2019-03-04,31.139999389648438
2019-03-05,30.40999984741211
2019-03-06,29.5
2019-03-07,29.100000381469727
2019-03-08,29.139999389648438
2019-03-11,29.610000610351562
2019-03-12,29.559999465942383
2019-03-13,29.280000686645508
2019-03-14,27.850000381469727
2019-03-15,29.979999542236328
2019-03-18,30.420000076293945
2019-03-19,30.270000457763672
2019-03-20,32.31999969482422
2019-03-21,32.099998474121094
2019-03-22,29.940000534057617
2019-03-25,30.829999923706055
2019-03-26,31.540000915527344
2019-03-27,32.029998779296875
2019-03-28,32.369998931884766
2019-03-29,31.059999465942383
2019-04-01,32.439998626708984
2019-04-02,32.43000030517578
2019-04-03,32.900001525878906
2019-04-04,32.20000076293945
2019-04-05,33.7400016784668
2019-04-08,32.959999084472656
2019-04-09,31.350000381469727
2019-04-10,31.6200008392334
2019-04-11,30.969999313354492
2019-04-12,31.100000381469727
2019-04-15,32.599998474121094
2019-04-16,32.02000045776367
2019-04-17,31.059999465942383
2019-04-18,31.360000610351562
2019-04-22,31.969999313354492
2019-04-23,32.61000061035156
2019-04-24,31.829999923706055
2019-04-25,31.139999389648438
2019-04-26,31.549999237060547
2019-04-29,31.15999984741211
2019-04-30,30.709999084472656
2019-05-01,29.959999084472656
2019-05-02,30.950000762939453
2019-05-03,32.70000076293945
2019-05-06,33.16999816894531
2019-05-07,33.54999923706055
2019-05-08,32.20000076293945
2019-05-09,32.310001373291016
2019-05-10,35.63999938964844
2019-05-13,32.47999954223633
2019-05-14,33.779998779296875
2019-05-15,34.79999923706055
2019-05-16,34.220001220703125
2019-05-17,34.27000045776367
2019-05-20,32.810001373291016
2019-05-21,34.27000045776367
2019-05-22,33.439998626708984
2019-05-23,32.97999954223633
2019-05-24,32.84000015258789
2019-05-28,32.25
2019-05-29,31.75
2019-05-30,31.729999542236328
2019-05-31,30.84000015258789
2019-06-03,31.350000381469727
2019-06-04,31.68000030517578
2019-06-05,30.450000762939453
2019-06-06,29.600000381469727
2019-06-07,31.06999969482422
2019-06-10,31.0
2019-06-11,31.3799991607666
2019-06-12,31.700000762939453
2019-06-13,32.4900016784668
2019-06-14,31.309999465942383
2019-06-17,32.54999923706055
2019-06-18,34.540000915527344
2019-06-19,34.650001525878906
2019-06-20,35.099998474121094
2019-06-21,35.15999984741211
2019-06-24,33.869998931884766
2019-06-25,38.560001373291016
2019-06-26,39.08000183105469
2019-06-27,40.5
2019-06-28,40.93000030517578
2019-07-01,43.95000076293945
2019-07-02,44.0099983215332
2019-07-03,45.459999084472656
2019-07-05,43.939998626708984
2019-07-08,43.43000030517578
2019-07-09,44.0099983215332
2019-07-10,44.40999984741211
2019-07-11,43.93000030517578
2019-07-12,44.34000015258789
2019-07-15,44.02000045776367
2019-07-16,44.65999984741211
2019-07-17,44.22999954223633
2019-07-18,45.59000015258789
2019-07-19,44.59000015258789
2019-07-22,44.41999816894531
2019-07-23,44.40999984741211
2019-07-24,44.779998779296875
2019-07-25,44.220001220703125
2019-07-26,44.459999084472656
2019-07-29,44.189998626708984
2019-07-30,44.95000076293945
2019-07-31,44.02000045776367
2019-08-01,44.02000045776367
2019-08-02,44.68000030517578
2019-08-05,44.38999938964844
2019-08-06,46.27000045776367
2019-08-07,37.0
2019-08-08,36.91999816894531
2019-08-09,37.47999954223633
2019-08-12,37.47999954223633
2019-08-13,38.66999816894531
2019-08-14,38.2599983215332
2019-08-15,40.33000183105469
2019-08-16,40.72999954223633
2019-08-19,40.58000183105469
2019-08-20,40.779998779296875
2019-08-21,41.29999923706055
2019-08-22,38.790000915527344
2019-08-23,36.599998474121094
2019-08-26,36.77000045776367
2019-08-27,36.099998474121094
2019-08-28,37.380001068115234
2019-08-29,37.38999938964844
2019-08-30,37.279998779296875
2019-09-03,35.58000183105469
2019-09-04,36.83000183105469
2019-09-05,35.97999954223633
2019-09-06,34.810001373291016
2019-09-09,34.779998779296875
2019-09-10,35.650001525878906
2019-09-11,36.33000183105469
2019-09-12,35.47999954223633
2019-09-13,35.380001068115234
2019-09-16,36.34000015258789
2019-09-17,36.529998779296875
2019-09-18,35.97999954223633
2019-09-19,35.47999954223633
2019-09-20,36.90999984741211
2019-09-23,34.810001373291016
2019-09-24,35.29999923706055
2019-09-25,35.2599983215332
2019-09-26,34.27000045776367
2019-09-27,34.220001220703125
2019-09-30,33.72999954223633
2019-10-01,34.189998626708984
2019-10-02,34.029998779296875
2019-10-03,35.4900016784668
2019-10-04,35.38999938964844
2019-10-07,35.34000015258789
2019-10-08,34.779998779296875
2019-10-09,34.400001525878906
2019-10-10,34.0
2019-10-11,34.595001220703125
2019-10-14,34.0
2019-10-15,35.11000061035156
2019-10-16,36.27000045776367
2019-10-17,36.52000045776367
2019-10-18,35.08000183105469
2019-10-21,36.25
2019-10-22,36.38999938964844
2019-10-23,35.72999954223633
2019-10-24,35.02000045776367
2019-10-25,36.25
2019-10-28,36.029998779296875
2019-10-29,35.77000045776367
2019-10-30,34.65999984741211
2019-10-31,34.209999084472656
2019-11-01,34.779998779296875
2019-11-04,33.58000183105469
2019-11-05,33.040000915527344
2019-11-06,33.2400016784668
2019-11-07,32.75
2019-11-08,33.2599983215332
2019-11-11,33.900001525878906
2019-11-12,34.76499938964844
2019-11-13,34.959999084472656
2019-11-14,35.959999084472656
2019-11-15,35.97999954223633
2019-11-18,36.290000915527344
2019-11-19,37.72999954223633
2019-11-20,38.4900016784668
2019-11-21,38.43000030517578
2019-11-22,37.9900016784668
2019-11-25,38.290000915527344
2019-11-26,38.470001220703125
2019-11-27,39.540000915527344
2019-11-29,39.400001525878906
2019-12-02,38.18000030517578
2019-12-03,39.58000183105469
2019-12-04,40.56999969482422
2019-12-05,40.61000061035156
2019-12-06,41.060001373291016
2019-12-09,41.43000030517578
2019-12-10,39.650001525878906
2019-12-11,38.08000183105469
2019-12-12,37.5
2019-12-13,37.36000061035156
2019-12-16,37.599998474121094
2019-12-17,37.63999938964844
2019-12-18,38.33000183105469
2019-12-19,38.68000030517578
2019-12-20,39.38999938964844
2019-12-23,39.63999938964844
2019-12-24,39.810001373291016
2019-12-26,38.61000061035156
2019-12-27,35.36000061035156
2019-12-30,34.08000183105469
2019-12-31,34.38999938964844
2020-01-02,34.970001220703125
2020-01-03,34.86000061035156
2020-01-06,35.79999923706055
2020-01-07,35.59000015258789
2020-01-08,36.54999923706055
2020-01-09,34.65999984741211
2020-01-10,35.41999816894531
2020-01-13,35.9900016784668
2020-01-14,36.52000045776367
2020-01-15,37.47999954223633
2020-01-16,37.790000915527344
2020-01-17,37.54999923706055
2020-01-21,37.130001068115234
2020-01-22,36.560001373291016
2020-01-23,36.0099983215332
2020-01-24,34.33000183105469
2020-01-27,33.005001068115234
2020-01-28,33.779998779296875
2020-01-29,33.790000915527344
2020-01-30,34.779998779296875
2020-01-31,33.939998626708984
2020-02-03,34.06999969482422
2020-02-04,34.22999954223633
2020-02-05,36.150001525878906
2020-02-06,36.15999984741211
2020-02-07,36.34000015258789
2020-02-10,36.970001220703125
2020-02-11,36.959999084472656
2020-02-12,36.189998626708984
2020-02-13,36.630001068115234
2020-02-14,36.4900016784668
2020-02-18,35.869998931884766
2020-02-19,35.380001068115234
2020-02-20,36.11000061035156
2020-02-21,35.16999816894531
2020-02-24,33.31999969482422
2020-02-25,32.09000015258789
2020-02-26,33.349998474121094
2020-02-27,32.189998626708984
2020-02-28,32.4900016784668
2020-03-02,32.279998779296875
2020-03-03,32.59000015258789
2020-03-04,34.70000076293945
2020-03-05,33.470001220703125
2020-03-06,31.540000915527344
2020-03-09,30.459999084472656
2020-03-10,29.860000610351562
2020-03-11,28.1200008392334
2020-03-12,25.510000228881836
2020-03-13,26.469999313354492
2020-03-16,20.690000534057617
2020-03-17,28.5
2020-03-18,27.010000228881836
2020-03-19,27.979999542236328
2020-03-20,27.790000915527344
2020-03-23,27.610000610351562
2020-03-24,28.920000076293945
2020-03-25,28.770000457763672
2020-03-26,30.290000915527344
2020-03-27,28.459999084472656
2020-03-30,30.479999542236328
2020-03-31,29.8799991607666
2020-04-01,27.760000228881836
2020-04-02,29.799999237060547
2020-04-03,28.959999084472656
2020-04-06,31.690000534057617
2020-04-07,28.219999313354492
2020-04-08,30.489999771118164
2020-04-09,30.84000015258789
2020-04-13,29.540000915527344
2020-04-14,31.6299991607666
2020-04-15,28.40999984741211
2020-04-16,28.540000915527344
2020-04-17,29.399999618530273
2020-04-20,29.459999084472656
2020-04-21,28.549999237060547
2020-04-22,29.260000228881836
2020-04-23,29.049999237060547
2020-04-24,30.290000915527344
2020-04-27,31.149999618530273
2020-04-28,30.56999969482422
2020-04-29,31.209999084472656
2020-04-30,29.229999542236328
2020-05-01,28.06999969482422
2020-05-04,29.110000610351562
2020-05-05,29.8700008392334
2020-05-06,31.0
2020-05-07,30.110000610351562
2020-05-08,33.209999084472656
2020-05-11,32.290000915527344
2020-05-12,33.25
2020-05-13,32.040000915527344
2020-05-14,31.18000030517578
2020-05-15,31.450000762939453
2020-05-18,32.720001220703125
2020-05-19,31.239999771118164
2020-05-20,32.060001373291016
2020-05-21,31.549999237060547
2020-05-22,31.5
2020-05-26,32.119998931884766
2020-05-27,32.16999816894531
2020-05-28,31.0
2020-05-29,30.25
2020-06-01,30.459999084472656
2020-06-02,31.0
2020-06-03,29.8799991607666
2020-06-04,29.860000610351562
2020-06-05,30.0049991607666
2020-06-08,31.8700008392334
2020-06-09,30.3700008392334
2020-06-10,30.100000381469727
2020-06-11,29.229999542236328
2020-06-12,28.43000030517578
2020-06-15,30.040000915527344
2020-06-16,30.219999313354492
2020-06-17,29.850000381469727
2020-06-18,30.600000381469727
2020-06-19,30.739999771118164
2020-06-22,32.7599983215332
2020-06-23,33.029998779296875
2020-06-24,32.849998474121094
2020-06-25,33.41999816894531
2020-06-26,31.270000457763672
2020-06-29,32.189998626708984
2020-06-30,32.38999938964844
2020-07-01,31.940000534057617
2020-07-02,32.81999969482422
2020-07-06,32.7599983215332
2020-07-07,32.58000183105469
2020-07-08,32.95000076293945
2020-07-09,31.950000762939453
2020-07-10,31.8700008392334
2020-07-13,31.270000457763672
2020-07-14,32.02000045776367
2020-07-15,33.59000015258789
2020-07-16,33.09000015258789
2020-07-17,33.7400016784668
2020-07-20,35.47999954223633
2020-07-21,34.15999984741211
2020-07-22,34.38999938964844
2020-07-23,33.84000015258789
2020-07-24,32.41999816894531
2020-07-27,33.369998931884766
2020-07-28,31.809999465942383
2020-07-29,30.420000076293945
2020-07-30,31.639999389648438
2020-07-31,30.09000015258789
2020-08-03,31.829999923706055
2020-08-04,30.920000076293945
2020-08-05,30.81999969482422
2020-08-06,32.02000045776367
2020-08-07,32.13999938964844
2020-08-10,31.700000762939453
2020-08-11,32.0
2020-08-12,32.529998779296875
2020-08-13,33.369998931884766
2020-08-14,32.900001525878906
2020-08-17,34.2599983215332
2020-08-18,34.20000076293945
2020-08-19,35.08000183105469
2020-08-20,35.0099983215332
2020-08-21,35.52000045776367
2020-08-24,35.540000915527344
2020-08-25,35.709999084472656
2020-08-26,35.380001068115234
2020-08-27,35.88999938964844
2020-08-28,34.9900016784668
2020-08-31,35.75
2020-09-01,34.540000915527344
2020-09-02,35.20000076293945
2020-09-03,33.939998626708984
2020-09-04,33.619998931884766
2020-09-08,34.939998626708984
2020-09-09,36.709999084472656
2020-09-10,36.93000030517578
2020-09-11,38.060001373291016
2020-09-14,40.20000076293945
2020-09-15,40.77000045776367
2020-09-16,41.47999954223633
2020-09-17,42.119998931884766
2020-09-18,43.02000045776367
2020-09-21,38.41999816894531
2020-09-22,38.849998474121094
2020-09-23,37.689998626708984
2020-09-24,37.11000061035156
2020-09-25,37.75
2020-09-28,38.25
2020-09-29,39.15999984741211
2020-09-30,38.790000915527344
2020-10-01,40.060001373291016
2020-10-02,36.630001068115234
2020-10-05,38.70000076293945
2020-10-06,40.150001525878906
2020-10-07,41.560001373291016
2020-10-08,41.209999084472656
2020-10-09,41.95000076293945
2020-10-12,41.79999923706055
2020-10-13,41.709999084472656
2020-10-14,40.91999816894531
2020-10-15,40.81999969482422
2020-10-16,40.900001525878906
2020-10-19,40.08000183105469
2020-10-20,39.88999938964844
2020-10-21,39.0
2020-10-22,39.4900016784668
2020-10-23,39.47999954223633
2020-10-26,39.400001525878906
2020-10-27,38.79999923706055
2020-10-28,38.369998931884766
2020-10-29,39.189998626708984
2020-10-30,38.380001068115234
2020-11-02,37.93000030517578
2020-11-03,39.63999938964844
2020-11-04,41.5
2020-11-05,41.20000076293945
2020-11-06,37.88999938964844
2020-11-09,39.15999984741211
2020-11-10,39.869998931884766
2020-11-11,40.86000061035156
2020-11-12,40.41999816894531
2020-11-13,40.720001220703125
2020-11-16,40.58000183105469
2020-11-17,40.810001373291016
2020-11-18,40.709999084472656
2020-11-19,40.880001068115234
2020-11-20,40.970001220703125
2020-11-23,40.900001525878906
2020-11-24,40.95000076293945
2020-11-25,40.970001220703125
2020-11-27,42.75
2020-11-30,42.31999969482422
2020-12-01,41.27000045776367
2020-12-02,39.400001525878906
2020-12-03,38.79999923706055
2020-12-04,39.119998931884766
2020-12-07,38.849998474121094
2020-12-08,41.29999923706055
2020-12-09,41.970001220703125
2020-12-10,42.880001068115234
2020-12-11,43.380001068115234
2020-12-14,45.90999984741211
2020-12-15,47.630001068115234
2020-12-16,44.65999984741211
2020-12-17,44.18000030517578
2020-12-18,44.83000183105469
2020-12-21,45.5
2020-12-22,45.9900016784668
2020-12-23,46.470001220703125
2020-12-24,46.08000183105469
2020-12-28,45.91999816894531
2020-12-29,44.709999084472656
2020-12-30,44.58000183105469
2020-12-31,43.630001068115234
2021-01-04,43.45000076293945
2021-01-05,43.61000061035156
2021-01-06,46.36000061035156
2021-01-07,48.66999816894531
2021-01-08,49.380001068115234
2021-01-11,48.88999938964844
2021-01-12,48.40999984741211
2021-01-13,47.939998626708984
2021-01-14,49.45000076293945
2021-01-15,48.459999084472656
2021-01-19,49.470001220703125
2021-01-20,49.900001525878906
2021-01-21,48.11000061035156
2021-01-22,48.5
2021-01-25,48.65999984741211
2021-01-26,48.650001525878906
2021-01-27,47.13999938964844
2021-01-28,46.59000015258789
2021-01-29,45.75
2021-02-01,46.0099983215332
2021-02-02,49.34000015258789
2021-02-03,48.93000030517578
2021-02-04,49.52000045776367
2021-02-05,51.18000030517578
2021-02-08,53.880001068115234
2021-02-09,53.29999923706055
2021-02-10,52.97999954223633
2021-02-11,52.540000915527344
2021-02-12,51.630001068115234
2021-02-16,50.09000015258789
2021-02-17,52.790000915527344
2021-02-18,50.09000015258789
2021-02-19,50.9900016784668
2021-02-22,49.130001068115234
2021-02-23,48.349998474121094
2021-02-24,48.5
2021-02-25,46.7599983215332
2021-02-26,49.27000045776367
2021-03-01,48.33000183105469
2021-03-02,46.04999923706055
2021-03-03,44.75
2021-03-04,44.189998626708984
2021-03-05,44.900001525878906
2021-03-08,43.0
2021-03-09,44.58000183105469
2021-03-10,45.25
2021-03-11,46.9900016784668
2021-03-12,47.029998779296875
2021-03-15,46.59000015258789
2021-03-16,45.59000015258789
2021-03-17,46.70000076293945
2021-03-18,44.560001373291016
2021-03-19,46.220001220703125
2021-03-22,45.83000183105469
2021-03-23,43.060001373291016
2021-03-24,42.189998626708984
2021-03-25,43.810001373291016
2021-03-26,42.02000045776367
2021-03-29,41.939998626708984
2021-03-30,40.810001373291016
2021-03-31,43.060001373291016
2021-04-01,42.97999954223633
2021-04-05,43.880001068115234
2021-04-06,42.560001373291016
2021-04-07,42.20000076293945
2021-04-08,41.650001525878906
2021-04-09,40.470001220703125
2021-04-12,39.59000015258789
2021-04-13,40.209999084472656
2021-04-14,43.16999816894531
2021-04-15,44.68000030517578
2021-04-16,42.2599983215332
2021-04-19,41.939998626708984
2021-04-20,41.540000915527344
2021-04-21,42.27000045776367
2021-04-22,44.439998626708984
2021-04-23,43.58000183105469
2021-04-26,44.560001373291016
2021-04-27,43.459999084472656
2021-04-28,44.119998931884766
2021-04-29,44.33000183105469
2021-04-30,42.560001373291016
2021-05-03,43.540000915527344
2021-05-04,40.70000076293945
2021-05-05,40.7599983215332
2021-05-06,39.720001220703125
2021-05-07,39.61000061035156
2021-05-10,38.13999938964844
2021-05-11,38.619998931884766
2021-05-12,37.91999816894531
2021-05-13,38.54999923706055
2021-05-14,40.540000915527344
2021-05-17,39.70000076293945
2021-05-18,40.310001373291016
2021-05-19,40.61000061035156
2021-05-20,40.79999923706055
2021-05-21,40.150001525878906
2021-05-24,39.22999954223633
2021-05-25,38.25
2021-05-26,39.2400016784668
2021-05-27,38.709999084472656
2021-05-28,38.459999084472656
2021-06-01,39.060001373291016
2021-06-02,36.95000076293945
2021-06-03,36.59000015258789
2021-06-04,36.45000076293945
2021-06-07,37.599998474121094
2021-06-08,37.130001068115234
2021-06-09,36.84000015258789
2021-06-10,37.2400016784668
2021-06-11,37.290000915527344
2021-06-14,37.33000183105469
2021-06-15,37.040000915527344
2021-06-16,37.58000183105469
2021-06-17,37.040000915527344
2021-06-18,36.939998626708984
2021-06-21,37.20000076293945
2021-06-22,36.54999923706055
2021-06-23,36.599998474121094
2021-06-24,36.0099983215332
2021-06-25,36.29999923706055
2021-06-28,35.18000030517578
2021-06-29,34.33000183105469
2021-06-30,34.4900016784668
2021-07-01,35.68000030517578
2021-07-02,35.380001068115234
2021-07-06,34.540000915527344
2021-07-07,33.84000015258789
2021-07-08,33.279998779296875
2021-07-09,34.099998474121094
2021-07-12,33.529998779296875
2021-07-13,34.18000030517578
2021-07-14,32.900001525878906
2021-07-15,32.630001068115234
2021-07-16,33.11000061035156
2021-07-19,32.65999984741211
2021-07-20,32.849998474121094
2021-07-21,32.43000030517578
2021-07-22,32.36000061035156
2021-07-23,31.860000610351562
2021-07-26,31.360000610351562
2021-07-27,31.280000686645508
2021-07-28,32.16999816894531
2021-07-29,31.790000915527344
2021-07-30,30.780000686645508
2021-08-02,30.8700008392334
2021-08-03,31.360000610351562
2021-08-04,31.059999465942383
2021-08-05,32.27000045776367
2021-08-06,31.219999313354492
2021-08-09,30.649999618530273
2021-08-10,31.59000015258789
2021-08-11,31.84000015258789
2021-08-12,31.889999389648438
2021-08-13,32.2400016784668
2021-08-16,31.760000228881836
2021-08-17,32.45000076293945
2021-08-18,31.729999542236328
2021-08-19,30.709999084472656
2021-08-20,31.739999771118164
2021-08-23,32.83000183105469
2021-08-24,32.029998779296875
2021-08-25,32.56999969482422
2021-08-26,32.0
2021-08-27,33.150001525878906
2021-08-30,33.900001525878906
2021-08-31,33.869998931884766
2021-09-01,34.779998779296875
2021-09-02,34.529998779296875
2021-09-03,33.81999969482422
2021-09-07,33.7599983215332
2021-09-08,33.529998779296875
2021-09-09,32.77000045776367
2021-09-10,32.630001068115234
2021-09-13,33.22999954223633
2021-09-14,32.72999954223633
2021-09-15,33.36000061035156
2021-09-16,33.41999816894531
2021-09-17,34.56999969482422
2021-09-20,33.81999969482422
2021-09-21,33.7400016784668
2021-09-22,33.43000030517578
2021-09-23,34.380001068115234
2021-09-24,33.880001068115234
2021-09-27,34.95000076293945
2021-09-28,33.4900016784668
2021-09-29,32.150001525878906
2021-09-30,32.65999984741211
2021-10-01,33.66999816894531
2021-10-04,35.52000045776367
2021-10-05,35.790000915527344
2021-10-06,35.720001220703125
2021-10-07,36.720001220703125
2021-10-08,37.20000076293945
2021-10-11,37.43000030517578
2021-10-12,37.939998626708984
2021-10-13,38.689998626708984
2021-10-14,38.849998474121094
2021-10-15,38.470001220703125
2021-10-18,37.2400016784668
2021-10-19,38.09000015258789
2021-10-20,38.220001220703125
2021-10-21,38.720001220703125
2021-10-22,39.2400016784668
2021-10-25,39.02000045776367
2021-10-26,38.81999969482422
2021-10-27,38.959999084472656
2021-10-28,39.689998626708984
2021-10-29,39.560001373291016
2021-11-01,40.86000061035156
2021-11-02,41.29999923706055
2021-11-03,43.439998626708984
2021-11-04,42.63999938964844
2021-11-05,41.290000915527344
2021-11-08,40.599998474121094
2021-11-09,38.38999938964844
2021-11-10,39.0099983215332
2021-11-11,39.56999969482422
2021-11-12,38.65999984741211
2021-11-15,37.45000076293945
2021-11-16,37.630001068115234
2021-11-17,37.31999969482422
2021-11-18,36.970001220703125
2021-11-19,36.86000061035156
2021-11-22,37.290000915527344
2021-11-23,36.88999938964844
2021-11-24,37.02000045776367
2021-11-26,35.439998626708984
2021-11-29,36.09000015258789
2021-11-30,36.220001220703125
2021-12-01,35.68000030517578
2021-12-02,36.72999954223633
2021-12-03,35.15999984741211
2021-12-06,34.529998779296875
2021-12-07,35.56999969482422
2021-12-08,35.79999923706055
2021-12-09,34.16999816894531
2021-12-10,33.790000915527344
2021-12-13,33.939998626708984
2021-12-14,33.7400016784668
2021-12-15,36.54999923706055
2021-12-16,36.36000061035156
2021-12-17,38.040000915527344
2021-12-20,39.0099983215332
2021-12-21,39.189998626708984
2021-12-22,40.119998931884766
2021-12-23,40.720001220703125
2021-12-27,40.439998626708984
2021-12-28,40.61000061035156
2021-12-29,40.81999969482422
2021-12-30,40.7400016784668
2021-12-31,40.119998931884766
2022-01-03,41.630001068115234
2022-01-04,41.09000015258789
2022-01-05,39.2599983215332
2022-01-06,39.470001220703125
2022-01-07,37.970001220703125
2022-01-10,38.08000183105469
2022-01-11,37.75
2022-01-12,36.45000076293945
2022-01-13,36.11000061035156
2022-01-14,37.04999923706055
2022-01-18,35.09000015258789
2022-01-19,34.970001220703125
2022-01-20,34.83000183105469
2022-01-21,34.2599983215332
2022-01-24,35.20000076293945
2022-01-25,32.900001525878906
2022-01-26,33.5
2022-01-27,31.920000076293945
2022-01-28,32.45000076293945
2022-01-31,34.369998931884766
2022-02-01,33.5
2022-02-02,32.08000183105469
2022-02-03,31.299999237060547
2022-02-04,32.0
2022-02-07,32.540000915527344
2022-02-08,34.56999969482422
2022-02-09,35.31999969482422
2022-02-10,33.959999084472656
2022-02-11,33.619998931884766
2022-02-14,33.34000015258789
2022-02-15,33.2599983215332
2022-02-16,32.58000183105469
2022-02-17,32.02000045776367
2022-02-18,32.0
2022-02-22,32.08000183105469
2022-02-23,31.479999542236328
2022-02-24,32.4900016784668
2022-02-25,31.6200008392334
2022-02-28,31.309999465942383
2022-03-01,30.8799991607666
2022-03-02,31.15999984741211
2022-03-03,30.020000457763672
2022-03-04,28.59000015258789
2022-03-07,28.290000915527344
2022-03-08,28.5
2022-03-09,28.8799991607666
2022-03-10,28.280000686645508
2022-03-11,27.489999771118164
2022-03-14,26.780000686645508
2022-03-15,26.81999969482422
2022-03-16,28.139999389648438
2022-03-17,28.469999313354492
2022-03-18,29.09000015258789
2022-03-21,28.350000381469727
2022-03-22,29.010000228881836
2022-03-23,28.06999969482422
2022-03-24,28.75
2022-03-25,28.1299991607666
2022-03-28,27.670000076293945
2022-03-29,28.760000228881836
2022-03-30,27.479999542236328
2022-03-31,26.68000030517578
2022-04-01,28.540000915527344
2022-04-04,29.010000228881836
2022-04-05,28.290000915527344
2022-04-06,28.540000915527344
2022-04-07,28.149999618530273
2022-04-08,27.309999465942383
2022-04-11,26.579999923706055
2022-04-12,26.540000915527344
2022-04-13,27.170000076293945
2022-04-14,26.690000534057617
2022-04-18,25.690000534057617
2022-04-19,26.520000457763672
2022-04-20,26.920000076293945
2022-04-21,26.450000762939453
2022-04-22,26.34000015258789
2022-04-25,26.670000076293945
2022-04-26,26.0
2022-04-27,26.5
2022-04-28,26.1299991607666
2022-04-29,24.979999542236328
2022-05-02,26.010000228881836
2022-05-03,25.790000915527344
2022-05-04,26.030000686645508
2022-05-05,24.75
2022-05-06,25.760000228881836
2022-05-09,24.649999618530273
2022-05-10,25.3700008392334
2022-05-11,23.34000015258789
2022-05-12,23.790000915527344
2022-05-13,23.950000762939453
2022-05-16,23.6200008392334
2022-05-17,24.809999465942383
2022-05-18,22.549999237060547
2022-05-19,22.979999542236328
2022-05-20,23.549999237060547
2022-05-23,22.75
2022-05-24,22.450000762939453
2022-05-25,22.229999542236328
2022-05-26,22.360000610351562
2022-05-27,22.690000534057617
2022-05-31,22.329999923706055
2022-06-01,21.790000915527344
2022-06-02,21.530000686645508
2022-06-03,21.690000534057617
2022-06-06,21.170000076293945
2022-06-07,21.829999923706055
2022-06-08,22.229999542236328
2022-06-09,21.459999084472656
2022-06-10,20.530000686645508
2022-06-13,19.739999771118164
2022-06-14,20.0
2022-06-15,21.229999542236328
2022-06-16,21.3799991607666
2022-06-17,23.020000457763672
2022-06-21,23.65999984741211
2022-06-22,24.229999542236328
2022-06-23,26.579999923706055
2022-06-24,27.1200008392334
2022-06-27,27.760000228881836
2022-06-28,27.059999465942383
2022-06-29,27.200000762939453
2022-06-30,27.3700008392334
2022-07-01,28.860000610351562
2022-07-05,30.450000762939453
2022-07-06,32.439998626708984
2022-07-07,32.20000076293945
2022-07-08,32.040000915527344
2022-07-11,30.649999618530273
2022-07-12,31.020000457763672
2022-07-13,31.31999969482422
2022-07-14,30.790000915527344
2022-07-15,31.010000228881836
2022-07-18,30.06999969482422
2022-07-19,30.670000076293945
2022-07-20,29.739999771118164
2022-07-21,29.549999237060547
2022-07-22,29.18000030517578
2022-07-25,29.030000686645508
2022-07-26,29.290000915527344
2022-07-27,29.860000610351562
2022-07-28,29.18000030517578
2022-07-29,28.690000534057617
2022-08-01,28.010000228881836
2022-08-02,29.010000228881836
2022-08-03,29.56999969482422
2022-08-04,29.670000076293945
2022-08-05,29.34000015258789
2022-08-08,29.40999984741211
2022-08-09,29.209999084472656
2022-08-10,30.43000030517578
2022-08-11,28.65999984741211
2022-08-12,30.469999313354492
2022-08-15,31.079999923706055
2022-08-16,31.010000228881836
2022-08-17,30.34000015258789
2022-08-18,29.93000030517578
2022-08-19,29.65999984741211
2022-08-22,29.110000610351562
2022-08-23,28.969999313354492
2022-08-24,29.889999389648438
2022-08-25,29.6299991607666
2022-08-26,27.850000381469727
2022-08-29,27.690000534057617
2022-08-30,26.920000076293945
2022-08-31,26.389999389648438
2022-09-01,27.1299991607666
2022-09-02,26.549999237060547
2022-09-06,24.90999984741211
2022-09-07,25.260000228881836
2022-09-08,25.31999969482422
2022-09-09,25.899999618530273
2022-09-12,26.809999465942383
2022-09-13,26.989999771118164
2022-09-14,28.15999984741211
2022-09-15,28.479999542236328
2022-09-16,28.40999984741211
2022-09-19,27.600000381469727
2022-09-20,27.610000610351562
2022-09-21,26.950000762939453
2022-09-22,25.760000228881836
2022-09-23,24.959999084472656
2022-09-26,24.6200008392334
2022-09-27,25.030000686645508
2022-09-28,26.40999984741211
2022-09-29,25.520000457763672
2022-09-30,25.979999542236328
2022-10-03,25.829999923706055
2022-10-04,26.809999465942383
2022-10-05,26.639999389648438
2022-10-06,26.75
2022-10-07,26.040000915527344
2022-10-10,25.860000610351562
2022-10-11,26.600000381469727
2022-10-12,26.520000457763672
2022-10-13,27.850000381469727
2022-10-14,27.030000686645508
2022-10-17,29.3799991607666
2022-10-18,29.31999969482422
2022-10-19,27.989999771118164
2022-10-20,26.65999984741211
2022-10-21,28.059999465942383
2022-10-24,27.6200008392334
2022-10-25,27.760000228881836
2022-10-26,28.270000457763672
2022-10-27,28.110000610351562
2022-10-28,29.309999465942383
2022-10-31,28.0
2022-11-01,28.270000457763672
2022-11-02,27.43000030517578
2022-11-03,27.09000015258789
2022-11-04,27.010000228881836
2022-11-07,26.959999084472656
2022-11-08,29.31999969482422
2022-11-09,29.489999771118164
2022-11-10,30.510000228881836
2022-11-11,29.450000762939453
2022-11-14,29.540000915527344
2022-11-15,29.8700008392334
2022-11-16,29.649999618530273
2022-11-17,29.3700008392334
2022-11-18,29.1299991607666
2022-11-21,29.479999542236328
2022-11-22,28.739999771118164
2022-11-23,28.489999771118164
2022-11-25,28.540000915527344
2022-11-28,28.170000076293945
2022-11-29,28.469999313354492
2022-11-30,29.719999313354492
2022-12-01,30.110000610351562
2022-12-02,30.860000610351562
2022-12-05,29.510000228881836
2022-12-06,29.5
2022-12-07,29.690000534057617
2022-12-08,30.040000915527344
2022-12-09,29.290000915527344
2022-12-12,28.690000534057617
2022-12-13,28.5
2022-12-14,28.520000457763672
2022-12-15,27.59000015258789
2022-12-16,27.43000030517578
2022-12-19,25.940000534057617
2022-12-20,25.84000015258789
2022-12-21,25.709999084472656
2022-12-22,25.75
2022-12-23,26.100000381469727
2022-12-27,25.25
2022-12-28,24.790000915527344
2022-12-29,25.420000076293945
2022-12-30,26.040000915527344
2023-01-03,25.950000762939453
2023-01-04,25.950000762939453
2023-01-05,26.170000076293945
2023-01-06,27.0
2023-01-09,26.8799991607666
2023-01-10,26.969999313354492
2023-01-11,27.25
2023-01-12,27.969999313354492
2023-01-13,28.299999237060547
2023-01-17,28.280000686645508
2023-01-18,28.260000228881836
2023-01-19,28.940000534057617
2023-01-20,28.829999923706055
2023-01-23,30.25
2023-01-24,31.8700008392334
2023-01-25,32.59000015258789
2023-01-26,31.780000686645508
2023-01-27,32.5
2023-01-30,31.700000762939453
2023-01-31,32.91999816894531
2023-02-01,34.20000076293945
2023-02-02,35.13999938964844
2023-02-03,36.4900016784668
2023-02-06,36.619998931884766
2023-02-07,35.720001220703125
2023-02-08,35.689998626708984
2023-02-09,36.22999954223633
2023-02-10,36.95000076293945
2023-02-13,36.02000045776367
2023-02-14,35.880001068115234
2023-02-15,35.25
2023-02-16,34.849998474121094
2023-02-17,35.40999984741211
2023-02-21,34.13999938964844
2023-02-22,34.22999954223633
2023-02-23,34.18000030517578
2023-02-24,33.130001068115234
2023-02-27,32.869998931884766
2023-02-28,32.130001068115234
2023-03-01,32.529998779296875
2023-03-02,31.43000030517578
2023-03-03,31.93000030517578
2023-03-06,31.889999389648438
2023-03-07,30.729999542236328
2023-03-08,30.579999923706055
2023-03-09,29.469999313354492
2023-03-10,26.989999771118164
2023-03-13,28.40999984741211
2023-03-14,28.270000457763672
2023-03-15,28.200000762939453
2023-03-16,28.329999923706055
2023-03-17,28.049999237060547
2023-03-20,28.729999542236328
2023-03-21,28.459999084472656
2023-03-22,26.860000610351562
2023-03-23,27.709999084472656
2023-03-24,27.979999542236328
2023-03-27,28.1200008392334
2023-03-28,27.860000610351562
2023-03-29,28.030000686645508
2023-03-30,27.399999618530273
2023-03-31,27.889999389648438
2023-04-03,28.3700008392334
2023-04-04,27.850000381469727
2023-04-05,28.309999465942383
2023-04-06,28.860000610351562
2023-04-10,28.670000076293945
2023-04-11,28.549999237060547
2023-04-12,28.110000610351562
2023-04-13,29.049999237060547
2023-04-14,29.219999313354492
2023-04-17,29.899999618530273
2023-04-18,28.5
2023-04-19,28.25
2023-04-20,28.350000381469727
2023-04-21,28.790000915527344
2023-04-24,28.360000610351562
2023-04-25,28.079999923706055
2023-04-26,26.899999618530273
2023-04-27,26.450000762939453
2023-04-28,26.440000534057617
2023-05-01,27.06999969482422
2023-05-02,26.420000076293945
2023-05-03,27.1299991607666
2023-05-04,27.639999389648438
2023-05-05,27.420000076293945
2023-05-08,27.34000015258789
2023-05-09,26.829999923706055
2023-05-10,26.889999389648438
2023-05-11,26.700000762939453
2023-05-12,26.75
2023-05-15,27.8799991607666
2023-05-16,26.559999465942383
2023-05-17,26.510000228881836
2023-05-18,26.049999237060547
2023-05-19,27.450000762939453
2023-05-22,27.770000457763672
2023-05-23,28.719999313354492
2023-05-24,27.770000457763672
2023-05-25,27.170000076293945
2023-05-26,27.25
2023-05-30,27.09000015258789
2023-05-31,27.100000381469727
2023-06-01,27.139999389648438
2023-06-02,27.690000534057617
2023-06-05,26.959999084472656
2023-06-06,27.110000610351562
2023-06-07,26.979999542236328
2023-06-08,27.25
2023-06-09,26.8700008392334
2023-06-12,27.1200008392334
2023-06-13,27.190000534057617
2023-06-14,26.540000915527344
2023-06-15,26.479999542236328
2023-06-16,26.489999771118164
2023-06-20,26.190000534057617
2023-06-21,25.84000015258789
2023-06-22,25.65999984741211
2023-06-23,25.549999237060547
2023-06-26,24.770000457763672
2023-06-27,25.049999237060547
2023-06-28,25.219999313354492
2023-06-29,25.25
2023-06-30,24.969999313354492
2023-07-03,24.899999618530273
2023-07-05,24.270000457763672
2023-07-06,23.579999923706055
2023-07-07,23.389999389648438
2023-07-10,23.81999969482422
2023-07-11,23.34000015258789
2023-07-12,23.5049991607666
2023-07-13,24.100000381469727
2023-07-14,24.950000762939453
2023-07-17,24.530000686645508
2023-07-18,24.989999771118164
2023-07-19,25.389999389648438
2023-07-20,24.959999084472656
2023-07-21,24.799999237060547
2023-07-24,24.219999313354492
2023-07-25,23.920000076293945
2023-07-26,24.270000457763672
2023-07-27,23.3799991607666
2023-07-28,23.989999771118164
2023-07-31,24.290000915527344
2023-08-01,24.030000686645508
2023-08-02,23.520000457763672
2023-08-03,23.350000381469727
2023-08-04,24.18000030517578
2023-08-07,24.260000228881836
2023-08-08,23.860000610351562
2023-08-09,23.079999923706055
2023-08-10,23.290000915527344
2023-08-11,23.31999969482422
2023-08-14,23.299999237060547
2023-08-15,23.40999984741211
2023-08-16,22.56999969482422
2023-08-17,22.420000076293945
2023-08-18,22.520000457763672
2023-08-21,22.5
2023-08-22,22.959999084472656
2023-08-23,22.760000228881836
2023-08-24,22.59000015258789
2023-08-25,22.600000381469727
2023-08-28,22.649999618530273
2023-08-29,22.729999542236328
2023-08-30,22.639999389648438
2023-08-31,21.979999542236328
2023-09-01,22.43000030517578
2023-09-05,21.59000015258789
2023-09-06,21.5
2023-09-07,21.25
2023-09-08,21.25
2023-09-11,21.34000015258789
2023-09-12,21.459999084472656
2023-09-13,20.889999389648438
2023-09-14,20.93000030517578
2023-09-15,20.690000534057617
2023-09-18,20.639999389648438
2023-09-19,21.100000381469727
2023-09-20,20.549999237060547
2023-09-21,20.350000381469727
2023-09-22,20.15999984741211
2023-09-25,20.139999389648438
2023-09-26,20.079999923706055
2023-09-27,20.549999237060547
2023-09-28,20.5
2023-09-29,20.149999618530273
2023-10-02,19.479999542236328
2023-10-03,19.600000381469727
2023-10-04,19.219999313354492
2023-10-05,19.670000076293945
2023-10-06,19.739999771118164
2023-10-09,19.489999771118164
2023-10-10,19.360000610351562
2023-10-11,18.8799991607666
2023-10-12,18.489999771118164
2023-10-13,18.850000381469727
2023-10-16,18.950000762939453
2023-10-17,19.25
2023-10-18,18.700000762939453
2023-10-19,18.329999923706055
2023-10-20,18.190000534057617
2023-10-23,17.889999389648438
2023-10-24,18.149999618530273
2023-10-25,17.739999771118164
2023-10-26,17.59000015258789
2023-10-27,16.75
2023-10-30,17.229999542236328
2023-10-31,17.350000381469727
2023-11-01,17.469999313354492
2023-11-02,17.489999771118164
2023-11-03,18.450000762939453
2023-11-06,18.399999618530273
2023-11-07,18.540000915527344
2023-11-08,17.239999771118164
2023-11-09,16.530000686645508
2023-11-10,17.059999465942383
2023-11-13,17.049999237060547
2023-11-14,18.459999084472656
2023-11-15,18.920000076293945
2023-11-16,18.540000915527344
2023-11-17,19.219999313354492
2023-11-20,19.889999389648438
2023-11-21,18.5
2023-11-22,18.729999542236328
2023-11-24,18.739999771118164
2023-11-27,18.690000534057617
2023-11-28,18.709999084472656
2023-11-29,18.31999969482422
2023-11-30,18.34000015258789
2023-12-01,18.799999237060547
2023-12-04,19.1200008392334
2023-12-05,18.6200008392334
2023-12-06,19.260000228881836
2023-12-07,20.209999084472656
2023-12-08,20.25
2023-12-11,19.6299991607666
2023-12-12,19.399999618530273
2023-12-13,20.549999237060547
2023-12-14,21.219999313354492
2023-12-15,20.920000076293945
2023-12-18,20.56999969482422
2023-12-19,21.190000534057617
2023-12-20,20.3799991607666
2023-12-21,20.440000534057617
2023-12-22,20.940000534057617
2023-12-26,21.200000762939453
2023-12-27,21.110000610351562
2023-12-28,21.420000076293945
2023-12-29,21.229999542236328
2024-01-02,22.510000228881836
2024-01-03,21.850000381469727
2024-01-04,22.110000610351562
2024-01-05,20.59000015258789
2024-01-08,21.049999237060547
2024-01-09,20.579999923706055
2024-01-10,20.479999542236328
2024-01-11,20.420000076293945
2024-01-12,20.299999237060547
2024-01-16,20.389999389648438
2024-01-17,20.010000228881836
2024-01-18,19.670000076293945
2024-01-19,19.639999389648438
2024-01-22,20.020000457763672
2024-01-23,19.729999542236328
2024-01-24,19.8700008392334
2024-01-25,19.829999923706055
2024-01-26,20.079999923706055
2024-01-29,20.489999771118164
2024-01-30,19.399999618530273
2024-01-31,18.700000762939453
2024-02-01,19.059999465942383
2024-02-02,18.739999771118164
2024-02-05,18.790000915527344
2024-02-06,19.110000610351562
2024-02-07,18.700000762939453
2024-02-08,18.649999618530273
2024-02-09,19.420000076293945
2024-02-12,20.510000228881836
2024-02-13,19.1200008392334
2024-02-14,20.100000381469727
2024-02-15,21.299999237060547
2024-02-16,24.149999618530273
2024-02-20,23.5
2024-02-21,24.09000015258789
2024-02-22,24.389999389648438
2024-02-23,24.469999313354492
2024-02-26,25.8700008392334
2024-02-27,26.520000457763672
2024-02-28,22.790000915527344
2024-02-29,22.950000762939453
2024-03-01,23.81999969482422
2024-03-04,23.920000076293945
2024-03-05,22.850000381469727
2024-03-06,23.829999923706055
2024-03-07,23.790000915527344
2024-03-08,24.25
2024-03-11,23.1299991607666
2024-03-12,22.799999237060547
2024-03-13,23.360000610351562
2024-03-14,22.030000686645508
2024-03-15,23.09000015258789
2024-03-18,22.25
2024-03-19,22.760000228881836
2024-03-20,22.75
2024-03-21,22.809999465942383
2024-03-22,22.6200008392334
2024-03-25,21.899999618530273
2024-03-26,21.530000686645508
2024-03-27,22.420000076293945
2024-03-28,22.1299991607666
2024-04-01,21.920000076293945
2024-04-02,21.510000228881836
2024-04-03,21.520000457763672
2024-04-04,21.3700008392334
2024-04-05,21.290000915527344
2024-04-08,21.5
2024-04-09,21.549999237060547
2024-04-10,20.270000457763672
2024-04-11,20.520000457763672
2024-04-12,20.479999542236328
2024-04-15,20.110000610351562
2024-04-16,18.920000076293945
2024-04-17,19.06999969482422
2024-04-18,18.950000762939453
2024-04-19,18.3799991607666
2024-04-22,18.209999084472656
2024-04-23,18.3700008392334
2024-04-24,19.020000457763672
2024-04-25,19.229999542236328
2024-04-26,19.979999542236328
2024-04-29,21.06999969482422
2024-04-30,20.940000534057617
2024-05-01,23.93000030517578
2024-05-02,23.6299991607666
2024-05-03,24.110000610351562
2024-05-06,24.309999465942383
2024-05-07,24.239999771118164
2024-05-08,23.65999984741211
2024-05-09,23.540000915527344
2024-05-10,22.479999542236328
2024-05-13,21.34000015258789
2024-05-14,20.360000610351562
2024-05-15,21.290000915527344
2024-05-16,22.459999084472656
2024-05-17,23.030000686645508
2024-05-20,23.75
2024-05-21,23.770000457763672
2024-05-22,24.5
2024-05-23,23.75
2024-05-24,23.600000381469727
2024-05-28,23.399999618530273
2024-05-29,23.190000534057617
2024-05-30,23.889999389648438
2024-05-31,23.760000228881836
2024-06-03,23.959999084472656
2024-06-04,23.489999771118164
2024-06-05,22.799999237060547
2024-06-06,21.90999984741211
2024-06-07,21.739999771118164
2024-06-10,21.889999389648438
2024-06-11,21.940000534057617
2024-06-12,22.020000457763672
2024-06-13,21.309999465942383
2024-06-14,20.579999923706055
2024-06-17,19.520000457763672
2024-06-18,19.440000534057617
2024-06-20,19.3700008392334
2024-06-21,19.799999237060547
2024-06-24,20.09000015258789
2024-06-25,19.350000381469727
2024-06-26,19.43000030517578
2024-06-27,19.200000762939453
2024-06-28,18.93000030517578
2024-07-01,19.020000457763672
2024-07-02,18.260000228881836
2024-07-03,18.610000610351562
2024-07-05,18.229999542236328
2024-07-08,18.18000030517578
2024-07-09,18.399999618530273
2024-07-10,18.649999618530273
2024-07-11,19.389999389648438
2024-07-12,19.709999084472656
2024-07-15,19.68000030517578
2024-07-16,20.43000030517578
2024-07-17,19.860000610351562
2024-07-18,19.649999618530273
2024-07-19,19.139999389648438
2024-07-22,19.639999389648438
2024-07-23,19.809999465942383
2024-07-24,20.40999984741211
2024-07-25,21.270000457763672
2024-07-26,21.649999618530273
2024-07-29,21.010000228881836
2024-07-30,20.84000015258789
2024-07-31,20.420000076293945
2024-08-01,19.899999618530273
2024-08-02,19.18000030517578
2024-08-05,17.780000686645508
2024-08-06,17.850000381469727
2024-08-07,15.699999809265137
2024-08-08,16.059999465942383
2024-08-09,16.040000915527344
2024-08-12,15.800000190734863
2024-08-13,15.970000267028809
2024-08-14,15.729999542236328
2024-08-15,16.030000686645508
2024-08-16,16.229999542236328
2024-08-19,16.860000610351562
2024-08-20,16.959999084472656
2024-08-21,17.399999618530273
2024-08-22,16.670000076293945
2024-08-23,17.670000076293945
2024-08-26,17.600000381469727
2024-08-27,17.139999389648438
2024-08-28,16.940000534057617
2024-08-29,17.309999465942383
2024-08-30,17.489999771118164
2024-09-03,16.940000534057617
2024-09-04,16.6299991607666
2024-09-05,16.31999969482422
2024-09-06,16.18000030517578
2024-09-09,19.889999389648438
2024-09-10,19.1299991607666
2024-09-11,21.1299991607666
2024-09-12,20.81999969482422
2024-09-13,21.469999313354492
2024-09-16,21.149999618530273
2024-09-17,21.040000915527344
2024-09-18,20.850000381469727
2024-09-19,21.200000762939453
2024-09-20,21.06999969482422
2024-09-23,20.280000686645508
2024-09-24,20.209999084472656
2024-09-25,19.760000228881836
2024-09-26,20.459999084472656
2024-09-27,20.25
2024-09-30,20.110000610351562
2024-10-01,19.639999389648438
2024-10-02,19.459999084472656
2024-10-03,19.479999542236328
2024-10-04,19.850000381469727
2024-10-07,19.479999542236328
2024-10-08,19.43000030517578
2024-10-09,19.649999618530273
2024-10-10,20.43000030517578
2024-10-11,21.290000915527344
2024-10-14,21.030000686645508
2024-10-15,21.1299991607666
2024-10-16,21.520000457763672
2024-10-17,21.360000610351562
2024-10-18,21.780000686645508
2024-10-21,21.079999923706055
2024-10-22,21.229999542236328
2024-10-23,21.09000015258789
2024-10-24,21.15999984741211
2024-10-25,21.15999984741211
2024-10-28,21.56999969482422
2024-10-29,21.56999969482422
2024-10-30,21.020000457763672
2024-10-31,21.010000228881836
2024-11-01,21.260000228881836
2024-11-04,21.520000457763672
2024-11-05,21.520000457763672
2024-11-06,22.68000030517578
2024-11-07,23.18000030517578
2024-11-08,23.6200008392334
2024-11-11,23.309999465942383
2024-11-12,23.709999084472656
2024-11-13,23.610000610351562
2024-11-14,23.5
2024-11-15,23.06999969482422
2024-11-18,23.190000534057617
2024-11-19,23.6299991607666
2024-11-20,23.719999313354492
2024-11-21,24.100000381469727
2024-11-22,25.010000228881836
2024-11-25,26.059999465942383
2024-11-26,25.299999237060547
2024-11-27,25.6200008392334
2024-11-29,25.600000381469727
2024-12-02,26.84000015258789
2024-12-03,26.600000381469727
2024-12-04,26.200000762939453
2024-12-05,25.31999969482422
2024-12-06,25.34000015258789
2024-12-09,25.200000762939453
2024-12-10,25.290000915527344
2024-12-11,25.260000228881836
2024-12-12,24.760000228881836
2024-12-13,24.030000686645508
2024-12-16,24.520000457763672
2024-12-17,25.040000915527344
2024-12-18,23.729999542236328
2024-12-19,24.010000228881836
2024-12-20,24.1299991607666
2024-12-23,24.56999969482422
2024-12-24,24.290000915527344
2024-12-26,24.799999237060547
2024-12-27,24.290000915527344
2024-12-30,23.709999084472656
2024-12-31,22.979999542236328
2025-01-02,23.790000915527344
2025-01-03,24.1299991607666
2025-01-06,23.719999313354492
2025-01-07,23.940000534057617
2025-01-08,23.43000030517578
2025-01-10,20.604999542236328
2025-01-13,20.260000228881836
2025-01-14,19.110000610351562
2025-01-15,20.049999237060547
2025-01-16,20.030000686645508
2025-01-17,19.239999771118164
2025-01-21,20.450000762939453
2025-01-22,20.670000076293945
2025-01-23,20.459999084472656
2025-01-24,19.649999618530273
2025-01-27,19.229999542236328
2025-01-28,19.299999237060547
2025-01-29,18.829999923706055
2025-01-30,18.5
2025-01-31,18.280000686645508
2025-02-03,17.6200008392334
2025-02-04,17.760000228881836
2025-02-05,17.520000457763672
2025-02-06,17.25
2025-02-07,17.040000915527344
2025-02-10,16.829999923706055
2025-02-11,16.1299991607666
2025-02-12,16.219999313354492
2025-02-13,16.290000915527344
2025-02-14,16.309999465942383
2025-02-18,16.219999313354492
2025-02-19,16.200000762939453
2025-02-20,15.789999961853027
2025-02-21,15.739999771118164
2025-02-24,15.0600004196167
2025-02-25,14.449999809265137
2025-02-26,14.380000114440918
2025-02-27,14.979999542236328
2025-02-28,15.359999656677246
2025-03-03,14.460000038146973
2025-03-04,14.149999618530273
2025-03-05,13.899999618530273
2025-03-06,13.850000381469727
2025-03-07,13.869999885559082
2025-03-10,13.630000114440918
2025-03-11,13.449999809265137
2025-03-12,13.130000114440918
2025-03-13,12.869999885559082
2025-03-14,12.760000228881836
2025-03-17,12.979999542236328
2025-03-18,12.619999885559082
2025-03-19,13.140000343322754
2025-03-20,13.470000267028809
2025-03-21,13.199999809265137
2025-03-24,12.949999809265137
2025-03-25,11.819999694824219
2025-03-26,11.055000305175781
2025-03-27,11.510000228881836
2025-03-28,11.229999542236328
2025-03-31,10.640000343322754
2025-04-01,9.6899995803833
2025-04-02,9.819999694824219
2025-04-03,8.920000076293945
2025-04-04,8.6899995803833
2025-04-07,8.369999885559082
2025-04-08,7.670000076293945
2025-04-09,8.8100004196167
2025-04-10,7.920000076293945
2025-04-11,8.539999961853027
2025-04-14,8.9399995803833
2025-04-15,9.539999961853027
2025-04-16,9.520000457763672
2025-04-17,9.699999809265137
2025-04-21,10.600000381469727
2025-04-22,10.649999618530273
2025-04-23,10.869999885559082
2025-04-24,10.84000015258789
2025-04-25,10.510000228881836
2025-04-28,10.600000381469727
2025-04-29,10.579999923706055
2025-04-30,11.020000457763672
2025-05-01,10.859999656677246
2025-05-02,11.260000228881836
2025-05-05,10.720000267028809
2025-05-06,8.460000038146973
2025-05-07,7.985000133514404
2025-05-08,8.789999961853027
2025-05-09,8.329999923706055
2025-05-12,8.770000457763672
2025-05-13,8.109999656677246
2025-05-14,8.140000343322754
2025-05-15,8.199999809265137
2025-05-16,8.0600004196167
2025-05-19,8.0600004196167
2025-05-20,8.140000343322754
2025-05-21,7.519999980926514
2025-05-22,7.690000057220459
2025-05-23,7.570000171661377
2025-05-27,7.75
2025-05-28,7.550000190734863
2025-05-29,7.735000133514404
2025-05-30,8.0
2025-06-02,8.579999923706055
2025-06-03,9.140000343322754
2025-06-04,9.100000381469727
2025-06-05,9.119999885559082
2025-06-06,9.649999618530273
2025-06-09,9.550000190734863
2025-06-10,9.739999771118164
2025-06-11,9.520000457763672
2025-06-12,9.430000305175781
2025-06-13,9.1899995803833
2025-06-16,9.050000190734863
2025-06-17,8.3100004196167
2025-06-18,8.359999656677246
2025-06-20,8.539999961853027
2025-06-23,8.40999984741211
2025-06-24,8.270000457763672
2025-06-25,8.5600004196167
2025-06-26,8.399999618530273
2025-06-27,8.140000343322754
2025-06-30,7.860000133514404
2025-07-01,8.069999694824219
2025-07-02,8.300000190734863
2025-07-03,8.420000076293945
2025-07-07,7.940000057220459
2025-07-08,8.270000457763672
2025-07-09,9.329999923706055
2025-07-10,9.279999732971191
2025-07-11,8.829999923706055
2025-07-14,8.850000381469727
2025-07-15,8.4399995803833
2025-07-16,8.829999923706055
2025-07-17,9.069999694824219
2025-07-18,8.970000267028809
2025-07-21,9.100000381469727
2025-07-22,9.199999809265137
2025-07-23,9.569999694824219
2025-07-24,9.239999771118164
2025-07-25,9.239999771118164
2025-07-28,9.029999732971191
2025-07-29,8.819999694824219
2025-07-30,8.729999542236328
2025-07-31,8.319999694824219
2025-08-01,7.980000019073486
2025-08-04,7.949999809265137
2025-08-05,7.949999809265137
2025-08-06,7.489999771118164
2025-08-07,7.320000171661377
2025-08-08,7.230000019073486
2025-08-11,7.0
2025-08-12,7.75
2025-08-13,7.71999979019165
2025-08-14,7.650000095367432
2025-08-15,7.679999828338623
2025-08-18,7.809999942779541
2025-08-19,7.590000152587891
2025-08-20,7.510000228881836
2025-08-21,7.440000057220459
2025-08-22,8.40999984741211
2025-08-25,8.010000228881836
2025-08-26,7.900000095367432
2025-08-27,8.020000457763672
2025-08-28,8.050000190734863
2025-08-29,8.130000114440918
2025-09-02,8.550000190734863
2025-09-03,8.329999923706055
2025-09-04,8.369999885559082
2025-09-05,8.550000190734863
2025-09-08,8.40999984741211
2025-09-09,8.3100004196167
2025-09-10,8.359999656677246
2025-09-11,8.5
2025-09-12,8.600000381469727
2025-09-15,8.489999771118164
2025-09-16,8.619999885559082
2025-09-17,9.25
2025-09-18,10.029999732971191
2025-09-19,10.289999961853027
2025-09-22,10.390000343322754
2025-09-23,10.319999694824219
2025-09-24,10.470000267028809
2025-09-25,10.329999923706055
2025-09-26,11.569999694824219
2025-09-29,11.550000190734863
2025-09-30,11.729999542236328
2025-10-01,11.829999923706055
2025-10-02,11.819999694824219
2025-10-03,11.770000457763672
2025-10-06,11.789999961853027
2025-10-07,12.029999732971191
2025-10-08,12.399999618530273
2025-10-09,13.0600004196167
2025-10-10,13.029999732971191
2025-10-13,13.960000038146973
2025-10-14,12.430000305175781
2025-10-15,14.100000381469727
2025-10-16,14.949999809265137
2025-10-17,14.770000457763672
2025-10-20,15.069999694824219
2025-10-21,14.510000228881836
2025-10-22,13.289999961853027
2025-10-23,12.34000015258789
2025-10-24,13.210000038146973
2025-10-27,14.270000457763672
2025-10-28,14.25
2025-10-29,14.670000076293945
2025-10-30,14.130000114440918
2025-10-31,14.710000038146973
2025-11-03,13.9399995803833
2025-11-04,13.699999809265137
2025-11-05,14.369999885559082
2025-11-06,14.0
2025-11-07,13.899999618530273
2025-11-10,13.739999771118164
2025-11-11,14.869999885559082
2025-11-12,14.390000343322754
2025-11-13,13.989999771118164
2025-11-14,14.930000305175781
2025-11-17,15.619999885559082
2025-11-18,16.020000457763672
2025-11-19,15.770000457763672
2025-11-20,15.574999809265137
2025-11-21,15.869999885559082
2025-11-24,16.739999771118164
2025-11-25,17.260000228881836
2025-11-26,17.3799991607666
2025-11-28,17.31999969482422
2025-12-01,16.510000228881836
2025-12-02,15.989999771118164
2025-12-03,17.309999465942383
2025-12-04,18.139999389648438
2025-12-05,17.299999237060547
2025-12-08,17.68000030517578
2025-12-09,16.809999465942383
2025-12-10,17.15999984741211
2025-12-11,17.059999465942383
2025-12-12,16.520000457763672
2025-12-15,16.790000915527344
2025-12-16,16.549999237060547
2025-12-17,15.800000190734863
2025-12-18,15.6899995803833
2025-12-19,15.550000190734863
2025-12-22,15.970000267028809
2025-12-23,15.470000267028809
2025-12-24,15.449999809265137
2025-12-26,15.220000267028809
2025-12-29,15.170000076293945
2025-12-30,15.029999732971191
2025-12-31,15.3100004196167
2026-01-02,14.920000076293945
2026-01-05,14.270000457763672
2026-01-06,14.0600004196167
2026-01-07,14.949999809265137
2026-01-08,14.1899995803833
2026-01-09,13.890000343322754
2026-01-12,14.170000076293945
2026-01-13,13.9399995803833
2026-01-14,14.449999809265137
2026-01-15,13.210000038146973
2026-01-16,12.789999961853027
2026-01-20,12.640000343322754
2026-01-21,13.0
2026-01-22,13.109999656677246
2026-01-23,12.779999732971191
2026-01-26,13.020000457763672
2026-01-27,13.170000076293945
2026-01-28,12.350000381469727
2026-01-29,12.380000114440918
2026-01-30,12.09000015258789
2026-02-02,12.109999656677246
2026-02-03,11.989999771118164
2026-02-04,11.529999732971191
2026-02-05,10.819999694824219
2026-02-06,11.609999656677246
2026-02-09,11.930000305175781
2026-02-10,12.369999885559082
2026-02-11,12.220000267028809
2026-02-12,11.619999885559082
2026-02-13,11.59000015258789
2026-02-17,11.539999961853027
2026-02-18,11.34000015258789
2026-02-19,11.739999771118164
2026-02-20,11.40999984741211
2026-02-23,11.569999694824219
2026-02-24,11.8100004196167
2026-02-25,11.979999542236328
2026-02-26,13.550000190734863
2026-02-27,12.770000457763672
2026-03-02,12.300000190734863
2026-03-03,12.020000457763672
2026-03-04,12.739999771118164
2026-03-05,11.15999984741211
2026-03-06,11.319999694824219
2026-03-09,11.869999885559082
2026-03-10,11.979999542236328
2026-03-11,12.039999961853027
2026-03-12,11.609999656677246
2026-03-13,12.0
2026-03-16,12.029999732971191
2026-03-17,11.739999771118164
2026-03-18,11.59000015258789
2026-03-19,12.119999885559082
2026-03-20,12.130000114440918
2026-03-23,12.050000190734863
2026-03-24,11.890000343322754
2026-03-25,12.399999618530273
2026-03-26,12.3100004196167
2026-03-27,11.420000076293945
