Date,open
2000-01-03,9.85778263045457
2000-01-04,9.712038658477448
2000-01-05,9.685539235125532
2000-01-06,9.738537800021287
2000-01-07,9.751786248771039
2000-01-10,9.751787511313834
2000-01-11,9.751781463623047
2000-01-12,9.751787499667834
2000-01-13,9.75178496776151
2000-01-14,9.725288659417197
2000-01-18,9.553037952052222
2000-01-19,9.59279153871669
2000-01-20,9.486790679592085
2000-01-21,9.526538540257349
2000-01-24,9.486793474717574
2000-01-25,9.367544847376207
2000-01-26,9.407292988340734
2000-01-27,9.40729485161003
2000-01-28,9.261547104925173
2000-01-31,9.301291911163972
2000-02-01,9.447043106335551
2000-02-02,9.433794628490102
2000-02-03,9.380793345288662
2000-02-04,9.513283427102225
2000-02-07,9.301297163141186
2000-02-08,9.248295139548084
2000-02-09,9.182046392874414
2000-02-10,8.917054539034895
2000-02-11,9.023052164486478
2000-02-14,8.983301212913112
2000-02-15,9.062798253016602
2000-02-16,9.142303786541909
2000-02-17,9.049551963806152
2000-02-18,9.009801106280591
2000-02-22,8.79780239004993
2000-02-23,8.585807151735473
2000-02-24,8.638808741531973
2000-02-25,8.559309250498789
2000-02-28,8.400314047045095
2000-02-29,8.453314252664116
2000-03-01,8.691808720821676
2000-03-02,8.678554615707514
2000-03-03,8.75806077609055
2000-03-06,8.731562613000323
2000-03-07,8.705063170663818
2000-03-08,9.036297344770588
2000-03-09,8.890554347059977
2000-03-10,8.691813468933105
2000-03-13,8.59906162090183
2000-03-14,8.479815483093262
2000-03-15,8.453316080311874
2000-03-16,8.546060199907343
2000-03-17,8.718306374479118
2000-03-20,8.983305926852756
2000-03-21,8.970050783468636
2000-03-22,8.903807627129877
2000-03-23,8.705058119513772
2000-03-24,8.691813468933105
2000-03-27,8.638809204101562
2000-03-28,8.585809940828426
2000-03-29,8.553054214926327
2000-03-30,9.1295149200841
2000-03-31,9.169729957741072
2000-04-03,9.55850698457542
2000-04-04,9.411041472291073
2000-04-05,9.464667652989482
2000-04-06,9.732787577832331
2000-04-07,9.759604158700732
2000-04-10,9.74619678507867
2000-04-11,9.786408190960652
2000-04-12,9.638944832089848
2000-04-13,9.625539229867238
2000-04-14,9.907072228611417
2000-04-17,9.746193621327969
2000-04-18,9.85344342009662
2000-04-19,9.746193212386958
2000-04-20,9.732787132263184
2000-04-24,9.67916453287953
2000-04-25,9.920473690864432
2000-04-26,10.12156437378736
2000-04-27,10.175188712775707
2000-04-28,10.295842468502965
2000-05-01,10.201996304911953
2000-05-02,10.336058948516845
2000-05-03,10.081341511771182
2000-05-04,9.987500563435171
2000-05-05,10.550557627343828
2000-05-08,10.496932932760863
2000-05-09,10.550557111216857
2000-05-10,10.577364677773382
2000-05-11,10.765048037569947
2000-05-12,10.832085241899081
2000-05-15,10.698017836512253
2000-05-16,10.765053601434387
2000-05-17,10.604181289672852
2000-05-18,10.563962448699565
2000-05-19,10.52374873579163
2000-05-22,10.443306891406204
2000-05-23,10.563960327499215
2000-05-24,10.537149654141851
2000-05-25,10.577367782592773
2000-05-26,10.577363500010236
2000-05-30,10.7650522920493
2000-05-31,10.872304279065103
2000-06-01,11.11361192910068
2000-06-02,11.100201161702474
2000-06-05,10.778456017278856
2000-06-06,10.44331038961507
2000-06-07,10.671210082311594
2000-06-08,10.61758952832404
2000-06-09,10.563964810034243
2000-06-12,10.644394872182593
2000-06-13,10.69802478098449
2000-06-14,10.590774536132812
2000-06-15,10.537147258316743
2000-06-16,10.684614403330865
2000-06-19,10.805270420164055
2000-06-20,10.832078224603384
2000-06-21,10.872298480846263
2000-06-22,10.85889028518161
2000-06-23,10.751643183237329
2000-06-26,10.751644606613995
2000-06-27,10.73824341730638
2000-06-28,10.667408083575868
2000-06-29,10.938147542470679
2000-06-30,10.816313712748816
2000-07-03,10.586179134234712
2000-07-05,10.82985117465635
2000-07-06,10.680941764985867
2000-07-07,10.708017853986822
2000-07-10,10.613252070912143
2000-07-11,10.748626676179853
2000-07-12,11.01937840105426
2000-07-13,10.951687779036488
2000-07-14,11.100594520568848
2000-07-17,11.10059824327555
2000-07-18,11.141203127774325
2000-07-19,11.16828338519947
2000-07-20,11.019378921247316
2000-07-21,11.073517824442725
2000-07-24,10.81631491790077
2000-07-25,10.653868585445803
2000-07-26,10.61325436175022
2000-07-27,10.477882035613513
2000-07-28,10.762164604814746
2000-07-31,10.653863146580067
2000-08-01,10.72155075073242
2000-08-02,10.82985256029212
2000-08-03,10.924611167631287
2000-08-04,11.181819438360515
2000-08-07,11.357808053872688
2000-08-08,11.181822190801782
2000-08-09,11.263047449797103
2000-08-10,11.181821686185206
2000-08-11,11.208894061697949
2000-08-14,11.249510082409536
2000-08-15,11.263045430328258
2000-08-16,11.222434410241759
2000-08-17,11.263044250706004
2000-08-18,11.384879113391275
2000-08-21,11.249501578591087
2000-08-22,11.16828944721012
2000-08-23,11.087059172284029
2000-08-24,11.560866975784302
2000-08-25,11.344266418601837
2000-08-28,11.3713405581818
2000-08-29,11.479643235184218
2000-08-30,11.533794461972922
2000-08-31,11.357806205749512
2000-09-01,11.398421347141266
2000-09-05,11.615016846005808
2000-09-06,11.560867542764033
2000-09-07,11.655627502729473
2000-09-08,11.858685530375311
2000-09-11,12.06174233825834
2000-09-12,12.318964171827885
2000-09-13,12.291879470859255
2000-09-14,12.08881978797061
2000-09-15,12.03467177727628
2000-09-18,12.589698093744385
2000-09-19,12.34603001721483
2000-09-20,11.885760578108423
2000-09-21,12.07528553647016
2000-09-22,11.682700922541779
2000-09-25,11.628550436090215
2000-09-26,11.831604938549372
2000-09-27,12.20628529925679
2000-09-28,12.342822072756638
2000-09-29,12.206291562237423
2000-10-02,12.301858104397898
2000-10-03,12.138021689111536
2000-10-04,12.042445996912514
2000-10-05,11.783026894026673
2000-10-06,11.701107052169133
2000-10-09,11.619182981964146
2000-10-10,12.151673842619187
2000-10-11,12.50666352311339
2000-10-12,12.656855432050568
2000-10-13,12.27455311412959
2000-10-16,12.3564721900271
2000-10-17,12.110707034803417
2000-10-18,11.9468692859663
2000-10-19,11.660144615844153
2000-10-20,11.823987590066164
2000-10-23,11.605530355348398
2000-10-24,11.591878922818244
2000-10-25,11.468996846345135
2000-10-26,11.318804931640624
2000-10-27,11.468994704109004
2000-10-30,11.687453257774504
2000-10-31,11.783025739354132
2000-11-01,11.75572407901834
2000-11-02,11.960517883300781
2000-11-03,11.960525925807689
2000-11-06,11.905913352966309
2000-11-07,11.892259842281828
2000-11-08,11.796683311462402
2000-11-09,11.783028025985454
2000-11-10,11.837642292618062
2000-11-13,11.905906474617833
2000-11-14,11.796677804129464
2000-11-15,12.015133331709379
2000-11-16,12.124365987979266
2000-11-17,12.383786925061822
2000-11-20,12.547626874345909
2000-11-21,12.58858642578125
2000-11-22,12.834351741409712
2000-11-24,12.738777340410616
2000-11-27,12.820696641632761
2000-11-28,12.861657524512985
2000-11-29,12.888966004139114
2000-11-30,12.656854442131637
2000-12-01,12.411087989807129
2000-12-04,12.452055508157482
2000-12-05,12.520323408566988
2000-12-06,12.46570796570058
2000-12-07,11.660145104125577
2000-12-08,12.561279110989329
2000-12-11,12.807049534629611
2000-12-12,12.86165888534695
2000-12-13,12.61588993855223
2000-12-14,12.61589101465737
2000-12-15,12.206285868259455
2000-12-18,12.397441229612932
2000-12-19,12.588584534839917
2000-12-20,12.697813235796414
2000-12-21,12.752429010504382
2000-12-22,12.88896296819051
2000-12-26,13.066458287158737
2000-12-27,13.785807962128612
2000-12-28,13.661980470021566
2000-12-29,14.143521162106952
2001-01-02,13.854591024008618
2001-01-03,13.249229513210366
2001-01-04,13.056616058007867
2001-01-05,12.189837772936093
2001-01-08,12.45124546356034
2001-01-09,12.575072012393672
2001-01-10,12.21735584458024
2001-01-11,12.45125222071416
2001-01-12,12.231118202209473
2001-01-16,12.258637783063556
2001-01-17,12.107292851315268
2001-01-18,11.955956756653752
2001-01-19,11.873402495018258
2001-01-22,12.107297163074815
2001-01-23,12.052258616658898
2001-01-24,12.107290438590477
2001-01-25,12.16232087448925
2001-01-26,12.286147998264857
2001-01-29,11.777095154349668
2001-01-30,11.832120148640758
2001-01-31,11.693439297560683
2001-02-01,11.559166004918499
2001-02-02,11.686842345622395
2001-02-05,11.479915403047675
2001-02-06,11.675833751150357
2001-02-07,11.909171882877096
2001-02-08,11.966406973085423
2001-02-09,11.997220797357771
2001-02-12,12.105092764809584
2001-02-13,11.887163073103006
2001-02-14,11.766088868012355
2001-02-15,11.717658173910108
2001-02-16,11.722057448690663
2001-02-20,11.843127303037518
2001-02-21,11.777096059932909
2001-02-22,11.667026155778167
2001-02-23,11.446894808394873
2001-02-26,11.376452955225945
2001-02-27,11.449091525601826
2001-02-28,11.457898544879061
2001-03-01,11.402864635483935
2001-03-02,11.22675919877082
2001-03-05,11.464505443527434
2001-03-06,11.490923640449362
2001-03-07,11.407275464296198
2001-03-08,11.501926365343456
2001-03-09,11.468903506236149
2001-03-12,11.640611597955465
2001-03-13,11.578970888044271
2001-03-14,11.510732676325008
2001-03-15,11.578975302304515
2001-03-16,11.623005362256457
2001-03-19,11.761687192108273
2001-03-20,11.997223116500303
2001-03-21,11.997230257267319
2001-03-22,11.788098881298165
2001-03-23,11.475515204542573
2001-03-26,11.523938665160895
2001-03-27,11.755083819297628
2001-03-28,11.721557834120143
2001-03-29,11.772649618438535
2001-03-30,11.546081336834346
2001-04-02,11.903706979590575
2001-04-03,12.188022098898427
2001-04-04,12.061414687857582
2001-04-05,12.250224452401666
2001-04-06,12.230225993495814
2001-04-09,12.083626442747832
2001-04-10,12.416812982543323
2001-04-11,12.66115220723012
2001-04-12,12.461246656457414
2001-04-16,12.547875490538784
2001-04-17,12.550091174976018
2001-04-18,12.561196958363949
2001-04-19,12.319077424117312
2001-04-20,12.16137316981868
2001-04-23,12.08362358719235
2001-04-24,12.267991120866213
2001-04-25,12.190248866117134
2001-04-26,12.385715378268332
2001-04-27,12.447915763032821
2001-04-30,12.492340883020987
2001-05-01,12.485674531025808
2001-05-02,12.427920388493655
2001-05-03,11.941467733345856
2001-05-04,11.874828952095331
2001-05-07,12.161370823701235
2001-05-08,12.181362993025148
2001-05-09,12.305754714394425
2001-05-10,12.472346799417597
2001-05-11,12.414597495829574
2001-05-14,12.430144789487159
2001-05-15,12.332407841765026
2001-05-16,12.427916116428678
2001-05-17,12.494565837627878
2001-05-18,12.583413271457033
2001-05-21,12.77222052973189
2001-05-22,12.849960021427458
2001-05-23,12.761111962040857
2001-05-24,12.661155475716965
2001-05-25,12.658934976688354
2001-05-29,12.65893442084962
2001-05-30,12.658935499331536
2001-05-31,12.57230283659866
2001-06-01,12.661162178618428
2001-06-04,12.683362750966916
2001-06-05,12.823304384224558
2001-06-06,12.416814939349127
2001-06-07,12.301311436320958
2001-06-08,12.239113069877389
2001-06-11,12.172477089187975
2001-06-12,12.192468257356147
2001-06-13,12.190246246454594
2001-06-14,12.005887491797449
2001-06-15,11.728220833600751
2001-06-18,11.961462296497508
2001-06-19,11.905930217368747
2001-06-20,11.839293395408983
2001-06-21,11.805970948463578
2001-06-22,11.703788136084396
2001-06-25,11.739328949312489
2001-06-26,11.706010223386953
2001-06-27,11.793748590419478
2001-06-28,11.84083464135407
2001-06-29,11.717491212769191
2001-07-02,11.66142422520939
2001-07-03,11.643491186924386
2001-07-05,11.582941425664101
2001-07-06,11.74216149602411
2001-07-09,11.728712346898837
2001-07-10,11.68385202962246
2001-07-11,11.52687249261202
2001-07-12,11.246549370072428
2001-07-13,11.302619702396765
2001-07-16,11.369894937530944
2001-07-17,11.168062348100603
2001-07-18,11.163572015303034
2001-07-19,11.055934153939468
2001-07-20,10.966229398797923
2001-07-23,10.865308027835836
2001-07-24,10.966234399962508
2001-07-25,10.665724806381101
2001-07-26,10.802523989732563
2001-07-27,10.304668039719003
2001-07-30,10.578264682518816
2001-07-31,10.625358666104603
2001-08-01,10.820457574735949
2001-08-02,10.831670878378405
2001-08-03,10.79803563100232
2001-08-06,10.809250406653064
2001-08-07,10.73075617824038
2001-08-08,10.744213347671867
2001-08-09,10.589476951946292
2001-08-10,10.730759262186634
2001-08-13,10.829436853756523
2001-08-14,10.921380486837592
2001-08-15,11.011082989430331
2001-08-16,11.212916511770311
2001-08-17,11.123209235330194
2001-08-20,11.120969940840356
2001-08-21,11.201696823847316
2001-08-22,11.235337558770913
2001-08-23,11.105267133776177
2001-08-24,11.123212772042438
2001-08-27,11.100787977516843
2001-08-28,11.076111360250454
2001-08-29,10.988654981771377
2001-08-30,10.894467260415125
2001-08-31,10.63208286303582
2001-09-04,10.741971613484715
2001-09-05,10.831675636654552
2001-09-06,10.798033750865095
2001-09-07,10.697124190639434
2001-09-10,10.584991002283752
2001-09-17,10.78682296908855
2001-09-18,10.876528101233673
2001-09-19,10.553595938420088
2001-09-20,10.226172143160754
2001-09-21,10.096104494669843
2001-09-24,10.405582487850776
2001-09-25,10.20375050400142
2001-09-26,10.340821319382961
2001-09-27,10.082304039172973
2001-09-28,10.295471035015817
2001-10-01,10.363501369654841
2001-10-02,10.38617553771939
2001-10-03,10.481420393635727
2001-10-04,10.476885906174013
2001-10-05,10.794368246331205
2001-10-08,10.572130808688414
2001-10-09,10.930432150398909
2001-10-10,10.8442575994054
2001-10-11,11.16174037497356
2001-10-12,11.15720392454445
2001-10-15,10.885076154298064
2001-10-16,10.9757889487246
2001-10-17,11.075568482656493
2001-10-18,10.930432150398909
2001-10-19,10.567599026522831
2001-10-22,10.953113717172076
2001-10-23,11.066496617588555
2001-10-24,10.83972289015591
2001-10-25,10.739946170483323
2001-10-26,10.680983236705547
2001-10-29,10.612950958743134
2001-10-30,10.794369661010684
2001-10-31,10.608413941619064
2001-11-01,10.567595412003502
2001-11-02,10.817048484272878
2001-11-05,10.676448593959945
2001-11-06,10.680983735003448
2001-11-07,10.590270586823289
2001-11-08,10.69005056292417
2001-11-09,10.744479400822469
2001-11-12,10.717265442803777
2001-11-13,10.64923541277237
2001-11-14,10.45874328362526
2001-11-15,9.955307870885433
2001-11-16,10.20929345526824
2001-11-19,10.408857885547622
2001-11-20,10.408853869145924
2001-11-21,10.386177124154631
2001-11-23,10.354428182874551
2001-11-26,10.504101320972971
2001-11-27,10.404317744586516
2001-11-28,10.29547058241983
2001-11-29,10.213831583912206
2001-11-30,10.318147319250373
2001-12-03,10.09136977902648
2001-12-04,10.136728914586106
2001-12-05,10.318146705627441
2001-12-06,10.318145443359256
2001-12-07,10.114051078911396
2001-12-10,10.431532999276689
2001-12-11,10.272788702361012
2001-12-12,10.204761329800084
2001-12-13,10.136729760615085
2001-12-14,10.259188337052413
2001-12-17,10.295470621942673
2001-12-18,10.28186114459267
2001-12-19,10.440606527646244
2001-12-20,10.749016014724488
2001-12-21,10.885079697931435
2001-12-24,10.726335590842666
2001-12-26,11.012070583962368
2001-12-27,11.131410738039762
2001-12-28,11.168074607849121
2001-12-31,11.113085722036455
2002-01-02,11.273480948511446
2002-01-03,11.273475281283178
2002-01-04,11.296390003934219
2002-01-07,11.365132404383484
2002-01-08,11.305555469705553
2002-01-09,11.296388949912432
2002-01-10,11.20473961004178
2002-01-11,11.195574931275264
2002-01-14,11.181823676025497
2002-01-15,11.13599719211022
2002-01-16,11.264315494023542
2002-01-17,11.209318610067694
2002-01-18,11.369717569954702
2002-01-22,11.181821080338693
2002-01-23,10.99851678443366
2002-01-24,11.18640829129131
2002-01-25,11.053507888362528
2002-01-28,10.769380152416865
2002-01-29,10.641066153791218
2002-01-30,10.265281449084375
2002-01-31,10.608982173462712
2002-02-01,10.425674525663489
2002-02-04,10.581486163544813
2002-02-05,10.315690040588379
2002-02-06,10.224034687616562
2002-02-07,10.196543019951122
2002-02-08,10.288194308041597
2002-02-11,10.407347488025431
2002-02-12,10.563157027243925
2002-02-13,10.494419335694506
2002-02-14,10.553997052553845
2002-02-15,10.540243293814884
2002-02-19,10.673146858511238
2002-02-20,10.563160865249435
2002-02-21,10.801460654258621
2002-02-22,10.595234666349429
2002-02-25,10.897695804993178
2002-02-26,11.337634500477014
2002-02-27,11.333048101165494
2002-02-28,11.314723672959447
2002-03-01,11.241393807476681
2002-03-04,11.369710890553103
2002-03-05,11.612604466149142
2002-03-06,11.488862749601584
2002-03-07,11.68592152760386
2002-03-08,11.640097870057609
2002-03-11,11.282641697876368
2002-03-12,11.223062669364086
2002-03-13,11.227652550776027
2002-03-14,11.24140101039302
2002-03-15,11.319307205905604
2002-03-18,11.273479877824629
2002-03-19,11.273479877824629
2002-03-20,11.181823676025497
2002-03-21,11.094749817557052
2002-03-22,11.09017061001859
2002-03-25,11.090166249477324
2002-03-26,11.20758622683409
2002-03-27,11.22610748863194
2002-03-28,11.300203913549591
2002-04-01,11.290947193180623
2002-04-02,11.327994726390488
2002-04-03,11.508607273858887
2002-04-04,11.314100512684883
2002-04-05,11.09180109146417
2002-04-08,10.698145453504813
2002-04-09,11.138116132384342
2002-04-10,11.096430947001876
2002-04-11,11.249261837163592
2002-04-12,11.064010091935062
2002-04-15,11.30020596003601
2002-04-16,11.207584550370097
2002-04-17,11.226108011148145
2002-04-18,11.2075834274292
2002-04-19,11.253895060930956
2002-04-22,11.429883420996852
2002-04-23,11.56881860604792
2002-04-24,11.415988362473446
2002-04-25,11.323364244310337
2002-04-26,11.323363252826296
2002-04-29,10.9760243089663
2002-04-30,11.15201026851306
2002-05-01,11.045488157718411
2002-05-02,10.999175930204713
2002-05-03,10.883396900628451
2002-05-06,10.721300352059835
2002-05-07,10.804669217417002
2002-05-08,10.86949826219291
2002-05-09,10.869503552347489
2002-05-10,10.693515978564085
2002-05-13,10.512897681803201
2002-05-14,10.61015338694838
2002-05-15,10.679620647212877
2002-05-16,10.628682054304472
2002-05-17,10.211868535524445
2002-05-20,10.28596819375619
2002-05-21,10.281334081946827
2002-05-22,10.28133546034817
2002-05-23,10.568472986529617
2002-05-24,10.614781167710516
2002-05-28,10.559210604008243
2002-05-29,10.605518493988495
2002-05-30,10.545318306063713
2002-05-31,10.674989958023474
2002-06-03,10.76761704186532
2002-06-04,10.42027586567443
2002-06-05,10.489739055864412
2002-06-06,10.489744997697537
2002-06-07,10.309123709301067
2002-06-10,10.420273954021487
2002-06-11,10.281339715888977
2002-06-12,10.165557198291895
2002-06-13,10.290596931608837
2002-06-14,10.045142943744478
2002-06-17,10.37395988916729
2002-06-18,10.605521793730423
2002-06-19,10.559212289088139
2002-06-20,10.397121419237598
2002-06-21,10.3508045794133
2002-06-24,10.466587064674243
2002-06-25,10.350802943811326
2002-06-26,10.308906270928148
2002-06-27,10.54319663523452
2002-06-28,10.557255933497018
2002-07-01,10.56662959092492
2002-07-02,10.472905457435894
2002-07-03,10.215191346133748
2002-07-05,10.121468199952327
2002-07-08,10.12147247755926
2002-07-09,10.051183454125255
2002-07-10,9.910603960091798
2002-07-11,9.465447268206503
2002-07-12,9.423276108042428
2002-07-15,9.06714740106968
2002-07-16,9.020292637332622
2002-07-17,8.96406074615219
2002-07-18,8.893773098244294
2002-07-19,8.800053806143868
2002-07-22,8.270557077601136
2002-07-23,8.036258789318705
2002-07-24,7.473955443186214
2002-07-25,7.600474637306841
2002-07-26,8.387700217505916
2002-07-29,8.551707215618988
2002-07-30,8.706335643354146
2002-07-31,8.907832674898456
2002-08-01,9.06715156101196
2002-08-02,8.996868684046358
2002-08-05,8.903146147715754
2002-08-06,8.800056318242532
2002-08-07,8.87971482891427
2002-08-08,8.926574119987533
2002-08-09,9.0905782665742
2002-08-12,9.043719630744203
2002-08-13,9.165551455562206
2002-08-14,8.973431979778557
2002-08-15,9.310815374782578
2002-08-16,9.41858915857939
2002-08-19,9.371728826400878
2002-08-20,9.474821312904233
2002-08-21,9.348299927747476
2002-08-22,9.582596829574111
2002-08-23,9.793459942341055
2002-08-26,9.554480481381884
2002-08-27,9.835632671788307
2002-08-28,9.699741595724603
2002-08-29,9.549793198651026
2002-08-30,9.502935409545898
2002-09-03,9.456074648529487
2002-09-04,9.442022951571557
2002-09-05,9.474821449868797
2002-09-06,9.437328267948368
2002-09-09,9.582600599661847
2002-09-10,9.66693724842933
2002-09-11,9.437334068811706
2002-09-12,9.723171058057755
2002-09-13,9.427964553537624
2002-09-16,9.746601104736328
2002-09-17,9.74659894630521
2002-09-18,9.362360494490773
2002-09-19,9.535737192008808
2002-09-20,9.535738154796837
2002-09-23,9.395161306466132
2002-09-24,9.296758841358917
2002-09-25,9.254586052894593
2002-09-26,9.518905576463911
2002-09-27,9.594868136122999
2002-09-30,9.423956265341493
2002-10-01,9.447699114901123
2002-10-02,9.59012033463197
2002-10-03,9.471433331597026
2002-10-04,9.400215827129664
2002-10-07,9.124856043226
2002-10-08,9.020407321078125
2002-10-09,9.115365236550247
2002-10-10,8.545652826058316
2002-10-11,9.12485719517314
2002-10-14,8.972935590524031
2002-10-15,9.04889377748432
2002-10-16,9.276778212253358
2002-10-17,9.139095606446164
2002-10-18,9.18657297389133
2002-10-21,9.115366215777405
2002-10-22,9.447692568880763
2002-10-23,9.423961727527148
2002-10-24,9.542651419547566
2002-10-25,9.4714293734384
2002-10-28,9.55214070739112
2002-10-29,9.447694695096855
2002-10-30,9.286271682862031
2002-10-31,9.461938106597698
2002-11-01,9.495168615270543
2002-11-04,9.708807987980244
2002-11-05,9.590121873782582
2002-11-06,9.699311633380134
2002-11-07,9.85598637501041
2002-11-08,9.732549541153787
2002-11-11,9.661335904155607
2002-11-12,9.637595288995186
2002-11-13,9.56638637875546
2002-11-14,9.495165684829937
2002-11-15,9.50466246230747
2002-11-18,9.68507119789588
2002-11-19,9.708812018588706
2002-11-20,9.80376049114853
2002-11-21,9.523658831700821
2002-11-22,9.761032406542995
2002-11-25,9.851238296493571
2002-11-26,9.898715202230706
2002-11-27,9.756289253950856
2002-11-29,9.742043375826643
2002-12-02,9.874974505936851
2002-12-03,9.803763677854919
2002-12-04,9.865480606649967
2002-12-05,9.965176528402912
2002-12-06,9.889215273454587
2002-12-09,9.927200840150592
2002-12-10,9.946189787228036
2002-12-11,9.969929255362123
2002-12-12,10.017405107933012
2002-12-13,10.140841222575084
2002-12-16,10.045892032705018
2002-12-17,10.259532966031488
2002-12-18,10.207308337762115
2002-12-19,10.159833343377128
2002-12-20,10.302258069562813
2002-12-23,10.19781229950728
2002-12-24,10.136091690409604
2002-12-26,10.074378591111426
2002-12-27,10.15656037532712
2002-12-30,10.021974124209484
2002-12-31,10.050814266550047
2003-01-02,9.997940424011022
2003-01-03,10.09407179713566
2003-01-06,10.118104947222088
2003-01-07,10.190206922900714
2003-01-08,10.238276494413315
2003-01-09,10.21904872053293
2003-01-10,10.2094324673884
2003-01-13,10.223854055782695
2003-01-14,10.214240921266347
2003-01-15,10.3103765733616
2003-01-16,10.31999060781178
2003-01-17,10.1565607509684
2003-01-21,10.118108832633455
2003-01-22,10.002746398138964
2003-01-23,9.882575510582187
2003-01-24,9.988323770632729
2003-01-27,9.949871450217461
2003-01-28,9.87296581606959
2003-01-29,9.949875220157512
2003-01-30,9.911422191825443
2003-01-31,9.863355737493494
2003-02-03,9.90180932856964
2003-02-04,9.815282552149158
2003-02-05,9.973907492464233
2003-02-06,9.747992809431972
2003-02-07,9.757600599476364
2003-02-10,9.555728184709551
2003-02-11,9.603791922601765
2003-02-12,9.550917110250657
2003-02-13,9.228868589066481
2003-02-14,9.228867535657356
2003-02-18,9.373064491031107
2003-02-19,9.522075647715013
2003-02-20,9.454783911859971
2003-02-21,9.54130470407679
2003-02-24,9.493237683548381
2003-02-25,9.488429069519043
2003-02-26,9.53649674927594
2003-02-27,9.397102541494888
2003-02-28,9.397100778292113
2003-03-03,9.493232187337863
2003-03-04,9.517269936565194
2003-03-05,9.598981730770276
2003-03-06,9.70953665421903
2003-03-07,9.613405322068845
2003-03-10,9.733570362200528
2003-03-11,9.877775261143343
2003-03-12,9.897000054668526
2003-03-13,9.997939100661824
2003-03-14,9.940257364693093
2003-03-17,9.959483803840472
2003-03-18,10.166171617493289
2003-03-19,10.16617153975599
2003-03-20,10.127718091348425
2003-03-21,10.440158516047966
2003-03-24,10.4786117639432
2003-03-25,10.267113814650036
2003-03-26,10.478614850202234
2003-03-27,10.38335584589008
2003-03-28,10.631512362154616
2003-03-31,10.534199311012939
2003-04-01,10.63150802019632
2003-04-02,10.826139873340106
2003-04-03,10.753154182823533
2003-04-04,10.728825885279106
2003-04-07,10.972105794508886
2003-04-08,10.665572637241187
2003-04-09,10.894256010231194
2003-04-10,11.045092599260872
2003-04-11,10.918583795038971
2003-04-14,10.821265474849266
2003-04-15,10.908851845696782
2003-04-16,11.040230535033174
2003-04-17,10.860196323679217
2003-04-21,10.947777148222578
2003-04-22,11.045094140068203
2003-04-23,11.191067941305922
2003-04-24,11.06942081451416
2003-04-25,11.118076167571417
2003-04-28,11.31270421819484
2003-04-29,11.434349296451412
2003-04-30,11.395424234401567
2003-05-01,11.419750299625024
2003-05-02,11.38568922108839
2003-05-05,11.507331201929194
2003-05-06,11.434348858852465
2003-05-07,11.429482372558383
2003-05-08,11.444079024502265
2003-05-09,11.483004918159367
2003-05-12,11.478143819447341
2003-05-13,11.687362503240015
2003-05-14,11.823605312106247
2003-05-15,11.76034927368164
2003-05-16,11.784678065778357
2003-05-19,11.911185388442822
2003-05-20,11.84793277704179
2003-05-21,11.911183111127889
2003-05-22,12.076614393412012
2003-05-23,12.237182884985437
2003-05-27,12.480474676902466
2003-05-28,12.456142657888961
2003-05-29,12.383157011678179
2003-05-30,12.39775048433602
2003-06-02,12.553453360314961
2003-06-03,12.626441876322682
2003-06-04,12.611843077774274
2003-06-05,12.529127022726627
2003-06-06,12.796740445817086
2003-06-09,12.553452059037884
2003-06-10,12.602103062506645
2003-06-11,12.796733798072449
2003-06-12,13.015686101462366
2003-06-13,13.040018602221515
2003-06-16,12.821071719256999
2003-06-17,12.894044175280476
2003-06-18,13.015692439136261
2003-06-19,13.020555486663655
2003-06-20,12.894051841707924
2003-06-23,12.89405072419183
2003-06-24,12.655634981360006
2003-06-25,12.74807724388838
2003-06-26,12.90468885894515
2003-06-27,12.953848670164867
2003-06-30,13.22423518895977
2003-07-01,12.830944991628684
2003-07-02,12.85552992110638
2003-07-03,13.022671646213755
2003-07-07,13.086586030836067
2003-07-08,13.175072816796899
2003-07-09,13.332389844443801
2003-07-10,13.361882132033347
2003-07-11,13.34713649509102
2003-07-14,13.455288671426556
2003-07-15,13.27830862699038
2003-07-16,13.18490382546292
2003-07-17,12.904691690610894
2003-07-18,12.97843551190493
2003-07-21,12.988263971673296
2003-07-22,12.86044786836429
2003-07-23,12.904688722685812
2003-07-24,12.909606909897493
2003-07-25,12.811283063204678
2003-07-28,12.757211637790565
2003-07-29,12.771958351135254
2003-07-30,12.771956400022985
2003-07-31,12.708046129402733
2003-08-01,11.616678037342608
2003-08-04,11.454447694465333
2003-08-05,11.454450477180897
2003-08-06,11.262723927978849
2003-08-07,11.26763651907559
2003-08-08,11.434782988709832
2003-08-11,11.454444892904586
2003-08-12,11.390531812701592
2003-08-13,11.56259909125241
2003-08-14,11.528194424561258
2003-08-15,11.50360773867587
2003-08-18,11.552766724319504
2003-08-19,11.380708653991924
2003-08-20,11.331547028677036
2003-08-21,11.552766724319504
2003-08-22,11.4691990347223
2003-08-25,11.2233934971219
2003-08-26,11.292216378896061
2003-08-27,11.40528862747778
2003-08-28,11.341379124781994
2003-08-29,11.31680110698482
2003-09-02,11.454451538594675
2003-09-03,11.454450728527224
2003-09-04,11.631426852252059
2003-09-05,11.670752503562836
2003-09-08,11.651090701479426
2003-09-09,11.773996272738112
2003-09-10,11.56260208440185
2003-09-11,11.552771596780028
2003-09-12,11.6117659507865
2003-09-15,11.808409519795784
2003-09-16,11.592095292802501
2003-09-17,11.518355207911567
2003-09-18,11.395452604057477
2003-09-19,11.542932695933718
2003-09-22,11.55768578147041
2003-09-23,11.552768598042226
2003-09-24,11.361046811843613
2003-09-25,11.488859997404449
2003-09-26,11.341030889424692
2003-09-29,11.365900497073842
2003-09-30,11.420614886147815
2003-10-01,11.316154755494836
2003-10-02,11.49025879089291
2003-10-03,11.71408818295573
2003-10-06,11.763832169409849
2003-10-07,11.838447570800781
2003-10-08,11.778749087019492
2003-10-09,11.669323886228636
2003-10-10,11.714089962253846
2003-10-13,11.68921794560421
2003-10-14,11.714088532572683
2003-10-15,11.70414476217822
2003-10-16,11.604661598391806
2003-10-17,11.649424904709546
2003-10-20,11.490257647067944
2003-10-21,11.465378178621112
2003-10-22,11.440513999350324
2003-10-23,11.291288176541709
2003-10-24,11.241546812398886
2003-10-27,11.191807916236266
2003-10-28,11.012736889413379
2003-10-29,10.943103163650857
2003-10-30,10.962994716767748
2003-10-31,10.94310110304487
2003-11-03,11.888184055225887
2003-11-04,11.669321869890732
2003-11-05,11.425591283866906
2003-11-06,11.41564457396465
2003-11-07,11.455438753856246
2003-11-10,11.390773729009965
2003-11-11,11.440512083614172
2003-11-12,11.425595401300242
2003-11-13,11.579786728418236
2003-11-14,11.544974607359102
2003-11-17,11.549938709995748
2003-11-18,11.629528822332153
2003-11-19,11.465382382560376
2003-11-20,11.415645692674998
2003-11-21,11.405694924062765
2003-11-24,11.405691812063298
2003-11-25,11.480301138174362
2003-11-26,11.564868130047932
2003-11-28,11.530042667507107
2003-12-01,11.614608458579657
2003-12-02,11.733987538260745
2003-12-03,11.714089962253846
2003-12-04,11.664351659916907
2003-12-05,11.614608381615126
2003-12-08,11.724032856281834
2003-12-09,11.808601139762109
2003-12-10,11.614607615150797
2003-12-11,11.614607615150797
2003-12-12,11.639478111608764
2003-12-15,11.76383209023685
2003-12-16,11.58973691037668
2003-12-17,11.878237192417146
2003-12-18,11.913055321149624
2003-12-19,12.136891977905277
2003-12-22,12.112021676730327
2003-12-23,12.062279710964281
2003-12-24,12.146845432631503
2003-12-26,12.186633154698189
2003-12-29,12.43212622169192
2003-12-30,12.487449218786772
2003-12-31,12.512602171475766
2004-01-02,12.271189090061036
2004-01-05,12.547794089976108
2004-01-06,12.572944412804127
2004-01-07,12.623240459001659
2004-01-08,12.648380352125184
2004-01-09,12.567915074041533
2004-01-12,12.608147650704876
2004-01-13,12.502536730112585
2004-01-14,12.522652443305004
2004-01-15,12.598092828018421
2004-01-16,12.572946002015275
2004-01-20,12.618208800768096
2004-01-21,12.683595316830484
2004-01-22,12.864645172263685
2004-01-23,12.748967939989516
2004-01-26,12.764054131851069
2004-01-27,12.774109919877208
2004-01-28,12.849543938318588
2004-01-29,12.698669046217612
2004-01-30,12.673527669305441
2004-02-02,12.72382775660973
2004-02-03,12.779143169262838
2004-02-04,12.81434402523228
2004-02-05,12.68358739647561
2004-02-06,12.572947423165939
2004-02-09,12.799259917826179
2004-02-10,12.814337064085418
2004-02-11,12.935045511680483
2004-02-12,13.025569530034291
2004-02-13,13.050723276549265
2004-02-17,13.201591179795258
2004-02-18,13.31726315600094
2004-02-19,13.000420716709042
2004-02-20,12.889782697869638
2004-02-23,12.96019296431766
2004-02-24,12.72884724825399
2004-02-25,12.794231566400793
2004-02-26,12.774112701416014
2004-02-27,12.84955014355413
2004-03-01,12.74896836525019
2004-03-02,12.899842485245278
2004-03-03,12.965225039134047
2004-03-04,13.02557045895804
2004-03-05,13.025571862354807
2004-03-08,13.050719118322595
2004-03-09,13.186506193243561
2004-03-10,13.050718101352805
2004-03-11,12.683590133098633
2004-03-12,12.698672453584987
2004-03-15,12.849553015342849
2004-03-16,12.658437433256458
2004-03-17,12.57293817561613
2004-03-18,12.623236408007266
2004-03-19,12.537743369349403
2004-03-22,12.532709998024957
2004-03-23,12.497508192223073
2004-03-24,12.406975780406169
2004-03-25,12.321479760028247
2004-03-26,12.321480506342482
2004-03-29,12.357530544538257
2004-03-30,12.459244427620915
2004-03-31,12.560952709310332
2004-04-01,12.510094576491912
2004-04-02,12.586379350315196
2004-04-05,12.464325336244215
2004-04-06,12.581294253291077
2004-04-07,12.530439986555104
2004-04-08,12.459240682582719
2004-04-12,12.46941004618566
2004-04-13,12.459238867943743
2004-04-14,12.225315605556188
2004-04-15,12.16428958134852
2004-04-16,12.194805984864173
2004-04-19,12.281246759547756
2004-04-20,12.255825947489559
2004-04-21,12.088010704987138
2004-04-22,12.235486352358812
2004-04-23,12.306682694700589
2004-04-26,12.301590268491358
2004-04-27,12.37279023048068
2004-04-28,12.332105793839986
2004-04-29,12.71351436860167
2004-04-30,12.45924621332102
2004-05-03,12.484670023560254
2004-05-04,12.637227058410643
2004-05-05,12.70334119848826
2004-05-06,12.713511696197196
2004-05-07,12.688084436265733
2004-05-10,12.459238867943743
2004-05-11,12.2303991450695
2004-05-12,12.276168619240767
2004-05-13,12.372785861052066
2004-05-14,12.586371383308599
2004-05-17,12.688085752673437
2004-05-18,12.576207477087639
2004-05-19,12.59146124410936
2004-05-20,12.433819153105794
2004-05-21,12.698256007811128
2004-05-24,12.5863751142906
2004-05-25,12.769443748552582
2004-05-26,12.916925249745951
2004-05-27,12.983033323225678
2004-05-28,12.805043849404695
2004-06-01,12.815213730490758
2004-06-02,12.840641663095152
2004-06-03,12.744023282786598
2004-06-04,12.67791400057428
2004-06-07,12.70334054886402
2004-06-08,12.759279974676463
2004-06-09,12.733849990130832
2004-06-10,12.688079971915096
2004-06-14,12.769449971795988
2004-06-15,12.764363288879395
2004-06-16,12.78470439899208
2004-06-17,12.815217356267269
2004-06-18,12.830478444293421
2004-06-21,12.805038868113105
2004-06-22,12.738935235183453
2004-06-23,12.688082695007324
2004-06-24,12.703330468110998
2004-06-25,12.71350860595703
2004-06-28,12.816372672048972
2004-06-29,12.698085084364054
2004-06-30,12.554078825866599
2004-07-01,12.857517283392575
2004-07-02,12.831798897814114
2004-07-06,12.93466485198351
2004-07-07,13.063233565115603
2004-07-08,13.14038085943659
2004-07-09,13.0889511559624
2004-07-12,13.212380366462456
2004-07-13,13.227810016680321
2004-07-14,13.04780860264335
2004-07-15,13.21752562609242
2004-07-16,13.495248559686424
2004-07-19,13.42324852219703
2004-07-20,13.52610797935076
2004-07-21,13.721543098575754
2004-07-22,13.356386986342523
2004-07-23,13.27923983190277
2004-07-26,13.176383048458586
2004-07-27,12.996376842715934
2004-07-28,13.063235449755904
2004-07-29,13.140383571765703
2004-07-30,13.191809134523236
2004-08-02,13.088952183309319
2004-08-03,13.166095195850977
2004-08-04,13.330677833288286
2004-08-05,13.567248982253302
2004-08-06,13.325529444348742
2004-08-09,13.191810232875271
2004-08-10,13.423244815395302
2004-08-11,13.484958449439285
2004-08-12,13.469537305448611
2004-08-13,13.407816296078158
2004-08-16,13.454102574336538
2004-08-17,13.59811071637889
2004-08-18,13.546679538010912
2004-08-19,13.572396137639164
2004-08-20,13.520969576010069
2004-08-23,13.562103128074844
2004-08-24,13.438670782384417
2004-08-25,13.479818065159192
2004-08-26,13.45409713187932
2004-08-27,13.500387398701793
2004-08-30,13.634105762509483
2004-08-31,13.639252872437273
2004-09-01,13.680396611649599
2004-09-02,13.783264484657108
2004-09-03,13.860405238599368
2004-09-07,13.886119694760172
2004-09-08,14.11241229037804
2004-09-09,14.076408991495635
2004-09-10,14.6215733357862
2004-09-13,14.503281332604827
2004-09-14,14.328417381466675
2004-09-15,14.28212748103204
2004-09-16,14.199839643254892
2004-09-17,14.312990349353955
2004-09-20,14.338698236274048
2004-09-21,14.220408442291653
2004-09-22,14.328413383995384
2004-09-23,14.163843691487008
2004-09-24,14.246125157740035
2004-09-27,14.420992851257324
2004-09-28,14.478136804249422
2004-09-29,14.488521283449002
2004-09-30,14.54566437033022
2004-10-01,14.774238792358133
2004-10-04,14.76904692315915
2004-10-05,14.930089819921387
2004-10-06,14.8054127785821
2004-10-07,14.857364337145315
2004-10-08,14.597616685425406
2004-10-11,14.608004859677422
2004-10-12,14.85735828961446
2004-10-13,14.909305185653153
2004-10-14,14.701518200751144
2004-10-15,14.659953085370379
2004-10-18,14.84177726891956
2004-10-19,14.566452168505553
2004-10-20,14.472940372727045
2004-10-21,14.691121370737633
2004-10-22,14.717096060586988
2004-10-25,14.597612473945947
2004-10-26,14.779438074124268
2004-10-27,14.805411620140156
2004-10-28,14.711899473137622
2004-10-29,14.608008856350944
2004-11-01,14.561256408691406
2004-11-02,14.613204836843071
2004-11-03,14.358649561827717
2004-11-04,14.441773831948689
2004-11-05,14.9248983238358
2004-11-08,14.60281200281855
2004-11-09,14.675536104376647
2004-11-10,14.524887823779578
2004-11-11,14.49371841866231
2004-11-12,14.43657355116915
2004-11-15,14.60800363932344
2004-11-16,14.441767112428947
2004-11-17,14.322291711903187
2004-11-18,14.337870098959089
2004-11-19,14.233972094644427
2004-11-22,14.192410752908666
2004-11-23,14.363850730787366
2004-11-24,14.34306833346236
2004-11-26,14.701509204276157
2004-11-29,14.753456039216521
2004-11-30,14.571641684357465
2004-12-01,14.727485102915068
2004-12-02,14.493719718712486
2004-12-03,14.275533985071124
2004-12-06,14.47813766984697
2004-12-07,14.431382453398099
2004-12-08,14.233972094644427
2004-12-09,14.291112839609331
2004-12-10,14.254759910052638
2004-12-13,14.32748420188616
2004-12-14,14.426191113520197
2004-12-15,14.42099296407237
2004-12-16,14.613198056764277
2004-12-17,14.691124320823985
2004-12-20,15.013206247162744
2004-12-21,14.805411212754832
2004-12-22,14.904112491375285
2004-12-23,14.805409888890898
2004-12-27,14.753460767668782
2004-12-28,14.62359069564837
2004-12-29,14.649562799834884
2004-12-30,14.670557606458692
2004-12-31,14.875184041575313
2005-01-03,14.86993755568496
2005-01-04,14.429191753453372
2005-01-05,14.166847874250767
2005-01-06,14.093381340120587
2005-01-07,14.166845498209959
2005-01-10,14.271782789182959
2005-01-11,14.198325964135316
2005-01-12,14.245551798087464
2005-01-13,14.166841846639608
2005-01-14,14.334745777284727
2005-01-18,14.40295125815682
2005-01-19,14.618084545596066
2005-01-20,14.507894922380375
2005-01-21,14.560367153198662
2005-01-24,14.429187000419244
2005-01-25,14.507894437048154
2005-01-26,14.114373814439586
2005-01-27,14.124869699728023
2005-01-28,14.20881902279879
2005-01-31,14.1668478196909
2005-02-01,14.890928518667026
2005-02-02,14.702036942987245
2005-02-03,14.95389172126296
2005-02-04,14.875189220805767
2005-02-07,14.90142320240147
2005-02-08,14.549872738814674
2005-02-09,14.822714037204639
2005-02-10,14.67579925912346
2005-02-11,14.81222385173861
2005-02-14,14.82271468217888
2005-02-15,14.96438897132886
2005-02-16,15.01685724323062
2005-02-17,15.273948877069218
2005-02-18,15.116544641318137
2005-02-22,15.03259354677452
2005-02-23,14.754502469785827
2005-02-24,14.74401676949412
2005-02-25,14.69154203298679
2005-02-28,14.90667229360858
2005-03-01,14.885681265454608
2005-03-02,14.822722493323269
2005-03-03,14.938149070378326
2005-03-04,14.875186913876282
2005-03-07,15.106051911036008
2005-03-08,15.468089863482014
2005-03-09,15.4313696481551
2005-03-10,15.174260291412875
2005-03-11,14.980125723610671
2005-03-14,15.090301595688018
2005-03-15,15.294943106302865
2005-03-16,15.148031790890556
2005-03-17,14.990620822386774
2005-03-18,15.405129327977066
2005-03-21,15.373644303585428
2005-03-22,15.195248857724248
2005-03-23,15.022099708194755
2005-03-24,14.880435737027854
2005-03-28,14.943399223751893
2005-03-29,14.922717012419891
2005-03-30,14.689554442772678
2005-03-31,14.986312162733999
2005-04-01,15.20888122268555
2005-04-04,15.330766314418314
2005-04-05,15.267174500549265
2005-04-06,15.3042699426926
2005-04-07,15.283063394825941
2005-04-08,15.325467881469752
2005-04-11,15.187686928966588
2005-04-12,15.155886068597836
2005-04-13,15.124094011300464
2005-04-14,14.965118016173069
2005-04-15,14.928024285873585
2005-04-18,14.700148068325204
2005-04-19,14.896230859687105
2005-04-20,15.177091788713382
2005-04-21,15.102896136813577
2005-04-22,15.245975521030934
2005-04-25,15.304261129666626
2005-04-26,15.25657448171289
2005-04-27,15.187686491405728
2005-04-28,14.885619176473764
2005-04-29,14.599461070897897
2005-05-02,14.435181299998
2005-05-03,14.164927485520352
2005-05-04,14.043042302243904
2005-05-05,14.355696305042743
2005-05-06,14.39809569339896
2005-05-09,14.308010305689116
2005-05-10,14.360998020029983
2005-05-11,14.477582193701751
2005-05-12,14.51468180144359
2005-05-13,14.154325079138461
2005-05-16,14.111931033265954
2005-05-17,14.011248855424462
2005-05-18,14.255011393317849
2005-05-19,14.286804609073062
2005-05-20,14.361004080354643
2005-05-23,14.149020662164636
2005-05-24,14.106636289178361
2005-05-25,14.117232115187957
2005-05-26,14.249718282016284
2005-05-27,14.44578547211157
2005-05-31,14.78493976813817
2005-06-01,14.91212105179326
2005-06-02,15.039303749368365
2005-06-03,15.065799196849365
2005-06-06,15.129391239042622
2005-06-07,15.055200128494716
2005-06-08,15.01281569027311
2005-06-09,14.896219967793273
2005-06-10,15.18238330815818
2005-06-13,14.970415375834722
2005-06-14,15.182380041503023
2005-06-15,15.187682690708787
2005-06-16,15.060501320641484
2005-06-17,15.309565950000485
2005-06-20,15.304269945273754
2005-06-21,15.45264603892079
2005-06-22,15.447350701392967
2005-06-23,15.537433033621308
2005-06-24,15.495035277784512
2005-06-27,15.113496636460596
2005-06-28,15.33676515419825
2005-06-29,15.320701285983828
2005-06-30,15.459890430083162
2005-07-01,15.56695300269231
2005-07-05,15.791780646336514
2005-07-06,15.700770366627495
2005-07-07,15.524120600953506
2005-07-08,15.695427929204717
2005-07-11,15.55088979421212
2005-07-12,15.807839407374589
2005-07-13,15.727541209728896
2005-07-14,15.738250069307071
2005-07-15,15.674013747758448
2005-07-18,15.781075178076359
2005-07-19,15.668663942801036
2005-07-20,15.652601883193714
2005-07-21,15.85067683165724
2005-07-22,15.807840655329006
2005-07-25,15.963086553692088
2005-07-26,16.048730261849414
2005-07-27,16.1022637454139
2005-07-28,16.054085328464904
2005-07-29,16.0594358702639
2005-08-01,16.252153659525575
2005-08-02,15.872076427552132
2005-08-03,16.059437356174666
2005-08-04,16.05408840777776
2005-08-05,15.765009877664852
2005-08-08,15.663304443191524
2005-08-09,15.545538980609956
2005-08-10,15.390302255216481
2005-08-11,15.433120306433777
2005-08-12,15.58300573430705
2005-08-15,15.71148876507807
2005-08-16,15.427766786858097
2005-08-17,15.213645907516995
2005-08-18,14.99416660307746
2005-08-19,15.111934631216064
2005-08-22,15.251113007658638
2005-08-23,15.342112305332433
2005-08-24,15.550892304473436
2005-08-25,15.63653942122382
2005-08-26,15.748961384679069
2005-08-29,15.754312842276606
2005-08-30,15.695427838425967
2005-08-31,15.90955087403589
2005-09-01,16.193273584714085
2005-09-02,16.139732369640484
2005-09-06,16.059436726905663
2005-09-07,16.059444877402395
2005-09-08,16.22003786436044
2005-09-09,16.166502567313316
2005-09-12,16.594751717309634
2005-09-13,17.006945147005755
2005-09-14,16.39668730302413
2005-09-15,17.2638954128176
2005-09-16,17.07653720015238
2005-09-19,17.472666576732284
2005-09-20,19.271323560098402
2005-09-21,18.30776150982068
2005-09-22,18.072220665626656
2005-09-23,18.061520047993177
2005-09-26,17.90092257459245
2005-09-27,18.16322562207159
2005-09-28,18.159462005050276
2005-09-29,18.240453369432952
2005-09-30,18.629238064431572
2005-10-03,18.47804234011939
2005-10-04,18.785833369390446
2005-10-05,18.391655928477746
2005-10-06,17.689676166966585
2005-10-07,17.657280378774647
2005-10-10,17.92186442511563
2005-10-11,17.792269468163852
2005-10-12,17.495280476329125
2005-10-13,16.885104265694473
2005-10-14,16.658327264311424
2005-10-17,16.92290763366362
2005-10-18,16.874310250225975
2005-10-19,16.469335509509573
2005-10-20,16.55032364144206
2005-10-21,16.274926501885286
2005-10-24,16.264137675179363
2005-10-25,16.323531448569167
2005-10-26,16.771708404137286
2005-10-27,16.49632595581374
2005-10-28,16.05354690218394
2005-10-31,16.226336671722517
2005-11-01,16.28033441324824
2005-11-02,15.994147224331284
2005-11-03,16.561128748295513
2005-11-04,16.847306767810554
2005-11-07,16.690715669013308
2005-11-08,16.31813679726869
2005-11-09,16.15073897996841
2005-11-10,16.355930289745118
2005-11-11,16.064344748574573
2005-11-14,16.0211426098987
2005-11-15,16.166945432170913
2005-11-16,16.247938561696284
2005-11-17,16.64211868464949
2005-11-18,16.858114372325165
2005-11-21,17.26849592646472
2005-11-22,17.306295765041902
2005-11-23,17.279299937758953
2005-11-25,17.38188636880123
2005-11-28,17.581683752559726
2005-11-29,17.10650500445327
2005-11-30,17.198302260575325
2005-12-01,17.549279384615026
2005-12-02,17.71128046214008
2005-12-05,17.678880324817634
2005-12-06,17.711278518649962
2005-12-07,17.927259358129792
2005-12-08,17.79226765725894
2005-12-09,18.08925745040047
2005-12-12,18.35924457751552
2005-12-13,18.30525139631432
2005-12-14,18.278258374007223
2005-12-15,18.353849856572698
2005-12-16,18.35925129846199
2005-12-19,17.948869320212907
2005-12-20,17.7166786838452
2005-12-21,17.797671010780647
2005-12-22,17.68427579166453
2005-12-23,17.441281938876386
2005-12-27,17.511481284350662
2005-12-28,17.02111469819971
2005-12-29,17.102873257943955
2005-12-30,16.988416427950852
2006-01-03,17.13557254363069
2006-01-04,17.53343111921266
2006-01-05,17.484384022056705
2006-01-06,17.64788821805256
2006-01-09,17.522533346240355
2006-01-10,17.62064573079583
2006-01-11,17.609738472820467
2006-01-12,17.773244107567844
2006-01-13,17.811400222859188
2006-01-17,18.291028284610718
2006-01-18,18.285568595359276
2006-01-19,18.17657835694814
2006-01-20,19.310215746323006
2006-01-23,18.236518957576685
2006-01-24,18.12206666640017
2006-01-25,18.26376701071916
2006-01-26,18.04031115777465
2006-01-27,17.8658991568325
2006-01-30,18.122056141063787
2006-01-31,17.87680314165682
2006-02-01,17.985805190079354
2006-02-02,18.02940911840726
2006-02-03,17.68604321442665
2006-02-06,17.893153774431358
2006-02-07,17.631537638676882
2006-02-08,17.604295623368966
2006-02-09,17.135569839622743
2006-02-10,17.24457942337362
2006-02-13,16.797654177659812
2006-02-14,16.890315847558668
2006-02-15,16.759501577657787
2006-02-16,16.85215540060241
2006-02-17,17.015666978110566
2006-02-21,17.32087341528304
2006-02-22,17.47893865942085
2006-02-23,17.54978649160839
2006-02-24,17.713291886324367
2006-02-27,17.680591892972163
2006-02-28,17.577043937818313
2006-03-01,17.73509642554266
2006-03-02,17.729644019023105
2006-03-03,17.71329041945273
2006-03-06,17.68605116855405
2006-03-07,17.38628221119323
2006-03-08,17.14101707994434
2006-03-09,17.217318963600277
2006-03-10,17.108320437080113
2006-03-13,17.282726811281627
2006-03-14,17.38083080976067
2006-03-15,17.56613138737362
2006-03-16,17.577043937818313
2006-03-17,17.756894042637054
2006-03-20,17.78959543715373
2006-03-21,17.713290554875627
2006-03-22,17.549788094877485
2006-03-23,17.756896226297467
2006-03-24,17.51708587867534
2006-03-27,17.707844621970512
2006-03-28,17.713293661180902
2006-03-29,17.90984319684338
2006-03-30,18.17928910284787
2006-03-31,18.11880642166329
2006-04-03,17.997826319162943
2006-04-04,18.014324287384756
2006-04-05,17.623902262385474
2006-04-06,17.9208395425704
2006-04-07,18.162791502683906
2006-04-10,18.25627258497332
2006-04-11,18.1188062769638
2006-04-12,17.755880832340807
2006-04-13,17.447934629824772
2006-04-17,17.392950814252817
2006-04-18,17.755876955994637
2006-04-19,18.030825974236407
2006-04-20,18.11879897802319
2006-04-21,18.272771118899286
2006-04-24,18.349757929140054
2006-04-25,18.338758333295345
2006-04-26,18.201283022470207
2006-04-27,17.959332482382145
2006-04-28,18.0858040010378
2006-05-01,18.35525886008635
2006-05-02,18.624694126698238
2006-05-03,18.652187610096473
2006-05-04,18.393742778144823
2006-05-05,18.66869559786078
2006-05-08,18.833662314111322
2006-05-09,19.213080164962395
2006-05-10,19.279067993164062
2006-05-11,19.32305838767819
2006-05-12,19.240567168330855
2006-05-15,19.02611806530294
2006-05-16,19.026112810816706
2006-05-17,18.822664549822843
2006-05-18,18.784164439971388
2006-05-19,18.668692234652443
2006-05-22,18.9161336349306
2006-05-23,19.158095210845854
2006-05-24,19.0206217972641
2006-05-25,19.158095674720318
2006-05-26,19.422034281273124
2006-05-30,19.488019706644646
2006-05-31,19.438537484527302
2006-06-01,19.685977259943517
2006-06-02,20.065404917662597
2006-06-05,19.867442385052676
2006-06-06,19.521013724433345
2006-06-07,19.499021128166355
2006-06-08,19.224073865861804
2006-06-09,19.378045543711416
2006-06-12,18.586201943052874
2006-06-13,18.833657127919853
2006-06-14,18.454233337440673
2006-06-15,18.751169431200797
2006-06-16,19.11958880510571
2006-06-19,18.927135575072672
2006-06-20,18.454236747901977
2006-06-21,18.421235321310704
2006-06-22,18.59170959360443
2006-06-23,18.69618173387199
2006-06-26,18.921637550397612
2006-06-27,18.97112534674685
2006-06-28,19.06484827680429
2006-06-29,19.414308843478352
2006-06-30,19.675016465665465
2006-07-03,19.46423143657268
2006-07-05,19.691652483887115
2006-07-06,19.60290381458374
2006-07-07,19.586260746588774
2006-07-10,19.597353029268387
2006-07-11,20.146505747918862
2006-07-12,20.163153810522672
2006-07-13,20.235255078055268
2006-07-14,19.91907978292231
2006-07-17,20.091033400759773
2006-07-18,20.25744468265601
2006-07-19,20.102129795823807
2006-07-20,20.14096156489665
2006-07-21,20.107670484877776
2006-07-24,20.27407668310181
2006-07-25,20.645731790489737
2006-07-26,20.274084736569634
2006-07-27,20.590260300265083
2006-07-28,20.41830335159044
2006-07-31,20.523701503323533
2006-08-01,20.501513117336337
2006-08-02,20.96190436884506
2006-08-03,20.867602464012826
2006-08-04,21.0617462700498
2006-08-07,21.54987568038594
2006-08-08,21.078393831983647
2006-08-09,21.15050251087619
2006-08-10,21.189328700203383
2006-08-11,21.17823320251638
2006-08-14,20.956361667556713
2006-08-15,21.07284785173353
2006-08-16,21.42784417512923
2006-08-17,21.250346373647698
2006-08-18,21.100579059191315
2006-08-21,20.945264713688363
2006-08-22,20.91753155295788
2006-08-23,21.07839238717413
2006-08-24,20.845422988412565
2006-08-25,21.01737302620385
2006-08-28,20.91198508932379
2006-08-29,20.97854689884162
2006-08-30,20.89533860399475
2006-08-31,20.906440081050118
2006-09-01,21.217062355276067
2006-09-05,21.266988100934626
2006-09-06,21.20042296553181
2006-09-07,20.873143770337546
2006-09-08,20.82877422079912
2006-09-11,20.57362499383758
2006-09-12,20.50150906416943
2006-09-13,20.59579567570165
2006-09-14,20.551423119263966
2006-09-15,20.645729038350368
2006-09-18,20.296273025704245
2006-09-19,20.507051580497492
2006-09-20,20.529235353767575
2006-09-21,20.418305296486295
2006-09-22,20.340641001270352
2006-09-25,20.11322221404075
2006-09-26,19.919084028075435
2006-09-27,20.27404231471753
2006-09-28,20.514535239100454
2006-09-29,20.430629180495263
2006-10-02,20.32997250600566
2006-10-03,20.38030243996527
2006-10-04,19.94405877689603
2006-10-05,20.033548594784687
2006-10-06,19.85457541262023
2006-10-09,19.9328773822226
2006-10-10,19.91049820028294
2006-10-11,20.01117657875101
2006-10-12,20.106249369473773
2006-10-13,20.318783790951258
2006-10-16,20.369106071226376
2006-10-17,20.16776983378067
2006-10-18,20.128620147705078
2006-10-19,20.128626123755318
2006-10-20,20.29081057590379
2006-10-23,20.49775899186043
2006-10-24,20.53690102180707
2006-10-25,20.771793760309023
2006-10-26,21.101779993169465
2006-10-27,21.112958804911678
2006-10-30,20.99551148133613
2006-10-31,20.93398554335634
2006-11-01,21.001111135428022
2006-11-02,20.715871845463393
2006-11-03,21.25279084840891
2006-11-06,21.38142261812041
2006-11-07,21.314312293165735
2006-11-08,21.241604024968446
2006-11-09,21.55479889452974
2006-11-10,21.263971775286503
2006-11-13,21.14092459686353
2006-11-14,21.01229760969353
2006-11-15,21.05703261641164
2006-11-16,21.521243010011645
2006-11-17,21.381419937186063
2006-11-20,21.057027948905766
2006-11-21,20.844513384800297
2006-11-22,20.805346545067753
2006-11-24,20.749421060222755
2006-11-27,20.66553117078815
2006-11-28,20.57045831945998
2006-11-29,20.928394933614484
2006-11-30,21.118557826417984
2006-12-01,21.118552809312632
2006-12-04,21.476495067579865
2006-12-05,21.890371076171846
2006-12-06,22.108492956805428
2006-12-07,22.035788027943987
2006-12-08,22.04137082068786
2006-12-11,22.0749357836387
2006-12-12,22.046964694668898
2006-12-13,22.20356383045916
2006-12-14,22.1084886875888
2006-12-15,22.31542628507645
2006-12-18,22.393729901328786
2006-12-19,22.119669240467587
2006-12-20,22.343389704439463
2006-12-21,22.192388369177774
2006-12-22,21.94629342673583
2006-12-26,21.979857909584947
2006-12-27,22.06395903423362
2006-12-28,22.15976790498599
2006-12-29,21.88926026635648
2007-01-03,21.810355988678303
2007-01-04,21.41583958336942
2007-01-05,21.1171603155386
2007-01-08,21.077700260598988
2007-01-09,21.179136825196917
2007-01-10,21.105881792791436
2007-01-11,21.134061510177695
2007-01-12,21.2354968934485
2007-01-16,21.415857025070697
2007-01-17,21.75400417158254
2007-01-18,21.939972395178188
2007-01-19,21.810355185011804
2007-01-22,21.88925534919065
2007-01-23,21.900524972111118
2007-01-24,22.199226316453395
2007-01-25,22.419012278359666
2007-01-26,22.390837838777458
2007-01-29,22.441553206935318
2007-01-30,22.593717168020863
2007-01-31,22.96004425199166
2007-02-01,22.94313299386678
2007-02-02,23.10093012121774
2007-02-05,23.146023676335457
2007-02-06,23.179843031631123
2007-02-07,24.290085056793625
2007-02-08,24.143557207843106
2007-02-09,24.346435692358803
2007-02-12,24.23936383669448
2007-02-13,24.03646898412472
2007-02-14,24.10409752539384
2007-02-15,23.873041719563112
2007-02-16,23.856127496223053
2007-02-20,23.6983233846875
2007-02-21,23.703966599402182
2007-02-22,23.732142729253145
2007-02-23,23.6814230821733
2007-02-26,23.946299719270364
2007-02-27,23.86739913386391
2007-02-28,23.765970199184853
2007-03-01,23.450358068173024
2007-03-02,23.658880275295942
2007-03-05,23.21928873247066
2007-03-06,23.134757589126195
2007-03-07,23.241831946881895
2007-03-08,23.320730294669747
2007-03-09,23.354546749561397
2007-03-12,23.230561714001222
2007-03-13,23.123481464075727
2007-03-14,23.106569094565327
2007-03-15,23.117841660080582
2007-03-16,23.42217525897288
2007-03-19,23.309458724804838
2007-03-20,23.382719136641185
2007-03-21,23.850483496036112
2007-03-22,24.013936227255904
2007-03-23,24.532423250278804
2007-03-26,24.357711596291995
2007-03-27,24.459149415646728
2007-03-28,24.31833412258811
2007-03-29,24.4715669098932
2007-03-30,24.511293271188823
2007-04-02,24.562373936426958
2007-04-03,25.044765486155033
2007-04-04,25.067477574699552
2007-04-05,25.52716681458516
2007-04-09,25.86766604343815
2007-04-10,26.401149374410437
2007-04-11,26.53733903437049
2007-04-12,26.264951618561216
2007-04-13,26.327366596688748
2007-04-16,26.247915635019634
2007-04-17,26.117377878272787
2007-04-18,26.08333199708572
2007-04-19,25.969820005244497
2007-04-20,25.45337387969246
2007-04-23,25.703093762104583
2007-04-24,26.298984190056217
2007-04-25,26.446531529153933
2007-04-26,26.89489500410064
2007-04-27,26.997037562517843
2007-04-30,27.065143245131516
2007-05-01,26.622481984772925
2007-05-02,26.59411288671153
2007-05-03,26.923267342068414
2007-05-04,26.88922278389208
2007-05-07,26.883535247995678
2007-05-08,26.588427677331925
2007-05-09,26.67922767631026
2007-05-10,26.560048548619616
2007-05-11,26.247918923634032
2007-05-14,26.230897586281
2007-05-15,26.2422482990768
2007-05-16,26.293318016489128
2007-05-17,26.236553211406274
2007-05-18,26.28764739991606
2007-05-21,26.26493525005992
2007-05-22,26.531677101273285
2007-05-23,26.531668877672814
2007-05-24,26.185493898658514
2007-05-25,25.76552819344223
2007-05-29,25.669047682433515
2007-05-30,25.6179637360547
2007-05-31,26.123072734031098
2007-06-01,26.02657949149481
2007-06-04,25.805246554472713
2007-06-05,26.13441173206911
2007-06-06,26.588427294211296
2007-06-07,25.90171764389581
2007-06-08,25.04477548262724
2007-06-11,24.90289231746951
2007-06-12,25.118544712192378
2007-06-13,24.829102502676246
2007-06-14,25.067468544746756
2007-06-15,25.66337319396161
2007-06-18,25.98118516778244
2007-06-19,25.64066948373341
2007-06-20,25.538513362157026
2007-06-21,25.039089650836498
2007-06-22,25.24907669921801
2007-06-25,25.29447688144018
2007-06-26,25.1015221277579
2007-06-27,24.721116196736297
2007-06-28,24.74398652636012
2007-06-29,24.53821712897082
2007-07-02,24.926892957241858
2007-07-03,25.09264662838682
2007-07-05,24.89258450637508
2007-07-06,24.858304262684644
2007-07-09,25.041202691870016
2007-07-10,25.058358717165966
2007-07-11,25.035489946342654
2007-07-12,25.34415493567183
2007-07-13,25.4356116822312
2007-07-16,25.555641721102308
2007-07-17,25.264121054338865
2007-07-18,25.098363358613312
2007-07-19,25.738537412881875
2007-07-20,26.270114304060332
2007-07-23,26.350136063020848
2007-07-24,26.304421509352498
2007-07-25,25.681397525142916
2007-07-26,25.721391613563796
2007-07-27,25.23554214786981
2007-07-30,24.995486997302873
2007-07-31,25.418456915659117
2007-08-01,24.80114487466837
2007-08-02,25.069791762497914
2007-08-03,25.46989648122898
2007-08-06,25.189818437623217
2007-08-07,24.864008641330756
2007-08-08,25.36129770655229
2007-08-09,25.441318340403154
2007-08-10,25.309846051132336
2007-08-13,25.407025478327306
2007-08-14,24.955466717505196
2007-08-15,24.55535627808933
2007-08-16,24.00663043092028
2007-08-17,24.578218493158417
2007-08-20,24.721129161906056
2007-08-21,24.45247216002436
2007-08-22,24.789704494994176
2007-08-23,25.27555491818701
2007-08-24,25.389872354611803
2007-08-27,25.721394018289335
2007-08-28,25.16124562269311
2007-08-29,24.835428982287855
2007-08-30,25.092647097267044
2007-08-31,25.435600485741556
2007-09-04,25.367008668040658
2007-09-05,25.321282684929248
2007-09-06,25.41845703125
2007-09-07,25.14408563310739
2007-09-10,25.09265421475009
2007-09-11,24.91544698952512
2007-09-12,24.846867319404964
2007-09-13,25.43559635788336
2007-09-14,24.995478092319505
2007-09-17,25.149806997870318
2007-09-18,25.407025467641255
2007-09-19,25.950039719974153
2007-09-20,25.972892538946343
2007-09-21,26.047193227449327
2007-09-24,25.96717147677304
2007-09-25,25.835698685973714
2007-09-26,26.185754235146103
2007-09-27,26.53106363556949
2007-09-28,26.824577420248406
2007-10-01,26.9684550897372
2007-10-02,27.302240737386747
2007-10-03,27.210161449306742
2007-10-04,27.5382075833572
2007-10-05,27.555474945600892
2007-10-08,27.290726815488703
2007-10-09,27.26195269089081
2007-10-10,27.90076663436941
2007-10-11,28.02739343994561
2007-10-12,27.854733473746293
2007-10-15,26.899385294854184
2007-10-16,27.002974077898827
2007-10-17,27.054777770175736
2007-10-18,26.910895569059754
2007-10-19,26.945430040898017
2007-10-22,26.15121463828396
2007-10-23,26.387182235717773
2007-10-24,26.266323573474896
2007-10-25,26.623147058198594
2007-10-26,27.03751646365857
2007-10-29,27.060524821056145
2007-10-30,27.169872283935547
2007-10-31,27.25044410952536
2007-11-01,27.566977566571484
2007-11-02,27.624524503421995
2007-11-05,27.975595496146028
2007-11-06,27.848987794824865
2007-11-07,27.900773313619457
2007-11-08,27.36555273275117
2007-11-09,27.877758877369114
2007-11-12,26.991472378244328
2007-11-13,26.45624072496209
2007-11-14,27.158370828012742
2007-11-15,26.577098342247112
2007-11-16,27.2389370344578
2007-11-19,26.755510044931196
2007-11-20,26.79578971862793
2007-11-21,26.70371299436431
2007-11-23,27.049021131004995
2007-11-26,26.99721570432619
2007-11-27,26.80730443411667
2007-11-28,27.18714327588264
2007-11-29,27.45188085463048
2007-11-30,27.710849230378848
2007-12-03,27.25045489587848
2007-12-04,27.463381394816263
2007-12-05,27.96984650315769
2007-12-06,27.710854360575773
2007-12-07,28.286374090546477
2007-12-10,28.200038660710778
2007-12-11,28.752534294925105
2007-12-12,27.92379618450839
2007-12-13,27.975596627242087
2007-12-14,27.79718093548249
2007-12-17,27.584243564867712
2007-12-18,27.561220518911536
2007-12-19,27.400072948524986
2007-12-20,27.62452663166475
2007-12-21,27.716611782580927
2007-12-24,27.50943793184587
2007-12-26,27.733882888971632
2007-12-27,27.48659654240936
2007-12-28,27.249089668044512
2007-12-31,27.254887075554773
2008-01-02,26.971033096313477
2008-01-03,26.96525334038668
2008-01-04,26.646651595662693
2008-01-07,26.710369755869014
2008-01-08,26.652436674125298
2008-01-09,26.32224585291969
2008-01-10,26.461276482851588
2008-01-11,26.397563934326172
2008-01-14,26.55396494819918
2008-01-15,26.357008294466834
2008-01-16,26.06737036928934
2008-01-17,25.065238889280185
2008-01-18,24.167340791495434
2008-01-22,22.62647872162943
2008-01-23,22.400558170531728
2008-01-24,24.01673496139974
2008-01-25,24.32954371138459
2008-01-28,23.95881498087439
2008-01-29,24.480162956634445
2008-01-30,24.54388405483477
2008-01-31,24.43381783036052
2008-02-01,25.05943161909826
2008-02-04,25.11734871586933
2008-02-05,25.03047013170746
2008-02-06,24.613391977753004
2008-02-07,24.103632027935237
2008-02-08,25.51706178256079
2008-02-11,26.71616216555554
2008-02-12,26.739324587666694
2008-02-13,26.559754168331757
2008-02-14,27.127437479301346
2008-02-15,26.762503842007984
2008-02-19,26.878359021402026
2008-02-20,27.225924130477395
2008-02-21,27.67775236190144
2008-02-22,27.45763038195421
2008-02-25,27.747275178426687
2008-02-26,28.007947052659933
2008-02-27,27.978976564736502
2008-02-28,27.67775914859033
2008-02-29,27.54452218171686
2008-03-03,27.225920586312053
2008-03-04,27.33598847480322
2008-03-05,27.51555431085137
2008-03-06,28.007946954819285
2008-03-07,27.388115174818942
2008-03-10,27.799397288921654
2008-03-11,27.67196337206159
2008-03-12,27.283850579253123
2008-03-13,26.872559805837845
2008-03-14,27.393914892714488
2008-03-17,26.582922950642555
2008-03-18,27.0637285773836
2008-03-19,27.393908637899198
2008-03-20,26.623483625575115
2008-03-24,26.64085313942487
2008-03-25,26.77409018965139
2008-03-26,27.081110181237502
2008-03-27,27.33682822851008
2008-03-28,27.325180065959287
2008-03-31,27.17355305227473
2008-04-01,27.645884650866066
2008-04-02,27.77416439972497
2008-04-03,28.0307393886834
2008-04-04,27.873305252693996
2008-04-07,28.124036538097553
2008-04-08,28.31064913543117
2008-04-09,29.59936135314814
2008-04-10,29.086202750963515
2008-04-11,28.718831817826118
2008-04-14,28.53808253670054
2008-04-15,29.010389382237857
2008-04-16,29.73347525411543
2008-04-17,30.59064820648588
2008-04-18,30.4565459321957
2008-04-21,30.49736719068825
2008-04-22,30.258280313922388
2008-04-23,30.13583114175222
2008-04-24,30.43905726484924
2008-04-25,30.561496535215642
2008-04-28,30.6023216252617
2008-04-29,30.514853770527125
2008-04-30,30.07168090239868
2008-05-01,29.972548151631013
2008-05-02,30.532340525826754
2008-05-05,31.506172999802992
2008-05-06,31.826888693768467
2008-05-07,32.32835030724136
2008-05-08,32.60825867780886
2008-05-09,32.5383058377762
2008-05-12,32.42166772497451
2008-05-13,32.893997955196006
2008-05-14,33.30219356626006
2008-05-15,33.24970921835486
2008-05-16,34.13606276325656
2008-05-19,34.36930046698338
2008-05-20,34.00776487254799
2008-05-21,34.95242568666563
2008-05-22,36.124506993876956
2008-05-23,35.70465724446041
2008-05-27,35.15069285936559
2008-05-28,35.69298431910959
2008-05-29,35.652167661343505
2008-05-30,35.27898270103457
2008-06-02,35.022404879878195
2008-06-03,34.503416566988605
2008-06-04,34.2468488736517
2008-06-05,34.241022421515005
2008-06-06,34.800816074213024
2008-06-09,34.3809491903121
2008-06-10,34.491766498401496
2008-06-11,34.45094346898665
2008-06-12,34.32264769948827
2008-06-13,34.176872538952004
2008-06-16,33.68120580160256
2008-06-17,34.19437182225646
2008-06-18,34.23517149540357
2008-06-19,34.36347753825011
2008-06-20,33.97860517860994
2008-06-23,33.844503811343095
2008-06-24,34.305166061896394
2008-06-25,34.00194375157266
2008-06-26,33.671304114918016
2008-06-27,33.92345782014497
2008-06-30,34.18733499488638
2008-07-01,34.57437052460672
2008-07-02,35.02589867604942
2008-07-03,34.47469482714358
2008-07-07,33.82375420597523
2008-07-08,33.0027985353897
2008-07-09,32.63921876044674
2008-07-10,33.166992324766206
2008-07-11,33.032130383401615
2008-07-14,33.900016710818626
2008-07-15,33.8237541003299
2008-07-16,33.16698602564013
2008-07-17,32.06455603728745
2008-07-18,30.569232937475054
2008-07-21,30.709958168624205
2008-07-22,31.096995683555768
2008-07-23,30.211519821976992
2008-07-24,29.900728589715122
2008-07-25,29.68963763730271
2008-07-28,29.06216788371893
2008-07-29,29.314322003202363
2008-07-30,29.062160007047467
2008-07-31,29.490246258837868
2008-08-01,29.337771069838332
2008-08-04,28.610632738958884
2008-08-05,28.12980015768464
2008-08-06,28.557854935247445
2008-08-07,29.191188229596964
2008-08-08,28.229458566914758
2008-08-11,27.2970823760707
2008-08-12,27.736896023890512
2008-08-13,27.98318463648796
2008-08-14,28.094593211328675
2008-08-15,27.84245693703763
2008-08-18,27.85418392305043
2008-08-19,27.514060043794245
2008-08-20,28.035978694056798
2008-08-21,27.918687323757002
2008-08-22,28.252935426496034
2008-08-25,28.04769009964144
2008-08-26,27.566827499660203
2008-08-27,27.86003476215532
2008-08-28,28.153247679502705
2008-08-29,28.16496109970997
2008-09-02,27.648928400897518
2008-09-03,26.833833413629208
2008-09-04,26.968714176564735
2008-09-05,26.816256085289197
2008-09-08,26.980438382025365
2008-09-09,26.4820003826659
2008-09-10,25.39127468478344
2008-09-11,25.79003097100574
2008-09-12,25.995274053473445
2008-09-15,26.376438029600646
2008-09-16,25.790033966157807
2008-09-17,26.634458534140396
2008-09-18,26.751734611218037
2008-09-19,27.912814448255542
2008-09-22,28.469893897785834
2008-09-23,27.279505737491206
2008-09-24,26.82797111658945
2008-09-25,26.376438033809666
2008-09-26,26.013513155474236
2008-09-29,25.724088839558394
2008-09-30,23.83390980592962
2008-10-01,24.607692718505863
2008-10-02,24.318258856955254
2008-10-03,23.455866974100445
2008-10-06,23.036488311505067
2008-10-07,22.687987902454953
2008-10-08,20.874608255060842
2008-10-09,21.104971203446613
2008-10-10,17.862142722226075
2008-10-13,17.962551281533294
2008-10-14,20.969114066514514
2008-10-15,19.78775100068774
2008-10-16,18.635931846444564
2008-10-17,19.439250017620147
2008-10-20,20.5851733207487
2008-10-21,21.695645596002578
2008-10-22,20.93367331520773
2008-10-23,20.360713030774267
2008-10-24,18.907647322906232
2008-10-27,19.569202943255455
2008-10-28,19.049406997982594
2008-10-29,20.14807357779069
2008-10-30,20.67967960983366
2008-10-31,21.382590336107253
2008-11-03,21.15222735151186
2008-11-04,21.536165507992994
2008-11-05,21.311708111104007
2008-11-06,20.97502776727629
2008-11-07,19.657804120716087
2008-11-10,19.62826826148938
2008-11-11,19.3152149816742
2008-11-12,18.47645504113483
2008-11-13,17.50773392693592
2008-11-14,19.114381588200487
2008-11-17,18.700905513515146
2008-11-18,18.87810637513428
2008-11-19,18.99033703033085
2008-11-20,17.643591920457524
2008-11-21,16.367722326931627
2008-11-24,18.12204073034895
2008-11-25,19.0375906761554
2008-11-26,18.6004883315181
2008-11-28,19.008059221645023
2008-12-01,18.69499927648565
2008-12-02,17.643594229319753
2008-12-03,17.64949519643743
2008-12-04,17.950740309601308
2008-12-05,16.37362847982442
2008-12-08,17.484107253851974
2008-12-09,17.832607591349216
2008-12-10,17.903492990570083
2008-12-11,17.51954284667685
2008-12-12,17.531362841867875
2008-12-15,18.057066425570284
2008-12-16,17.862136887514644
2008-12-17,18.240180214674677
2008-12-18,18.4587281978243
2008-12-19,18.116140011920574
2008-12-22,17.72628820055177
2008-12-23,17.72037590423753
2008-12-24,17.194678362363227
2008-12-26,17.454578013483772
2008-12-29,17.760167094759154
2008-12-30,17.91543307792961
2008-12-31,18.255828446893442
2009-01-02,18.763438253596703
2009-01-05,19.26506683552527
2009-01-06,19.850304199652832
2009-01-07,19.217296822371594
2009-01-08,18.39317282984517
2009-01-09,18.858979841505768
2009-01-12,18.29762944202812
2009-01-13,17.855716665537663
2009-01-14,17.688504005810973
2009-01-15,17.18090124954631
2009-01-16,17.115213463776783
2009-01-20,17.276457000452744
2009-01-21,16.80468158627425
2009-01-22,17.28243237704383
2009-01-23,16.840513244973305
2009-01-26,17.54518094415283
2009-01-27,17.987097965005724
2009-01-28,18.476785355653732
2009-01-29,18.34540894984837
2009-01-30,18.303607405102372
2009-02-02,17.700448826516304
2009-02-03,18.261799300746738
2009-02-04,18.47081444987623
2009-02-05,18.482763878578876
2009-02-06,19.384508042489585
2009-02-09,19.892113189304695
2009-02-10,20.14292263260324
2009-02-11,19.79656004327349
2009-02-12,19.48005524390922
2009-02-13,19.880169706788802
2009-02-17,19.366591990040686
2009-02-18,19.378529124670816
2009-02-19,19.456162072515585
2009-02-20,18.92467474638017
2009-02-23,19.223262525910773
2009-02-24,18.423041950605032
2009-02-25,18.733580101343613
2009-02-26,18.781345670050563
2009-02-27,17.84975064501665
2009-03-02,17.724339882710346
2009-03-03,17.17493910187101
2009-03-04,16.117915410924976
2009-03-05,16.80468017722154
2009-03-06,16.470260596133212
2009-03-09,16.100003032538744
2009-03-10,16.332904767364518
2009-03-11,16.709131392046245
2009-03-12,16.26124656715652
2009-03-13,16.70912598136378
2009-03-16,16.971892051137672
2009-03-17,17.21673696568877
2009-03-18,17.4376949433949
2009-03-19,18.02890323114685
2009-03-20,18.417067090283634
2009-03-23,18.291661345480875
2009-03-24,18.775381363942234
2009-03-25,18.500672454024997
2009-03-26,19.00828091265802
2009-03-27,19.452126381832777
2009-03-30,18.92133815430293
2009-03-31,18.704203245371737
2009-04-01,18.221674846826055
2009-04-02,19.029909087848615
2009-04-03,19.02388025169483
2009-04-06,18.957536923669153
2009-04-07,18.559446839181604
2009-04-08,18.90324823553875
2009-04-09,19.379746834633675
2009-04-13,19.041974182870003
2009-04-14,18.84293137988098
2009-04-15,18.92134096466359
2009-04-16,19.50038795071808
2009-04-17,19.500382864626616
2009-04-20,19.33150067835217
2009-04-21,18.963564935022724
2009-04-22,19.325472515542906
2009-04-23,19.24704979531335
2009-04-24,19.44610024826064
2009-04-27,19.277204578983802
2009-04-28,19.60895408629763
2009-04-29,19.940695557435674
2009-04-30,20.127675647013493
2009-05-01,19.669271073897267
2009-05-04,20.06735786491172
2009-05-05,20.610212145611513
2009-05-06,20.356884834927758
2009-05-07,20.061329242373294
2009-05-08,20.013073068371423
2009-05-11,19.633079092914972
2009-05-12,19.814027986829526
2009-05-13,19.415936669915094
2009-05-14,19.035953078746672
2009-05-15,18.98769621686537
2009-05-18,18.752456530501238
2009-05-19,18.830871118393645
2009-05-20,19.40387888805621
2009-05-21,19.500381012234516
2009-05-22,19.168650575116754
2009-05-26,18.861030400263125
2009-05-27,19.657212416796444
2009-05-28,19.247051015197275
2009-05-29,20.043241999954606
2009-06-01,20.47148783009878
2009-06-02,20.84544552328669
2009-06-03,20.845443953206665
2009-06-04,20.326723892713396
2009-06-05,20.58005355711537
2009-06-08,20.65243261714118
2009-06-09,20.81529350898465
2009-06-10,20.97814472347992
2009-06-11,21.09274814246459
2009-06-12,21.37020436232008
2009-06-15,21.303850156599932
2009-06-16,21.068614986191303
2009-06-17,21.370194294617544
2009-06-18,21.864791780510203
2009-06-19,22.4016203034673
2009-06-22,21.73210292920038
2009-06-23,21.183216728071745
2009-06-24,21.014333585762902
2009-06-25,20.748945566873385
2009-06-26,21.717609516451294
2009-06-29,21.86982553460655
2009-06-30,22.009870025076808
2009-07-01,22.14381486788974
2009-07-02,21.942886877707103
2009-07-06,21.34622354819852
2009-07-07,21.236630380801653
2009-07-08,21.005256100463395
2009-07-09,20.993090689482916
2009-07-10,20.913936641078276
2009-07-13,21.291424238827986
2009-07-14,21.364489901487143
2009-07-15,22.143811017942554
2009-07-16,22.843989619131584
2009-07-17,23.495446504796956
2009-07-20,23.087522459702992
2009-07-21,23.872944306629833
2009-07-22,23.82423537523608
2009-07-23,24.128664085663736
2009-07-24,24.481788500492893
2009-07-27,24.822750592762702
2009-07-28,24.713155974996532
2009-07-29,24.445262744951687
2009-07-30,24.72532961746351
2009-07-31,24.50613884923994
2009-08-03,24.798379185126628
2009-08-04,25.102816574983123
2009-08-05,25.285467802326043
2009-08-06,24.8653625337307
2009-08-07,24.810571950345285
2009-08-10,27.343367541741532
2009-08-11,27.227692544689365
2009-08-12,26.807594838486825
2009-08-13,27.672163396935538
2009-08-14,27.440791267288734
2009-08-17,26.752796857025917
2009-08-18,26.740617464614814
2009-08-19,26.37530161332446
2009-08-20,27.026775764426795
2009-08-21,28.06790231272541
2009-08-24,28.451477646992384
2009-08-25,28.554982575931035
2009-08-26,28.043543861937206
2009-08-27,27.051128177605072
2009-08-28,27.745220184326172
2009-08-31,27.44078986030097
2009-09-01,27.130287271003322
2009-09-02,26.344859835388924
2009-09-03,26.83195369518842
2009-09-04,26.551869601687883
2009-09-08,27.209428350568253
2009-09-09,27.361647202372506
2009-09-10,27.20334105126442
2009-09-11,27.355560337113676
2009-09-14,27.239888955586572
2009-09-15,27.74521498011504
2009-09-16,28.2566351129834
2009-09-17,28.518443763472522
2009-09-18,29.200364046914384
2009-09-21,27.897419059488108
2009-09-22,28.66456302517687
2009-09-23,29.200364521372286
2009-09-24,28.877677637048762
2009-09-25,28.025285720825195
2009-09-28,28.26141678837455
2009-09-29,28.586468498306957
2009-09-30,28.51899804118924
2009-10-01,27.960886788938634
2009-10-02,27.028650237015977
2009-10-05,27.347572824317716
2009-10-06,28.05289831415653
2009-10-07,28.611012267995054
2009-10-08,28.7949887768823
2009-10-09,29.236566443488023
2009-10-12,29.359236801680716
2009-10-13,29.322440499453116
2009-10-14,29.39603748765403
2009-10-15,29.396038137534557
2009-10-16,29.948021362696327
2009-10-19,29.58002818353783
2009-10-20,30.009349822998043
2009-10-21,29.984814587259788
2009-10-22,29.622962941161667
2009-10-23,29.555501018509162
2009-10-26,29.077121970071072
2009-10-27,28.635528940899935
2009-10-28,28.856324049288755
2009-10-29,28.414743287265793
2009-10-30,28.819523500253588
2009-11-02,28.00382428366732
2009-11-03,27.72784231475415
2009-11-04,28.20621218593094
2009-11-05,28.439281224754914
2009-11-06,28.80112915782529
2009-11-09,28.923792270235655
2009-11-10,29.291783636808482
2009-11-11,29.359253723087154
2009-11-12,29.028054452261586
2009-11-13,28.23074678818513
2009-11-16,28.807256521864698
2009-11-17,29.40829937581071
2009-11-18,30.469334274674896
2009-11-19,29.813087348228837
2009-11-20,29.0832451436734
2009-11-23,29.438962594938047
2009-11-24,29.224311506119278
2009-11-25,29.156850122913305
2009-11-27,28.64780556998278
2009-11-30,28.617136961160302
2009-12-01,28.98511074033057
2009-12-02,29.291769186978353
2009-12-03,29.445107110034492
2009-12-04,29.42671304181569
2009-12-07,29.126185730959154
2009-12-08,29.285652564618925
2009-12-09,28.899254062378855
2009-12-10,28.70300768523868
2009-12-11,28.709134536405955
2009-12-14,29.438966194648387
2009-12-15,30.34666705101779
2009-12-16,30.438681167937364
2009-12-17,30.340535844003835
2009-12-18,30.371202638849667
2009-12-21,30.463192477838017
2009-12-22,30.800532330427213
2009-12-23,31.143982662175187
2009-12-24,31.481304253530947
2009-12-28,31.61621718324028
2009-12-29,31.79797652981516
2009-12-30,31.501656313847604
2009-12-31,31.402892300610983
2010-01-04,31.08189301082062
2010-01-05,31.143621756296778
2010-01-06,30.970779231858305
2010-01-07,31.551042167932266
2010-01-08,31.29795650929605
2010-01-11,31.693027228903752
2010-01-12,31.92144462200316
2010-01-13,31.557220230534323
2010-01-14,31.538701139659818
2010-01-15,31.575754664422014
2010-01-19,31.538704330341492
2010-01-20,31.85353198569538
2010-01-21,32.04490913557285
2010-01-22,31.600430810454657
2010-01-25,30.952255966372764
2010-01-26,31.285601533593304
2010-01-27,31.365859488458106
2010-01-28,30.242346004504277
2010-01-29,29.723792306050957
2010-02-01,29.106474941105372
2010-02-02,29.470700247041954
2010-02-03,29.791705129554718
2010-02-04,29.322529320924733
2010-02-05,28.847203984066326
2010-02-08,28.686698156944676
2010-02-09,28.816351131726694
2010-02-10,28.896589938082805
2010-02-11,28.668187242547376
2010-02-12,28.71757468164174
2010-02-16,29.606499525338794
2010-02-17,30.279378428340816
2010-02-18,30.785578640191215
2010-02-19,30.79175314584032
2010-02-22,31.470791510746427
2010-02-23,30.9892936505956
2010-02-24,30.501616602221844
2010-02-25,30.378155576648233
2010-02-26,30.976944513215127
2010-03-01,30.865830574872167
2010-03-02,31.563382784511255
2010-03-03,31.717727835720456
2010-03-04,31.74242192064806
2010-03-05,31.47079168896051
2010-03-08,31.631292310829902
2010-03-09,31.785625876221342
2010-03-10,32.02637181435184
2010-03-11,32.14983336250944
2010-03-12,32.260944258075064
2010-03-15,32.223915469775754
2010-03-16,31.79797923566599
2010-03-17,32.1128010933686
2010-03-18,31.841189190308604
2010-03-19,31.334980010986325
2010-03-22,31.013980040862236
2010-03-23,31.618968921262226
2010-03-24,32.27330409474402
2010-03-25,32.37206956427926
2010-03-26,31.73005512448755
2010-03-29,31.481141874638475
2010-03-30,31.90993307119885
2010-03-31,31.729719777738293
2010-04-01,31.580582195694074
2010-04-05,31.897496589870993
2010-04-06,32.30763833366333
2010-04-07,32.37599101209763
2010-04-08,32.214414507922555
2010-04-09,32.10255662267831
2010-04-12,33.221103289478535
2010-04-13,32.630760192871094
2010-04-14,32.77991977623493
2010-04-15,33.17762541502669
2010-04-16,33.25218504724088
2010-04-19,32.48785109351882
2010-04-20,32.692897386218846
2010-04-21,32.75504727842126
2010-04-22,32.38220144099188
2010-04-23,33.04710921652791
2010-04-26,33.74310211552503
2010-04-27,33.14034400890581
2010-04-28,32.51269043586377
2010-04-29,32.91040720063605
2010-04-30,32.46299188739315
2010-05-03,32.842054967620605
2010-05-04,33.07818882522927
2010-05-05,32.512705273021815
2010-05-06,31.673785031650613
2010-05-07,30.46823155198947
2010-05-10,30.555220800587886
2010-05-11,31.350641043954713
2010-05-12,32.034196049028715
2010-05-13,32.58726766538753
2010-05-14,32.282780394094445
2010-05-17,32.170916411139025
2010-05-18,32.09012712204857
2010-05-19,31.3257861700767
2010-05-20,30.418508709911485
2010-05-21,28.864963457442563
2010-05-24,29.39939018963429
2010-05-25,28.1441117611901
2010-05-26,29.25023630304276
2010-05-27,29.312380085608872
2010-05-28,30.11401513710829
2010-06-01,30.0580985234736
2010-06-02,29.39939221118014
2010-06-03,30.31287368720704
2010-06-04,30.49929971460319
2010-06-07,29.144604243260073
2010-06-08,28.641259876517605
2010-06-09,29.268886811859975
2010-06-10,29.940030649821505
2010-06-11,30.182374835911673
2010-06-14,31.419006520639446
2010-06-15,31.586798960949725
2010-06-16,31.959637042742838
2010-06-17,32.270334767517234
2010-06-18,32.027990598809836
2010-06-21,32.59348204983984
2010-06-22,31.86021484963047
2010-06-23,30.810016972224044
2010-06-24,29.915180292884248
2010-06-25,29.536117776182923
2010-06-28,30.01258659108603
2010-06-29,29.26774113817731
2010-06-30,28.84839472825796
2010-07-01,28.660606122191897
2010-07-02,28.153631250362213
2010-07-06,28.491617653099617
2010-07-07,28.36642997696043
2010-07-08,29.43049154562481
2010-07-09,29.480559781360764
2010-07-12,29.643297060049406
2010-07-13,29.7559547526077
2010-07-14,30.100222071226458
2010-07-15,30.03762952508375
2010-07-16,30.13150435097574
2010-07-19,29.342868966855146
2010-07-20,29.092503231255584
2010-07-21,30.61971220208646
2010-07-22,30.225398823533393
2010-07-23,30.450733319267965
2010-07-26,30.738650840957018
2010-07-27,31.38960389510001
2010-07-28,30.651020992829288
2010-07-29,30.74491099362684
2010-07-30,29.84359812143939
2010-08-02,30.676047817577018
2010-08-03,30.513316354940642
2010-08-04,30.507064109844215
2010-08-05,30.619728812219645
2010-08-06,30.738643037008277
2010-08-09,31.539816114611686
2010-08-10,30.95146669305562
2010-08-11,30.169065795304984
2010-08-12,29.130052050503558
2010-08-13,29.06119834379618
2010-08-16,28.72320115637629
2010-08-17,28.729462134049772
2010-08-18,28.635568902712777
2010-08-19,28.679393262004556
2010-08-20,28.166137105181413
2010-08-23,27.92830184786244
2010-08-24,27.39000978281423
2010-08-25,27.158420107713503
2010-08-26,27.521450714073897
2010-08-27,27.3399280257947
2010-08-30,27.715489278247546
2010-08-31,27.070797327208986
2010-09-01,27.421308565293767
2010-09-02,27.897003283275208
2010-09-03,28.153620073707465
2010-09-07,27.92203439006786
2010-09-08,27.834411967223136
2010-09-09,28.20368695766295
2010-09-10,28.322619769346236
2010-09-13,28.560473462027865
2010-09-14,28.316363744793748
2010-09-15,28.522911575475298
2010-09-16,28.572991515843395
2010-09-17,28.710697426124426
2010-09-20,28.497886488104715
2010-09-21,28.729462952999068
2010-09-22,28.66686107261189
2010-09-23,30.532086214630517
2010-09-24,32.28466252221952
2010-09-27,32.59761452658666
2010-09-28,32.570345694449514
2010-09-29,32.23008654012048
2010-09-30,32.538838134738015
2010-10-01,32.79719469547526
2010-10-04,32.94841892348772
2010-10-05,33.105951116591314
2010-10-06,33.294970178722735
2010-10-07,33.3012683684859
2010-10-08,33.74234085367034
2010-10-11,34.61190725877186
2010-10-12,34.70642543324766
2010-10-13,34.56779479980469
2010-10-14,34.49217593320946
2010-10-15,34.605599774181485
2010-10-18,34.58669215239808
2010-10-19,34.44806103088273
2010-10-20,34.17713028221043
2010-10-21,34.31575270174785
2010-10-22,34.12042411460449
2010-10-25,34.737938162577684
2010-10-26,34.16452143745012
2010-10-27,33.67304031936275
2010-10-28,34.2338243262771
2010-10-29,34.29052883336505
2010-11-01,34.92696242359915
2010-11-02,35.66418205215657
2010-11-03,35.87842891104357
2010-11-04,36.231279421585576
2010-11-05,36.53374119080579
2010-11-08,35.91623356640458
2010-11-09,37.03782552536636
2010-11-10,38.279139146439775
2010-11-11,38.24133589326715
2010-11-12,39.16759102205964
2010-11-15,39.48263999347613
2010-11-16,39.21170257987134
2010-11-17,38.2917390252618
2010-11-18,38.89664630912107
2010-11-19,39.69689375611168
2010-11-22,39.4133325511605
2010-11-23,39.99933708720151
2010-11-24,39.28731280541677
2010-11-26,39.621285777805845
2010-11-29,39.306222140678614
2010-11-30,39.38813078773504
2010-12-01,40.33329446940617
2010-12-02,41.114623267309604
2010-12-03,41.65022619676641
2010-12-06,41.14613131605746
2010-12-07,41.089428015031956
2010-12-08,40.58532698822716
2010-12-09,41.14614987228879
2010-12-10,40.91930050263476
2010-12-13,41.11463156764792
2010-12-14,41.30365945823788
2010-12-15,40.45300757572081
2010-12-16,40.320706741204695
2010-12-17,39.97411413776963
2010-12-20,40.182051261757834
2010-12-21,40.24507341971576
2010-12-22,40.478216693671705
2010-12-23,40.74287599666919
2010-12-27,40.42782055538765
2010-12-28,40.604243422700854
2010-12-29,40.68326582167623
2010-12-30,41.3357676472803
2010-12-31,41.29142669355596
2011-01-03,41.86789998126336
2011-01-04,42.23532974913824
2011-01-05,42.419050702095234
2011-01-06,42.84982978251309
2011-01-07,43.686037340080766
2011-01-10,43.19825395830978
2011-01-11,43.698710067964896
2011-01-12,43.76205585920954
2011-01-13,43.88242780564747
2011-01-14,43.762059707191185
2011-01-18,44.00914117992103
2011-01-19,44.59195384301604
2011-01-20,43.29962006735172
2011-01-21,42.61542036032031
2011-01-24,42.742136351100775
2011-01-25,43.185592011463896
2011-01-26,43.22357884950376
2011-01-27,43.20457922494924
2011-01-28,43.10322984851479
2011-01-31,43.06521517696298
2011-02-01,43.223587168257545
2011-02-02,44.03446520557333
2011-02-03,44.68697009452786
2011-02-04,44.87701534273835
2011-02-07,44.104157476094976
2011-02-08,45.11142361801222
2011-02-09,44.81366972221395
2011-02-10,44.04080248142094
2011-02-11,44.515921128438755
2011-02-14,44.509588153708485
2011-02-15,44.37656647010135
2011-02-16,44.56027313012408
2011-02-17,44.6299619974053
2011-02-18,44.978381993945376
2011-02-22,44.978386995745545
2011-02-23,45.4028207705595
2011-02-24,45.630885358980116
2011-02-25,45.50419090473295
2011-02-28,46.07432855522082
2011-03-01,46.25805727206959
2011-03-02,45.60555007353636
2011-03-03,46.067995019248066
2011-03-04,46.498783192252105
2011-03-07,46.2136993085976
2011-03-08,45.33946861369409
2011-03-09,45.187441085006895
2011-03-10,44.90235806538198
2011-03-11,42.311355807127825
2011-03-14,43.29326264029745
2011-03-15,41.855235685914955
2011-03-16,42.381035232208255
2011-03-17,43.33127662260003
2011-03-18,44.27518784336458
2011-03-21,44.54126229152741
2011-03-22,45.060736517896295
2011-03-23,45.16209616289683
2011-03-24,45.06072597177363
2011-03-25,45.586544652066834
2011-03-28,46.25804110626981
2011-03-29,45.37437733541681
2011-03-30,45.44441337931259
2011-03-31,46.583874213165515
2011-04-01,47.105855091949856
2011-04-04,47.939746374337474
2011-04-05,47.8951869834871
2011-04-06,48.15616995035491
2011-04-07,47.58327056447395
2011-04-08,47.678772029589666
2011-04-11,47.43685102309979
2011-04-12,46.77483965928926
2011-04-13,45.22798644819193
2011-04-14,45.12614020215016
2011-04-15,45.29166067723963
2011-04-18,44.903334966219376
2011-04-19,44.80147991681838
2011-04-20,45.93457121259572
2011-04-21,46.94671226917995
2011-04-25,46.3992575621048
2011-04-26,46.5583997413943
2011-04-27,46.95942167662553
2011-04-28,46.32923459682211
2011-04-29,46.48202060389041
2011-05-02,46.851229700174464
2011-05-03,45.558986192775876
2011-05-04,45.24709316238108
2011-05-05,44.13307952344843
2011-05-06,44.47046001869874
2011-05-09,45.58445448139034
2011-05-10,46.74937510802953
2011-05-11,47.20133104789741
2011-05-12,46.189219580436166
2011-05-13,45.62266884565598
2011-05-16,44.820575765886
2011-05-17,43.94212252104034
2011-05-18,43.54108848466461
2011-05-19,44.04396835056663
2011-05-20,43.54110034214579
2011-05-23,43.20370862779692
2011-05-24,43.49651422692139
2011-05-25,43.57927064784787
2011-05-26,44.43862486784243
2011-05-27,44.66143887013842
2011-05-31,45.641742399144746
2011-06-01,45.64811883002143
2011-06-02,44.113982651398224
2011-06-03,42.75811047230475
2011-06-06,43.76389630604111
2011-06-07,43.229163952546074
2011-06-08,43.063667891290976
2011-06-09,43.39467109218668
2011-06-10,42.68172071983689
2011-06-13,42.904514231395424
2011-06-14,43.267345720848915
2011-06-15,42.98725891449585
2011-06-16,43.11459452103965
2011-06-17,44.18401758515661
2011-06-20,44.23494714062804
2011-06-21,44.27313388301191
2011-06-22,44.8269655722204
2011-06-23,44.260398994071544
2011-06-24,44.65507146797519
2011-06-27,44.40043250152561
2011-06-28,44.8510299412762
2011-06-29,46.20105383084176
2011-06-30,46.706498043081346
2011-07-01,46.64891208480693
2011-07-05,47.48066514980467
2011-07-06,47.64062324630342
2011-07-07,48.53636856878827
2011-07-08,46.16905214351285
2011-07-11,45.47804487146953
2011-07-12,45.1261428740835
2011-07-13,45.57402541132935
2011-07-14,45.797955326788966
2011-07-15,44.851031047807496
2011-07-18,44.9661910599936
2011-07-19,45.47804507503212
2011-07-20,46.26503014832178
2011-07-21,46.162650143018006
2011-07-22,46.55933360259619
2011-07-25,46.58491437302064
2011-07-26,47.16075704758417
2011-07-27,47.10318543927835
2011-07-28,46.71928530535505
2011-07-29,45.996298848097936
2011-08-01,46.84725169073947
2011-08-02,45.996295850523296
2011-08-03,44.82543412937017
2011-08-04,44.14722995583921
2011-08-05,40.896970474134555
2011-08-08,36.239116734640334
2011-08-09,35.10664106150253
2011-08-10,36.245504170226
2011-08-11,36.251915081896534
2011-08-12,38.203362821347184
2011-08-15,38.08818816080628
2011-08-16,38.51684685755198
2011-08-17,38.88793812816
2011-08-18,37.49956638951207
2011-08-19,35.70807600598461
2011-08-22,36.3798881135287
2011-08-23,34.96589002570126
2011-08-24,36.13675248489772
2011-08-25,37.43557636051616
2011-08-26,36.072763044908626
2011-08-29,37.88984590980296
2011-08-30,38.96471443399091
2011-08-31,39.387018053930795
2011-09-01,39.48937679067457
2011-09-02,38.65122663995963
2011-09-06,37.65950829075009
2011-09-07,38.99670833323385
2011-09-08,39.540574492211825
2011-09-09,39.64295070573324
2011-09-12,36.67418804908114
2011-09-13,36.962131763805345
2011-09-14,37.787468243840124
2011-09-15,38.48487033823569
2011-09-16,38.043409703223595
2011-09-19,37.04529088243633
2011-09-20,37.44835900698064
2011-09-21,36.12394769236035
2011-09-22,34.454038004703364
2011-09-23,33.10402889258
2011-09-26,33.359953906730624
2011-09-27,34.4668313441517
2011-09-28,34.11853483325499
2011-09-29,33.28118894651027
2011-09-30,32.27637916091143
2011-10-03,31.252236416183813
2011-10-04,29.455178758795384
2011-10-05,31.01393079063416
2011-10-06,31.84482070230639
2011-10-07,33.91241391045604
2011-10-10,34.30532754069451
2011-10-11,34.20872036247243
2011-10-12,34.53076937702132
2011-10-13,33.815808243324284
2011-10-14,35.735252650351725
2011-10-17,35.41963015552279
2011-10-18,35.83830571235921
2011-10-19,36.47598212871115
2011-10-20,36.26342472970942
2011-10-21,36.836682965075994
2011-10-24,37.53234297476816
2011-10-25,38.124907166891305
2011-10-26,37.96387590143751
2011-10-27,39.290753601282915
2011-10-28,40.44369997318098
2011-10-31,39.56772562313904
2011-11-01,38.06050933338584
2011-11-02,39.86400251388979
2011-11-03,39.91554178088275
2011-11-04,40.74001019894783
2011-11-07,39.55482754450544
2011-11-08,39.277854613540285
2011-11-09,37.957447714107104
2011-11-10,38.22152748424707
2011-11-11,38.131339483701716
2011-11-14,37.93810575989485
2011-11-15,38.26659998011419
2011-11-16,38.240864147171656
2011-11-17,38.0025237039483
2011-11-18,38.06694418246616
2011-11-21,37.190949969701144
2011-11-22,36.28275687395653
2011-11-23,35.74171116853654
2011-11-25,34.5629768371582
2011-11-28,35.715939271227974
2011-11-29,35.245728660514246
2011-11-30,38.054059582120004
2011-12-01,37.15229823474614
2011-12-02,37.764202120755016
2011-12-05,38.37610433299423
2011-12-06,36.74007252674416
2011-12-07,37.880152705528
2011-12-08,37.88659080503331
2011-12-09,37.45502562842614
2011-12-12,37.899471132199835
2011-12-13,37.51944809144961
2011-12-14,36.501748095156174
2011-12-15,35.63220483726724
2011-12-16,35.87052321592072
2011-12-19,36.005784870310066
2011-12-20,35.50337943052714
2011-12-21,35.79967121293137
2011-12-22,35.54847334224545
2011-12-23,35.62575692637061
2011-12-27,35.86407256636149
2011-12-28,36.33733099174304
2011-12-29,34.49648201829328
2011-12-30,36.434547254455396
2012-01-03,36.713272293034585
2012-01-04,36.02618470275624
2012-01-05,35.572471568336454
2012-01-06,35.32614678797117
2012-01-09,34.69742330626585
2012-01-10,34.74927313148986
2012-01-11,34.65204398114818
2012-01-12,32.57134252098964
2012-01-13,31.28794585259749
2012-01-17,32.221333963228886
2012-01-18,31.780586707795745
2012-01-19,32.623227463315544
2012-01-20,31.4759322365528
2012-01-23,31.722231692642815
2012-01-24,32.46117575280177
2012-01-25,32.63616276795796
2012-01-26,33.91957772691276
2012-01-27,32.83063376552626
2012-01-30,32.53893707936286
2012-01-31,32.778771993136594
2012-02-01,32.94080901663579
2012-02-02,32.96674403834154
2012-02-03,32.610245939355366
2012-02-06,32.292630701115336
2012-02-07,32.474129030553215
2012-02-08,32.20189012112857
2012-02-09,31.92317238050638
2012-02-10,31.13885828921314
2012-02-13,31.35275871387317
2012-02-14,30.86662571796993
2012-02-15,30.963837689480616
2012-02-16,30.64624328029657
2012-02-17,30.886074591716092
2012-02-21,31.806482063220283
2012-02-22,31.59259636552063
2012-02-23,31.40461385378284
2012-02-24,32.40282917978016
2012-02-27,32.41578449615538
2012-02-28,32.84358678556088
2012-02-29,32.90842347388518
2012-03-01,32.668583889222255
2012-03-02,33.03804186853307
2012-03-05,31.761114307460996
2012-03-06,31.229611726166173
2012-03-07,31.34629446300439
2012-03-08,31.67037553186197
2012-03-09,32.642658443620704
2012-03-12,32.99267053544253
2012-03-13,33.09637566525288
2012-03-14,32.934346184105365
2012-03-15,32.27966306171643
2012-03-16,31.94259910761726
2012-03-19,32.42875969479662
2012-03-20,32.325058396567336
2012-03-21,32.18244618606482
2012-03-22,31.741683039087583
2012-03-23,31.676859737653817
2012-03-26,32.34450177096258
2012-03-27,32.0657733226954
2012-03-28,31.66790777476046
2012-03-29,30.995386992490975
2012-03-30,31.4198055267334
2012-04-02,31.426338783719668
2012-04-03,31.36103168938715
2012-04-04,31.50469521713565
2012-04-05,31.38063271645958
2012-04-09,30.329365169507046
2012-04-10,30.179202804252665
2012-04-11,29.66337840103065
2012-04-12,28.88635641856856
2012-04-13,29.402200283260314
2012-04-16,29.114891931812377
2012-04-17,29.38261281403995
2012-04-18,29.78089963935971
2012-04-19,29.839670746656164
2012-04-20,29.598089901148807
2012-04-23,29.61114735418449
2012-04-24,29.095304709957762
2012-04-25,29.793972422967105
2012-04-26,30.002913757582302
2012-04-27,30.153069053482184
2012-04-30,30.303260385505496
2012-05-01,30.858257745444945
2012-05-02,30.910508657018635
2012-05-03,30.107366852468097
2012-05-04,30.140020733166313
2012-05-07,29.98331680960017
2012-05-08,30.061668219648656
2012-05-09,29.722152868889324
2012-05-10,30.32938281911907
2012-05-11,29.722138514729778
2012-05-14,29.637254412698546
2012-05-15,29.441367308401805
2012-05-16,29.01695293793061
2012-05-17,28.697025477302486
2012-05-18,28.10282905088499
2012-05-21,27.972246225206444
2012-05-22,28.520710759029313
2012-05-23,28.324832797899504
2012-05-24,28.142008302752224
2012-05-25,28.044067581683365
2012-05-29,28.56643166520887
2012-05-30,28.50765389002916
2012-05-31,27.94612512212648
2012-06-01,27.730650105138455
2012-06-04,28.357483531559637
2012-06-05,27.34541080997917
2012-06-06,28.142013290739374
2012-06-07,28.788431742308692
2012-06-08,29.291203003650676
2012-06-11,29.58501452908022
2012-06-12,28.670893020029013
2012-06-13,28.788415737922165
2012-06-14,28.416238201174888
2012-06-15,28.847189929524113
2012-06-18,29.023499976737636
2012-06-19,29.310788520317825
2012-06-20,30.0094406037742
2012-06-21,30.18573184605661
2012-06-22,29.154072747522513
2012-06-25,28.971247941141684
2012-06-26,28.873313546233586
2012-06-27,29.838444413468032
2012-06-28,30.779742590910832
2012-06-29,31.872434970999027
2012-07-02,30.950891900719053
2012-07-03,30.983796058981426
2012-07-05,31.38534481326367
2012-07-06,31.201028867748715
2012-07-09,31.01671077414332
2012-07-10,31.082548285592328
2012-07-11,30.588853165970313
2012-07-12,30.430869757668432
2012-07-13,30.700750814181227
2012-07-16,31.23394485351626
2012-07-17,31.694712761874335
2012-07-18,32.28713545938411
2012-07-19,32.83347810659128
2012-07-20,32.55043763442894
2012-07-23,32.37270949643593
2012-07-24,32.583357836241596
2012-07-25,32.162059105724616
2012-07-26,31.865852877394374
2012-07-27,31.859269526012493
2012-07-30,32.04358551637269
2012-07-31,32.51094208337221
2012-08-01,32.29372302859306
2012-08-02,31.99750375684918
2012-08-03,32.57017649807227
2012-08-06,32.76107568441307
2012-08-07,33.76820353300516
2012-08-08,34.27504005623166
2012-08-09,34.097313694481365
2012-08-10,33.880100879193954
2012-08-13,33.96568338141469
2012-08-14,33.84061069761029
2012-08-15,33.41931867662879
2012-08-16,33.333753645763906
2012-08-17,33.47857885450923
2012-08-20,33.33376267000525
2012-08-21,33.35350935644926
2012-08-22,33.28767791902432
2012-08-23,33.123110532722485
2012-08-24,32.201563698822824
2012-08-27,32.95854859856085
2012-08-28,33.13628556045668
2012-08-29,33.30741865004035
2012-08-30,32.98487358433524
2012-08-31,33.05071641134708
2012-09-04,32.85980290164967
2012-09-05,33.52465180445771
2012-09-06,33.755031246747684
2012-09-07,33.93934330620552
2012-09-10,33.89986175005589
2012-09-11,34.65683488607184
2012-09-12,34.73581864672601
2012-09-13,34.93329727486881
2012-09-14,35.19659425024936
2012-09-17,35.70345742210024
2012-09-18,35.0451969415945
2012-09-19,34.78847396219832
2012-09-20,34.775316688930126
2012-09-21,35.19659722753599
2012-09-24,35.5783863617468
2012-09-25,35.85484843978109
2012-09-26,35.46438460494924
2012-09-27,35.01371218797658
2012-09-28,35.43124030631691
2012-10-01,35.82226605770585
2012-10-02,35.09987832010481
2012-10-03,35.39148010291512
2012-10-04,35.43125105365908
2012-10-05,35.63670183576982
2012-10-08,34.795001948359
2012-10-09,34.52326232280294
2012-10-10,34.42384584923431
2012-10-11,34.17200036547888
2012-10-12,34.708846006968955
2012-10-15,33.906896052255846
2012-10-16,34.65581619091874
2012-10-17,34.67570525059357
2012-10-18,35.57042860231791
2012-10-19,35.64995847727652
2012-10-22,35.00044471095978
2012-10-23,34.576295323047674
2012-10-24,35.12637926036265
2012-10-25,34.98720396575815
2012-10-26,35.093243907891654
2012-10-31,35.38484832319396
2012-11-01,35.013705065397254
2012-11-02,36.100637420933616
2012-11-05,35.172778764185615
2012-11-06,35.722862334795394
2012-11-07,35.623439770739225
2012-11-08,35.2655560854743
2012-11-09,34.32443771822999
2012-11-12,34.25152616412549
2012-11-13,33.92677727074527
2012-11-14,34.218386365187754
2012-11-15,33.429719669078295
2012-11-16,32.508470905939234
2012-11-19,33.655049836890704
2012-11-20,33.986424948333706
2012-11-21,34.2515206645072
2012-11-23,34.26478865303849
2012-11-26,34.450364163908496
2012-11-27,34.364198142759186
2012-11-28,34.09909517458747
2012-11-29,34.62268495589581
2012-11-30,34.523273846666896
2012-12-03,34.76849660413222
2012-12-04,34.72872538728254
2012-12-05,34.503379387839516
2012-12-06,34.602792001548444
2012-12-07,34.87451671232782
2012-12-10,34.96731715318801
2012-12-11,35.563810329069334
2012-12-12,35.39811982203337
2012-12-13,35.441668642513214
2012-12-14,35.32822305176499
2012-12-17,35.2881869843001
2012-12-18,35.68191696227948
2012-12-19,35.63519482070898
2012-12-20,35.294854568540934
2012-12-21,35.30820079863022
2012-12-24,34.7276319788932
2012-12-26,34.41398947047429
2012-12-27,33.95352857026303
2012-12-28,33.63987997059574
2012-12-31,33.41967370880587
2013-01-02,34.48072664363029
2013-01-03,33.980221601647735
2013-01-04,34.133717183267855
2013-01-07,33.86011190244385
2013-01-08,33.14607103667206
2013-01-09,33.025947268729816
2013-01-10,32.77238568139647
2013-01-11,32.665596328345124
2013-01-14,32.67893873651087
2013-01-15,32.76569546210939
2013-01-16,33.25951525363821
2013-01-17,33.319573831261785
2013-01-18,33.88680533098166
2013-01-22,34.620860936215294
2013-01-23,35.908801750413986
2013-01-24,36.01556725009066
2013-01-25,35.92882544752301
2013-01-28,35.92881369278082
2013-01-29,35.96884906992459
2013-01-30,36.46268104900182
2013-01-31,36.402621909341136
2013-02-01,36.42931008439252
2013-02-04,36.73628428916242
2013-02-05,36.5227355836208
2013-02-06,37.00319887054887
2013-02-07,37.550416128932625
2013-02-08,38.037564723345895
2013-02-11,37.490355139611935
2013-02-12,37.80401612799883
2013-02-13,38.09762067796998
2013-02-14,38.78497233943538
2013-02-15,38.731589749517305
2013-02-19,38.69155163071906
2013-02-20,39.145326088071116
2013-02-21,38.544726190677714
2013-02-22,38.38457001256858
2013-02-25,38.85836151009756
2013-02-26,38.05758065528253
2013-02-27,38.03088289990799
2013-02-28,38.478002282966415
2013-03-01,38.638163959167656
2013-03-04,38.85837607433902
2013-03-05,39.332176720977586
2013-03-06,39.185368157941056
2013-03-07,39.17870300097561
2013-03-08,39.53905211579292
2013-03-11,39.432270950202984
2013-03-12,39.73924140044588
2013-03-13,39.725897068145954
2013-03-14,39.492331420215805
2013-03-15,39.49234435327984
2013-03-18,39.639145242505364
2013-03-19,39.75258740312853
2013-03-20,39.93275827737869
2013-03-21,40.379872182337884
2013-03-22,40.486653946919276
2013-03-25,40.36653089835265
2013-03-26,40.61777584256505
2013-03-27,40.51035994699296
2013-03-28,40.90645742114237
2013-04-01,41.12129528148947
2013-04-02,40.95346137819948
2013-04-03,40.604340716437534
2013-04-04,39.29517716594077
2013-04-05,39.080334031415305
2013-04-08,39.41601171006494
2013-04-09,40.12767355762733
2013-04-10,40.329086440572055
2013-04-11,40.59763473748375
2013-04-12,40.44321704209546
2013-04-15,40.44320929187902
2013-04-16,38.93934338399575
2013-04-17,39.10719599952648
2013-04-18,39.30860146614645
2013-04-19,39.0870462838078
2013-04-22,39.66442469715835
2013-04-23,39.83227260261641
2013-04-24,40.00011235200225
2013-04-25,40.564066581685005
2013-04-26,41.06086427344272
2013-04-29,41.06758209355915
2013-04-30,41.92021909700222
2013-05-01,41.99406283533752
2013-05-02,41.80609737266137
2013-05-03,41.85308985774169
2013-05-06,41.59796392694844
2013-05-07,41.64494650018224
2013-05-08,41.76580810546875
2013-05-09,41.76579859130041
2013-05-10,41.86651781102235
2013-05-13,41.92692093474652
2013-05-14,41.79266921911066
2013-05-15,42.11492265919981
2013-05-16,42.20220653535711
2013-05-17,42.44389578116928
2013-05-20,42.86684956884141
2013-05-21,42.9205604402664
2013-05-22,43.00783506152331
2013-05-23,41.79937853229235
2013-05-24,41.792660283705736
2013-05-28,42.128339654960406
2013-05-29,41.5173982477521
2013-05-30,41.678526779434584
2013-05-31,41.51068534227569
2013-06-03,41.18171916010965
2013-06-04,41.302571453570664
2013-06-05,40.57077868650337
2013-06-06,40.214952855925034
2013-06-07,40.91988129385201
2013-06-10,41.08773390644858
2013-06-11,40.496911961413126
2013-06-12,40.78562207718547
2013-06-13,39.98668688716713
2013-06-14,41.034019663286266
2013-06-17,41.55097027938207
2013-06-18,41.47711865145796
2013-06-19,41.48383441495024
2013-06-20,40.10752796412311
2013-06-21,39.3488896368845
2013-06-24,38.684233459742245
2013-06-25,39.563709693915214
2013-06-26,39.562907157865716
2013-06-27,39.80615421683054
2013-06-28,39.725083783310495
2013-07-01,39.421013061556145
2013-07-02,39.12369448101701
2013-07-03,39.86021613735232
2013-07-05,40.0426578634799
2013-07-08,40.84675780463521
2013-07-09,41.60355378677967
2013-07-10,41.85357089597589
2013-07-11,42.40090198381384
2013-07-12,42.13736055512222
2013-07-15,42.40765023505692
2013-07-16,42.67118229178546
2013-07-17,41.90087930918574
2013-07-18,41.97519476740251
2013-07-19,42.427925505106906
2013-07-22,42.54280511970136
2013-07-23,42.53603328692158
2013-07-24,42.92794510475346
2013-07-25,42.04276458125598
2013-07-26,42.13737165717797
2013-07-29,42.69144270691157
2013-07-30,44.34693795681531
2013-07-31,43.56987941894755
2013-08-01,44.279385329241805
2013-08-02,44.988870724169175
2013-08-05,44.63749397896181
2013-08-06,45.01589723573511
2013-08-07,44.56993250515803
2013-08-08,44.72534942235572
2013-08-09,44.67804424213133
2013-08-12,45.049681401155595
2013-08-13,45.569976539150645
2013-08-14,45.47538359737719
2013-08-15,44.786152875483026
2013-08-16,44.31315736839783
2013-08-19,44.11720058744611
2013-08-20,44.19153315468182
2013-08-21,44.33343273966638
2013-08-22,44.0428741098594
2013-08-23,44.86725184526731
2013-08-26,45.272682318384035
2013-08-27,44.57668677888008
2013-08-28,44.4415527358448
2013-08-29,45.19833209860357
2013-08-30,45.20508580405339
2013-09-03,44.678043260750094
2013-09-04,44.191534619092955
2013-09-05,44.65776290348358
2013-09-06,44.421274227348
2013-09-09,44.529400551145535
2013-09-10,44.86724128700563
2013-09-11,44.772649564808845
2013-09-12,44.144227943832355
2013-09-13,44.252344470770076
2013-09-16,45.515925803174106
2013-09-17,44.69831715520243
2013-09-18,45.03617252181965
2013-09-19,45.88757428661426
2013-09-20,45.92134338918449
2013-09-23,45.272653379522055
2013-09-24,46.07000629421121
2013-09-25,46.06325923186381
2013-09-26,46.398208390713044
2013-09-27,46.43217137536201
2013-09-30,46.1671846323394
2013-10-01,46.785463372209065
2013-10-02,46.63600073712969
2013-10-03,45.5896804053315
2013-10-04,45.304290579482675
2013-10-07,45.15484043453785
2013-10-08,45.161627031615865
2013-10-09,45.012161643039434
2013-10-10,44.9170410454145
2013-10-11,45.31110501933155
2013-10-14,45.528518527318774
2013-10-15,45.834246136338024
2013-10-16,45.10728046843877
2013-10-17,45.283936847487425
2013-10-18,46.13320501672469
2013-10-21,46.47972554887816
2013-10-22,48.049207541056084
2013-10-23,48.00164541049705
2013-10-24,48.382120143816195
2013-10-25,48.49083652377436
2013-10-28,48.8169651804035
2013-10-29,48.912080908109296
2013-10-30,49.068361246059
2013-10-31,48.912062269860165
2013-11-01,48.443269407111124
2013-11-04,48.762619124370836
2013-11-05,48.79658549738156
2013-11-06,48.65389243553601
2013-11-07,49.09551894813274
2013-11-08,47.729870112204544
2013-11-11,47.49886029660031
2013-11-12,48.21226731017983
2013-11-13,48.042399940400124
2013-11-14,48.53159327387085
2013-11-15,48.71504559835993
2013-11-18,49.129487091445384
2013-11-19,47.56001145352232
2013-11-20,46.90775949836684
2013-11-21,45.55570576931615
2013-11-22,45.67119333005111
2013-11-25,46.31665443944632
2013-11-26,46.28269368241285
2013-11-27,46.39818187456228
2013-11-29,46.16039505985589
2013-12-02,45.79348909530002
2013-12-03,45.86824171886991
2013-12-04,46.04488390447555
2013-12-05,46.39820838599063
2013-12-06,47.247482415826404
2013-12-09,47.17275028316737
2013-12-10,47.09800518919418
2013-12-11,47.35618663154984
2013-12-12,46.95532783663565
2013-12-13,47.28144701961373
2013-12-16,47.125183464991935
2013-12-17,47.0436479470241
2013-12-18,47.2067154389764
2013-12-19,47.70948783798155
2013-12-20,47.600766423090654
2013-12-23,48.76259868701177
2013-12-24,48.36853909347083
2013-12-26,48.78977431237188
2013-12-27,48.392261394656614
2013-12-30,48.487887604048
2013-12-31,48.610827415373606
2014-01-02,48.6586542843554
2014-01-03,48.12589036745104
2014-01-06,48.17370005691613
2014-01-07,47.743399111290906
2014-01-08,48.767940373385315
2014-01-09,48.54935018061537
2014-01-10,48.34445056760957
2014-01-13,49.06162743599722
2014-01-14,48.33761281341989
2014-01-15,48.8294038005955
2014-01-16,48.9660045059636
2014-01-17,48.87039452645235
2014-01-21,49.25289124903666
2014-01-22,49.485098379645336
2014-01-23,49.90858504738294
2014-01-24,49.744674989459895
2014-01-27,49.34850622185917
2014-01-28,49.539738105404105
2014-01-29,49.956373757952974
2014-01-30,51.22680121892243
2014-01-31,50.803320984482724
2014-02-03,51.56831533892905
2014-02-04,50.79649909588722
2014-02-05,50.7077041426789
2014-02-06,50.57794619093763
2014-02-07,51.21314875607451
2014-02-10,50.46181343098143
2014-02-11,50.73502810161797
2014-02-12,50.84432906029466
2014-02-13,50.796513029831104
2014-02-14,51.677609473906124
2014-02-18,51.43854589413412
2014-02-19,52.189871513042256
2014-02-20,51.64345210989207
2014-02-21,52.39480458517493
2014-02-24,51.862028454179885
2014-02-25,51.889332241579496
2014-02-26,51.94397228025994
2014-02-27,51.41806058677717
2014-02-28,51.22680827155525
2014-03-03,50.98775927496961
2014-03-04,50.54378442445434
2014-03-05,50.64625620548787
2014-03-06,50.52330145770921
2014-03-07,50.42767968955431
2014-03-10,50.18179090474507
2014-03-11,50.2022764141177
2014-03-12,49.683180534325125
2014-03-13,50.05885205364652
2014-03-14,50.07248996134775
2014-03-17,51.72541906900584
2014-03-18,51.56832378805674
2014-03-19,51.472693826194536
2014-03-20,50.42768228828678
2014-03-21,48.60401519389854
2014-03-24,47.84585708438749
2014-03-25,47.79121242969954
2014-03-26,49.01382038814005
2014-03-27,46.940040425021195
2014-03-28,47.33836210306439
2014-03-31,47.55811753025478
2014-04-01,48.14187137482093
2014-04-02,48.0388570241296
2014-04-03,48.11438105165394
2014-04-04,48.821756070289744
2014-04-07,47.88089495048622
2014-04-08,47.9427023028286
2014-04-09,48.58137710082582
2014-04-10,48.691283158863186
2014-04-11,47.75727012189564
2014-04-14,47.42076857399719
2014-04-15,47.51691736713105
2014-04-16,48.10064816358973
2014-04-17,48.50584942571796
2014-04-21,48.176188640428386
2014-04-22,48.231140136889124
2014-04-23,50.002987586072635
2014-04-24,50.243357065885625
2014-04-25,50.092265706262445
2014-04-28,49.94804319428222
2014-04-29,50.20214982843409
2014-04-30,50.19527043789499
2014-05-01,50.70346453107606
2014-05-02,50.69661343912832
2014-05-05,50.03044428142855
2014-05-06,50.50430361045103
2014-05-07,50.8751682583445
2014-05-08,50.971314308460194
2014-05-09,51.71302376744531
2014-05-12,51.35589330805276
2014-05-13,51.19794476435437
2014-05-14,50.950706325093506
2014-05-15,50.76529070227652
2014-05-16,51.204814559443555
2014-05-19,51.32843065501754
2014-05-20,51.21855548618601
2014-05-21,51.6992924608296
2014-05-22,51.39711380004883
2014-05-23,51.424576256678485
2014-05-27,51.22540751492786
2014-05-28,51.31469264564874
2014-05-29,51.69242339368564
2014-05-30,51.35590432422701
2014-06-02,51.72674118466726
2014-06-03,51.39023208618164
2014-06-04,51.32842252589797
2014-06-05,51.44518286829245
2014-06-06,52.028936059965105
2014-06-09,51.88472542070672
2014-06-10,51.61000137795139
2014-06-11,50.99192342085172
2014-06-12,50.861438071440695
2014-06-13,51.1017833367105
2014-06-16,51.31469182812636
2014-06-17,51.86409838419055
2014-06-18,52.468479613749814
2014-06-19,52.92858939799468
2014-06-20,53.01098858278563
2014-06-23,52.60578044276677
2014-06-24,52.51651967833726
2014-06-25,52.34484362151656
2014-06-26,52.93844833958162
2014-06-27,53.19381493929464
2014-06-30,53.08340961969554
2014-07-01,53.98064608071586
2014-07-02,53.7321790126249
2014-07-03,52.76589884385599
2014-07-07,52.48982721465068
2014-07-08,52.455320746201686
2014-07-09,52.607142649166725
2014-07-10,52.01358365995686
2014-07-11,52.93844916587065
2014-07-14,52.18613349913579
2014-07-15,51.60635220646141
2014-07-16,51.20605742898598
2014-07-17,50.612455030897245
2014-07-18,49.577170914833125
2014-07-21,50.2742885598957
2014-07-22,50.06031452961343
2014-07-23,49.839437694775356
2014-07-24,49.23896165117715
2014-07-25,48.907682805661004
2014-07-28,48.33481812265448
2014-07-29,48.33482014147015
2014-07-30,48.53497736395183
2014-07-31,47.962103355947896
2014-08-01,47.582491602147265
2014-08-04,48.18987004008289
2014-08-05,47.64459785343273
2014-08-06,47.20288504968211
2014-08-07,47.520358429517046
2014-08-08,45.60851135725316
2014-08-11,49.45984746858904
2014-08-12,49.2389840703902
2014-08-13,49.05262658664505
2014-08-14,49.86015403971853
2014-08-15,50.92995955097921
2014-08-18,51.433813460207695
2014-08-19,51.68228074595082
2014-08-20,51.57185442022815
2014-08-21,51.8341323939523
2014-08-22,51.820333118641486
2014-08-25,52.25514258408635
2014-08-26,52.24133706294557
2014-08-27,52.02737133854228
2014-08-28,52.21374194768983
2014-08-29,52.586452315974384
2014-09-02,52.683074584529265
2014-09-03,52.66237395368174
2014-09-04,52.51742524330228
2014-09-05,52.2758328790332
2014-09-08,52.696871598040886
2014-09-09,52.74520293795638
2014-09-10,52.33798007120289
2014-09-11,51.67538992469671
2014-09-12,51.82033528594249
2014-09-15,50.79881583577376
2014-09-16,50.72980792076751
2014-09-17,51.36479211608083
2014-09-18,51.047316965650054
2014-09-19,50.08791844108149
2014-09-22,49.887753082090455
2014-09-23,49.12162905864203
2014-09-24,48.95598466771518
2014-09-25,49.02501566532853
2014-09-26,48.490730854884994
2014-09-29,48.06044240734112
2014-09-30,49.18475586826767
2014-10-01,48.49767544593897
2014-10-02,48.102081253547546
2014-10-03,48.69200685518901
2014-10-06,48.67810920020505
2014-10-07,48.483791179721834
2014-10-08,48.64342086977131
2014-10-09,49.19862648775006
2014-10-10,48.0465545366466
2014-10-13,47.810611107861895
2014-10-14,46.53361607876651
2014-10-15,45.97840571311735
2014-10-16,44.90961933405759
2014-10-17,47.0541221281247
2014-10-20,46.25600625508883
2014-10-21,47.15129487393702
2014-10-22,47.706491274132276
2014-10-23,47.92164922221991
2014-10-24,48.164554845157724
2014-10-27,47.42194804720123
2014-10-28,47.43583055218431
2014-10-29,48.039633251005206
2014-10-30,47.57463465918852
2014-10-31,47.38031202596719
2014-11-03,48.192300514758195
2014-11-04,48.10208146990143
2014-11-05,47.928576093585086
2014-11-06,48.685068752262886
2014-11-07,48.344990266299774
2014-11-10,49.59419857435276
2014-11-11,49.05288322228209
2014-11-12,48.69199640752049
2014-11-13,48.69200350090244
2014-11-14,48.46990668068525
2014-11-17,47.942461305228065
2014-11-18,47.803653717041016
2014-11-19,47.644034107473
2014-11-20,47.7550798792686
2014-11-21,48.68505479897334
2014-11-24,48.6573046674103
2014-11-25,48.344989629596476
2014-11-26,48.40051054811367
2014-11-28,48.025752437123764
2014-12-01,47.99105329298137
2014-12-02,48.10208030584456
2014-12-03,48.10901754982441
2014-12-04,47.977151590778654
2014-12-05,47.88692647374224
2014-12-08,47.428890022540976
2014-12-09,46.56136456918486
2014-12-10,47.526049092231425
2014-12-11,47.10269708108022
2014-12-12,46.852852548324186
2014-12-15,46.42950060038802
2014-12-16,45.60363652817834
2014-12-17,46.00615999932008
2014-12-18,46.943073139653194
2014-12-19,47.57462841526093
2014-12-22,48.185359956579454
2014-12-23,48.30335345751445
2014-12-24,48.35886755188403
2014-12-26,48.88632348298737
2014-12-29,49.04275584466085
2014-12-30,49.76849218840249
2014-12-31,49.18232957454631
2015-01-02,48.62407061688746
2015-01-05,48.73571694839316
2015-01-06,47.64014776351117
2015-01-07,47.34007599119847
2015-01-08,47.11677328619196
2015-01-09,47.074904728378904
2015-01-12,46.04910419298866
2015-01-13,46.51665261045388
2015-01-14,46.125863925072686
2015-01-15,47.19353701549196
2015-01-16,46.69111640266601
2015-01-20,46.73995488507699
2015-01-21,47.08188186288928
2015-01-22,48.14955870265121
2015-01-23,47.46568552479481
2015-01-26,47.37495836072179
2015-01-27,47.50755342149207
2015-01-28,47.989046751948706
2015-01-29,46.49571906117458
2015-01-30,45.35827572797691
2015-02-02,44.31154669700678
2015-02-03,45.08611748040751
2015-02-04,45.47689910482077
2015-02-05,45.51877229399393
2015-02-06,45.80487709992667
2015-02-09,44.08823911587141
2015-02-10,44.19989071863761
2015-02-11,44.69534163553272
2015-02-12,44.66045520121389
2015-02-13,45.134971782777846
2015-02-17,45.30942021382047
2015-02-18,45.211723043837274
2015-02-19,46.41895297783972
2015-02-20,46.49572247349529
2015-02-23,46.40500287397787
2015-02-24,46.746930688398436
2015-02-25,47.28424825388023
2015-02-26,47.1237552224909
2015-02-27,45.48387089798503
2015-03-02,44.76512870700798
2015-03-03,43.89982229304588
2015-03-04,43.67651222769479
2015-03-05,43.52301154716733
2015-03-06,43.57183902633046
2015-03-09,43.02754928848977
2015-03-10,42.218073371942815
2015-03-11,42.14829077788701
2015-03-12,41.82032157952653
2015-03-13,41.904054224943216
2015-03-16,40.82244156535153
2015-03-17,41.38766514756403
2015-03-18,41.61796977865757
2015-03-19,42.099443744777844
2015-03-20,41.827303613026416
2015-03-23,42.09945547842456
2015-03-24,42.071544507604585
2015-03-25,42.02270015827449
2015-03-26,42.37857636770761
2015-03-27,41.80385835805811
2015-03-30,42.105866768267184
2015-03-31,42.07776870283412
2015-04-01,42.56941842295973
2015-04-02,42.674773572051954
2015-04-06,43.068082291864165
2015-04-07,43.440327291885545
2015-04-08,43.819595781449856
2015-04-09,43.70721825131835
2015-04-10,44.465748996192275
2015-04-13,44.54301229314936
2015-04-14,44.16374923608934
2015-04-15,44.472789411642125
2015-04-16,44.76073036466948
2015-04-17,43.58081385563788
2015-04-20,44.205881100162046
2015-04-21,44.8309856974164
2015-04-22,44.77479376455791
2015-04-23,44.62026535601443
2015-04-24,44.81694145668754
2015-04-27,44.950374584320606
2015-04-28,44.578135528448186
2015-04-29,44.978485719295534
2015-04-30,44.96441556737158
2015-05-01,45.24535847805784
2015-05-04,45.47011502552503
2015-05-05,45.84234841247937
2015-05-06,45.37881439288118
2015-05-07,44.5149277749905
2015-05-08,45.055730956558584
2015-05-11,45.00657088190111
2015-05-12,44.845025681130494
2015-05-13,45.21726812024131
2015-05-14,44.971454078400754
2015-05-15,45.43499831957064
2015-05-18,46.08116245653544
2015-05-19,45.982835891052815
2015-05-20,46.14435941834178
2015-05-21,45.891522138464616
2015-05-22,45.49118854916867
2015-05-26,45.49118171632717
2015-05-27,45.2875066355919
2015-05-28,44.97846658364797
2015-05-29,45.273461729399536
2015-06-01,45.13297929254114
2015-06-02,44.98549466717907
2015-06-03,44.76073888881683
2015-06-04,44.53600495367382
2015-06-05,43.76339646793361
2015-06-08,43.86875595854223
2015-06-09,44.002205259305036
2015-06-10,44.21292120099994
2015-06-11,44.06542526095087
2015-06-12,43.93899294832035
2015-06-15,42.93464303709282
2015-06-16,42.99784717678553
2015-06-17,43.62293338908685
2015-06-18,43.41926225416739
2015-06-19,43.552702884400176
2015-06-22,43.468430174813044
2015-06-23,43.49651534116111
2015-06-24,43.08914805349104
2015-06-25,43.21556882012194
2015-06-26,42.34098551906148
2015-06-29,42.14302840299083
2015-06-30,42.1147603107776
2015-07-01,41.65521963275765
2015-07-02,41.117920819899794
2015-07-06,41.0189339379653
2015-07-07,40.722002594642696
2015-07-08,40.70080475834485
2015-07-09,39.79587452154921
2015-07-10,39.110088897761585
2015-07-13,39.01818979200663
2015-07-14,39.47772415749059
2015-07-15,39.894845714726884
2015-07-16,39.57669082955636
2015-07-17,40.17054991705921
2015-07-20,39.880689079155424
2015-07-21,39.46358173049362
2015-07-22,39.47772082287757
2015-07-23,40.304889510518365
2015-07-24,39.202003132420565
2015-07-27,38.176886522840206
2015-07-28,38.83437456732472
2015-07-29,39.187857377791765
2015-07-30,39.16664505930464
2015-07-31,38.82022675619967
2015-08-03,38.17687250847502
2015-08-04,38.26172562984409
2015-08-05,37.950651001543584
2015-08-06,37.86580951231505
2015-08-07,36.97501902609289
2015-08-10,37.82338789402796
2015-08-11,38.3465603036507
2015-08-12,39.17371734714184
2015-08-13,39.75344270403289
2015-08-14,39.41409180235822
2015-08-17,39.718088517235316
2015-08-18,39.93725761561364
2015-08-19,39.668605977986765
2015-08-20,39.14544606151673
2015-08-21,38.523299161940024
2015-08-24,36.51548908380627
2015-08-25,37.31434404157066
2015-08-26,36.96087768103621
2015-08-27,37.55474491275335
2015-08-28,38.176887312212806
2015-08-31,38.32533102356609
2015-09-01,37.505255727941716
2015-09-02,37.78097504400648
2015-09-03,37.89408783697648
2015-09-04,37.42041218399896
2015-09-08,37.045709934517994
2015-09-09,37.46282630900913
2015-09-10,36.911391321188944
2015-09-11,35.964029756148854
2015-09-14,35.93576079532671
2015-09-15,36.08422095835032
2015-09-16,37.045717693682036
2015-09-17,37.75976051178729
2015-09-18,37.342635319857
2015-09-21,37.70320976287277
2015-09-22,37.22246209767171
2015-09-23,36.79120469780694
2015-09-24,35.34896845089523
2015-09-25,35.327756979820194
2015-09-28,35.09716215990947
2015-09-29,35.20405780933013
2015-09-30,35.16130508783502
2015-10-01,35.83116729238582
2015-10-02,35.49623683855366
2015-10-05,36.62931186281773
2015-10-06,37.32770428290241
2015-10-07,37.76241798754662
2015-10-08,37.56287126032656
2015-10-09,38.026084563414
2015-10-12,37.89781372097476
2015-10-13,37.61987016832092
2015-10-14,37.79804649375812
2015-10-15,38.631823247588656
2015-10-16,39.71502526091495
2015-10-19,39.33020091344321
2015-10-20,39.40147145018022
2015-10-21,39.451348864460535
2015-10-22,39.016645577740775
2015-10-23,38.7529714418412
2015-10-26,37.66978065202666
2015-10-27,36.77897842801868
2015-10-28,37.02839804281588
2015-10-29,37.16381512361613
2015-10-30,37.16379853110106
2015-11-02,37.27069180971144
2015-11-03,37.47022271348041
2015-11-04,38.09023470059804
2015-11-05,38.368150862522704
2015-11-06,36.70770452676413
2015-11-09,35.39647690429212
2015-11-10,33.77879272028482
2015-11-11,34.61971174414622
2015-11-12,33.721779988788995
2015-11-13,33.03052724361504
2015-11-16,32.71697188018153
2015-11-17,33.123166582353996
2015-11-18,33.77166866660874
2015-11-19,33.27995853348766
2015-11-20,33.13742011578874
2015-11-23,32.78823089495469
2015-11-24,32.95927882675543
2015-11-25,32.78823072282798
2015-11-27,32.43904473080818
2015-11-30,32.83098619879568
2015-12-01,32.63145835371432
2015-12-02,32.98776462940744
2015-12-03,31.9045760565004
2015-12-04,30.600445779571032
2015-12-07,29.353346149108866
2015-12-08,28.29152094236659
2015-12-09,28.711973828629265
2015-12-10,28.56945039920872
2015-12-11,27.828311368284844
2015-12-14,27.008783673138304
2015-12-15,27.407856144584418
2015-12-16,27.8354380317084
2015-12-17,28.569446562457966
2015-12-18,28.6122023241291
2015-12-21,28.640715219341722
2015-12-22,29.160924521913103
2015-12-23,29.994698410783798
2015-12-24,30.657466436479943
2015-12-28,30.172863179708404
2015-12-29,31.20008640852829
2015-12-30,30.4664747134692
2015-12-31,30.344200919176167
2016-01-04,30.588744605858235
2016-01-05,30.624699606893746
2016-01-06,30.46647207379026
2016-01-07,30.07808494567871
2016-01-08,30.106851211563853
2016-01-11,30.37296884980347
2016-01-12,29.725667702153043
2016-01-13,29.682510329001754
2016-01-14,28.963282045756785
2016-01-15,28.927323955719658
2016-01-19,29.79759134347806
2016-01-20,29.77601383303655
2016-01-21,30.26509361103403
2016-01-22,31.6244407579942
2016-01-25,31.27918821316055
2016-01-26,30.610322099352558
2016-01-27,31.293575786859307
2016-01-28,32.35804058067168
2016-01-29,32.32926626455524
2016-02-01,32.3004927068317
2016-02-02,32.09911275770023
2016-02-03,32.703264338265264
2016-02-04,33.436882733315635
2016-02-05,32.56662058059703
2016-02-08,32.372419451217276
2016-02-09,32.73922032633133
2016-02-10,32.32208121279013
2016-02-11,31.847389683242213
2016-02-12,31.78984862601596
2016-02-16,32.35803847920452
2016-02-17,32.41557407677292
2016-02-18,33.177958238839295
2016-02-19,33.480041625100625
2016-02-22,33.523187492410145
2016-02-23,33.21392400659431
2016-02-24,32.00560796760997
2016-02-25,32.50908380683051
2016-02-26,32.92622452214077
2016-02-29,32.5378575577937
2016-03-01,32.998157002371634
2016-03-02,32.42996423687318
2016-03-03,33.580716565879506
2016-03-04,34.738680598137066
2016-03-07,35.378800216338334
2016-03-08,35.09829543285328
2016-03-09,35.09829833187184
2016-03-10,35.17021487944301
2016-03-11,35.70244992134227
2016-03-14,35.1414516013348
2016-03-15,35.14864399866247
2016-03-16,35.68805859846088
2016-03-17,36.371327370211674
2016-03-18,36.82443792570662
2016-03-21,36.57990466693533
2016-03-22,36.56552016630391
2016-03-23,36.59429240894871
2016-03-24,36.098021271116686
2016-03-28,36.730947474330335
2016-03-29,36.09235377862033
2016-03-30,36.954976627399446
2016-03-31,36.222844291666874
2016-04-01,35.983627931886915
2016-04-04,36.41857575308968
2016-04-05,35.019514561075795
2016-04-06,34.79480623795813
2016-04-07,34.758559967499444
2016-04-08,36.0706157288857
2016-04-11,36.66502453698433
2016-04-12,36.75200901336396
2016-04-13,37.368177416431585
2016-04-14,37.592886171649134
2016-04-15,36.904239762396266
2016-04-18,36.367822502614004
2016-04-19,37.37541679534074
2016-04-20,38.20904051338775
2016-04-21,37.99157772115617
2016-04-22,37.5856341428317
2016-04-25,38.151051255452565
2016-04-26,38.868689495290695
2016-04-27,39.1441583804843
2016-04-28,38.977425120748215
2016-04-29,38.817951659723356
2016-05-02,40.07926330169562
2016-05-03,39.52834297607323
2016-05-04,39.72406337117288
2016-05-05,40.057511830376754
2016-05-06,39.144152269762436
2016-05-09,39.151411088851354
2016-05-10,39.22389158719762
2016-05-11,39.60084084862418
2016-05-12,39.564601360083806
2016-05-13,39.64433508342773
2016-05-16,39.55010319020671
2016-05-17,39.6588353164202
2016-05-18,39.557350749440204
2016-05-19,38.788962340385474
2016-05-20,38.91943697715233
2016-05-23,38.999166569009915
2016-05-24,39.16589681995101
2016-05-25,39.470355020938534
2016-05-26,40.23150259421362
2016-05-27,40.11550852246394
2016-05-31,40.22423572556767
2016-06-01,39.72406377302017
2016-06-02,39.93428460662351
2016-06-03,40.27499262409816
2016-06-06,40.37647783231838
2016-06-07,40.86214506407484
2016-06-08,41.02888062804329
2016-06-09,40.95637921002811
2016-06-10,40.96362196690479
2016-06-13,39.85454346023138
2016-06-14,39.97052984585295
2016-06-15,40.253247165324694
2016-06-16,39.919788486551205
2016-06-17,39.64433199091085
2016-06-20,40.43445937692194
2016-06-21,40.3402304537627
2016-06-22,40.688168696545766
2016-06-23,40.78965999058022
2016-06-24,39.98502616399195
2016-06-27,40.231493701197685
2016-06-28,39.97327768984686
2016-06-29,40.00247739068818
2016-06-30,40.09011522051406
2016-07-01,41.74774861371458
2016-07-05,41.10514414731829
2016-07-06,40.82764837400118
2016-07-07,41.47756009545366
2016-07-08,40.484440196881955
2016-07-11,40.92258163309896
2016-07-12,41.02481079372465
2016-07-13,41.32421741276213
2016-07-14,41.20006954316855
2016-07-15,41.42644965320917
2016-07-18,41.21467401983982
2016-07-19,41.433754525235884
2016-07-20,41.200078289947626
2016-07-21,40.93718745226949
2016-07-22,41.22197432878527
2016-07-25,41.29499281473447
2016-07-26,41.28770263670572
2016-07-27,41.40454969221421
2016-07-28,40.46983348726131
2016-07-29,40.4625275505308
2016-08-01,41.15625882135731
2016-08-02,40.60857962551486
2016-08-03,40.411409263567606
2016-08-04,40.89337293216734
2016-08-05,41.55788858758008
2016-08-08,40.886068816343595
2016-08-09,41.30960882666142
2016-08-10,41.23658524388118
2016-08-11,41.41914817091511
2016-08-12,41.864591759654
2016-08-15,41.6601313496838
2016-08-16,41.696634584037014
2016-08-17,41.31691660803209
2016-08-18,42.06174678053595
2016-08-19,42.42688151882644
2016-08-22,42.426878828763684
2016-08-23,42.419569549557856
2016-08-24,42.383056353298585
2016-08-25,42.52180390654494
2016-08-26,42.57292049948123
2016-08-29,41.94491730011035
2016-08-30,42.56561804195951
2016-08-31,42.20779835257465
2016-09-01,41.514073808178864
2016-09-02,41.41184062454277
2016-09-06,42.521809573423816
2016-09-07,42.41227367630752
2016-09-08,43.244742250121
2016-09-09,42.89422889770264
2016-09-12,40.309176581176565
2016-09-13,40.929885014512195
2016-09-14,40.03899328811723
2016-09-15,39.70308410166631
2016-09-16,40.163134147633286
2016-09-19,40.462540131720225
2016-09-20,41.010214868758325
2016-09-21,41.046726555366035
2016-09-22,41.74045052511929
2016-09-23,41.68202674171411
2016-09-26,41.024818094769756
2016-09-27,40.52825366313171
2016-09-28,40.3274717777445
2016-09-29,40.695293381701646
2016-09-30,40.23919191597057
2016-10-03,39.76838091493398
2016-10-04,39.68747192707136
2016-10-05,39.83459737449577
2016-10-06,39.65067706565121
2016-10-07,39.761031839393084
2016-10-10,39.27550626028598
2016-10-11,39.67274423310287
2016-10-12,38.36331583334958
2016-10-13,38.92240013895876
2016-10-14,39.68746572556652
2016-10-17,39.79045550851913
2016-10-18,39.4079316921292
2016-10-19,39.07687615165951
2016-10-20,38.48837745919252
2016-10-21,37.93664773461723
2016-10-24,38.56194772162638
2016-10-25,38.2014822111177
2016-10-26,38.37803364899459
2016-10-27,38.370679767832364
2016-10-28,38.43688272181929
2016-10-31,38.598719842128055
2016-11-01,38.61344117381976
2016-11-02,37.995501126447515
2016-11-03,37.84102667794967
2016-11-04,38.9886075436767
2016-11-07,37.61297085100268
2016-11-08,38.51781318996878
2016-11-09,38.58400892861055
2016-11-10,39.45204842221775
2016-11-11,37.723311494539075
2016-11-14,37.568832980263736
2016-11-15,38.14262903307786
2016-11-16,38.85619242908329
2016-11-17,39.64332457209146
2016-11-18,39.599190015596825
2016-11-21,40.45988423483712
2016-11-22,41.23229406668454
2016-11-23,41.5927455741096
2016-11-25,41.35735562149148
2016-11-28,41.73989120970811
2016-11-29,41.40884925285582
2016-11-30,41.901710496282725
2016-12-01,41.445618218027725
2016-12-02,41.533893374890354
2016-12-05,41.121952374906776
2016-12-06,41.658957526669404
2016-12-07,41.48977177802112
2016-12-08,42.06355769086074
2016-12-09,42.681489350084235
2016-12-12,42.71091417656211
2016-12-13,42.17390792058656
2016-12-14,43.012532996858646
2016-12-15,41.79872558354131
2016-12-16,42.51965288741583
2016-12-19,42.63000123144719
2016-12-20,42.65942429870574
2016-12-21,42.379882938209725
2016-12-22,42.902185194167565
2016-12-23,43.0345979533176
2016-12-27,42.387235681761304
2016-12-28,42.530550739161505
2016-12-29,42.07865174055516
2016-12-30,42.33794162893828
2017-01-03,42.23422426524287
2017-01-04,41.90086148158253
2017-01-05,42.56759371416619
2017-01-06,42.271276507397815
2017-01-09,42.07866467134538
2017-01-10,41.4859995817141
2017-01-11,41.82678142384056
2017-01-12,42.18978709707957
2017-01-13,42.64167254709704
2017-01-17,42.90836539692959
2017-01-18,42.92318688235698
2017-01-19,43.13803135856884
2017-01-20,42.72316930164357
2017-01-23,42.715765833770384
2017-01-24,42.337939279191914
2017-01-25,42.67130983013704
2017-01-26,42.81207143335621
2017-01-27,42.3749800744798
2017-01-30,41.41191835001798
2017-01-31,40.79704495841262
2017-02-01,41.723056207976796
2017-02-02,41.130400298481554
2017-02-03,42.300895470975725
2017-02-06,43.35287733053955
2017-02-07,43.634377718702936
2017-02-08,43.20471211260577
2017-02-09,43.3528727385397
2017-02-10,43.56771524317938
2017-02-13,44.004788408336985
2017-02-14,44.00479347637037
2017-02-15,43.91589944096441
2017-02-16,44.10109561506379
2017-02-17,44.34558516504492
2017-02-21,44.28629890086191
2017-02-22,44.049239629409115
2017-02-23,44.064057443106954
2017-02-24,44.152954944415555
2017-02-27,44.219625867389944
2017-02-28,44.286311758011
2017-03-01,44.58263908958397
2017-03-02,44.52336035401131
2017-03-03,44.84193068085322
2017-03-06,44.597448594355676
2017-03-07,44.81229142757564
2017-03-08,44.93823093275374
2017-03-09,44.19740498025033
2017-03-10,44.56041201774893
2017-03-13,45.19010711286549
2017-03-14,44.44928886824344
2017-03-15,44.85673599854311
2017-03-16,45.13825142588134
2017-03-17,45.06418020670845
2017-03-20,44.91600188552331
2017-03-21,44.834504947951274
2017-03-22,45.04194267225395
2017-03-23,44.90859945372268
2017-03-24,44.323360931142076
2017-03-27,44.1751823425293
2017-03-28,43.952931454489665
2017-03-29,44.32753011699832
2017-03-30,44.65571028372181
2017-03-31,43.92475907581695
2017-04-03,44.46178902915687
2017-04-04,44.364825131419714
2017-04-05,44.894386387471435
2017-04-06,44.81981787187627
2017-04-07,45.36429509645223
2017-04-10,42.66421687765343
2017-04-11,40.80698022134343
2017-04-12,40.53846772354024
2017-04-13,40.26996153744159
2017-04-17,39.66578731756705
2017-04-18,39.97161487781178
2017-04-19,40.501180279190486
2017-04-20,40.083493050047025
2017-04-21,39.956685491648685
2017-04-24,40.62798662965387
2017-04-25,41.373853887695034
2017-04-26,41.29180685660034
2017-04-27,41.87358588798583
2017-04-28,41.61254594417142
2017-05-01,41.29180981950844
2017-05-02,41.157546129306205
2017-05-03,40.82190248841039
2017-05-04,40.41912629381453
2017-05-05,40.23264553616385
2017-05-08,41.26197261297769
2017-05-09,41.87359377102319
2017-05-10,41.78407645551643
2017-05-11,42.11973401250607
2017-05-12,42.112274686210796
2017-05-15,42.55981032558377
2017-05-16,42.358418980837264
2017-05-17,41.70204142695327
2017-05-18,41.4708222557236
2017-05-19,41.41860307941127
2017-05-22,41.96309092028002
2017-05-23,42.32113145068017
2017-05-24,42.38823939566567
2017-05-25,42.89544223869612
2017-05-26,43.19378790597142
2017-05-30,42.440473780590644
2017-05-31,42.31366506390291
2017-06-01,42.5075965072239
2017-06-02,42.01530141418647
2017-06-05,41.50064573527609
2017-06-06,41.418600196955964
2017-06-07,41.269426250164095
2017-06-08,41.48572875518001
2017-06-09,41.82883416053963
2017-06-12,42.41808160746672
2017-06-13,42.51504243218497
2017-06-14,42.984948053427445
2017-06-15,42.68660668718288
2017-06-16,43.17888317446442
2017-06-19,44.469236059113705
2017-06-20,43.328048079356776
2017-06-21,42.50014035472781
2017-06-22,42.418076895060985
2017-06-23,41.61253158060049
2017-06-26,42.04514554683707
2017-06-27,42.19432366744111
2017-06-28,42.19228078592724
2017-06-29,42.117138841503326
2017-06-30,41.93680887221565
2017-07-03,42.17725044772842
2017-07-05,42.4327391796269
2017-07-06,41.485949521751785
2017-07-07,41.688838555500254
2017-07-10,42.02697197819763
2017-07-11,41.8691699960795
2017-07-12,42.267420737271074
2017-07-13,42.38013707303992
2017-07-14,42.50787580998917
2017-07-17,42.94370670905603
2017-07-18,43.07144082788231
2017-07-19,42.943706073070345
2017-07-20,43.46218275589098
2017-07-21,43.81533869972539
2017-07-24,44.168519211786524
2017-07-25,44.32631859926783
2017-07-26,44.694513524691914
2017-07-27,44.79220799218634
2017-07-28,44.724571606253065
2017-07-31,44.73207734092214
2017-08-01,44.58179310300816
2017-08-02,44.15348823001325
2017-08-03,43.89800889567843
2017-08-04,43.34194959249762
2017-08-07,44.35637807509501
2017-08-08,44.40145359950983
2017-08-09,44.04078111932584
2017-08-10,44.04829854884515
2017-08-11,43.79280652641906
2017-08-14,43.99568569406788
2017-08-15,44.078339725433445
2017-08-16,44.20609873971501
2017-08-17,44.41648658139982
2017-08-18,44.04077234039322
2017-08-21,43.60494908126826
2017-08-22,43.15409590165862
2017-08-23,43.30439577268365
2017-08-24,43.28935703124754
2017-08-25,43.6575617158485
2017-08-28,43.37952303348978
2017-08-29,43.07143340212625
2017-08-30,42.883589175003976
2017-08-31,43.063932192621145
2017-09-01,43.84541244429894
2017-09-05,44.21360421285955
2017-09-06,43.98818616897546
2017-09-07,44.07082949124756
2017-09-08,44.01070699977271
2017-09-11,43.76274774431891
2017-09-12,44.07835339766695
2017-09-13,43.80784196909504
2017-09-14,44.18354016931992
2017-09-15,44.889883589044025
2017-09-18,44.68700339364151
2017-09-19,44.138463528796294
2017-09-20,43.011331028810474
2017-09-21,42.57549580142005
2017-09-22,42.32753643593182
2017-09-25,42.492847204101295
2017-09-26,43.176639885121446
2017-09-27,42.93618788387947
2017-09-28,43.24049200614667
2017-09-29,43.14209083413365
2017-10-02,42.831767863322696
2017-10-03,43.49026246283389
2017-10-04,43.08153209426104
2017-10-05,43.126952758728855
2017-10-06,43.57351717783772
2017-10-09,43.54324706573128
2017-10-10,43.354025262881535
2017-10-11,43.308603096724426
2017-10-12,43.248061259362835
2017-10-13,43.76272851801266
2017-10-16,43.26319391947918
2017-10-17,42.71823527373786
2017-10-18,43.51296266455988
2017-10-19,43.58108311777358
2017-10-20,43.64919818971689
2017-10-23,43.63406283064231
2017-10-24,43.543238389106655
2017-10-25,43.406996258060666
2017-10-26,43.23291939092776
2017-10-27,43.36914585310113
2017-10-30,43.164788272140065
2017-10-31,43.45999022637906
2017-11-01,44.08062754281361
2017-11-02,43.95951742597845
2017-11-03,42.612277220262044
2017-11-06,43.40699652649885
2017-11-07,43.45997667960433
2017-11-08,43.79301814823219
2017-11-09,43.71732329397114
2017-11-10,43.28590201650853
2017-11-13,43.07397599901433
2017-11-14,43.30103723804165
2017-11-15,43.24048843292548
2017-11-16,43.50539661306452
2017-11-17,43.73246712478188
2017-11-20,43.70975910156822
2017-11-21,43.95952104720263
2017-11-22,43.44484417938765
2017-11-24,43.76273588596383
2017-11-27,43.58109106672307
2017-11-28,43.649200320694824
2017-11-29,43.76273405062101
2017-11-30,44.4439258348515
2017-12-01,44.58016482052141
2017-12-04,44.69368989648865
2017-12-05,44.78451439549086
2017-12-06,44.004941428343834
2017-12-07,43.69461441040039
2017-12-08,43.67191088652089
2017-12-11,43.906537398749215
2017-12-12,44.110904739464374
2017-12-13,43.45998732750904
2017-12-14,42.862038525989185
2017-12-15,42.521448926149
2017-12-18,42.35493698640986
2017-12-19,42.50631082966762
2017-12-20,41.42397914469035
2017-12-21,41.24990011782262
2017-12-22,41.53751007782076
2017-12-26,41.32558512269959
2017-12-27,41.560210130393976
2017-12-28,41.45003960234821
2017-12-29,41.945763424715864
2018-01-02,43.73798881749275
2018-01-03,43.20413153659623
2018-01-04,43.158375932175375
2018-01-05,43.28040253421595
2018-01-08,42.85331250080701
2018-01-09,43.150750161680044
2018-01-10,42.81517889519456
2018-01-11,41.87712568215414
2018-01-12,42.55587675639593
2018-01-16,42.838057639048074
2018-01-17,42.78467283488093
2018-01-18,42.87619787682791
2018-01-19,42.250813741631376
2018-01-22,42.28894876301221
2018-01-23,42.64739863229282
2018-01-24,43.19650482275955
2018-01-25,43.089723399481656
2018-01-26,43.31852142287276
2018-01-29,43.10498945635668
2018-01-30,42.975339737347994
2018-01-31,42.87619247406955
2018-02-01,42.57876876506618
2018-02-02,42.92957625776501
2018-02-05,38.46807610060696
2018-02-06,37.36985301272204
2018-02-07,37.89608050780561
2018-02-08,37.9494752019933
2018-02-09,37.98761359390506
2018-02-12,37.804575857001744
2018-02-13,37.88846791523049
2018-02-14,37.48425974014076
2018-02-15,37.827443503075926
2018-02-16,37.896084521388865
2018-02-20,38.14775998291488
2018-02-21,37.78930924425789
2018-02-22,37.85032773683761
2018-02-23,38.15538565473438
2018-02-26,38.81889159988448
2018-02-27,38.895159015504284
2018-02-28,38.51382737071125
2018-03-01,37.78931313160004
2018-03-02,37.73592079124621
2018-03-05,38.07911832847802
2018-03-06,38.498574795687155
2018-03-07,38.59009603447117
2018-03-08,38.24691009732917
2018-03-09,37.62152962505964
2018-03-12,37.751188416094614
2018-03-13,38.10201265593994
2018-03-14,38.49094760162311
2018-03-15,38.65873821120034
2018-03-16,38.35368213915461
2018-03-19,38.940924303131354
2018-03-20,38.77313908978751
2018-03-21,38.1248881376944
2018-03-22,38.46807847372469
2018-03-23,38.567215025311086
2018-03-26,38.239275400476885
2018-03-27,38.582473233375744
2018-03-28,38.85393448131396
2018-03-29,39.36910836047933
2018-04-02,39.48445331207428
2018-04-03,38.92314533704448
2018-04-04,38.96926957212495
2018-04-05,39.430629552860275
2018-04-06,39.5997826350849
2018-04-09,38.876994968514616
2018-04-10,38.892377831301026
2018-04-11,39.00772380826676
2018-04-12,39.49983517362129
2018-04-13,39.3998738564726
2018-04-16,39.60748457626586
2018-04-17,40.03808220174667
2018-04-18,40.207245176307445
2018-04-19,39.85354136209898
2018-04-20,39.71513587661974
2018-04-23,39.369107201941105
2018-04-24,40.01501513455343
2018-04-25,39.084609840946506
2018-04-26,39.146127403480065
2018-04-27,39.79203284631137
2018-04-30,39.89198897917565
2018-05-01,39.44600500345858
2018-05-02,39.69206253808688
2018-05-03,39.59979312432386
2018-05-04,39.661305052036866
2018-05-07,40.52251190294073
2018-05-08,39.51521032576151
2018-05-09,39.22301331003732
2018-05-10,38.76934560688442
2018-05-11,39.35374765127907
2018-05-14,39.46907424926758
2018-05-15,39.33066747052964
2018-05-16,39.515204753034745
2018-05-17,39.61517203674781
2018-05-18,39.5613522156716
2018-05-21,39.32297718646723
2018-05-22,39.369114494936554
2018-05-23,39.38449340704429
2018-05-24,39.330665610482285
2018-05-25,39.43062647535536
2018-05-29,39.223034800698386
2018-05-30,39.71513910514908
2018-05-31,40.607079576838885
2018-06-01,40.553269504402984
2018-06-04,40.50713096700543
2018-06-05,40.399471112583406
2018-06-06,40.345660690243136
2018-06-07,39.77664663308526
2018-06-08,40.16111814260574
2018-06-11,40.09191009875822
2018-06-12,40.06114734314743
2018-06-13,40.46868051953264
2018-06-14,40.48406607652606
2018-06-15,40.57632998298069
2018-06-18,40.4840616298484
2018-06-19,40.54557434647933
2018-06-20,40.73012553779707
2018-06-21,41.053061368891875
2018-06-22,40.51480679069196
2018-06-25,40.484060086735994
2018-06-26,40.530197222181755
2018-06-27,40.79164707507141
2018-06-28,41.04948973157319
2018-06-29,40.94098544494454
2018-07-02,40.91772988006611
2018-07-03,41.38279224382814
2018-07-05,41.59206894618802
2018-07-06,41.92536525476974
2018-07-09,42.73922229300505
2018-07-10,42.351672914599774
2018-07-11,42.86324335623304
2018-07-12,42.70047813600843
2018-07-13,42.41369109712258
2018-07-16,42.31291521348081
2018-07-17,42.31292505229549
2018-07-18,42.23541060692642
2018-07-19,42.049389352284074
2018-07-20,42.46794347833631
2018-07-23,41.917621025437064
2018-07-24,41.73933760075814
2018-07-25,41.863360228899126
2018-07-26,41.87111282348633
2018-07-27,41.770351729520414
2018-07-30,41.09601472092422
2018-07-31,41.38278654895914
2018-08-01,41.68508827860493
2018-08-02,40.79371658571563
2018-08-03,41.77034388109046
2018-08-06,41.35179226589107
2018-08-07,42.01063042672364
2018-08-08,42.8942403323139
2018-08-09,42.715968411269884
2018-08-10,42.78573018245018
2018-08-13,42.80123439038553
2018-08-14,42.75473302481878
2018-08-15,43.15003310344221
2018-08-16,43.033767259479866
2018-08-17,43.731361085800074
2018-08-20,44.11116359641358
2018-08-21,44.242932099086175
2018-08-22,44.35919308227595
2018-08-23,44.250687910625516
2018-08-24,43.88637670063056
2018-08-27,43.79336654259701
2018-08-28,43.467829373405614
2018-08-29,43.57634458328112
2018-08-30,43.32830456956634
2018-08-31,43.026016732028644
2018-09-04,43.11903484359687
2018-09-05,42.7857351282359
2018-09-06,43.28954509872596
2018-09-07,42.793483929403656
2018-09-10,42.76247906499202
2018-09-11,42.63071473960076
2018-09-12,43.36705983810266
2018-09-13,43.545339093958
2018-09-14,43.6926008789366
2018-09-17,44.041403831826074
2018-09-18,43.762363336886104
2018-09-19,43.85538263048664
2018-09-20,43.55308784383391
2018-09-21,43.69260784840587
2018-09-24,43.638350415561625
2018-09-25,43.66160767478529
2018-09-26,43.27405616065093
2018-09-27,42.924736744370044
2018-09-28,43.276258934562414
2018-10-01,43.87775308745806
2018-10-02,43.85432428971444
2018-10-03,44.15115178177607
2018-10-04,44.143351346756106
2018-10-05,44.32301283758236
2018-10-08,44.61203294701792
2018-10-09,45.29165337301774
2018-10-10,45.775970218416504
2018-10-11,45.39319578485857
2018-10-12,44.744846289923345
2018-10-15,43.37000459696044
2018-10-16,44.71360107024797
2018-10-17,45.03387074829406
2018-10-18,44.79951477050781
2018-10-19,44.815139761521806
2018-10-22,45.32289762892224
2018-10-23,44.362073791228426
2018-10-24,44.56517465904183
2018-10-25,44.14335412923877
2018-10-26,43.12784448432818
2018-10-29,43.07315735481231
2018-10-30,42.66695960208731
2018-10-31,42.93254390357421
2018-11-01,42.53416491024784
2018-11-02,42.370125472912946
2018-11-05,39.86259169816895
2018-11-06,41.90922876280173
2018-11-07,42.331060481398985
2018-11-08,42.4404162503706
2018-11-09,41.604584965040694
2018-11-12,42.37012600398091
2018-11-13,42.20607462278362
2018-11-14,42.47166807114694
2018-11-15,40.59687739356142
2018-11-16,41.06557317641829
2018-11-19,41.35460369246883
2018-11-20,41.90142265706588
2018-11-21,41.52645911037001
2018-11-23,41.963922386064695
2018-11-26,42.25293390124323
2018-11-27,42.49510996823889
2018-11-28,42.32324911432699
2018-11-29,42.10451815645975
2018-11-30,41.58894761735484
2018-12-03,42.377935893624446
2018-12-04,42.96379635383652
2018-12-06,42.10451909756528
2018-12-07,42.854444036676064
2018-12-10,42.76851588776316
2018-12-11,43.35438741154021
2018-12-12,43.61997389623678
2018-12-13,43.47936482706171
2018-12-14,43.54966755394055
2018-12-17,43.65902523376021
2018-12-18,42.69820043799002
2018-12-19,42.45604124422642
2018-12-20,42.07327580937789
2018-12-21,41.85454504894895
2018-12-24,41.417100732644535
2018-12-26,39.62043095905124
2018-12-27,40.104748343291845
2018-12-28,40.640708541681846
2018-12-31,40.136653522603616
2019-01-02,40.0815103269023
2019-01-03,40.183904616531194
2019-01-04,40.60133370646401
2019-01-07,41.436210160137456
2019-01-08,41.49920232501616
2019-01-09,42.16081574998401
2019-01-10,42.12142385213873
2019-01-11,42.87754565665696
2019-01-14,42.365588749075535
2019-01-15,42.389218445645504
2019-01-16,43.06656366547397
2019-01-17,43.23195256188811
2019-01-18,43.68878020115447
2019-01-22,44.169209344591955
2019-01-23,44.02744472146187
2019-01-24,44.3503623429528
2019-01-25,44.5866492992222
2019-01-28,44.846552313219036
2019-01-29,44.71266049317656
2019-01-30,44.94107147818197
2019-01-31,45.27974057709785
2019-02-01,45.13010075520404
2019-02-04,45.90982987606316
2019-02-05,45.89408207414119
2019-02-06,45.925590527334755
2019-02-07,45.815320352975576
2019-02-08,45.89408237633552
2019-02-11,45.68930481685138
2019-02-12,45.87832609028387
2019-02-13,45.88620158567873
2019-02-14,45.87045380719342
2019-02-15,46.04372073822895
2019-02-19,46.201245662657016
2019-02-20,46.23275221767275
2019-02-21,46.524162656087896
2019-02-22,47.170010283437925
2019-02-25,47.56381105472828
2019-02-26,47.65045184816486
2019-02-27,47.162140008406006
2019-02-28,47.2408982196565
2019-03-01,47.382671278874795
2019-03-04,47.35903709259975
2019-03-05,47.831598981466456
2019-03-06,47.14639621417648
2019-03-07,47.256642263110024
2019-03-08,47.24089044321266
2019-03-11,47.08337276344397
2019-03-12,47.130625763315265
2019-03-13,47.72134222931878
2019-03-14,47.500805831239006
2019-03-15,47.70558838460575
2019-03-18,47.52443339611836
2019-03-19,47.949750882940855
2019-03-20,47.366912455069155
2019-03-21,46.988862429986646
2019-03-22,47.93399712663866
2019-03-25,47.666200969785976
2019-03-26,47.98125468425718
2019-03-27,48.24902278292653
2019-03-28,48.088272749658024
2019-03-29,48.072411001722344
2019-04-01,48.41345643327605
2019-04-02,48.14379389089997
2019-04-03,47.99308614892528
2019-04-04,48.43725227907993
2019-04-05,48.06446953344686
2019-04-08,48.238968867459135
2019-04-09,48.088274405750965
2019-04-10,48.0486171929372
2019-04-11,47.850317462519556
2019-04-12,47.92965041726525
2019-04-15,48.11207306307452
2019-04-16,48.46104670294628
2019-04-17,48.43724608346219
2019-04-18,47.374442081646784
2019-04-22,46.835094787919196
2019-04-23,47.31099338619147
2019-04-24,47.99308903088447
2019-04-25,47.57272719011908
2019-04-26,46.86682889932804
2019-04-29,46.787518067645735
2019-04-30,46.581297262821586
2019-05-01,47.03339029204563
2019-05-02,46.50991749599552
2019-05-03,46.311625288914364
2019-05-06,45.946781462163166
2019-05-07,45.637452289174654
2019-05-08,45.320199625254894
2019-05-09,44.88397641824251
2019-05-10,45.20122775073673
2019-05-13,45.1139821936601
2019-05-14,45.20915994561303
2019-05-15,45.44710671123185
2019-05-16,45.19329053208671
2019-05-17,45.47089929695119
2019-05-20,45.4312343662129
2019-05-21,45.23296076623483
2019-05-22,44.97121838011567
2019-05-23,44.85224353577499
2019-05-24,44.83639068624999
2019-05-28,44.84431037782828
2019-05-29,43.622872407698914
2019-05-30,42.80594655625759
2019-05-31,42.27453757573353
2019-06-03,42.35383749832947
2019-06-04,42.59179160893726
2019-06-05,43.297683492958555
2019-06-06,43.75771173450958
2019-06-07,44.36842835031992
2019-06-10,43.29769037344397
2019-06-11,42.449020508923944
2019-06-12,42.20313761867935
2019-06-13,42.40936221179064
2019-06-14,42.79006720137536
2019-06-17,42.7186932047023
2019-06-18,43.34527352079939
2019-06-19,42.84558811508473
2019-06-20,43.54356393328377
2019-06-21,42.79007324296666
2019-06-24,43.52769557951056
2019-06-25,43.25009394027283
2019-06-26,43.24216802281205
2019-06-27,42.20707437619938
2019-06-28,41.559341226629385
2019-07-01,42.28704062818625
2019-07-02,42.646902991797575
2019-07-03,43.08672074165745
2019-07-05,42.71887120780847
2019-07-08,43.07073421523423
2019-07-09,42.65488943699882
2019-07-10,43.094734047534004
2019-07-11,42.950786278236194
2019-07-12,42.75886411525511
2019-07-15,42.18310002035142
2019-07-16,41.29544723300961
2019-07-17,41.479378829664086
2019-07-18,40.35981882552777
2019-07-19,39.57613836427353
2019-07-22,38.80843760187088
2019-07-23,38.64050332773534
2019-07-24,38.5125593202293
2019-07-25,38.32862448373993
2019-07-26,37.43299256360428
2019-07-29,36.87322037976404
2019-07-30,36.89721242791496
2019-07-31,37.896807150577736
2019-08-01,38.04075234683013
2019-08-02,37.61692543347187
2019-08-05,38.77645912891809
2019-08-06,38.288660889545525
2019-08-07,38.14471947618348
2019-08-08,38.73647901060736
2019-08-09,39.22427687162391
2019-08-12,37.78485319565464
2019-08-13,37.39301016135025
2019-08-14,37.632917275882356
2019-08-15,37.137111684449344
2019-08-16,37.24907622664536
2019-08-19,37.72887713676583
2019-08-20,38.11273478276025
2019-08-21,37.552945328227466
2019-08-22,37.968792191196165
2019-08-23,37.47298696407219
2019-08-26,36.59333196095949
2019-08-27,37.36902416790066
2019-08-28,36.64931839250204
2019-08-29,36.897213301590554
2019-08-30,37.28906036073186
2019-09-03,37.24107043901129
2019-09-04,37.504966440941466
2019-09-05,37.49696845516608
2019-09-06,38.05674523320278
2019-09-09,37.656907280786406
2019-09-10,38.41659842635407
2019-09-11,39.44019216013199
2019-09-12,40.27985475713738
2019-09-13,38.99237319919641
2019-09-16,39.35222762767285
2019-09-17,39.20027908372145
2019-09-18,38.9363917411432
2019-09-19,39.08033610020004
2019-09-20,38.600529561731086
2019-09-23,37.83283515192479
2019-09-24,38.464580817016056
2019-09-25,38.20069958211305
2019-09-26,38.49657363658273
2019-09-27,37.820506203431016
2019-09-30,37.925434171618065
2019-10-01,37.93350285683924
2019-10-02,36.77128469570118
2019-10-03,36.34351193231657
2019-10-04,36.504939364508765
2019-10-07,36.157887531843286
2019-10-08,35.37501633630678
2019-10-09,35.165158888844196
2019-10-10,34.987589977141255
2019-10-11,35.25393347789144
2019-10-14,36.25473712849294
2019-10-15,36.44844450039955
2019-10-16,36.20631940826985
2019-10-17,36.26280671973556
2019-10-18,36.12560582906376
2019-10-21,36.06910397472607
2019-10-22,36.19824200771863
2019-10-23,36.54530079636927
2019-10-24,37.005342248349955
2019-10-25,36.70671076300453
2019-10-28,36.90042662699853
2019-10-29,36.72285366883203
2019-10-30,37.11833059308693
2019-10-31,36.650215938060605
2019-11-01,36.561431837491426
2019-11-04,36.77935227621498
2019-11-05,37.32817385747296
2019-11-06,37.16675337824035
2019-11-07,37.23939347380578
2019-11-08,37.33624481641446
2019-11-11,37.55416288527534
2019-11-12,36.948845552392854
2019-11-13,37.11833643607525
2019-11-14,37.26360037432582
2019-11-15,36.49686863316331
2019-11-18,37.01341168574613
2019-11-19,37.1183297520474
2019-11-20,36.59372251020526
2019-11-21,36.63407450511157
2019-11-22,36.49686886208135
2019-11-25,36.65021805016748
2019-11-26,36.94076010298671
2019-11-27,36.49687551104621
2019-11-29,36.87620186639174
2019-12-02,36.38387764328634
2019-12-03,36.26281450178793
2019-12-04,35.8592693692633
2019-12-05,36.53722472637829
2019-12-06,36.51301350905416
2019-12-09,36.40001600568797
2019-12-10,36.35966004848991
2019-12-11,36.96498180771745
2019-12-12,37.12640604394968
2019-12-13,37.25554038293563
2019-12-16,37.47345268305635
2019-12-17,37.651016291958264
2019-12-18,37.48152581899041
2019-12-19,38.127204887173804
2019-12-20,38.385478325472796
2019-12-23,38.24827574763098
2019-12-24,38.280542153831085
2019-12-26,37.91735688360789
2019-12-27,37.93350226411688
2019-12-30,37.83265084787527
2019-12-31,37.384580391812406
2020-01-02,37.96299091881416
2020-01-03,36.49660687936574
2020-01-06,36.912096072513776
2020-01-07,37.19722628321855
2020-01-08,37.05057973983116
2020-01-09,36.57806892368768
2020-01-10,36.61881349335624
2020-01-13,36.64325293259069
2020-01-14,36.34183086536477
2020-01-15,36.561784982539066
2020-01-16,36.969113327353625
2020-01-17,37.066868646870994
2020-01-21,37.083163531908056
2020-01-22,36.366268747748464
2020-01-23,35.84489330639404
2020-01-24,36.09744022475287
2020-01-27,35.04651732420179
2020-01-28,34.81841773225533
2020-01-29,34.899898200791036
2020-01-30,34.313334913047264
2020-01-31,34.345913900239665
2020-02-03,35.20944961936619
2020-02-04,34.72880361157931
2020-02-05,35.413124015488535
2020-02-06,36.415156619875845
2020-02-07,35.152418722503754
2020-02-10,34.73695283354168
2020-02-11,34.60660316473788
2020-02-12,34.92432403564453
2020-02-13,34.94062294846516
2020-02-14,35.20945101755257
2020-02-18,35.17686391212443
2020-02-19,35.45386374875145
2020-02-20,35.29906257821849
2020-02-21,35.144283830322635
2020-02-24,34.54143306980277
2020-02-25,34.215573552235284
2020-02-26,32.58626780225116
2020-02-27,30.965089169505664
2020-02-28,29.73496651381481
2020-03-02,30.16673073184654
2020-03-03,31.372416360985877
2020-03-04,30.981392758792
2020-03-05,30.83475171347591
2020-03-06,29.620918881388864
2020-03-09,29.791980662932644
2020-03-10,32.03228720135126
2020-03-11,31.396864027610977
2020-03-12,29.29504754640765
2020-03-13,29.751257255871234
2020-03-16,27.885692011850846
2020-03-17,30.394832456020755
2020-03-18,33.1565240956466
2020-03-19,28.54556893072185
2020-03-20,27.535385491689713
2020-03-23,27.453929517878336
2020-03-24,28.15453353117487
2020-03-25,29.40910027178146
2020-03-26,28.708491150930488
2020-03-27,29.37651844490813
2020-03-30,29.02536886528903
2020-03-31,31.482638054893243
2020-04-01,29.726264565294002
2020-04-02,29.371697494646707
2020-04-03,29.215023005195818
2020-04-06,30.311726453456124
2020-04-07,31.078584383654018
2020-04-08,30.542612139476404
2020-04-09,32.07633290137237
2020-04-13,32.554595244325355
2020-04-14,32.33195164848143
2020-04-15,31.507373133286276
2020-04-16,32.58756831568755
2020-04-17,33.52760260361041
2020-04-20,33.60181506180042
2020-04-21,33.041092682097435
2020-04-22,34.302715292231724
2020-04-23,34.15428062933969
2020-04-24,33.77497954109704
2020-04-27,34.79746898087679
2020-04-28,35.98486554004124
2020-04-29,36.322929630699385
2020-04-30,35.45711731329197
2020-05-01,33.84918360641077
2020-05-04,32.98337936512385
2020-05-05,32.92566085616565
2020-05-06,32.6617885641013
2020-05-07,33.65127698403116
2020-05-08,34.13778808480071
2020-05-11,34.665533248124824
2020-05-12,34.739747233404394
2020-05-13,33.37093094900192
2020-05-14,33.13179895531313
2020-05-15,32.867936490450084
2020-05-18,33.81620101644141
2020-05-19,34.277976817662314
2020-05-20,33.700760670461875
2020-05-21,33.86568046815374
2020-05-22,34.261475879920745
2020-05-26,35.300452927395504
2020-05-27,35.968367159230304
2020-05-28,35.82819562412605
2020-05-29,33.89866035845688
2020-06-01,35.044836822558175
2020-06-02,35.06134301098337
2020-06-03,35.44063884067955
2020-06-04,35.11079384145818
2020-06-05,35.836435260372
2020-06-08,35.11080753832229
2020-06-09,36.67751663603287
2020-06-10,36.23223958200367
2020-06-11,34.5748303678308
2020-06-12,34.442893434366
2020-06-15,33.49461671898876
2020-06-16,34.73149580315271
2020-06-17,34.81395391329255
2020-06-18,33.82445285166824
2020-06-19,34.64078577704954
2020-06-22,33.552329170184606
2020-06-23,33.61005844557961
2020-06-24,32.89266932237329
2020-06-25,33.032844104195824
2020-06-26,32.735998001120315
2020-06-29,33.23067904062826
2020-06-30,33.872769649398286
2020-07-01,34.7733815894171
2020-07-02,34.398129490678755
2020-07-06,34.9901993157768
2020-07-07,34.5815873471422
2020-07-08,35.298735757351324
2020-07-09,34.4565062521307
2020-07-10,33.04722330228922
2020-07-13,33.6392856002035
2020-07-14,33.239016645279115
2020-07-15,34.18965577823843
2020-07-16,33.98117944093812
2020-07-17,34.03956058900212
2020-07-20,34.03954634124141
2020-07-21,33.73100983750893
2020-07-22,33.98951766637593
2020-07-23,34.47317525185162
2020-07-24,34.8734487741533
2020-07-27,34.60660079272934
2020-07-28,34.30640395016051
2020-07-29,34.49819581697451
2020-07-30,34.08124742500992
2020-07-31,34.481521620181574
2020-08-03,33.956166564092534
2020-08-04,34.131282359290005
2020-08-05,35.09860626888668
2020-08-06,35.11527393703956
2020-08-07,35.857435272053934
2020-08-10,36.999879964134614
2020-08-11,37.55024891825263
2020-08-12,37.2000153931374
2020-08-13,37.57526438886179
2020-08-14,36.9498520235109
2020-08-17,37.79208023255386
2020-08-18,37.308427380635045
2020-08-19,37.4001416096616
2020-08-20,37.78373064351986
2020-08-21,37.20001935563445
2020-08-24,37.016559286539454
2020-08-25,37.99221672612872
2020-08-26,37.46686327376339
2020-08-27,37.416823466490094
2020-08-28,37.65864885383743
2020-08-31,38.18401101415635
2020-09-01,37.88380475155677
2020-09-02,36.849772957984875
2020-09-03,37.458521409736775
2020-09-04,37.64197721178301
2020-09-08,36.70800928008434
2020-09-09,35.9241550886698
2020-09-10,36.10760862116937
2020-09-11,35.740699330237
2020-09-14,35.56556937745547
2020-09-15,35.78239577605899
2020-09-16,35.13196100147542
2020-09-17,35.232024739669704
2020-09-18,35.232018602195254
2020-09-21,34.606603312752746
2020-09-22,34.18965587898758
2020-09-23,34.25636445687842
2020-09-24,33.68932519721795
2020-09-25,34.28137990461181
2020-09-28,35.04856848232573
2020-09-29,35.1194046433297
2020-09-30,34.681143204681206
2020-10-01,34.141757257288326
2020-10-02,33.450656827763176
2020-10-05,33.94791236799804
2020-10-06,34.71485864433994
2020-10-07,34.75700397959083
2020-10-08,35.035113846507315
2020-10-09,35.717789916657885
2020-10-12,35.39753424961148
2020-10-13,35.69250345897707
2020-10-14,35.743068937755424
2020-10-15,35.355394970889925
2020-10-16,35.65879725639639
2020-10-19,35.2373990238878
2020-10-20,35.20367630011513
2020-10-21,35.33852980165772
2020-10-22,35.228983257452036
2020-10-23,36.63644735531451
2020-10-26,35.92006498459851
2020-10-27,35.43966709439853
2020-10-28,34.554727993971255
2020-10-29,33.113551824393404
2020-10-30,33.57708394712432
2020-11-02,34.09118884292361
2020-11-03,34.44516566060481
2020-11-04,34.64742894728517
2020-11-05,34.58001148926253
2020-11-06,34.00691362515134
2020-11-09,33.45066491753732
2020-11-10,33.147253621328
2020-11-11,34.63057811599759
2020-11-12,34.83285191663582
2020-11-13,34.52101154522378
2020-11-16,35.70936459874074
2020-11-17,35.36381250799934
2020-11-18,36.10547605716031
2020-11-19,35.09412333377359
2020-11-20,34.75700451714311
2020-11-23,34.82441758473374
2020-11-24,35.95376877375012
2020-11-25,36.45101738702645
2020-11-27,35.80207241170034
2020-11-30,35.29639493352601
2020-12-01,34.99297276657009
2020-12-02,34.377736834719485
2020-12-03,34.242893586160285
2020-12-04,34.68114847200071
2020-12-07,34.917134921070435
2020-12-08,34.69799963249739
2020-12-09,35.582949155472534
2020-12-10,35.81891832882162
2020-12-11,36.215047072405476
2020-12-14,36.63644269876999
2020-12-15,35.987479701732866
2020-12-16,36.8808474418362
2020-12-17,36.42575902348937
2020-12-18,36.51845358963559
2020-12-21,35.59137077550918
2020-12-22,35.026699496960475
2020-12-23,35.515510458985716
2020-12-24,35.61665307954631
2020-12-28,35.448103232117944
2020-12-29,35.16154704625605
2020-12-30,34.88787078857422
2020-12-31,34.870824657514056
2021-01-04,35.2116026036907
2021-01-05,35.399034780396484
2021-01-06,36.42991472975159
2021-01-07,37.69934027288585
2021-01-08,37.6908199709467
2021-01-11,36.66846493578849
2021-01-12,37.48634637639558
2021-01-13,37.66526051505575
2021-01-14,37.75046056531441
2021-01-15,37.281878392224314
2021-01-19,37.80157908802495
2021-01-20,36.37880587102666
2021-01-21,36.233969618908915
2021-01-22,35.117902332645265
2021-01-25,35.526827303572965
2021-01-26,36.08912550692517
2021-01-27,34.555599825504416
2021-01-28,34.61523766912094
2021-01-29,34.64079314703723
2021-02-01,34.31705047300004
2021-02-02,35.09233754377213
2021-02-03,34.768589239030234
2021-02-04,34.6493174906931
2021-02-05,35.47570836572688
2021-02-08,36.07209081453509
2021-02-09,36.975171797057634
2021-02-10,36.83885799361956
2021-02-11,37.42671326116642
2021-02-12,37.384120201877536
2021-02-16,37.827131999851744
2021-02-17,38.78984822548127
2021-02-18,39.67588893405513
2021-02-19,38.45758164662061
2021-02-22,38.627985268705686
2021-02-23,38.670575115550406
2021-02-24,39.26694685550867
2021-02-25,39.41177916244441
2021-02-26,39.667369296600604
2021-03-01,39.096557592982094
2021-03-02,39.00283724353521
2021-03-03,39.61625934762611
2021-03-04,40.45969336236955
2021-03-05,40.885679211490256
2021-03-08,42.15510033834875
2021-03-09,42.1210330385469
2021-03-10,41.115711457345924
2021-03-11,41.89098299546904
2021-03-12,41.95914939539618
2021-03-15,42.282897755079
2021-03-16,42.1806620617641
2021-03-17,42.18066195022758
2021-03-18,41.42241001593315
2021-03-19,42.001742084364864
2021-03-22,41.55020592023406
2021-03-23,40.97939172800618
2021-03-24,41.141264316405326
2021-03-25,41.660966712336005
2021-03-26,42.870752176949125
2021-03-29,43.041145147623396
2021-03-30,43.1722554287167
2021-03-31,42.97457781741787
2021-04-01,42.89721828755787
2021-04-05,43.00895687619245
2021-04-06,43.12928128692245
2021-04-07,43.19804541274729
2021-04-08,43.40432108203219
2021-04-09,42.98316471084115
2021-04-12,43.05192559859971
2021-04-13,42.59639484943453
2021-04-14,43.03474302032915
2021-04-15,43.22382486087518
2021-04-16,43.74811666780295
2021-04-19,43.765313506102544
2021-04-20,43.60200377861923
2021-04-21,43.62778894868049
2021-04-22,43.98017630190642
2021-04-23,43.859847262033036
2021-04-26,44.195050510785656
2021-04-27,43.36994047680917
2021-04-28,43.189445651275605
2021-04-29,43.498863991441475
2021-04-30,43.1980399154197
2021-05-03,42.880028321182124
2021-05-04,43.636389103542605
2021-05-05,43.31836692665067
2021-05-06,43.38712888689525
2021-05-07,44.220833400015984
2021-05-10,45.34677548667771
2021-05-11,45.3725610346357
2021-05-12,45.26941270315529
2021-05-13,43.962989062371825
2021-05-14,45.07172783267213
2021-05-17,44.89123783004265
2021-05-18,44.73653427700891
2021-05-19,44.45289596433612
2021-05-20,44.31538375365029
2021-05-21,44.57323471799741
2021-05-24,44.805301492334976
2021-05-25,45.097522193345554
2021-05-26,44.100510844514154
2021-05-27,44.736528769629835
2021-05-28,44.41852185058628
2021-06-01,44.80529819291493
2021-06-02,45.55304224796926
2021-06-03,45.664790023892536
2021-06-04,46.04295595455442
2021-06-07,46.27502290189176
2021-06-08,46.54146560252007
2021-06-09,46.58444081656567
2021-06-10,47.186083483242726
2021-06-11,47.28062728971591
2021-06-14,47.272029700553645
2021-06-15,46.74774196055892
2021-06-16,47.022781097188535
2021-06-17,46.214854624187765
2021-06-18,45.278013429856884
2021-06-21,44.47868127193696
2021-06-22,45.03735433268379
2021-06-23,45.13189429969771
2021-06-24,45.03735096295058
2021-06-25,45.252223055792804
2021-06-28,46.34378545929266
2021-06-29,46.04129657100677
2021-06-30,44.74093897749768
2021-07-01,45.58184016156184
2021-07-02,45.75521968691222
2021-07-06,45.417121485767105
2021-07-07,44.74960176396441
2021-07-08,44.6802511353713
2021-07-09,45.5471593011153
2021-07-12,45.02701678499976
2021-07-13,45.23507477198231
2021-07-14,45.061691236520545
2021-07-15,44.602231564100414
2021-07-16,44.64557966315772
2021-07-19,43.657311509028176
2021-07-20,43.293207053446785
2021-07-21,44.229467901179
2021-07-22,43.87403647662882
2021-07-23,43.90003250672923
2021-07-26,44.53288088308298
2021-07-27,44.74093623683815
2021-07-28,45.48647845840634
2021-07-29,45.33910254219784
2021-07-30,45.044346679479744
2021-08-02,44.96632516012244
2021-08-03,44.50688201564963
2021-08-04,44.9489904646455
2021-08-05,45.13104200167939
2021-08-06,45.94592402434103
2021-08-09,45.69452742616018
2021-08-10,46.00661510206776
2021-08-11,45.81589393246708
2021-08-12,46.24068775756708
2021-08-13,46.11064282222844
2021-08-16,45.52981700424726
2021-08-17,44.888309316640004
2021-08-18,45.15704507906997
2021-08-19,44.134106597466086
2021-08-20,43.50126124085398
2021-08-23,44.06474783020342
2021-08-24,44.099428931226605
2021-08-25,43.97805441988493
2021-08-26,44.19478964603065
2021-08-27,44.00406541803566
2021-08-30,44.489537004760116
2021-08-31,44.68026108987821
2021-09-01,45.035680510570394
2021-09-02,45.08769600973514
2021-09-03,45.44312715320261
2021-09-07,45.41711747043535
2021-09-08,44.71492948891442
2021-09-09,45.33043508081409
2021-09-10,45.304423677688455
2021-09-13,45.391119839858334
2021-09-14,44.97499669772779
2021-09-15,44.21212284222141
2021-09-16,45.72920947704788
2021-09-17,45.12237705832748
2021-09-20,43.90004224255283
2021-09-21,44.21212635563137
2021-09-22,43.96071976606442
2021-09-23,44.333487663368174
2021-09-24,44.454860369204646
2021-09-27,45.59050330447689
2021-09-28,47.237617298742286
2021-09-29,46.85885823289117
2021-09-30,46.788932211607325
2021-10-01,46.03708490332886
2021-10-04,47.55826368353382
2021-10-05,49.03570725858346
2021-10-06,48.30135133006799
2021-10-07,48.93953461057727
2021-10-08,49.65641160458335
2021-10-11,49.80502624694822
2021-10-12,49.20180747335969
2021-10-13,49.58647940887981
2021-10-14,50.45196344561966
2021-10-15,50.45195997180226
2021-10-18,50.41699117357917
2021-10-19,50.39076232910156
2021-10-20,50.259633663493844
2021-10-21,50.8628503400191
2021-10-22,50.62680941605081
2021-10-25,51.151351924160394
2021-10-26,51.68462897189577
2021-10-27,51.55350109448298
2021-10-28,50.303348442226294
2021-10-29,50.66178138931473
2021-11-01,50.513162796712784
2021-11-02,51.57972047945922
2021-11-03,50.583099129496375
2021-11-04,50.63554634770958
2021-11-05,50.478188498402716
2021-11-08,52.2878598241464
2021-11-09,51.92942571681782
2021-11-10,51.702110676977895
2021-11-11,51.45733749797966
2021-11-12,52.672514216242256
2021-11-15,52.70748338273313
2021-11-16,53.09214058446155
2021-11-17,52.61132608556665
2021-11-18,52.96101318948204
2021-11-19,51.59720293615341
2021-11-22,51.509786544022255
2021-11-23,52.515152944029076
2021-11-24,53.66913677325667
2021-11-26,53.02220705873192
2021-11-29,52.72496494020225
2021-11-30,51.75457341067502
2021-12-01,51.343684115021865
2021-12-02,51.03770165957452
2021-12-03,53.05717353410621
2021-12-06,53.634169959109606
2021-12-07,54.202416604168064
2021-12-08,54.21990957575257
2021-12-09,54.420974346560996
2021-12-10,54.81438827281677
2021-12-13,53.9314093158914
2021-12-14,53.88770723526339
2021-12-15,54.95426682000261
2021-12-16,55.12036022187964
2021-12-17,54.464690660845136
2021-12-20,53.98386990940797
2021-12-21,54.84935608531926
2021-12-22,55.102875370569556
2021-12-23,55.102880834727635
2021-12-27,55.46131710455445
2021-12-28,55.83723712426549
2021-12-29,56.21315374404077
2021-12-30,56.55094584322882
2021-12-31,56.25159459973339
2022-01-03,56.20757240156721
2022-01-04,56.52452298013192
2022-01-05,57.475412179798326
2022-01-06,57.43139157613539
2022-01-07,56.462899059255534
2022-01-10,57.070407714895055
2022-01-11,55.5560519548307
2022-01-12,56.0490893068041
2022-01-13,55.28310571719179
2022-01-14,55.098215671933886
2022-01-18,56.348444877715714
2022-01-19,55.84659380060505
2022-01-20,53.7599389491524
2022-01-21,53.01155863285309
2022-01-24,52.06067959774916
2022-01-25,52.53610843943813
2022-01-26,52.6593791225492
2022-01-27,52.89710558147631
2022-01-28,52.75623072615834
2022-01-31,52.63296797267305
2022-02-01,53.16123775849065
2022-02-02,54.68440895222332
2022-02-03,54.25298110270009
2022-02-04,54.26178432913255
2022-02-07,52.27198472678194
2022-02-08,52.879489850979134
2022-02-09,52.46568269724986
2022-02-10,52.75622440009098
2022-02-11,53.32851582521607
2022-02-14,53.9976615995411
2022-02-15,53.65428300224963
2022-02-16,54.059293066133115
2022-02-17,53.786350136531155
2022-02-18,53.54863572520256
2022-02-22,53.1788466650466
2022-02-23,52.5801408340863
2022-02-24,52.36883415119966
2022-02-25,52.83547189241212
2022-02-28,53.41656162090712
2022-03-01,55.098215340248224
2022-03-02,55.69690991970961
2022-03-03,56.330830947145564
2022-03-04,56.63018652138454
2022-03-07,57.64270555607294
2022-03-08,59.50043473532651
2022-03-09,58.17096017976574
2022-03-10,58.30302550779722
2022-03-11,59.553270133556616
2022-03-14,58.86651779782492
2022-03-15,56.53332768280965
2022-03-16,58.21498440398524
2022-03-17,59.25391247697924
2022-03-18,58.382274524176395
2022-03-21,58.699224208391776
2022-03-22,58.364659886481256
2022-03-23,57.4842237139449
2022-03-24,57.58987527646655
2022-03-25,57.77477199469103
2022-03-28,60.09032812894382
2022-03-29,60.627408500773704
2022-03-30,60.99356451683964
2022-03-31,60.96699072972626
2022-04-01,61.16196820525668
2022-04-04,62.94338967503322
2022-04-05,61.80009530526537
2022-04-06,61.87985662612989
2022-04-07,62.37616677484226
2022-04-08,62.340714886870515
2022-04-11,62.45592388059211
2022-04-12,62.51795687611464
2022-04-13,62.039381187131156
2022-04-14,62.10142601302366
2022-04-18,63.73217484168081
2022-04-19,64.72479547365997
2022-04-20,65.58448560220491
2022-04-21,64.99954288835644
2022-04-22,64.4766429154258
2022-04-25,63.475156088791344
2022-04-26,63.466273409059205
2022-04-27,62.67749868820175
2022-04-28,62.7040758579965
2022-04-29,63.35992372745227
2022-05-02,62.429351128701065
2022-05-03,61.97734047656652
2022-05-04,63.81194521127872
2022-05-05,64.85774539861328
2022-05-06,62.29640735531157
2022-05-09,61.41898651725097
2022-05-10,59.938900223125934
2022-05-11,59.68188476979548
2022-05-12,59.68188476979548
2022-05-13,60.036400380387875
2022-05-16,59.55780448196428
2022-05-17,60.30228594230378
2022-05-18,61.8089500439746
2022-05-19,59.83254919404318
2022-05-20,61.206278533349035
2022-05-23,61.729193385447026
2022-05-24,62.50024554131597
2022-05-25,63.457428320957895
2022-05-26,64.40574142828872
2022-05-27,63.88283461324107
2022-05-31,66.3732753362272
2022-06-01,65.5667659909232
2022-06-02,64.86660733734855
2022-06-03,65.07930117877434
2022-06-06,65.61107254923937
2022-06-07,65.47812896691477
2022-06-08,66.87845138877523
2022-06-09,66.16945133991084
2022-06-10,64.20190602373162
2022-06-13,63.218125326390165
2022-06-14,61.51648094863844
2022-06-15,60.364312168142234
2022-06-16,60.346582983011416
2022-06-17,59.93004293740834
2022-06-21,58.16635033998419
2022-06-22,58.30815369587303
2022-06-23,59.01717863364878
2022-06-24,58.37019539691571
2022-06-27,58.99058676824167
2022-06-28,60.36431846797525
2022-06-29,60.095289167046175
2022-06-30,58.62258207785575
2022-07-01,59.36339571118354
2022-07-05,59.40802956981465
2022-07-06,57.497970371340514
2022-07-07,58.06028667743757
2022-07-08,58.354820169561
2022-07-11,57.73003546430024
2022-07-12,57.48011801352639
2022-07-13,57.730037232381434
2022-07-14,57.203430416692484
2022-07-15,57.73003611723986
2022-07-18,57.56937508795523
2022-07-19,58.131676313494125
2022-07-20,59.434802810469066
2022-07-21,59.042080921392184
2022-07-22,59.45266701635882
2022-07-25,59.5151296662605
2022-07-26,61.30023435508174
2022-07-27,62.88896774425596
2022-07-28,63.72796025998914
2022-07-29,64.44199170587753
2022-08-01,64.20100663429126
2022-08-02,64.8614998239155
2022-08-03,62.906811384214365
2022-08-04,63.138877753601804
2022-08-05,61.71973038829006
2022-08-08,63.576242806094946
2022-08-09,62.647981518360766
2022-08-10,62.897890994487916
2022-08-11,63.48697482890896
2022-08-12,63.3709345780747
2022-08-15,63.8082829734451
2022-08-16,64.87936168150254
2022-08-17,64.52231531900655
2022-08-18,64.56694095691779
2022-08-19,64.93289925878122
2022-08-22,65.37024979455462
2022-08-23,64.69191480375622
2022-08-24,64.59373330173926
2022-08-25,65.4505827256406
2022-08-26,66.10214306399543
2022-08-29,65.28098659862044
2022-08-30,65.04892385442496
2022-08-31,62.92466015365197
2022-09-01,63.46018371736603
2022-09-02,63.28168427324581
2022-09-06,62.951442138896624
2022-09-07,62.21062365216458
2022-09-08,63.121017809749645
2022-09-09,63.34416278234729
2022-09-12,63.64763541291743
2022-09-13,63.05854820010498
2022-09-14,62.264189454440185
2022-09-15,63.35308956896457
2022-09-16,63.01392526319383
2022-09-19,61.0146205694724
2022-09-20,62.74616510864426
2022-09-21,62.71047642880268
2022-09-22,60.987838581073646
2022-09-23,59.21166572016579
2022-09-26,57.17665716968089
2022-09-27,56.74823743698125
2022-09-28,55.89138228681946
2022-09-29,56.338331528814905
2022-09-30,56.11352051688378
2022-10-03,56.347323635490326
2022-10-04,57.912031833167156
2022-10-05,58.71236712391538
2022-10-06,58.325688393530896
2022-10-07,57.2825401359525
2022-10-10,56.71602007543152
2022-10-11,55.71784447331296
2022-10-12,56.24840754223359
2022-10-13,54.85455962128905
2022-10-14,57.82210626354691
2022-10-17,57.0487402194558
2022-10-18,57.95699204918451
2022-10-19,58.01094856167389
2022-10-20,59.00912257795647
2022-10-21,58.0649006701893
2022-10-24,58.61344966112646
2022-10-25,58.181803979002666
2022-10-26,59.62061280779129
2022-10-27,59.70154498216141
2022-10-28,59.62960461289559
2022-10-31,60.349008958717945
2022-11-01,61.13135937486732
2022-11-02,60.510874091019126
2022-11-03,58.847256030091465
2022-11-04,58.217767879852616
2022-11-07,56.976803120724725
2022-11-08,57.84908213564313
2022-11-09,57.84008184991121
2022-11-10,58.046916789734404
2022-11-11,58.703369140625
2022-11-14,58.72136746676768
2022-11-15,58.06490646150219
2022-11-16,57.237585369198825
2022-11-17,56.428254469364624
2022-11-18,56.86888800557442
2022-11-21,57.17463500334378
2022-11-22,58.06490102828182
2022-11-23,58.52352778519491
2022-11-25,58.955156218835796
2022-11-28,58.25374688237423
2022-11-29,57.86706159328755
2022-11-30,58.49655300655724
2022-12-01,60.07922856482492
2022-12-02,57.948000265694
2022-12-05,57.85806991581793
2022-12-06,56.680055471578946
2022-12-07,56.2394231145382
2022-12-08,56.6710578488721
2022-12-09,56.44623903726172
2022-12-12,57.3724794925438
2022-12-13,59.1350209686521
2022-12-14,58.55050639543103
2022-12-15,57.77714507950598
2022-12-16,56.81493489337389
2022-12-19,56.572134792230656
2022-12-20,56.131496782181785
2022-12-21,57.41743065934111
2022-12-22,57.885046126070854
2022-12-23,57.55232720538911
2022-12-27,58.91918911259276
2022-12-28,58.595467003450906
2022-12-29,57.50223138510392
2022-12-30,57.92803660630806
2023-01-03,57.00394314935332
2023-01-04,54.82959450883104
2023-01-05,55.29165251790623
2023-01-06,55.028920802411385
2023-01-09,55.26446667090172
2023-01-10,54.91114221723539
2023-01-11,55.418486176970696
2023-01-12,55.61780323011089
2023-01-13,55.61779680932794
2023-01-17,55.53626158008943
2023-01-18,54.77524557843642
2023-01-19,52.83645495036733
2023-01-20,53.34380340576172
2023-01-23,53.66996082583028
2023-01-24,53.81491021732826
2023-01-25,53.19884980032205
2023-01-26,52.38346584876076
2023-01-27,52.012016374750516
2023-01-30,51.54997910368932
2023-01-31,51.5590375455928
2023-02-01,52.20227380739869
2023-02-02,52.20227558944675
2023-02-03,52.49219394023753
2023-02-06,53.18978861922508
2023-02-07,53.19885146532203
2023-02-08,53.23508668005519
2023-02-09,52.95423387802325
2023-02-10,52.501241125482906
2023-02-13,52.85457486276697
2023-02-14,53.244142740166716
2023-02-15,52.70962833115992
2023-02-16,52.94517063865575
2023-02-17,52.600906978218966
2023-02-21,52.32911040687476
2023-02-22,50.96109383196808
2023-02-23,52.28380986274122
2023-02-24,52.10262147374105
2023-02-27,52.87269610868894
2023-02-28,52.32005064330396
2023-03-01,51.64056674401269
2023-03-02,51.98484469151051
2023-03-03,52.58278308881226
2023-03-06,53.00859156137726
2023-03-07,52.782096552360635
2023-03-08,52.48312739177298
2023-03-09,52.63714124518869
2023-03-10,50.997342434894904
2023-03-13,49.55683570730173
2023-03-14,50.80707441999186
2023-03-15,49.81050354284363
2023-03-16,49.21255942438595
2023-03-17,50.5081047897142
2023-03-20,49.98263760584222
2023-03-21,50.988270460803875
2023-03-22,51.160403839243585
2023-03-23,49.72896163242021
2023-03-24,49.28503793918234
2023-03-27,50.93390980989821
2023-03-28,50.79801296640915
2023-03-29,51.69493026703057
2023-03-30,52.192218167928445
2023-03-31,52.23790014068661
2023-04-03,52.859123432461786
2023-04-04,52.25617421352644
2023-04-05,52.12826525856363
2023-04-06,53.10578047116214
2023-04-10,52.60332896414694
2023-04-11,52.76776356035358
2023-04-12,52.58505388613338
2023-04-13,52.12826495706063
2023-04-14,51.552717885146414
2023-04-17,51.433957909728605
2023-04-18,51.06853306335459
2023-04-19,50.77618469941882
2023-04-20,50.62087649292689
2023-04-21,50.41076040802343
2023-04-24,50.246314189383746
2023-04-25,50.301132196105385
2023-04-26,49.88088523648035
2023-04-27,49.935701914571325
2023-04-28,50.42902799016678
2023-05-01,50.95890187016116
2023-05-02,50.319401699313325
2023-05-03,47.50560564508419
2023-05-04,48.41917884168586
2023-05-05,48.729788403256286
2023-05-08,49.66163540145908
2023-05-09,48.76633517749986
2023-05-10,49.76212200168304
2023-05-11,48.48313044361528
2023-05-12,47.41425612157809
2023-05-15,47.33202887055677
2023-05-16,47.121908083333125
2023-05-17,46.29056436974413
2023-05-18,46.48240551217645
2023-05-19,47.22240422010113
2023-05-22,47.204127414492106
2023-05-23,47.405122029165234
2023-05-24,47.33203327362843
2023-05-25,46.875243136819265
2023-05-26,46.49154201282052
2023-05-30,46.6011749362755
2023-05-31,46.71993957915362
2023-06-01,46.71080041402497
2023-06-02,46.88437702995037
2023-06-05,47.82534721084708
2023-06-06,47.40511239033809
2023-06-07,47.72486741687419
2023-06-08,48.684111321320124
2023-06-09,48.39177525202932
2023-06-12,47.797948293944486
2023-06-13,47.09450446110377
2023-06-14,47.240671210522294
2023-06-15,46.74733977259961
2023-06-16,47.386840235807
2023-06-20,47.27721421858844
2023-06-21,46.56463480778976
2023-06-22,46.86610874440037
2023-06-23,46.31796476056641
2023-06-26,45.450074493342704
2023-06-27,46.007354763694
2023-06-28,46.23575092383507
2023-06-29,46.19332864387316
2023-06-30,47.41112567649586
2023-07-03,47.23584388609271
2023-07-05,47.40190430130985
2023-07-06,47.05132338731192
2023-07-07,46.156427401906804
2023-07-10,46.414746982615604
2023-07-11,46.26713187801344
2023-07-12,47.66945223224099
2023-07-13,47.71557663230926
2023-07-14,47.94622323729381
2023-07-17,46.617716583030244
2023-07-18,46.44242922545561
2023-07-19,47.936993831328394
2023-07-20,48.17686195670646
2023-07-21,48.2045483928834
2023-07-24,47.88164158639229
2023-07-25,47.7340354173346
2023-07-26,47.992349646686804
2023-07-27,48.370617062694635
2023-07-28,47.99235458392664
2023-07-31,48.64738722403556
2023-08-01,48.94260653189184
2023-08-02,48.232217554609825
2023-08-03,48.711959368442535
2023-08-04,49.49614907503065
2023-08-07,49.96665744308006
2023-08-08,49.89286277880661
2023-08-09,49.92976570338772
2023-08-10,51.304394238742454
2023-08-11,50.926143646240234
2023-08-14,50.76929710302873
2023-08-15,49.73601456513801
2023-08-16,49.37621353636329
2023-08-17,49.450020797748756
2023-08-18,49.237828003408346
2023-08-21,49.35776374184235
2023-08-22,49.53304424325034
2023-08-23,48.84111575271651
2023-08-24,49.053310442071854
2023-08-25,49.080982608552105
2023-08-28,48.99795627736619
2023-08-29,49.09021163880868
2023-08-30,48.942598607735434
2023-08-31,49.283958227574935
2023-09-01,49.920537008180524
2023-09-05,49.4131223048317
2023-09-06,47.86319179951823
2023-09-07,47.72480007323342
2023-09-08,47.761713735541115
2023-09-11,47.90931798029266
2023-09-12,47.577193698118506
2023-09-13,48.250671645537196
2023-09-14,49.34854073063573
2023-09-15,50.06814644775292
2023-09-18,50.12350647845497
2023-09-19,50.72316191480147
2023-09-20,49.625311837701176
2023-09-21,49.21015339958298
2023-09-22,48.610477005826496
2023-09-25,47.92777510031145
2023-09-26,48.250672842309456
2023-09-27,48.43518945738989
2023-09-28,48.81071170718678
2023-09-29,48.89452850716441
2023-10-02,48.363669337614226
2023-10-03,46.594152063742335
2023-10-04,47.35784612622966
2023-10-05,46.612781962177145
2023-10-06,47.39509572695867
2023-10-09,48.65239076821471
2023-10-10,50.13318937128684
2023-10-11,50.29151836126174
2023-10-12,50.71061021580079
2023-10-13,50.90618826204644
2023-10-16,50.636112218939466
2023-10-17,50.32877027686816
2023-10-18,51.5767446945694
2023-10-19,50.71061177103132
2023-10-20,50.41258832655964
2023-10-23,49.099425575460515
2023-10-24,49.03422697974725
2023-10-25,48.90384192445379
2023-10-26,48.68963829188672
2023-10-27,48.335740258527366
2023-10-30,47.87938908911274
2023-10-31,47.05981924292653
2023-11-01,47.450981507736174
2023-11-02,46.68729236863054
2023-11-03,49.984182129728914
2023-11-06,50.310144463287294
2023-11-07,48.69895533693843
2023-11-08,48.158784367497496
2023-11-09,47.46960792171907
2023-11-10,47.13432693481445
2023-11-13,47.134332238487474
2023-11-14,48.11221866131248
2023-11-15,48.326425899761595
2023-11-16,48.51269240077125
2023-11-17,48.33574234759542
2023-11-20,47.441663141881456
2023-11-21,47.05050839876303
2023-11-22,46.88286687027637
2023-11-24,47.69312718485724
2023-11-27,47.53480023013754
2023-11-28,47.88870278934087
2023-11-29,47.38578649709584
2023-11-30,47.078444402655315
2023-12-01,47.24608701607629
2023-12-04,47.53479080370977
2023-12-05,47.58136510205451
2023-12-06,46.920128938522865
2023-12-07,46.79904983980381
2023-12-08,47.21815134354926
2023-12-11,46.89217554574891
2023-12-12,46.93875568101258
2023-12-13,46.277509314049915
2023-12-14,47.823508466476305
2023-12-15,47.81420077830387
2023-12-18,47.55342664029255
2023-12-19,47.41372879773824
2023-12-20,47.58136592831748
2023-12-21,46.54759337036914
2023-12-22,47.2460866204397
2023-12-26,47.30196661503072
2023-12-27,47.33921895873441
2023-12-28,46.7098829959788
2023-12-29,46.954430610905284
2024-01-02,47.23661831137989
2024-01-03,47.753942712238135
2024-01-04,47.866813835803335
2024-01-05,47.25543144187578
2024-01-08,47.18958103088591
2024-01-09,47.65047398472655
2024-01-10,47.68809874907689
2024-01-11,47.45295099738214
2024-01-12,47.53760651246397
2024-01-16,47.00146920896441
2024-01-17,45.88215376508895
2024-01-18,45.61878988564862
2024-01-19,45.10146339866345
2024-01-22,44.96037821647095
2024-01-23,44.77225770076712
2024-01-24,45.02621696675761
2024-01-25,44.51830331770724
2024-01-26,44.76285236918122
2024-01-29,44.819289437525484
2024-01-30,44.687602345639654
2024-01-31,45.14849340084064
2024-02-01,44.44305134823448
2024-02-02,44.30196040328579
2024-02-05,43.76582323895334
2024-02-06,42.93809998477848
2024-02-07,43.587113688512694
2024-02-08,43.38018105290301
2024-02-09,45.52473608255579
2024-02-12,44.96978578371035
2024-02-13,45.12027864612699
2024-02-14,44.39601832363555
2024-02-15,44.12324759576037
2024-02-16,44.744039168208474
2024-02-20,45.148496647471006
2024-02-21,45.806909387259346
2024-02-22,46.16433887113598
2024-02-23,46.079691059912996
2024-02-26,45.85393986599972
2024-02-27,45.938597403044696
2024-02-28,46.07968448812059
2024-02-29,46.03265551648845
2024-03-01,45.806908965616046
2024-03-04,46.02324303706519
2024-03-05,47.18017268175668
2024-03-06,47.45295291746739
2024-03-07,47.960872175220494
2024-03-08,48.20542371964062
2024-03-11,48.85443252899028
2024-03-12,48.685131658997214
2024-03-13,48.60046946627703
2024-03-14,48.52522586079938
2024-03-15,47.70691127769655
2024-03-18,48.233644110083965
2024-03-19,48.40294680714999
2024-03-20,48.62869060967886
2024-03-21,49.09899073042801
2024-03-22,49.7009634405505
2024-03-25,49.08017786863328
2024-03-26,49.31532955434236
2024-03-27,49.18937925327538
2024-03-28,50.44285566274233
2024-04-01,51.231025854871355
2024-04-02,50.794209904799395
2024-04-03,50.4143643802919
2024-04-04,50.87967482217424
2024-04-05,49.99654640139706
2024-04-08,50.13898449463124
2024-04-09,50.879675322265015
2024-04-10,50.32889839956272
2024-04-11,51.155054579516815
2024-04-12,51.2785063825549
2024-04-15,50.765719460674646
2024-04-16,49.89208844681339
2024-04-17,49.33182159953223
2024-04-18,49.664179369714674
2024-04-19,49.28434239166687
2024-04-22,50.52831713822066
2024-04-23,50.71823856430805
2024-04-24,50.832184487714336
2024-04-25,52.30408066034096
2024-04-26,52.12364877526242
2024-04-29,51.33548158316314
2024-04-30,51.06959207769712
2024-05-01,50.49983677806038
2024-05-02,52.94030583758069
2024-05-03,52.712400867331006
2024-05-06,52.465506336022045
2024-05-07,52.949799489285446
2024-05-08,52.87383683172673
2024-05-09,53.04476711091552
2024-05-10,53.65251177539789
2024-05-13,54.48816079191709
2024-05-14,53.60502750673012
2024-05-15,54.013362884521484
2024-05-16,54.0228521081797
2024-05-17,53.77596192647476
2024-05-20,53.747467060960055
2024-05-21,54.2222715359602
2024-05-22,53.45309460044452
2024-05-23,53.177705852967826
2024-05-24,52.626937510193514
2024-05-28,52.77887824619468
2024-05-29,52.11415674703766
2024-05-30,51.97171169131122
2024-05-31,52.75988561384152
2024-06-03,54.45017718781027
2024-06-04,53.91840005208701
2024-06-05,53.775955810324305
2024-06-06,53.2821646228627
2024-06-07,52.93081706873589
2024-06-10,53.063761072261265
2024-06-11,53.03526719136434
2024-06-12,53.965879187746914
2024-06-13,52.51298458448264
2024-06-14,51.8957501950991
2024-06-17,51.53489854416316
2024-06-18,51.325984325658204
2024-06-20,51.57288442696895
2024-06-21,52.0381891776034
2024-06-24,52.07616585098731
2024-06-25,53.23468274223995
2024-06-26,52.04768167993369
2024-06-27,52.19961933164827
2024-06-28,52.38808443686178
2024-07-01,52.205938383039204
2024-07-02,52.10049439550989
2024-07-03,52.3880823040349
2024-07-05,52.53187204152181
2024-07-08,52.16759879107531
2024-07-09,52.08132739076753
2024-07-10,52.16759299300368
2024-07-11,53.183725269030425
2024-07-12,53.758891822030584
2024-07-15,54.64081384337454
2024-07-16,54.64080990889833
2024-07-17,54.87088177575405
2024-07-18,55.25432590763877
2024-07-19,55.43646429402489
2024-07-22,55.1009500588604
2024-07-23,55.67611521166781
2024-07-24,55.1009445806729
2024-07-25,54.8325366106796
2024-07-26,55.07219100783535
2024-07-29,55.64735794067383
2024-07-30,55.656940302364326
2024-07-31,56.27044867734701
2024-08-01,55.36935956937189
2024-08-02,56.57720377460324
2024-08-05,55.78155727045353
2024-08-06,54.90922541347685
2024-08-07,56.03079601756118
2024-08-08,56.395076528146774
2024-08-09,56.98941237231006
2024-08-12,56.883964578588284
2024-08-13,56.50051884654073
2024-08-14,56.21293832797539
2024-08-15,56.452589120849716
2024-08-16,56.44300260106161
2024-08-19,56.644311860450564
2024-08-20,56.76892856498806
2024-08-21,56.56761942333834
2024-08-22,56.29921148506266
2024-08-23,56.64431004015869
2024-08-26,56.903129544879704
2024-08-27,56.68265346078923
2024-08-28,56.471761645229606
2024-08-29,56.70183164681708
2024-08-30,56.86478791483152
2024-09-03,57.00858663594741
2024-09-04,57.756300075103454
2024-09-05,57.47830420606517
2024-09-06,56.89354909139703
2024-09-09,56.43341620816704
2024-09-10,57.06609716652082
2024-09-11,57.602924152469974
2024-09-12,57.39202713613929
2024-09-13,56.94148414596119
2024-09-16,58.09181782990521
2024-09-17,58.54236038244093
2024-09-18,58.36022959955771
2024-09-19,57.948022858881075
2024-09-20,57.880924174330616
2024-09-23,58.091808316360165
2024-09-24,58.61904903835705
2024-09-25,58.245187969456445
2024-09-26,57.420782211852725
2024-09-27,57.20989392914395
2024-09-30,58.36727581539809
2024-10-01,58.35761009284022
2024-10-02,58.386612909219586
2024-10-03,58.34793615742174
2024-10-04,58.754008397198405
2024-10-07,59.00538086754391
2024-10-08,58.3286065874354
2024-10-09,57.091066067184826
2024-10-10,57.34244162702064
2024-10-11,57.96120655609191
2024-10-14,58.53163812853357
2024-10-15,58.25125812613246
2024-10-16,59.31476252011095
2024-10-17,59.943197188197686
2024-10-18,60.38793927632673
2024-10-21,61.016379796365065
2024-10-22,60.51363062487056
2024-10-23,60.53296577697686
2024-10-24,60.86168657394108
2024-10-25,60.40728195172337
2024-10-28,59.11173028741924
2024-10-29,59.12140429942286
2024-10-30,59.00538111751654
2024-10-31,58.82168235531871
2024-11-01,58.42529098049399
2024-11-04,57.44879014247966
2024-11-05,57.845189911209076
2024-11-06,59.566140132436615
2024-11-07,58.763671023999834
2024-11-08,57.26509610855963
2024-11-11,57.76784449191734
2024-11-12,59.22774880474183
2024-11-13,59.57580368311839
2024-11-14,58.96670913316201
2024-11-15,58.36727325191301
2024-11-18,59.382439266806045
2024-11-19,59.53713409502187
2024-11-20,59.865851958591335
2024-11-21,60.0398861500391
2024-11-22,61.66414805682363
2024-11-25,62.389266806888706
2024-11-26,61.78983634223525
2024-11-27,61.58680284067829
2024-11-29,61.92520245733309
2024-12-02,61.876855660932485
2024-12-03,61.03571909832698
2024-12-04,59.89486196579116
2024-12-05,60.53296869817949
2024-12-06,59.97220474067542
2024-12-09,59.06339212036213
2024-12-10,59.343771466332704
2024-12-11,59.56613514932287
2024-12-12,60.11723332617548
2024-12-13,58.78300840030169
2024-12-16,58.95704036879276
2024-12-17,58.492963950513754
2024-12-18,58.68633173459528
2024-12-19,57.26509346339695
2024-12-20,57.0523862153772
2024-12-23,57.941869407017194
2024-12-24,58.589646596897595
2024-12-26,58.85068880938381
2024-12-27,58.30926442884186
2024-12-30,58.54130392449371
2024-12-31,59.33268655417474
2025-01-02,59.69346284895159
2025-01-03,59.82996986241315
2025-01-06,59.71296526874348
2025-01-07,59.2059295803095
2025-01-08,59.26443325345584
2025-01-10,60.82453899732319
2025-01-13,61.312068666174184
2025-01-14,62.072623157060605
2025-01-15,64.28601599307659
2025-01-16,64.57853998029137
2025-01-17,65.98263028857224
2025-01-21,67.0552010369813
2025-01-22,67.66948720953316
2025-01-23,67.06495736885215
2025-01-24,68.25452570064611
2025-01-27,67.94250517909036
2025-01-28,66.1191309072568
2025-01-29,66.42141125424358
2025-01-30,67.96200083838525
2025-01-31,68.46904764121791
2025-02-03,68.26428081928653
2025-02-04,69.45385764107674
2025-02-05,70.9067058332405
2025-02-06,71.04322032200147
2025-02-07,70.5849320962328
2025-02-10,70.3119194730173
2025-02-11,70.22416331219121
2025-02-12,70.16565037802121
2025-02-13,69.94139691987851
2025-02-14,70.67269018758938
2025-02-18,70.38992195099546
2025-02-19,71.52098935440218
2025-02-20,71.16023467617234
2025-02-21,71.08222173400573
2025-02-24,70.78969720623381
2025-02-25,71.62825291525301
2025-02-26,72.22303911449275
2025-02-27,71.74525652925846
2025-02-28,71.8037536555669
2025-03-03,73.03234895765438
2025-03-04,73.12986339429288
2025-03-05,72.12554111053625
2025-03-06,72.65206967176708
2025-03-07,71.91102326605183
2025-03-10,72.30105020608218
2025-03-11,72.44730745173705
2025-03-12,72.06702358081084
2025-03-13,71.84276555952228
2025-03-14,72.79833196304773
2025-03-17,74.58270180500736
2025-03-18,74.91422053779137
2025-03-19,75.71377085282505
2025-03-20,76.39631731733725
2025-03-21,77.03011546669701
2025-03-24,76.32806396484375
2025-03-25,76.33781231721234
2025-03-26,76.93259956581491
2025-03-27,77.24462204145392
2025-03-28,77.02036314136728
2025-03-31,77.04611982821675
2025-04-01,77.42889469239262
2025-04-02,78.01778375302074
2025-04-03,76.86944762085643
2025-04-04,75.41685475826819
2025-04-07,69.24336529700817
2025-04-08,73.59131179653963
2025-04-09,70.50946099709174
2025-04-10,72.42334852695822
2025-04-11,73.61093330366457
2025-04-14,75.78982271629208
2025-04-15,75.92723219362121
2025-04-16,77.02648842325604
2025-04-17,77.23259091214769
2025-04-21,77.37000344618077
2025-04-22,76.59463044462197
2025-04-23,76.61426133338446
2025-04-24,76.25111720673695
2025-04-25,76.34926630541803
2025-04-28,76.37870489823152
2025-04-29,75.99592642890737
2025-04-30,76.11370665694845
2025-05-01,74.58259945472166
2025-05-02,78.03741264099953
2025-05-05,80.4812874780913
2025-05-06,81.00146942622743
2025-05-07,80.86407081496854
2025-05-08,81.44314010302368
2025-05-09,80.00036655886632
2025-05-12,80.27518444617766
2025-05-13,79.00908212007162
2025-05-14,77.99815423413729
2025-05-15,78.39075215427772
2025-05-16,79.51944368029068
2025-05-19,79.53907715886689
2025-05-20,79.7255624993292
2025-05-21,79.7942622604901
2025-05-22,79.55870791509533
2025-05-23,80.1475901562558
2025-05-27,81.46277374592914
2025-05-28,81.47258798390538
2025-05-29,80.16721968667116
2025-05-30,80.5107350310748
2025-06-02,81.4922150380308
2025-06-03,81.78666760687753
2025-06-04,82.03203411191136
2025-06-05,80.4518493320018
2025-06-06,80.67758255881475
2025-06-09,80.74628851593219
2025-06-10,80.7364815567938
2025-06-11,80.57943565545095
2025-06-12,80.43221235746874
2025-06-13,82.93499266390437
2025-06-16,82.58165168093461
2025-06-17,82.19888756715415
2025-06-18,83.25887494840705
2025-06-20,83.97535396748587
2025-06-23,84.2697993368487
2025-06-24,83.86739349365234
2025-06-25,83.43554869115907
2025-06-26,82.13018170797113
2025-06-27,82.77795479013392
2025-06-30,83.32226806144449
2025-07-01,84.56676857916034
2025-07-02,82.70989493730936
2025-07-03,83.02595409373825
2025-07-07,83.09509620538566
2025-07-08,82.22592312172931
2025-07-09,81.73207442603236
2025-07-10,80.60609562375167
2025-07-11,81.090071768058
2025-07-14,81.81109090165435
2025-07-15,85.69274474157788
2025-07-16,88.23113558445111
2025-07-17,86.91749090938086
2025-07-18,87.3520813491281
2025-07-21,87.65826342305724
2025-07-22,87.25330435678973
2025-07-23,87.18416970609744
2025-07-24,86.6804492075225
2025-07-25,86.3149890610549
2025-07-28,85.75200459508991
2025-07-29,86.42364559790981
2025-07-30,86.5619155914708
2025-07-31,85.17914422594727
2025-08-01,85.72237603907834
2025-08-04,85.60384969496711
2025-08-05,86.2063414028361
2025-08-06,85.6433597945554
2025-08-07,85.9297929656124
2025-08-08,86.6903113341702
2025-08-11,86.98663257255376
2025-08-12,86.93723905472753
2025-08-13,86.70019790720639
2025-08-14,86.96687819565236
2025-08-15,86.44339679680581
2025-08-18,85.80139510100788
2025-08-19,83.99390665892105
2025-08-20,85.50507970247361
2025-08-21,85.68286724145865
2025-08-22,86.79897204774677
2025-08-25,86.12732854071261
2025-08-26,85.78163524959169
2025-08-27,85.66311298805155
2025-08-28,85.99892817179554
2025-08-29,85.69274708683488
2025-09-02,85.31741731985464
2025-09-03,85.73225774997599
2025-09-04,85.56434135391767
2025-09-05,85.7322542356609
2025-09-08,85.17914021815427
2025-09-09,84.53713375275218
2025-09-10,85.13962925298254
2025-09-11,86.02856051797167
2025-09-12,86.8779847176731
2025-09-15,87.05576858040905
2025-09-16,86.55204197908178
2025-09-17,85.87053270419175
2025-09-18,86.21622547495024
2025-09-19,86.3643818797721
2025-09-22,85.58410453761172
2025-09-23,86.28537109954625
2025-09-24,88.49781104114385
2025-09-25,92.55725714764756
2025-09-26,91.85598671384756
2025-09-29,92.56712517173828
2025-09-30,91.59267256810075
2025-10-01,91.56286911493574
2025-10-02,91.68208777194519
2025-10-03,90.4502579134003
2025-10-06,88.31441216238014
2025-10-07,87.66869584580014
2025-10-08,88.81112244972218
2025-10-09,87.29120214829707
2025-10-10,85.48319229421467
2025-10-13,84.18180978119003
2025-10-14,83.71491121225539
2025-10-15,84.34075947463336
2025-10-16,85.61233082816443
2025-10-17,84.67852135047077
2025-10-20,85.93022231915944
2025-10-21,85.76133995297693
2025-10-22,82.45327482709642
2025-10-23,82.77116914922138
2025-10-24,82.00624745473948
2025-10-27,81.1121700207779
2025-10-28,80.68500436511228
2025-10-29,79.41343247169581
2025-10-30,78.71804101316047
2025-10-31,78.99619557743647
2025-11-03,77.98292120625048
2025-11-04,79.34389758446083
2025-11-05,79.84060306477932
2025-11-06,79.90020256674507
2025-11-07,76.9895038374365
2025-11-10,78.8273196088728
2025-11-11,79.19488384403358
2025-11-12,79.37369830577084
2025-11-13,79.13528419343876
2025-11-14,79.98961121644811
2025-11-17,80.6651319713977
2025-11-18,79.96974639791836
2025-11-19,80.30750152909847
2025-11-20,79.67171800484867
2025-11-21,80.37704898275656
2025-11-24,79.26442386046077
2025-11-25,79.12534691815263
2025-11-26,80.05914449738079
2025-11-28,81.33072472093103
2025-12-01,81.90689691172463
2025-12-02,81.21150671698783
2025-12-03,81.1519098627278
2025-12-04,80.87375408541696
2025-12-05,81.66848286705627
2025-12-08,80.91348473471743
2025-12-09,81.3505859375
2025-12-10,81.32078656422624
2025-12-11,81.5095404443187
2025-12-12,82.45327350651239
2025-12-15,81.82742996337272
2025-12-16,81.74795111257627
2025-12-17,81.19164614979483
2025-12-18,81.46979910097095
2025-12-19,81.37045944535036
2025-12-22,80.61546609393821
2025-12-23,81.90689871685984
2025-12-24,81.99630861181832
2025-12-26,80.98302163289772
2025-12-29,80.69493520053557
2025-12-30,80.6353315062614
2025-12-31,80.69999694824219
2026-01-02,80.02999877929688
2026-01-05,82.52999877929688
2026-01-06,81.58999633789062
2026-01-07,79.62999725341797
2026-01-08,78.58000183105469
2026-01-09,78.37999725341797
2026-01-12,78.58000183105469
2026-01-13,78.94000244140625
2026-01-14,79.91000366210938
2026-01-15,80.2300033569336
2026-01-16,80.76000213623047
2026-01-20,81.38999938964844
2026-01-21,81.94999694824219
2026-01-22,83.12000274658203
2026-01-23,82.1500015258789
2026-01-26,82.19000244140625
2026-01-27,82.8499984741211
2026-01-28,83.2699966430664
2026-01-29,81.69999694824219
2026-01-30,84.0199966430664
2026-02-02,83.2300033569336
2026-02-03,83.1500015258789
2026-02-04,84.12000274658203
2026-02-05,84.5199966430664
2026-02-06,85.6500015258789
2026-02-09,85.87999725341797
2026-02-10,85.44000244140625
2026-02-11,85.30000305175781
2026-02-12,85.25
2026-02-13,85.30000305175781
2026-02-17,87.4000015258789
2026-02-18,87.45999908447266
2026-02-19,86.88999938964844
2026-02-20,88.38999938964844
2026-02-23,89.44999694824219
2026-02-24,87.66000366210938
2026-02-25,87.56999969482422
2026-02-26,88.33000183105469
2026-02-27,89.80000305175781
2026-03-02,91.98999786376953
2026-03-03,92.58999633789062
2026-03-04,92.69000244140625
2026-03-05,93.1500015258789
2026-03-06,92.69999694824219
2026-03-09,93.2699966430664
2026-03-10,92.29000091552734
2026-03-11,90.87999725341797
2026-03-12,92.54000091552734
2026-03-13,94.55999755859375
2026-03-16,96.7699966430664
2026-03-17,95.0999984741211
2026-03-18,93.33999633789062
2026-03-19,92.87999725341797
2026-03-20,92.94999694824219
2026-03-23,91.88999938964844
2026-03-24,93.18000030517578
2026-03-25,94.7300033569336
2026-03-26,94.47000122070312
2026-03-27,94.91999816894531
