Date,high
2000-11-29,708.75
2000-11-30,646.875
2000-12-01,725.625
2000-12-04,725.625
2000-12-05,697.5
2000-12-06,708.75
2000-12-07,686.25
2000-12-08,669.375
2000-12-11,787.5
2000-12-12,821.25
2000-12-13,832.5
2000-12-14,742.5
2000-12-15,720.0
2000-12-18,717.1875
2000-12-19,697.5
2000-12-20,652.5
2000-12-21,658.125
2000-12-22,691.875
2000-12-26,742.5
2000-12-27,810.0
2000-12-28,849.375
2000-12-29,900.0
2001-01-02,1023.75
2001-01-03,1147.5
2001-01-04,1141.875
2001-01-05,1001.25
2001-01-08,1001.25
2001-01-09,915.46875
2001-01-10,787.5
2001-01-11,810.0
2001-01-12,810.0
2001-01-16,832.5
2001-01-17,821.25
2001-01-18,810.0
2001-01-19,787.5
2001-01-22,787.5
2001-01-23,855.0
2001-01-24,911.25
2001-01-25,916.875
2001-01-26,883.125
2001-01-29,916.875
2001-01-30,933.75
2001-01-31,888.75
2001-02-01,866.25
2001-02-02,860.625
2001-02-05,831.09375
2001-02-06,804.375
2001-02-07,765.0
2001-02-08,765.0
2001-02-09,742.5
2001-02-12,787.5
2001-02-13,742.5
2001-02-14,787.5
2001-02-15,720.0
2001-02-16,663.75
2001-02-20,720.0
2001-02-21,624.375
2001-02-22,534.375
2001-02-23,450.0
2001-02-26,438.75
2001-02-27,433.125
2001-02-28,438.75
2001-03-01,495.0
2001-03-02,540.0
2001-03-05,607.5
2001-03-06,585.0
2001-03-07,566.71875
2001-03-08,506.25
2001-03-09,461.25
2001-03-12,461.25
2001-03-13,450.0
2001-03-14,438.75
2001-03-15,450.0
2001-03-16,438.75
2001-03-19,438.75
2001-03-20,450.0
2001-03-21,438.75
2001-03-22,416.25
2001-03-23,437.34375
2001-03-26,382.5
2001-03-27,348.75
2001-03-28,348.75
2001-03-29,348.75
2001-03-30,348.75
2001-04-02,337.5
2001-04-03,331.875
2001-04-04,315.0
2001-04-05,315.0
2001-04-06,315.0
2001-04-09,359.1000061035156
2001-04-10,358.20001220703125
2001-04-11,357.29998779296875
2001-04-12,360.0
2001-04-16,369.8999938964844
2001-04-17,351.8999938964844
2001-04-18,459.8999938964844
2001-04-19,472.5
2001-04-20,432.0
2001-04-23,436.5
2001-04-24,423.8999938964844
2001-04-25,418.5
2001-04-26,423.0
2001-04-27,423.0
2001-04-30,444.6000061035156
2001-05-01,423.0
2001-05-02,442.79998779296875
2001-05-03,465.29998779296875
2001-05-04,495.0
2001-05-07,536.4000244140625
2001-05-08,539.0999755859375
2001-05-09,629.0999755859375
2001-05-10,666.0
2001-05-11,715.5
2001-05-14,717.2999877929688
2001-05-15,715.5
2001-05-16,714.5999755859375
2001-05-17,711.0
2001-05-18,628.2000122070312
2001-05-21,576.0
2001-05-22,562.5
2001-05-23,540.0
2001-05-24,627.2999877929688
2001-05-25,643.5
2001-05-29,544.5
2001-05-30,540.0
2001-05-31,541.7999877929688
2001-06-01,541.7999877929688
2001-06-04,539.0999755859375
2001-06-05,549.0
2001-06-06,553.5
2001-06-07,562.5
2001-06-08,558.0
2001-06-11,525.5999755859375
2001-06-12,480.6000061035156
2001-06-13,477.0
2001-06-14,481.5
2001-06-15,513.0
2001-06-18,508.5
2001-06-19,494.1000061035156
2001-06-20,472.5
2001-06-21,472.5
2001-06-22,540.0
2001-06-25,549.0
2001-06-26,585.0
2001-06-27,589.5
2001-06-28,589.5
2001-06-29,765.0
2001-07-02,666.0
2001-07-03,693.0
2001-07-05,720.0
2001-07-06,707.4000244140625
2001-07-09,705.5999755859375
2001-07-10,724.5
2001-07-11,733.5
2001-07-12,756.0
2001-07-13,758.7000122070312
2001-07-16,778.5
2001-07-17,775.7999877929688
2001-07-18,787.5
2001-07-19,768.5999755859375
2001-07-20,760.5
2001-07-23,759.5999755859375
2001-07-24,733.5
2001-07-25,746.0999755859375
2001-07-26,741.5999755859375
2001-07-27,738.0
2001-07-30,718.2000122070312
2001-07-31,760.5
2001-08-01,760.5
2001-08-02,765.0
2001-08-03,725.4000244140625
2001-08-06,719.0999755859375
2001-08-07,715.5
2001-08-08,703.7999877929688
2001-08-09,666.0
2001-08-10,651.5999755859375
2001-08-13,643.5
2001-08-14,630.0
2001-08-15,585.0
2001-08-16,578.7000122070312
2001-08-17,567.0
2001-08-20,554.4000244140625
2001-08-21,526.5
2001-08-22,503.1000061035156
2001-08-23,539.0999755859375
2001-08-24,584.0999755859375
2001-08-27,600.2999877929688
2001-08-28,563.4000244140625
2001-08-29,542.7000122070312
2001-08-30,513.0
2001-08-31,522.0
2001-09-04,554.4000244140625
2001-09-05,522.0
2001-09-06,512.0999755859375
2001-09-07,517.5
2001-09-10,518.4000244140625
2001-09-17,513.0
2001-09-18,503.1000061035156
2001-09-19,504.0
2001-09-20,519.2999877929688
2001-09-21,474.29998779296875
2001-09-24,494.1000061035156
2001-09-25,491.3999938964844
2001-09-26,463.5
2001-09-27,441.0
2001-09-28,450.0
2001-10-01,451.79998779296875
2001-10-02,459.8999938964844
2001-10-03,423.0
2001-10-04,450.0
2001-10-05,450.0
2001-10-08,458.1000061035156
2001-10-09,453.6000061035156
2001-10-10,477.0
2001-10-11,495.0
2001-10-12,513.0
2001-10-15,522.0
2001-10-16,540.0
2001-10-17,544.5
2001-10-18,526.5
2001-10-19,522.0
2001-10-22,540.0
2001-10-23,513.0
2001-10-24,504.0
2001-10-25,545.4000244140625
2001-10-26,556.2000122070312
2001-10-29,577.7999877929688
2001-10-30,561.5999755859375
2001-10-31,557.0999755859375
2001-11-01,549.0
2001-11-02,554.4000244140625
2001-11-05,539.0999755859375
2001-11-06,530.0999755859375
2001-11-07,535.5
2001-11-08,540.0
2001-11-09,477.0
2001-11-12,495.0
2001-11-13,531.0
2001-11-14,531.0
2001-11-15,531.0
2001-11-16,517.5
2001-11-19,507.6000061035156
2001-11-20,517.5
2001-11-21,495.0
2001-11-23,483.29998779296875
2001-11-26,486.0
2001-11-27,486.0
2001-11-28,543.5999755859375
2001-11-29,535.5
2001-11-30,517.5
2001-12-03,503.1000061035156
2001-12-04,486.8999938964844
2001-12-05,472.5
2001-12-06,472.5
2001-12-07,474.29998779296875
2001-12-10,445.5
2001-12-11,445.5
2001-12-12,411.29998779296875
2001-12-13,400.5
2001-12-14,391.5
2001-12-17,392.3999938964844
2001-12-18,400.5
2001-12-19,404.1000061035156
2001-12-20,382.5
2001-12-21,387.8999938964844
2001-12-24,418.5
2001-12-26,423.0
2001-12-27,459.0
2001-12-28,470.70001220703125
2001-12-31,450.0
2002-01-02,419.3999938964844
2002-01-03,450.0
2002-01-04,450.0
2002-01-07,470.70001220703125
2002-01-08,463.5
2002-01-09,459.0
2002-01-10,468.0
2002-01-11,459.0
2002-01-14,454.5
2002-01-15,450.0
2002-01-16,454.5
2002-01-17,436.5
2002-01-18,411.29998779296875
2002-01-22,414.0
2002-01-23,414.0
2002-01-24,432.0
2002-01-25,440.1000061035156
2002-01-28,409.5
2002-01-29,417.6000061035156
2002-01-30,424.79998779296875
2002-01-31,423.0
2002-02-01,422.1000061035156
2002-02-04,414.0
2002-02-05,400.5
2002-02-06,404.1000061035156
2002-02-07,402.29998779296875
2002-02-08,405.0
2002-02-11,432.0
2002-02-12,410.3999938964844
2002-02-13,399.6000061035156
2002-02-14,411.29998779296875
2002-02-15,382.5
2002-02-19,396.0
2002-02-20,381.6000061035156
2002-02-21,372.6000061035156
2002-02-22,377.1000061035156
2002-02-25,370.79998779296875
2002-02-26,351.0
2002-02-27,364.5
2002-02-28,369.0
2002-03-01,355.5
2002-03-04,360.0
2002-03-05,355.5
2002-03-06,359.1000061035156
2002-03-07,360.0
2002-03-08,373.5
2002-03-11,360.0
2002-03-12,364.5
2002-03-13,360.0
2002-03-14,358.20001220703125
2002-03-15,360.0
2002-03-18,336.6000061035156
2002-03-19,319.5
2002-03-20,315.0
2002-03-21,315.0
2002-03-22,341.1000061035156
2002-03-25,355.5
2002-03-26,336.6000061035156
2002-03-27,324.0
2002-03-28,324.0
2002-04-01,337.5
2002-04-02,337.5
2002-04-03,337.5
2002-04-04,334.79998779296875
2002-04-05,355.5
2002-04-08,349.20001220703125
2002-04-09,336.6000061035156
2002-04-10,387.0
2002-04-11,360.0
2002-04-12,405.0
2002-04-15,405.0
2002-04-16,431.1000061035156
2002-04-17,457.20001220703125
2002-04-18,413.1000061035156
2002-04-19,432.0
2002-04-22,441.0
2002-04-23,443.70001220703125
2002-04-24,484.20001220703125
2002-04-25,461.70001220703125
2002-04-26,422.1000061035156
2002-04-29,443.70001220703125
2002-04-30,440.1000061035156
2002-05-01,426.6000061035156
2002-05-02,434.70001220703125
2002-05-03,433.79998779296875
2002-05-06,444.6000061035156
2002-05-07,378.0
2002-05-08,369.0
2002-05-09,349.20001220703125
2002-05-10,350.1000061035156
2002-05-13,332.1000061035156
2002-05-14,360.0
2002-05-15,355.5
2002-05-16,357.29998779296875
2002-05-17,337.5
2002-05-20,324.0
2002-05-21,327.6000061035156
2002-05-22,326.70001220703125
2002-05-23,337.5
2002-05-24,360.0
2002-05-28,332.1000061035156
2002-05-29,313.20001220703125
2002-05-30,319.5
2002-05-31,357.29998779296875
2002-06-03,360.0
2002-06-04,368.1000061035156
2002-06-05,361.79998779296875
2002-06-06,337.5
2002-06-07,313.20001220703125
2002-06-10,315.8999938964844
2002-06-11,326.70001220703125
2002-06-12,335.70001220703125
2002-06-13,288.0
2002-06-14,278.1000061035156
2002-06-17,278.1000061035156
2002-06-18,274.5
2002-06-19,297.0
2002-06-20,279.0
2002-06-21,312.29998779296875
2002-06-24,281.70001220703125
2002-06-25,252.89999389648438
2002-06-26,234.0
2002-06-27,266.3999938964844
2002-06-28,328.5
2002-07-01,296.1000061035156
2002-07-02,251.10000610351562
2002-07-03,235.8000030517578
2002-07-05,270.0
2002-07-08,270.0
2002-07-09,267.29998779296875
2002-07-10,276.29998779296875
2002-07-11,265.5
2002-07-12,259.20001220703125
2002-07-15,223.1999969482422
2002-07-16,214.1999969482422
2002-07-17,206.10000610351562
2002-07-18,210.60000610351562
2002-07-19,210.60000610351562
2002-07-22,209.6999969482422
2002-07-23,201.60000610351562
2002-07-24,198.0
2002-07-25,218.6999969482422
2002-07-26,212.39999389648438
2002-07-29,217.8000030517578
2002-07-30,224.10000610351562
2002-07-31,225.0
2002-08-01,209.6999969482422
2002-08-02,208.8000030517578
2002-08-05,214.1999969482422
2002-08-06,211.5
2002-08-07,205.1999969482422
2002-08-08,202.5
2002-08-09,208.8000030517578
2002-08-12,227.6999969482422
2002-08-13,222.3000030517578
2002-08-14,215.10000610351562
2002-08-15,218.6999969482422
2002-08-16,224.10000610351562
2002-08-19,227.6999969482422
2002-08-20,226.8000030517578
2002-08-21,225.0
2002-08-22,222.3000030517578
2002-08-23,220.5
2002-08-26,225.0
2002-08-27,211.5
2002-08-28,215.10000610351562
2002-08-29,209.6999969482422
2002-08-30,210.60000610351562
2002-09-03,198.89999389648438
2002-09-04,201.60000610351562
2002-09-05,207.0
2002-09-06,207.0
2002-09-09,206.10000610351562
2002-09-10,209.6999969482422
2002-09-11,211.5
2002-09-12,199.8000030517578
2002-09-13,204.3000030517578
2002-09-16,199.8000030517578
2002-09-17,207.0
2002-09-18,189.89999389648438
2002-09-19,186.3000030517578
2002-09-20,185.39999389648438
2002-09-23,177.3000030517578
2002-09-24,150.3000030517578
2002-09-25,157.5
2002-09-26,148.5
2002-09-27,139.5
2002-09-30,149.39999389648438
2002-10-01,171.0
2002-10-02,183.60000610351562
2002-10-03,163.8000030517578
2002-10-04,151.1999969482422
2002-10-07,162.0
2002-10-08,153.0
2002-10-09,157.5
2002-10-10,157.5
2002-10-11,182.6999969482422
2002-10-14,157.5
2002-10-15,157.5
2002-10-16,157.5
2002-10-17,153.0
2002-10-18,162.0
2002-10-21,165.60000610351562
2002-10-22,162.0
2002-10-23,153.0
2002-10-24,139.5
2002-10-25,135.89999389648438
2002-10-28,135.0
2002-10-29,135.0
2002-10-30,138.60000610351562
2002-10-31,141.3000030517578
2002-11-01,139.5
2002-11-04,139.5
2002-11-05,139.5
2002-11-06,144.0
2002-11-07,142.1999969482422
2002-11-08,135.0
2002-11-11,135.89999389648438
2002-11-12,119.69999694824219
2002-11-13,135.0
2002-11-14,128.6999969482422
2002-11-15,127.80000305175781
2002-11-18,125.0999984741211
2002-11-19,122.4000015258789
2002-11-20,126.0
2002-11-21,126.0
2002-11-22,126.0
2002-11-25,134.10000610351562
2002-11-26,130.5
2002-11-27,139.5
2002-11-29,144.0
2002-12-02,143.10000610351562
2002-12-03,133.1999969482422
2002-12-04,121.5
2002-12-05,126.0
2002-12-06,125.0999984741211
2002-12-09,117.9000015258789
2002-12-10,117.0
2002-12-11,115.19999694824219
2002-12-12,115.19999694824219
2002-12-13,108.9000015258789
2002-12-16,112.5
2002-12-17,108.0
2002-12-18,106.19999694824219
2002-12-19,103.5
2002-12-20,106.19999694824219
2002-12-23,105.30000305175781
2002-12-24,99.0
2002-12-26,103.5
2002-12-27,102.5999984741211
2002-12-30,99.0
2002-12-31,102.5999984741211
2003-01-02,117.9000015258789
2003-01-03,107.0999984741211
2003-01-06,103.5
2003-01-07,104.4000015258789
2003-01-08,98.0999984741211
2003-01-09,96.30000305175781
2003-01-10,95.4000015258789
2003-01-13,98.0999984741211
2003-01-14,110.69999694824219
2003-01-15,103.5
2003-01-16,103.5
2003-01-17,103.5
2003-01-21,96.30000305175781
2003-01-22,92.69999694824219
2003-01-23,91.80000305175781
2003-01-24,89.0999984741211
2003-01-27,81.0
2003-01-28,82.80000305175781
2003-01-29,82.80000305175781
2003-01-30,83.69999694824219
2003-01-31,82.80000305175781
2003-02-03,81.0
2003-02-04,79.19999694824219
2003-02-05,79.19999694824219
2003-02-06,78.30000305175781
2003-02-07,76.5
2003-02-10,76.5
2003-02-11,72.9000015258789
2003-02-12,76.5
2003-02-13,74.69999694824219
2003-02-14,80.0999984741211
2003-02-18,80.0999984741211
2003-02-19,76.5
2003-02-20,77.4000015258789
2003-02-21,76.5
2003-02-24,75.5999984741211
2003-02-25,76.5
2003-02-26,72.9000015258789
2003-02-27,73.80000305175781
2003-02-28,72.0
2003-03-03,63.0
2003-03-04,70.19999694824219
2003-03-05,72.9000015258789
2003-03-06,72.9000015258789
2003-03-07,66.5999984741211
2003-03-10,58.5
2003-03-11,60.29999923706055
2003-03-12,54.900001525878906
2003-03-13,54.0
2003-03-14,60.29999923706055
2003-03-17,58.5
2003-03-18,58.5
2003-03-19,62.099998474121094
2003-03-20,54.900001525878906
2003-03-21,61.20000076293945
2003-03-24,70.19999694824219
2003-03-25,75.5999984741211
2003-03-26,81.9000015258789
2003-03-27,73.80000305175781
2003-03-28,82.80000305175781
2003-03-31,77.4000015258789
2003-04-01,75.5999984741211
2003-04-02,72.0
2003-04-03,83.69999694824219
2003-04-04,81.0
2003-04-07,71.0999984741211
2003-04-08,69.30000305175781
2003-04-09,70.19999694824219
2003-04-10,70.19999694824219
2003-04-11,64.80000305175781
2003-04-14,66.5999984741211
2003-04-15,67.5
2003-04-16,68.4000015258789
2003-04-17,69.30000305175781
2003-04-21,66.5999984741211
2003-04-22,70.19999694824219
2003-04-23,74.69999694824219
2003-04-24,72.9000015258789
2003-04-25,72.0
2003-04-28,83.69999694824219
2003-04-29,91.80000305175781
2003-04-30,92.69999694824219
2003-05-01,84.5999984741211
2003-05-02,86.4000015258789
2003-05-05,88.19999694824219
2003-05-06,94.5
2003-05-07,102.5999984741211
2003-05-08,103.5
2003-05-09,93.5999984741211
2003-05-12,94.5
2003-05-13,94.5
2003-05-14,96.30000305175781
2003-05-15,97.19999694824219
2003-05-16,90.9000015258789
2003-05-19,99.9000015258789
2003-05-20,98.0999984741211
2003-05-21,90.0
2003-05-22,94.5
2003-05-23,94.5
2003-05-27,94.5
2003-05-28,99.0
2003-05-29,117.0
2003-05-30,133.1999969482422
2003-06-02,153.89999389648438
2003-06-03,140.39999389648438
2003-06-04,140.39999389648438
2003-06-05,137.6999969482422
2003-06-06,142.1999969482422
2003-06-09,136.8000030517578
2003-06-10,135.0
2003-06-11,117.0
2003-06-12,117.9000015258789
2003-06-13,126.9000015258789
2003-06-16,126.0
2003-06-17,113.4000015258789
2003-06-18,110.69999694824219
2003-06-19,106.19999694824219
2003-06-20,101.69999694824219
2003-06-23,99.9000015258789
2003-06-24,94.5
2003-06-25,90.0
2003-06-26,85.9000015258789
2003-06-27,108.0
2003-06-30,108.5
2003-07-01,104.19999694824219
2003-07-02,102.5999984741211
2003-07-03,98.9000015258789
2003-07-07,95.5999984741211
2003-07-08,82.69999694824219
2003-07-09,82.69999694824219
2003-07-10,83.0
2003-07-11,82.0999984741211
2003-07-14,82.5
2003-07-15,81.69999694824219
2003-07-16,83.9000015258789
2003-07-17,83.5
2003-07-18,81.5
2003-07-21,90.0
2003-07-22,88.0
2003-07-23,88.0
2003-07-24,87.5
2003-07-25,92.30000305175781
2003-07-28,96.0
2003-07-29,96.5
2003-07-30,102.0999984741211
2003-07-31,108.0
2003-08-01,105.5
2003-08-04,101.5
2003-08-05,89.0
2003-08-06,78.30000305175781
2003-08-07,76.19999694824219
2003-08-08,76.0999984741211
2003-08-11,75.0999984741211
2003-08-12,73.5999984741211
2003-08-13,75.5
2003-08-14,78.19999694824219
2003-08-15,78.0999984741211
2003-08-18,76.5
2003-08-19,80.0
2003-08-20,79.9000015258789
2003-08-21,84.9000015258789
2003-08-22,86.4000015258789
2003-08-25,85.5999984741211
2003-08-26,86.19999694824219
2003-08-27,87.5999984741211
2003-08-28,86.5999984741211
2003-08-29,90.0
2003-09-02,89.9000015258789
2003-09-03,89.19999694824219
2003-09-04,92.5999984741211
2003-09-05,97.0
2003-09-08,105.0
2003-09-09,102.80000305175781
2003-09-10,101.0
2003-09-11,100.0999984741211
2003-09-12,101.0
2003-09-15,105.0
2003-09-16,129.8000030517578
2003-09-17,150.0
2003-09-18,144.5
2003-09-19,142.5
2003-09-22,142.89999389648438
2003-09-23,150.0
2003-09-24,150.0
2003-09-25,147.5
2003-09-26,141.39999389648438
2003-09-29,139.5
2003-09-30,150.0
2003-10-01,145.0
2003-10-02,142.39999389648438
2003-10-03,139.3000030517578
2003-10-06,139.89999389648438
2003-10-07,136.39999389648438
2003-10-08,138.6999969482422
2003-10-09,136.5
2003-10-10,136.0
2003-10-13,135.0
2003-10-14,133.0
2003-10-15,138.5
2003-10-16,138.8000030517578
2003-10-17,134.0
2003-10-20,138.3000030517578
2003-10-21,134.3000030517578
2003-10-22,126.0999984741211
2003-10-23,127.80000305175781
2003-10-24,130.1999969482422
2003-10-27,133.8000030517578
2003-10-28,133.1999969482422
2003-10-29,133.3000030517578
2003-10-30,131.10000610351562
2003-10-31,133.1999969482422
2003-11-03,131.0
2003-11-04,130.0
2003-11-05,140.0
2003-11-06,150.0
2003-11-07,161.60000610351562
2003-11-10,157.39999389648438
2003-11-11,154.5
2003-11-12,159.6999969482422
2003-11-13,159.89999389648438
2003-11-14,157.89999389648438
2003-11-17,159.6999969482422
2003-11-18,157.5
2003-11-19,158.6999969482422
2003-11-20,161.0
2003-11-21,160.5
2003-11-24,161.39999389648438
2003-11-25,165.3000030517578
2003-11-26,163.5
2003-11-28,166.39999389648438
2003-12-01,165.39999389648438
2003-12-02,173.60000610351562
2003-12-03,190.0
2003-12-04,191.0
2003-12-05,192.5
2003-12-08,190.0
2003-12-09,180.10000610351562
2003-12-10,171.6999969482422
2003-12-11,174.3000030517578
2003-12-12,177.39999389648438
2003-12-15,177.10000610351562
2003-12-16,170.0
2003-12-17,179.5
2003-12-18,184.0
2003-12-19,184.60000610351562
2003-12-22,181.3000030517578
2003-12-23,174.8000030517578
2003-12-24,170.1999969482422
2003-12-26,171.0
2003-12-29,177.1999969482422
2003-12-30,183.89999389648438
2003-12-31,192.0
2004-01-02,205.0
2004-01-05,201.39999389648438
2004-01-06,201.5
2004-01-07,208.6999969482422
2004-01-08,222.8000030517578
2004-01-09,225.39999389648438
2004-01-12,229.0
2004-01-13,229.0
2004-01-14,222.6999969482422
2004-01-15,225.0
2004-01-16,224.0
2004-01-20,229.5
2004-01-21,229.0
2004-01-22,237.0
2004-01-23,234.3000030517578
2004-01-26,246.39999389648438
2004-01-27,265.0
2004-01-28,254.60000610351562
2004-01-29,249.5
2004-01-30,249.8000030517578
2004-02-02,245.0
2004-02-03,249.8000030517578
2004-02-04,250.0
2004-02-05,248.89999389648438
2004-02-06,235.0
2004-02-09,234.0
2004-02-10,239.39999389648438
2004-02-11,243.5
2004-02-12,236.10000610351562
2004-02-13,227.1999969482422
2004-02-17,224.39999389648438
2004-02-18,224.3000030517578
2004-02-19,220.0
2004-02-20,208.89999389648438
2004-02-23,199.89999389648438
2004-02-24,198.0
2004-02-25,199.89999389648438
2004-02-26,200.0
2004-02-27,201.0
2004-03-01,197.1999969482422
2004-03-02,198.10000610351562
2004-03-03,195.0
2004-03-04,191.5
2004-03-05,190.1999969482422
2004-03-08,192.1999969482422
2004-03-09,192.5
2004-03-10,190.89999389648438
2004-03-11,186.89999389648438
2004-03-12,190.3000030517578
2004-03-15,189.89999389648438
2004-03-16,179.1999969482422
2004-03-17,180.0
2004-03-18,187.5
2004-03-19,200.0
2004-03-22,199.39999389648438
2004-03-23,201.8000030517578
2004-03-24,193.0
2004-03-25,193.5
2004-03-26,193.0
2004-03-29,207.6999969482422
2004-03-30,219.5
2004-03-31,224.89999389648438
2004-04-01,229.0
2004-04-02,236.60000610351562
2004-04-05,233.6999969482422
2004-04-06,210.89999389648438
2004-04-07,214.60000610351562
2004-04-08,215.0
2004-04-12,200.0
2004-04-13,196.10000610351562
2004-04-14,185.1999969482422
2004-04-15,195.0
2004-04-16,203.10000610351562
2004-04-19,210.0
2004-04-20,206.5
2004-04-21,215.0
2004-04-22,212.5
2004-04-23,215.0
2004-04-26,213.0
2004-04-27,215.0
2004-04-28,213.10000610351562
2004-04-29,213.89999389648438
2004-04-30,213.3000030517578
2004-05-03,214.89999389648438
2004-05-04,212.5
2004-05-05,215.0
2004-05-06,214.6999969482422
2004-05-07,215.0
2004-05-10,213.5
2004-05-11,210.89999389648438
2004-05-12,213.10000610351562
2004-05-13,213.1999969482422
2004-05-14,203.5
2004-05-17,202.0
2004-05-18,200.5
2004-05-19,202.5
2004-05-20,180.0
2004-05-21,174.8000030517578
2004-05-24,177.5
2004-05-25,174.60000610351562
2004-05-26,178.8000030517578
2004-05-27,181.0
2004-05-28,180.60000610351562
2004-06-01,180.10000610351562
2004-06-02,180.5
2004-06-03,177.89999389648438
2004-06-04,177.10000610351562
2004-06-07,180.39999389648438
2004-06-08,175.1999969482422
2004-06-09,176.1999969482422
2004-06-10,166.5
2004-06-14,163.39999389648438
2004-06-15,160.0
2004-06-16,163.0
2004-06-17,160.0
2004-06-18,157.8000030517578
2004-06-21,159.39999389648438
2004-06-22,155.60000610351562
2004-06-23,155.0
2004-06-24,159.10000610351562
2004-06-25,160.0
2004-06-28,159.10000610351562
2004-06-29,150.0
2004-06-30,145.0
2004-07-01,153.0
2004-07-02,153.0
2004-07-06,153.6999969482422
2004-07-07,149.1999969482422
2004-07-08,142.39999389648438
2004-07-09,137.1999969482422
2004-07-12,135.5
2004-07-13,130.0
2004-07-14,126.4000015258789
2004-07-15,117.19999694824219
2004-07-16,122.30000305175781
2004-07-19,118.9000015258789
2004-07-20,135.0
2004-07-21,146.3000030517578
2004-07-22,140.6999969482422
2004-07-23,138.89999389648438
2004-07-26,137.10000610351562
2004-07-27,139.89999389648438
2004-07-28,141.1999969482422
2004-07-29,136.0
2004-07-30,137.5
2004-08-02,202.39999389648438
2004-08-03,198.89999389648438
2004-08-04,198.5
2004-08-05,197.6999969482422
2004-08-06,200.0
2004-08-09,207.3000030517578
2004-08-10,199.39999389648438
2004-08-11,209.5
2004-08-12,233.8000030517578
2004-08-13,224.39999389648438
2004-08-16,219.8000030517578
2004-08-17,227.5
2004-08-18,220.39999389648438
2004-08-19,218.89999389648438
2004-08-20,221.8000030517578
2004-08-23,222.0
2004-08-24,207.0
2004-08-25,200.0
2004-08-26,206.0
2004-08-27,203.5
2004-08-30,206.89999389648438
2004-08-31,212.0
2004-09-01,217.5
2004-09-02,209.10000610351562
2004-09-03,209.60000610351562
2004-09-07,213.8000030517578
2004-09-08,212.5
2004-09-09,212.0
2004-09-10,220.0
2004-09-13,227.5
2004-09-14,220.0
2004-09-15,235.39999389648438
2004-09-16,244.5
2004-09-17,243.89999389648438
2004-09-20,239.60000610351562
2004-09-21,244.5
2004-09-22,238.60000610351562
2004-09-23,242.5
2004-09-24,240.39999389648438
2004-09-27,240.8000030517578
2004-09-28,253.0
2004-09-29,250.60000610351562
2004-09-30,253.1999969482422
2004-10-01,255.0
2004-10-04,258.20001220703125
2004-10-05,254.1999969482422
2004-10-06,249.89999389648438
2004-10-07,251.3000030517578
2004-10-08,252.5
2004-10-11,263.5
2004-10-12,262.3999938964844
2004-10-13,264.79998779296875
2004-10-14,264.29998779296875
2004-10-15,267.70001220703125
2004-10-18,267.20001220703125
2004-10-19,265.0
2004-10-20,262.0
2004-10-21,262.0
2004-10-22,255.0
2004-10-25,255.8000030517578
2004-10-26,242.89999389648438
2004-10-27,251.39999389648438
2004-10-28,251.5
2004-10-29,251.0
2004-11-01,240.6999969482422
2004-11-02,245.5
2004-11-03,244.5
2004-11-04,263.0
2004-11-05,278.8999938964844
2004-11-08,262.3999938964844
2004-11-09,282.3999938964844
2004-11-10,285.20001220703125
2004-11-11,286.79998779296875
2004-11-12,287.0
2004-11-15,290.0
2004-11-16,288.0
2004-11-17,286.0
2004-11-18,280.79998779296875
2004-11-19,270.8999938964844
2004-11-22,253.8000030517578
2004-11-23,250.3000030517578
2004-11-24,244.5
2004-11-26,248.89999389648438
2004-11-29,251.3000030517578
2004-11-30,250.89999389648438
2004-12-01,268.6000061035156
2004-12-02,257.5
2004-12-03,256.20001220703125
2004-12-06,252.39999389648438
2004-12-07,240.0
2004-12-08,241.60000610351562
2004-12-09,243.3000030517578
2004-12-10,248.39999389648438
2004-12-13,254.39999389648438
2004-12-14,259.8999938964844
2004-12-15,256.79998779296875
2004-12-16,250.5
2004-12-17,248.8000030517578
2004-12-20,248.0
2004-12-21,251.1999969482422
2004-12-22,249.39999389648438
2004-12-23,254.10000610351562
2004-12-27,245.89999389648438
2004-12-28,250.39999389648438
2004-12-29,247.6999969482422
2004-12-30,246.89999389648438
2004-12-31,244.89999389648438
2005-01-03,245.8000030517578
2005-01-04,237.5
2005-01-05,235.6999969482422
2005-01-06,240.0
2005-01-07,244.10000610351562
2005-01-10,249.89999389648438
2005-01-11,238.0
2005-01-12,231.8000030517578
2005-01-13,234.3000030517578
2005-01-14,242.10000610351562
2005-01-18,219.6999969482422
2005-01-19,222.39999389648438
2005-01-20,228.3000030517578
2005-01-21,209.89999389648438
2005-01-24,203.0
2005-01-25,198.5
2005-01-26,204.8000030517578
2005-01-27,198.8000030517578
2005-01-28,195.0
2005-01-31,196.0
2005-02-01,200.0
2005-02-02,196.0
2005-02-03,193.5
2005-02-04,195.0
2005-02-07,196.10000610351562
2005-02-08,196.1999969482422
2005-02-09,195.0
2005-02-10,191.0
2005-02-11,198.8000030517578
2005-02-14,202.39999389648438
2005-02-15,201.0
2005-02-16,192.5
2005-02-17,186.0
2005-02-18,186.60000610351562
2005-02-22,183.60000610351562
2005-02-23,184.6999969482422
2005-02-24,184.0
2005-02-25,194.5
2005-02-28,193.39999389648438
2005-03-01,187.10000610351562
2005-03-02,180.5
2005-03-03,181.8000030517578
2005-03-04,185.0
2005-03-07,175.0
2005-03-08,172.0
2005-03-09,164.8000030517578
2005-03-10,170.8000030517578
2005-03-11,171.5
2005-03-14,169.3000030517578
2005-03-15,172.5
2005-03-16,170.0
2005-03-17,166.8000030517578
2005-03-18,169.8000030517578
2005-03-21,163.1999969482422
2005-03-22,166.10000610351562
2005-03-23,168.5
2005-03-24,172.8000030517578
2005-03-28,171.8000030517578
2005-03-29,164.89999389648438
2005-03-30,160.3000030517578
2005-03-31,163.0
2005-04-01,163.0
2005-04-04,159.1999969482422
2005-04-05,151.3000030517578
2005-04-06,155.0
2005-04-07,164.6999969482422
2005-04-08,162.1999969482422
2005-04-11,161.0
2005-04-12,159.89999389648438
2005-04-13,158.5
2005-04-14,160.0
2005-04-15,156.6999969482422
2005-04-18,159.60000610351562
2005-04-19,160.0
2005-04-20,159.0
2005-04-21,164.8000030517578
2005-04-22,167.6999969482422
2005-04-25,173.5
2005-04-26,174.5
2005-04-27,175.0
2005-04-28,177.0
2005-04-29,173.6999969482422
2005-05-02,174.60000610351562
2005-05-03,180.0
2005-05-04,189.8000030517578
2005-05-05,194.89999389648438
2005-05-06,197.0
2005-05-09,197.10000610351562
2005-05-10,198.39999389648438
2005-05-11,200.1999969482422
2005-05-12,200.89999389648438
2005-05-13,194.10000610351562
2005-05-16,196.3000030517578
2005-05-17,199.8000030517578
2005-05-18,201.60000610351562
2005-05-19,198.39999389648438
2005-05-20,198.39999389648438
2005-05-23,198.5
2005-05-24,198.1999969482422
2005-05-25,194.1999969482422
2005-05-26,191.39999389648438
2005-05-27,189.5
2005-05-31,187.5
2005-06-01,181.0
2005-06-02,175.8000030517578
2005-06-03,175.5
2005-06-06,173.0
2005-06-07,171.0
2005-06-08,166.5
2005-06-09,166.60000610351562
2005-06-10,168.0
2005-06-13,168.6999969482422
2005-06-14,166.3000030517578
2005-06-15,167.0
2005-06-16,180.39999389648438
2005-06-17,190.0
2005-06-20,189.1999969482422
2005-06-21,191.8000030517578
2005-06-22,191.8000030517578
2005-06-23,193.60000610351562
2005-06-24,202.39999389648438
2005-06-27,200.89999389648438
2005-06-28,198.5
2005-06-29,200.0
2005-06-30,199.5
2005-07-01,201.6999969482422
2005-07-05,200.5
2005-07-06,200.0
2005-07-07,207.39999389648438
2005-07-08,214.0
2005-07-11,221.8000030517578
2005-07-12,216.0
2005-07-13,212.8000030517578
2005-07-14,216.60000610351562
2005-07-15,212.89999389648438
2005-07-18,211.0
2005-07-19,209.89999389648438
2005-07-20,208.0
2005-07-21,207.5
2005-07-22,207.5
2005-07-25,205.39999389648438
2005-07-26,203.89999389648438
2005-07-27,213.1999969482422
2005-07-28,216.8000030517578
2005-07-29,217.3000030517578
2005-08-01,219.8000030517578
2005-08-02,219.3000030517578
2005-08-03,219.3000030517578
2005-08-04,218.5
2005-08-05,221.0
2005-08-08,220.1999969482422
2005-08-09,216.6999969482422
2005-08-10,215.1999969482422
2005-08-11,215.3000030517578
2005-08-12,216.5
2005-08-15,212.39999389648438
2005-08-16,211.10000610351562
2005-08-17,214.6999969482422
2005-08-18,212.6999969482422
2005-08-19,209.89999389648438
2005-08-22,210.0
2005-08-23,200.3000030517578
2005-08-24,198.3000030517578
2005-08-25,198.0
2005-08-26,195.39999389648438
2005-08-29,193.60000610351562
2005-08-30,199.8000030517578
2005-08-31,201.60000610351562
2005-09-01,207.39999389648438
2005-09-02,208.0
2005-09-06,213.60000610351562
2005-09-07,217.0
2005-09-08,214.8000030517578
2005-09-09,218.6999969482422
2005-09-12,226.10000610351562
2005-09-13,227.60000610351562
2005-09-14,228.1999969482422
2005-09-15,223.0
2005-09-16,223.6999969482422
2005-09-19,227.8000030517578
2005-09-20,232.0
2005-09-21,226.8000030517578
2005-09-22,231.6999969482422
2005-09-23,232.5
2005-09-26,237.39999389648438
2005-09-27,237.39999389648438
2005-09-28,232.8000030517578
2005-09-29,237.5
2005-09-30,237.89999389648438
2005-10-03,248.60000610351562
2005-10-04,246.10000610351562
2005-10-05,244.0
2005-10-06,237.10000610351562
2005-10-07,232.39999389648438
2005-10-10,228.60000610351562
2005-10-11,226.5
2005-10-12,213.5
2005-10-13,222.60000610351562
2005-10-14,233.0
2005-10-17,233.5
2005-10-18,235.60000610351562
2005-10-19,233.5
2005-10-20,232.39999389648438
2005-10-21,231.10000610351562
2005-10-24,237.10000610351562
2005-10-25,239.0
2005-10-26,239.8000030517578
2005-10-27,231.0
2005-10-28,228.0
2005-10-31,228.8000030517578
2005-11-01,227.6999969482422
2005-11-02,228.6999969482422
2005-11-03,226.3000030517578
2005-11-04,229.10000610351562
2005-11-07,229.60000610351562
2005-11-08,228.0
2005-11-09,227.5
2005-11-10,227.5
2005-11-11,225.5
2005-11-14,223.89999389648438
2005-11-15,226.8000030517578
2005-11-16,226.1999969482422
2005-11-17,232.1999969482422
2005-11-18,238.5
2005-11-21,243.1999969482422
2005-11-22,244.60000610351562
2005-11-23,239.8000030517578
2005-11-25,224.0
2005-11-28,220.0
2005-11-29,210.0
2005-11-30,220.60000610351562
2005-12-01,83.80000305175781
2005-12-02,80.0
2005-12-05,79.9000015258789
2005-12-06,80.4000015258789
2005-12-07,83.4000015258789
2005-12-08,82.5
2005-12-09,82.4000015258789
2005-12-12,91.5
2005-12-13,94.69999694824219
2005-12-14,94.69999694824219
2005-12-15,92.19999694824219
2005-12-16,90.0
2005-12-19,87.80000305175781
2005-12-20,86.5999984741211
2005-12-21,85.80000305175781
2005-12-22,87.0
2005-12-23,87.0
2005-12-27,87.69999694824219
2005-12-28,86.9000015258789
2005-12-29,87.5999984741211
2005-12-30,86.0999984741211
2006-01-03,85.5
2006-01-04,85.0999984741211
2006-01-05,84.5
2006-01-06,84.69999694824219
2006-01-09,84.4000015258789
2006-01-10,84.5
2006-01-11,84.0
2006-01-12,82.5999984741211
2006-01-13,81.0
2006-01-17,80.0999984741211
2006-01-18,78.80000305175781
2006-01-19,79.5999984741211
2006-01-20,79.69999694824219
2006-01-23,77.69999694824219
2006-01-24,75.0
2006-01-25,74.5
2006-01-26,74.0
2006-01-27,77.0
2006-01-30,78.80000305175781
2006-01-31,79.5
2006-02-01,82.5
2006-02-02,83.0
2006-02-03,84.69999694824219
2006-02-06,84.30000305175781
2006-02-07,86.69999694824219
2006-02-08,86.69999694824219
2006-02-09,85.9000015258789
2006-02-10,84.80000305175781
2006-02-13,84.5999984741211
2006-02-14,84.9000015258789
2006-02-15,86.19999694824219
2006-02-16,90.9000015258789
2006-02-17,91.9000015258789
2006-02-21,92.0
2006-02-22,91.0
2006-02-23,90.80000305175781
2006-02-24,91.0
2006-02-27,100.4000015258789
2006-02-28,100.19999694824219
2006-03-01,99.4000015258789
2006-03-02,98.5999984741211
2006-03-03,97.30000305175781
2006-03-06,97.5
2006-03-07,96.5
2006-03-08,95.19999694824219
2006-03-09,92.30000305175781
2006-03-10,93.5
2006-03-13,95.0
2006-03-14,93.80000305175781
2006-03-15,95.19999694824219
2006-03-16,96.0
2006-03-17,95.5
2006-03-20,102.4000015258789
2006-03-21,102.9000015258789
2006-03-22,100.5999984741211
2006-03-23,100.80000305175781
2006-03-24,104.0
2006-03-27,105.5
2006-03-28,107.80000305175781
2006-03-29,107.30000305175781
2006-03-30,111.80000305175781
2006-03-31,116.80000305175781
2006-04-03,115.0999984741211
2006-04-04,114.0
2006-04-05,112.69999694824219
2006-04-06,113.5
2006-04-07,113.0999984741211
2006-04-10,110.9000015258789
2006-04-11,111.0999984741211
2006-04-12,106.9000015258789
2006-04-13,110.4000015258789
2006-04-17,111.0
2006-04-18,110.80000305175781
2006-04-19,113.4000015258789
2006-04-20,116.0999984741211
2006-04-21,114.9000015258789
2006-04-24,114.80000305175781
2006-04-25,113.0
2006-04-26,113.0
2006-04-27,112.0
2006-04-28,108.80000305175781
2006-05-01,110.0999984741211
2006-05-02,106.69999694824219
2006-05-03,102.5999984741211
2006-05-04,103.80000305175781
2006-05-05,106.0
2006-05-08,110.30000305175781
2006-05-09,110.0999984741211
2006-05-10,107.80000305175781
2006-05-11,105.30000305175781
2006-05-12,104.5999984741211
2006-05-15,98.30000305175781
2006-05-16,98.0
2006-05-17,101.80000305175781
2006-05-18,97.69999694824219
2006-05-19,94.5
2006-05-22,95.0
2006-05-23,98.19999694824219
2006-05-24,99.69999694824219
2006-05-25,101.0
2006-05-26,102.0999984741211
2006-05-30,104.5999984741211
2006-05-31,102.0
2006-06-01,101.9000015258789
2006-06-02,109.0
2006-06-05,107.80000305175781
2006-06-06,100.4000015258789
2006-06-07,96.69999694824219
2006-06-08,93.4000015258789
2006-06-09,95.30000305175781
2006-06-12,92.30000305175781
2006-06-13,92.9000015258789
2006-06-14,95.30000305175781
2006-06-15,95.5999984741211
2006-06-16,95.5999984741211
2006-06-19,94.0999984741211
2006-06-20,94.69999694824219
2006-06-21,97.69999694824219
2006-06-22,95.69999694824219
2006-06-23,93.30000305175781
2006-06-26,93.19999694824219
2006-06-27,94.4000015258789
2006-06-28,90.9000015258789
2006-06-29,95.4000015258789
2006-06-30,97.30000305175781
2006-07-03,101.0
2006-07-05,102.5999984741211
2006-07-06,104.5
2006-07-07,104.5
2006-07-10,101.4000015258789
2006-07-11,100.0999984741211
2006-07-12,101.9000015258789
2006-07-13,98.0999984741211
2006-07-14,96.0
2006-07-17,94.69999694824219
2006-07-18,97.4000015258789
2006-07-19,102.5
2006-07-20,101.4000015258789
2006-07-21,94.30000305175781
2006-07-24,96.19999694824219
2006-07-25,100.69999694824219
2006-07-26,102.0
2006-07-27,102.30000305175781
2006-07-28,102.4000015258789
2006-07-31,102.5999984741211
2006-08-01,103.0999984741211
2006-08-02,103.5
2006-08-03,99.4000015258789
2006-08-04,101.19999694824219
2006-08-07,94.9000015258789
2006-08-08,94.30000305175781
2006-08-09,93.5
2006-08-10,91.5
2006-08-11,92.19999694824219
2006-08-14,94.0
2006-08-15,94.69999694824219
2006-08-16,97.9000015258789
2006-08-17,97.69999694824219
2006-08-18,98.30000305175781
2006-08-21,98.0999984741211
2006-08-22,98.80000305175781
2006-08-23,98.19999694824219
2006-08-24,98.5999984741211
2006-08-25,98.0
2006-08-28,98.0
2006-08-29,98.30000305175781
2006-08-30,100.19999694824219
2006-08-31,100.0999984741211
2006-09-01,100.80000305175781
2006-09-05,102.5999984741211
2006-09-06,101.4000015258789
2006-09-07,99.5
2006-09-08,100.30000305175781
2006-09-11,101.0999984741211
2006-09-12,102.0
2006-09-13,103.9000015258789
2006-09-14,104.19999694824219
2006-09-15,106.5
2006-09-18,106.5999984741211
2006-09-19,108.5999984741211
2006-09-20,109.5
2006-09-21,109.30000305175781
2006-09-22,107.30000305175781
2006-09-25,107.19999694824219
2006-09-26,106.69999694824219
2006-09-27,107.9000015258789
2006-09-28,108.80000305175781
2006-09-29,107.0
2006-10-02,105.0
2006-10-03,101.80000305175781
2006-10-04,106.0999984741211
2006-10-05,107.0
2006-10-06,106.30000305175781
2006-10-09,109.0999984741211
2006-10-10,112.80000305175781
2006-10-11,111.5
2006-10-12,115.30000305175781
2006-10-13,119.80000305175781
2006-10-16,121.80000305175781
2006-10-17,118.69999694824219
2006-10-18,118.0
2006-10-19,122.0999984741211
2006-10-20,122.0
2006-10-23,121.0
2006-10-24,117.5999984741211
2006-10-25,114.4000015258789
2006-10-26,117.30000305175781
2006-10-27,117.0
2006-10-30,112.5999984741211
2006-10-31,114.80000305175781
2006-11-01,113.0
2006-11-02,112.19999694824219
2006-11-03,111.80000305175781
2006-11-06,112.30000305175781
2006-11-07,114.69999694824219
2006-11-08,111.5999984741211
2006-11-09,110.4000015258789
2006-11-10,109.69999694824219
2006-11-13,110.80000305175781
2006-11-14,113.0
2006-11-15,113.5999984741211
2006-11-16,113.0999984741211
2006-11-17,113.0999984741211
2006-11-20,113.5999984741211
2006-11-21,113.69999694824219
2006-11-22,113.19999694824219
2006-11-24,112.9000015258789
2006-11-27,112.0
2006-11-28,106.19999694824219
2006-11-29,110.5
2006-11-30,111.5999984741211
2006-12-01,111.19999694824219
2006-12-04,110.0
2006-12-05,108.0
2006-12-06,106.5
2006-12-07,108.19999694824219
2006-12-08,120.80000305175781
2006-12-11,120.69999694824219
2006-12-12,121.19999694824219
2006-12-13,120.69999694824219
2006-12-14,123.80000305175781
2006-12-15,123.80000305175781
2006-12-18,121.5999984741211
2006-12-19,118.5
2006-12-20,120.80000305175781
2006-12-21,120.5
2006-12-22,120.4000015258789
2006-12-26,119.5999984741211
2006-12-27,121.4000015258789
2006-12-28,121.19999694824219
2006-12-29,119.5
2007-01-03,121.4000015258789
2007-01-04,121.0999984741211
2007-01-05,119.69999694824219
2007-01-08,117.0
2007-01-09,117.19999694824219
2007-01-10,116.9000015258789
2007-01-11,116.69999694824219
2007-01-12,116.19999694824219
2007-01-16,117.30000305175781
2007-01-17,119.4000015258789
2007-01-18,119.0999984741211
2007-01-19,117.0
2007-01-22,117.0999984741211
2007-01-23,116.30000305175781
2007-01-24,115.5999984741211
2007-01-25,116.0999984741211
2007-01-26,115.0
2007-01-29,116.80000305175781
2007-01-30,117.5
2007-01-31,116.9000015258789
2007-02-01,116.5999984741211
2007-02-02,115.9000015258789
2007-02-05,115.0999984741211
2007-02-06,114.30000305175781
2007-02-07,115.0
2007-02-08,114.4000015258789
2007-02-09,112.0
2007-02-12,112.30000305175781
2007-02-13,112.69999694824219
2007-02-14,112.0
2007-02-15,110.30000305175781
2007-02-16,110.5
2007-02-20,112.0
2007-02-21,109.9000015258789
2007-02-22,109.19999694824219
2007-02-23,109.30000305175781
2007-02-26,108.9000015258789
2007-02-27,105.9000015258789
2007-02-28,105.5999984741211
2007-03-01,105.5
2007-03-02,104.5
2007-03-05,106.0
2007-03-06,100.5
2007-03-07,101.4000015258789
2007-03-08,101.0
2007-03-09,101.0
2007-03-12,99.9000015258789
2007-03-13,99.0
2007-03-14,97.4000015258789
2007-03-15,97.5999984741211
2007-03-16,97.0
2007-03-19,97.19999694824219
2007-03-20,97.30000305175781
2007-03-21,106.5
2007-03-22,108.30000305175781
2007-03-23,107.19999694824219
2007-03-26,105.9000015258789
2007-03-27,106.69999694824219
2007-03-28,108.80000305175781
2007-03-29,109.0
2007-03-30,109.9000015258789
2007-04-02,110.4000015258789
2007-04-03,111.4000015258789
2007-04-04,111.4000015258789
2007-04-05,112.30000305175781
2007-04-09,112.30000305175781
2007-04-10,112.5
2007-04-11,124.4000015258789
2007-04-12,120.30000305175781
2007-04-13,121.80000305175781
2007-04-16,124.5999984741211
2007-04-17,120.80000305175781
2007-04-18,120.0
2007-04-19,119.0999984741211
2007-04-20,118.69999694824219
2007-04-23,119.9000015258789
2007-04-24,119.69999694824219
2007-04-25,118.5999984741211
2007-04-26,116.4000015258789
2007-04-27,115.0999984741211
2007-04-30,113.0
2007-05-01,107.4000015258789
2007-05-02,105.5
2007-05-03,98.0
2007-05-04,99.0
2007-05-07,99.5
2007-05-08,98.9000015258789
2007-05-09,98.0
2007-05-10,97.5
2007-05-11,98.5
2007-05-14,99.69999694824219
2007-05-15,98.0
2007-05-16,96.30000305175781
2007-05-17,97.0
2007-05-18,95.0
2007-05-21,97.69999694824219
2007-05-22,97.0999984741211
2007-05-23,97.4000015258789
2007-05-24,97.0
2007-05-25,97.0
2007-05-29,99.0
2007-05-30,100.19999694824219
2007-05-31,100.9000015258789
2007-06-01,98.80000305175781
2007-06-04,97.5999984741211
2007-06-05,97.5999984741211
2007-06-06,97.5
2007-06-07,97.5
2007-06-08,98.0
2007-06-11,95.80000305175781
2007-06-12,94.0
2007-06-13,94.5999984741211
2007-06-14,96.0
2007-06-15,99.4000015258789
2007-06-18,98.19999694824219
2007-06-19,96.9000015258789
2007-06-20,97.0999984741211
2007-06-21,95.80000305175781
2007-06-22,94.80000305175781
2007-06-25,91.5
2007-06-26,90.0
2007-06-27,92.5999984741211
2007-06-28,91.69999694824219
2007-06-29,92.4000015258789
2007-07-02,89.5999984741211
2007-07-03,87.9000015258789
2007-07-05,87.0
2007-07-06,86.30000305175781
2007-07-09,88.4000015258789
2007-07-10,86.19999694824219
2007-07-11,85.0999984741211
2007-07-12,85.5
2007-07-13,87.9000015258789
2007-07-16,87.80000305175781
2007-07-17,88.0
2007-07-18,87.4000015258789
2007-07-19,93.9000015258789
2007-07-20,93.5999984741211
2007-07-23,91.0999984741211
2007-07-24,90.0999984741211
2007-07-25,91.0999984741211
2007-07-26,90.0
2007-07-27,86.80000305175781
2007-07-30,82.80000305175781
2007-07-31,83.80000305175781
2007-08-01,81.19999694824219
2007-08-02,81.80000305175781
2007-08-03,82.19999694824219
2007-08-06,79.30000305175781
2007-08-07,80.5
2007-08-08,96.69999694824219
2007-08-09,102.5
2007-08-10,95.5999984741211
2007-08-13,92.69999694824219
2007-08-14,88.9000015258789
2007-08-15,95.0
2007-08-16,96.4000015258789
2007-08-17,100.5999984741211
2007-08-20,96.9000015258789
2007-08-21,95.5999984741211
2007-08-22,95.9000015258789
2007-08-23,93.69999694824219
2007-08-24,91.5
2007-08-27,89.69999694824219
2007-08-28,89.9000015258789
2007-08-29,90.69999694824219
2007-08-30,91.4000015258789
2007-08-31,93.0
2007-09-04,94.4000015258789
2007-09-05,93.5999984741211
2007-09-06,96.19999694824219
2007-09-07,95.4000015258789
2007-09-10,93.5999984741211
2007-09-11,96.5999984741211
2007-09-12,96.80000305175781
2007-09-13,99.4000015258789
2007-09-14,99.30000305175781
2007-09-17,98.0
2007-09-18,101.5
2007-09-19,101.0999984741211
2007-09-20,100.30000305175781
2007-09-21,100.80000305175781
2007-09-24,101.30000305175781
2007-09-25,101.0
2007-09-26,100.19999694824219
2007-09-27,100.9000015258789
2007-09-28,98.5999984741211
2007-10-01,97.4000015258789
2007-10-02,100.30000305175781
2007-10-03,100.5999984741211
2007-10-04,100.30000305175781
2007-10-05,104.80000305175781
2007-10-08,103.69999694824219
2007-10-09,102.5
2007-10-10,104.30000305175781
2007-10-11,108.0999984741211
2007-10-12,106.9000015258789
2007-10-15,106.30000305175781
2007-10-16,104.69999694824219
2007-10-17,103.30000305175781
2007-10-18,102.30000305175781
2007-10-19,100.4000015258789
2007-10-22,98.69999694824219
2007-10-23,96.9000015258789
2007-10-24,100.5
2007-10-25,100.0999984741211
2007-10-26,101.5999984741211
2007-10-29,103.5
2007-10-30,105.9000015258789
2007-10-31,105.30000305175781
2007-11-01,107.9000015258789
2007-11-02,109.80000305175781
2007-11-05,111.5
2007-11-06,111.9000015258789
2007-11-07,112.19999694824219
2007-11-08,111.0
2007-11-09,109.5
2007-11-12,98.5
2007-11-13,97.69999694824219
2007-11-14,92.4000015258789
2007-11-15,85.69999694824219
2007-11-16,85.69999694824219
2007-11-19,83.0999984741211
2007-11-20,83.30000305175781
2007-11-21,78.5999984741211
2007-11-23,73.9000015258789
2007-11-26,77.19999694824219
2007-11-27,74.30000305175781
2007-11-28,73.9000015258789
2007-11-29,74.5
2007-11-30,75.19999694824219
2007-12-03,73.30000305175781
2007-12-04,70.30000305175781
2007-12-05,75.0
2007-12-06,81.9000015258789
2007-12-07,83.19999694824219
2007-12-10,84.0
2007-12-11,85.0
2007-12-12,81.5
2007-12-13,264.5
2007-12-14,310.0
2007-12-17,267.0
2007-12-18,247.6999969482422
2007-12-19,230.39999389648438
2007-12-20,256.3999938964844
2007-12-21,252.3000030517578
2007-12-24,244.6999969482422
2007-12-26,265.3999938964844
2007-12-27,262.5
2007-12-28,270.0
2007-12-31,262.8999938964844
2008-01-02,255.89999389648438
2008-01-03,254.39999389648438
2008-01-04,245.39999389648438
2008-01-07,266.79998779296875
2008-01-08,258.0
2008-01-09,253.89999389648438
2008-01-10,274.79998779296875
2008-01-11,276.29998779296875
2008-01-14,276.79998779296875
2008-01-15,274.79998779296875
2008-01-16,292.5
2008-01-17,285.0
2008-01-18,286.5
2008-01-22,269.5
2008-01-23,259.0
2008-01-24,261.70001220703125
2008-01-25,257.5
2008-01-28,263.8999938964844
2008-01-29,265.70001220703125
2008-01-30,272.3999938964844
2008-01-31,279.5
2008-02-01,281.79998779296875
2008-02-04,267.79998779296875
2008-02-05,261.29998779296875
2008-02-06,251.10000610351562
2008-02-07,231.10000610351562
2008-02-08,241.10000610351562
2008-02-11,249.1999969482422
2008-02-12,229.0
2008-02-13,233.0
2008-02-14,229.60000610351562
2008-02-15,229.39999389648438
2008-02-19,227.8000030517578
2008-02-20,221.60000610351562
2008-02-21,208.6999969482422
2008-02-22,202.0
2008-02-25,202.5
2008-02-26,210.89999389648438
2008-02-27,208.39999389648438
2008-02-28,215.60000610351562
2008-02-29,204.0
2008-03-03,202.1999969482422
2008-03-04,211.10000610351562
2008-03-05,207.5
2008-03-06,203.5
2008-03-07,192.6999969482422
2008-03-10,177.10000610351562
2008-03-11,172.0
2008-03-12,174.39999389648438
2008-03-13,168.5
2008-03-14,167.8000030517578
2008-03-17,161.39999389648438
2008-03-18,167.6999969482422
2008-03-19,170.39999389648438
2008-03-20,163.1999969482422
2008-03-24,193.0
2008-03-25,188.39999389648438
2008-03-26,189.6999969482422
2008-03-27,196.89999389648438
2008-03-28,190.89999389648438
2008-03-31,188.0
2008-04-01,197.5
2008-04-02,197.10000610351562
2008-04-03,195.5
2008-04-04,195.3000030517578
2008-04-07,197.0
2008-04-08,204.6999969482422
2008-04-09,201.89999389648438
2008-04-10,205.89999389648438
2008-04-11,202.8000030517578
2008-04-14,192.39999389648438
2008-04-15,181.5
2008-04-16,183.6999969482422
2008-04-17,181.5
2008-04-18,194.60000610351562
2008-04-21,194.5
2008-04-22,192.89999389648438
2008-04-23,206.0
2008-04-24,214.1999969482422
2008-04-25,224.10000610351562
2008-04-28,229.6999969482422
2008-04-29,228.39999389648438
2008-04-30,230.5
2008-05-01,230.0
2008-05-02,230.6999969482422
2008-05-05,225.1999969482422
2008-05-06,232.60000610351562
2008-05-07,237.5
2008-05-08,227.5
2008-05-09,224.0
2008-05-12,228.5
2008-05-13,228.6999969482422
2008-05-14,232.3000030517578
2008-05-15,226.5
2008-05-16,225.3000030517578
2008-05-19,225.39999389648438
2008-05-20,223.60000610351562
2008-05-21,211.6999969482422
2008-05-22,207.0
2008-05-23,206.1999969482422
2008-05-27,220.60000610351562
2008-05-28,225.0
2008-05-29,236.6999969482422
2008-05-30,239.0
2008-06-02,238.1999969482422
2008-06-03,236.5
2008-06-04,229.89999389648438
2008-06-05,238.89999389648438
2008-06-06,234.60000610351562
2008-06-09,230.5
2008-06-10,230.39999389648438
2008-06-11,222.0
2008-06-12,218.89999389648438
2008-06-13,221.5
2008-06-16,230.60000610351562
2008-06-17,229.0
2008-06-18,227.8000030517578
2008-06-19,236.1999969482422
2008-06-20,240.0
2008-06-23,236.6999969482422
2008-06-24,236.1999969482422
2008-06-25,240.39999389648438
2008-06-26,237.89999389648438
2008-06-27,235.89999389648438
2008-06-30,244.5
2008-07-01,226.8000030517578
2008-07-02,228.5
2008-07-03,232.1999969482422
2008-07-07,229.8000030517578
2008-07-08,225.8000030517578
2008-07-09,233.0
2008-07-10,233.6999969482422
2008-07-11,230.60000610351562
2008-07-14,231.1999969482422
2008-07-15,245.0
2008-07-16,244.1999969482422
2008-07-17,250.0
2008-07-18,253.8000030517578
2008-07-21,253.3000030517578
2008-07-22,259.0
2008-07-23,256.6000061035156
2008-07-24,245.10000610351562
2008-07-25,242.6999969482422
2008-07-28,245.1999969482422
2008-07-29,239.0
2008-07-30,237.10000610351562
2008-07-31,255.6999969482422
2008-08-01,259.8999938964844
2008-08-04,255.3000030517578
2008-08-05,254.10000610351562
2008-08-06,238.5
2008-08-07,230.8000030517578
2008-08-08,236.1999969482422
2008-08-11,239.3000030517578
2008-08-12,241.5
2008-08-13,240.0
2008-08-14,240.0
2008-08-15,240.6999969482422
2008-08-18,232.60000610351562
2008-08-19,223.0
2008-08-20,224.3000030517578
2008-08-21,219.5
2008-08-22,229.89999389648438
2008-08-25,229.6999969482422
2008-08-26,226.1999969482422
2008-08-27,231.89999389648438
2008-08-28,241.6999969482422
2008-08-29,243.5
2008-09-02,243.8000030517578
2008-09-03,242.5
2008-09-04,242.60000610351562
2008-09-05,238.60000610351562
2008-09-08,246.6999969482422
2008-09-09,245.0
2008-09-10,243.8000030517578
2008-09-11,251.8000030517578
2008-09-12,250.5
2008-09-15,244.89999389648438
2008-09-16,250.10000610351562
2008-09-17,245.0
2008-09-18,250.3000030517578
2008-09-19,271.79998779296875
2008-09-22,260.0
2008-09-23,260.0
2008-09-24,262.0
2008-09-25,251.0
2008-09-26,258.5
2008-09-29,253.39999389648438
2008-09-30,240.6999969482422
2008-10-01,236.10000610351562
2008-10-02,233.6999969482422
2008-10-03,236.10000610351562
2008-10-06,207.10000610351562
2008-10-07,208.60000610351562
2008-10-08,197.89999389648438
2008-10-09,201.6999969482422
2008-10-10,185.6999969482422
2008-10-13,198.8000030517578
2008-10-14,209.3000030517578
2008-10-15,192.8000030517578
2008-10-16,176.89999389648438
2008-10-17,175.1999969482422
2008-10-20,166.3000030517578
2008-10-21,175.3000030517578
2008-10-22,167.8000030517578
2008-10-23,157.89999389648438
2008-10-24,146.60000610351562
2008-10-27,142.39999389648438
2008-10-28,87.0
2008-10-29,90.0
2008-10-30,90.5
2008-10-31,93.9000015258789
2008-11-03,92.5
2008-11-04,92.9000015258789
2008-11-05,88.19999694824219
2008-11-06,86.19999694824219
2008-11-07,82.5
2008-11-10,80.4000015258789
2008-11-11,74.80000305175781
2008-11-12,74.5999984741211
2008-11-13,73.9000015258789
2008-11-14,73.30000305175781
2008-11-17,70.69999694824219
2008-11-18,66.80000305175781
2008-11-19,62.0
2008-11-20,58.599998474121094
2008-11-21,60.400001525878906
2008-11-24,66.0999984741211
2008-11-25,68.19999694824219
2008-11-26,72.80000305175781
2008-11-28,74.19999694824219
2008-12-01,72.19999694824219
2008-12-02,68.19999694824219
2008-12-03,68.4000015258789
2008-12-04,69.9000015258789
2008-12-05,70.19999694824219
2008-12-08,77.30000305175781
2008-12-09,81.0999984741211
2008-12-10,80.0
2008-12-11,80.5
2008-12-12,75.0
2008-12-15,75.5
2008-12-16,79.19999694824219
2008-12-17,85.0
2008-12-18,90.0
2008-12-19,91.19999694824219
2008-12-22,84.19999694824219
2008-12-23,82.19999694824219
2008-12-24,84.30000305175781
2008-12-26,88.5
2008-12-29,88.80000305175781
2008-12-30,89.0
2008-12-31,88.80000305175781
2009-01-02,80.80000305175781
2009-01-05,85.69999694824219
2009-01-06,88.5
2009-01-07,86.0
2009-01-08,87.0999984741211
2009-01-09,86.0999984741211
2009-01-12,82.5
2009-01-13,80.5
2009-01-14,76.9000015258789
2009-01-15,74.30000305175781
2009-01-16,75.0
2009-01-20,73.80000305175781
2009-01-21,71.5
2009-01-22,70.30000305175781
2009-01-23,68.5
2009-01-26,72.5
2009-01-27,75.0999984741211
2009-01-28,77.4000015258789
2009-01-29,83.5
2009-01-30,72.80000305175781
2009-02-02,72.9000015258789
2009-02-03,70.5
2009-02-04,65.5
2009-02-05,66.5999984741211
2009-02-06,68.19999694824219
2009-02-09,68.0
2009-02-10,67.0
2009-02-11,66.5
2009-02-12,70.0
2009-02-13,72.0999984741211
2009-02-17,68.69999694824219
2009-02-18,68.0999984741211
2009-02-19,68.0999984741211
2009-02-20,61.599998474121094
2009-02-23,60.79999923706055
2009-02-24,63.70000076293945
2009-02-25,62.5
2009-02-26,60.599998474121094
2009-02-27,57.599998474121094
2009-03-02,53.29999923706055
2009-03-03,51.20000076293945
2009-03-04,51.29999923706055
2009-03-05,47.0
2009-03-06,44.79999923706055
2009-03-09,47.70000076293945
2009-03-10,52.400001525878906
2009-03-11,55.599998474121094
2009-03-12,54.20000076293945
2009-03-13,60.0
2009-03-16,63.099998474121094
2009-03-17,64.5999984741211
2009-03-18,68.0
2009-03-19,69.0
2009-03-20,65.4000015258789
2009-03-23,64.80000305175781
2009-03-24,65.5999984741211
2009-03-25,66.4000015258789
2009-03-26,72.0
2009-03-27,70.4000015258789
2009-03-30,63.5
2009-03-31,63.599998474121094
2009-04-01,63.29999923706055
2009-04-02,69.0
2009-04-03,68.30000305175781
2009-04-06,66.4000015258789
2009-04-07,62.5
2009-04-08,58.0
2009-04-09,63.20000076293945
2009-04-13,61.79999923706055
2009-04-14,62.70000076293945
2009-04-15,60.599998474121094
2009-04-16,60.79999923706055
2009-04-17,67.30000305175781
2009-04-20,66.0
2009-04-21,65.5
2009-04-22,64.9000015258789
2009-04-23,62.79999923706055
2009-04-24,66.0
2009-04-27,66.80000305175781
2009-04-28,68.19999694824219
2009-04-29,71.30000305175781
2009-04-30,74.30000305175781
2009-05-01,67.9000015258789
2009-05-04,71.0
2009-05-05,72.69999694824219
2009-05-06,77.30000305175781
2009-05-07,77.69999694824219
2009-05-08,81.80000305175781
2009-05-11,89.30000305175781
2009-05-12,92.4000015258789
2009-05-13,90.80000305175781
2009-05-14,91.80000305175781
2009-05-15,88.9000015258789
2009-05-18,85.80000305175781
2009-05-19,87.4000015258789
2009-05-20,90.19999694824219
2009-05-21,86.80000305175781
2009-05-22,86.80000305175781
2009-05-26,85.9000015258789
2009-05-27,89.9000015258789
2009-05-28,86.0
2009-05-29,83.5999984741211
2009-06-01,88.9000015258789
2009-06-02,93.5
2009-06-03,98.30000305175781
2009-06-04,99.19999694824219
2009-06-05,101.0999984741211
2009-06-08,98.30000305175781
2009-06-09,105.80000305175781
2009-06-10,104.9000015258789
2009-06-11,114.19999694824219
2009-06-12,119.30000305175781
2009-06-15,124.5
2009-06-16,120.0
2009-06-17,116.0999984741211
2009-06-18,115.9000015258789
2009-06-19,116.5999984741211
2009-06-22,119.0999984741211
2009-06-23,115.5
2009-06-24,116.0
2009-06-25,119.80000305175781
2009-06-26,133.1999969482422
2009-06-29,125.30000305175781
2009-06-30,124.80000305175781
2009-07-01,123.80000305175781
2009-07-02,123.0
2009-07-06,119.30000305175781
2009-07-07,118.4000015258789
2009-07-08,117.30000305175781
2009-07-09,134.6999969482422
2009-07-10,144.89999389648438
2009-07-13,141.60000610351562
2009-07-14,140.89999389648438
2009-07-15,142.6999969482422
2009-07-16,142.10000610351562
2009-07-17,141.5
2009-07-20,144.60000610351562
2009-07-21,147.5
2009-07-22,146.0
2009-07-23,138.6999969482422
2009-07-24,109.0
2009-07-27,108.69999694824219
2009-07-28,100.30000305175781
2009-07-29,96.0
2009-07-30,95.0
2009-07-31,90.80000305175781
2009-08-03,88.9000015258789
2009-08-04,88.80000305175781
2009-08-05,89.30000305175781
2009-08-06,88.19999694824219
2009-08-07,87.5
2009-08-10,87.5
2009-08-11,87.0
2009-08-12,87.19999694824219
2009-08-13,87.0999984741211
2009-08-14,86.30000305175781
2009-08-17,81.80000305175781
2009-08-18,80.0
2009-08-19,81.9000015258789
2009-08-20,83.5
2009-08-21,84.9000015258789
2009-08-24,84.30000305175781
2009-08-25,82.4000015258789
2009-08-26,81.69999694824219
2009-08-27,79.5
2009-08-28,76.0999984741211
2009-08-31,73.0999984741211
2009-09-01,73.5999984741211
2009-09-02,69.30000305175781
2009-09-03,68.69999694824219
2009-09-04,68.5999984741211
2009-09-08,70.4000015258789
2009-09-09,76.80000305175781
2009-09-10,78.5
2009-09-11,78.19999694824219
2009-09-14,77.30000305175781
2009-09-15,77.30000305175781
2009-09-16,78.5
2009-09-17,76.0999984741211
2009-09-18,78.69999694824219
2009-09-21,81.0999984741211
2009-09-22,84.0
2009-09-23,84.5999984741211
2009-09-24,83.30000305175781
2009-09-25,83.30000305175781
2009-09-28,83.9000015258789
2009-09-29,84.9000015258789
2009-09-30,83.5999984741211
2009-10-01,81.80000305175781
2009-10-02,76.4000015258789
2009-10-05,73.19999694824219
2009-10-06,71.80000305175781
2009-10-07,71.80000305175781
2009-10-08,73.30000305175781
2009-10-09,71.9000015258789
2009-10-12,72.0
2009-10-13,71.69999694824219
2009-10-14,71.5
2009-10-15,72.69999694824219
2009-10-16,73.0999984741211
2009-10-19,72.5999984741211
2009-10-20,71.80000305175781
2009-10-21,72.30000305175781
2009-10-22,70.19999694824219
2009-10-23,71.0999984741211
2009-10-26,68.4000015258789
2009-10-27,65.19999694824219
2009-10-28,63.70000076293945
2009-10-29,62.599998474121094
2009-10-30,64.80000305175781
2009-11-02,65.9000015258789
2009-11-03,73.9000015258789
2009-11-04,73.80000305175781
2009-11-05,73.4000015258789
2009-11-06,75.5999984741211
2009-11-09,80.0
2009-11-10,80.30000305175781
2009-11-11,77.4000015258789
2009-11-12,77.30000305175781
2009-11-13,75.5999984741211
2009-11-16,79.0
2009-11-17,78.19999694824219
2009-11-18,77.4000015258789
2009-11-19,78.0
2009-11-20,78.5999984741211
2009-11-23,85.19999694824219
2009-11-24,80.5999984741211
2009-11-25,81.0
2009-11-27,78.5
2009-11-30,78.4000015258789
2009-12-01,78.80000305175781
2009-12-02,83.5999984741211
2009-12-03,84.69999694824219
2009-12-04,88.19999694824219
2009-12-07,89.69999694824219
2009-12-08,88.0
2009-12-09,90.5
2009-12-10,91.30000305175781
2009-12-11,89.5
2009-12-14,88.30000305175781
2009-12-15,89.4000015258789
2009-12-16,90.5
2009-12-17,89.69999694824219
2009-12-18,87.19999694824219
2009-12-21,93.30000305175781
2009-12-22,94.69999694824219
2009-12-23,98.0
2009-12-24,99.30000305175781
2009-12-28,101.5
2009-12-29,99.69999694824219
2009-12-30,97.4000015258789
2009-12-31,97.0
2010-01-04,97.80000305175781
2010-01-05,96.5999984741211
2010-01-06,96.5
2010-01-07,96.0
2010-01-08,93.5999984741211
2010-01-11,98.0
2010-01-12,100.30000305175781
2010-01-13,98.5
2010-01-14,99.4000015258789
2010-01-15,98.5
2010-01-19,96.30000305175781
2010-01-20,95.9000015258789
2010-01-21,93.4000015258789
2010-01-22,91.5
2010-01-25,88.69999694824219
2010-01-26,88.0999984741211
2010-01-27,87.5
2010-01-28,87.5999984741211
2010-01-29,86.0
2010-02-01,84.0999984741211
2010-02-02,90.0
2010-02-03,92.80000305175781
2010-02-04,91.4000015258789
2010-02-05,87.30000305175781
2010-02-08,87.4000015258789
2010-02-09,91.0
2010-02-10,91.80000305175781
2010-02-11,93.19999694824219
2010-02-12,94.30000305175781
2010-02-16,90.9000015258789
2010-02-17,87.19999694824219
2010-02-18,86.5
2010-02-19,83.30000305175781
2010-02-22,79.4000015258789
2010-02-23,78.9000015258789
2010-02-24,76.0999984741211
2010-02-25,76.19999694824219
2010-02-26,76.5999984741211
2010-03-01,78.5
2010-03-02,79.80000305175781
2010-03-03,79.30000305175781
2010-03-04,79.4000015258789
2010-03-05,79.0
2010-03-08,78.9000015258789
2010-03-09,77.5
2010-03-10,77.30000305175781
2010-03-11,77.19999694824219
2010-03-12,80.0999984741211
2010-03-15,80.5999984741211
2010-03-16,82.5
2010-03-17,83.5
2010-03-18,82.4000015258789
2010-03-19,85.0
2010-03-22,84.80000305175781
2010-03-23,86.19999694824219
2010-03-24,87.4000015258789
2010-03-25,85.69999694824219
2010-03-26,84.19999694824219
2010-03-29,81.80000305175781
2010-03-30,81.4000015258789
2010-03-31,81.19999694824219
2010-04-01,82.19999694824219
2010-04-05,81.4000015258789
2010-04-06,79.9000015258789
2010-04-07,78.5
2010-04-08,78.19999694824219
2010-04-09,78.0999984741211
2010-04-12,77.5999984741211
2010-04-13,76.80000305175781
2010-04-14,78.9000015258789
2010-04-15,79.80000305175781
2010-04-16,83.0999984741211
2010-04-19,82.80000305175781
2010-04-20,82.69999694824219
2010-04-21,84.9000015258789
2010-04-22,83.80000305175781
2010-04-23,83.4000015258789
2010-04-26,83.0
2010-04-27,81.0999984741211
2010-04-28,79.0999984741211
2010-04-29,80.0
2010-04-30,81.69999694824219
2010-05-03,80.0999984741211
2010-05-04,78.30000305175781
2010-05-05,77.80000305175781
2010-05-06,78.19999694824219
2010-05-07,72.0999984741211
2010-05-10,76.80000305175781
2010-05-11,76.19999694824219
2010-05-12,75.80000305175781
2010-05-13,77.4000015258789
2010-05-14,73.5
2010-05-17,73.69999694824219
2010-05-18,73.0
2010-05-19,71.80000305175781
2010-05-20,70.19999694824219
2010-05-21,67.4000015258789
2010-05-24,66.4000015258789
2010-05-25,64.0
2010-05-26,65.80000305175781
2010-05-27,69.5
2010-05-28,67.69999694824219
2010-06-01,70.5
2010-06-02,75.80000305175781
2010-06-03,77.69999694824219
2010-06-04,76.80000305175781
2010-06-07,76.4000015258789
2010-06-08,70.30000305175781
2010-06-09,70.5
2010-06-10,73.69999694824219
2010-06-11,76.80000305175781
2010-06-14,78.5
2010-06-15,77.9000015258789
2010-06-16,77.5
2010-06-17,76.9000015258789
2010-06-18,76.30000305175781
2010-06-21,75.69999694824219
2010-06-22,73.5
2010-06-23,72.5999984741211
2010-06-24,71.69999694824219
2010-06-25,76.80000305175781
2010-06-28,79.30000305175781
2010-06-29,78.9000015258789
2010-06-30,76.30000305175781
2010-07-01,71.69999694824219
2010-07-02,72.5
2010-07-06,73.0999984741211
2010-07-07,72.80000305175781
2010-07-08,74.5999984741211
2010-07-09,77.0
2010-07-12,77.30000305175781
2010-07-13,78.5
2010-07-14,78.5
2010-07-15,77.4000015258789
2010-07-16,76.0
2010-07-19,73.5999984741211
2010-07-20,73.30000305175781
2010-07-21,73.5
2010-07-22,74.0
2010-07-23,81.69999694824219
2010-07-26,85.0
2010-07-27,85.0
2010-07-28,83.0
2010-07-29,82.0
2010-07-30,82.19999694824219
2010-08-02,82.5999984741211
2010-08-03,85.19999694824219
2010-08-04,88.0
2010-08-05,88.0999984741211
2010-08-06,85.30000305175781
2010-08-09,88.19999694824219
2010-08-10,88.30000305175781
2010-08-11,84.5999984741211
2010-08-12,83.4000015258789
2010-08-13,81.80000305175781
2010-08-16,83.0
2010-08-17,85.69999694824219
2010-08-18,86.30000305175781
2010-08-19,85.80000305175781
2010-08-20,84.0999984741211
2010-08-23,84.9000015258789
2010-08-24,81.30000305175781
2010-08-25,82.0
2010-08-26,83.19999694824219
2010-08-27,82.5999984741211
2010-08-30,81.0999984741211
2010-08-31,81.5
2010-09-01,82.69999694824219
2010-09-02,85.19999694824219
2010-09-03,86.30000305175781
2010-09-07,84.5
2010-09-08,86.0999984741211
2010-09-09,86.5999984741211
2010-09-10,86.4000015258789
2010-09-13,87.9000015258789
2010-09-14,87.0
2010-09-15,88.0
2010-09-16,87.0999984741211
2010-09-17,85.69999694824219
2010-09-20,85.4000015258789
2010-09-21,85.0
2010-09-22,83.69999694824219
2010-09-23,84.0999984741211
2010-09-24,85.80000305175781
2010-09-27,85.9000015258789
2010-09-28,85.19999694824219
2010-09-29,84.80000305175781
2010-09-30,86.4000015258789
2010-10-01,84.9000015258789
2010-10-04,84.0
2010-10-05,86.4000015258789
2010-10-06,86.0999984741211
2010-10-07,84.9000015258789
2010-10-08,85.0
2010-10-11,84.19999694824219
2010-10-12,84.0
2010-10-13,85.19999694824219
2010-10-14,85.30000305175781
2010-10-15,86.5
2010-10-18,87.80000305175781
2010-10-19,86.30000305175781
2010-10-20,85.5
2010-10-21,85.0
2010-10-22,83.69999694824219
2010-10-25,85.0999984741211
2010-10-26,86.4000015258789
2010-10-27,85.5999984741211
2010-10-28,85.19999694824219
2010-10-29,84.0999984741211
2010-11-01,83.4000015258789
2010-11-02,86.5
2010-11-03,79.5999984741211
2010-11-04,82.5
2010-11-05,82.9000015258789
2010-11-08,81.9000015258789
2010-11-09,81.69999694824219
2010-11-10,80.5999984741211
2010-11-11,78.5999984741211
2010-11-12,77.0999984741211
2010-11-15,78.5999984741211
2010-11-16,77.80000305175781
2010-11-17,78.30000305175781
2010-11-18,80.30000305175781
2010-11-19,79.0
2010-11-22,78.69999694824219
2010-11-23,77.30000305175781
2010-11-24,78.9000015258789
2010-11-26,80.0
2010-11-29,81.19999694824219
2010-11-30,81.5
2010-12-01,84.19999694824219
2010-12-02,83.0
2010-12-03,83.9000015258789
2010-12-06,83.5999984741211
2010-12-07,83.5
2010-12-08,81.4000015258789
2010-12-09,80.4000015258789
2010-12-10,82.0
2010-12-13,81.0
2010-12-14,80.30000305175781
2010-12-15,81.0999984741211
2010-12-16,80.80000305175781
2010-12-17,81.5
2010-12-20,79.5999984741211
2010-12-21,78.80000305175781
2010-12-22,79.0
2010-12-23,78.80000305175781
2010-12-27,78.5
2010-12-28,77.9000015258789
2010-12-29,78.30000305175781
2010-12-30,77.9000015258789
2010-12-31,76.80000305175781
2011-01-03,77.5999984741211
2011-01-04,78.0
2011-01-05,77.0999984741211
2011-01-06,76.69999694824219
2011-01-07,77.5
2011-01-10,77.0999984741211
2011-01-11,77.9000015258789
2011-01-12,78.4000015258789
2011-01-13,76.9000015258789
2011-01-14,77.30000305175781
2011-01-18,76.19999694824219
2011-01-19,76.4000015258789
2011-01-20,73.5999984741211
2011-01-21,72.69999694824219
2011-01-24,73.30000305175781
2011-01-25,71.80000305175781
2011-01-26,72.9000015258789
2011-01-27,71.0
2011-01-28,69.5999984741211
2011-01-31,70.30000305175781
2011-02-01,69.0
2011-02-02,70.0999984741211
2011-02-03,67.5
2011-02-04,66.5999984741211
2011-02-07,68.5
2011-02-08,67.69999694824219
2011-02-09,66.30000305175781
2011-02-10,66.0999984741211
2011-02-11,66.9000015258789
2011-02-14,67.5999984741211
2011-02-15,66.30000305175781
2011-02-16,68.19999694824219
2011-02-17,70.0999984741211
2011-02-18,71.30000305175781
2011-02-22,71.0
2011-02-23,69.5999984741211
2011-02-24,71.19999694824219
2011-02-25,73.4000015258789
2011-02-28,71.5
2011-03-01,70.19999694824219
2011-03-02,70.9000015258789
2011-03-03,73.5
2011-03-04,73.30000305175781
2011-03-07,71.80000305175781
2011-03-08,72.19999694824219
2011-03-09,72.80000305175781
2011-03-10,71.5
2011-03-11,70.9000015258789
2011-03-14,68.80000305175781
2011-03-15,68.5
2011-03-16,69.19999694824219
2011-03-17,70.30000305175781
2011-03-18,69.80000305175781
2011-03-21,69.9000015258789
2011-03-22,68.5999984741211
2011-03-23,68.80000305175781
2011-03-24,70.5
2011-03-25,72.9000015258789
2011-03-28,73.0
2011-03-29,74.0999984741211
2011-03-30,74.80000305175781
2011-03-31,72.0999984741211
2011-04-01,72.5
2011-04-04,72.69999694824219
2011-04-05,74.9000015258789
2011-04-06,74.9000015258789
2011-04-07,74.19999694824219
2011-04-08,73.9000015258789
2011-04-11,74.0999984741211
2011-04-12,73.5999984741211
2011-04-13,73.5999984741211
2011-04-14,73.0999984741211
2011-04-15,75.0
2011-04-18,75.19999694824219
2011-04-19,75.0999984741211
2011-04-20,75.0
2011-04-21,78.5
2011-04-25,79.19999694824219
2011-04-26,85.0999984741211
2011-04-27,85.4000015258789
2011-04-28,90.0
2011-04-29,93.4000015258789
2011-05-02,92.19999694824219
2011-05-03,90.80000305175781
2011-05-04,85.30000305175781
2011-05-05,84.0999984741211
2011-05-06,82.4000015258789
2011-05-09,84.0
2011-05-10,83.19999694824219
2011-05-11,82.30000305175781
2011-05-12,84.0
2011-05-13,84.30000305175781
2011-05-16,82.4000015258789
2011-05-17,81.19999694824219
2011-05-18,84.0
2011-05-19,84.69999694824219
2011-05-20,84.5999984741211
2011-05-23,83.5999984741211
2011-05-24,82.0
2011-05-25,85.69999694824219
2011-05-26,89.69999694824219
2011-05-27,89.0
2011-05-31,85.19999694824219
2011-06-01,83.9000015258789
2011-06-02,82.30000305175781
2011-06-03,81.0999984741211
2011-06-06,81.0
2011-06-07,82.19999694824219
2011-06-08,81.19999694824219
2011-06-09,80.69999694824219
2011-06-10,80.4000015258789
2011-06-13,80.4000015258789
2011-06-14,80.80000305175781
2011-06-15,80.69999694824219
2011-06-16,82.19999694824219
2011-06-17,82.5
2011-06-20,83.30000305175781
2011-06-21,85.0
2011-06-22,86.69999694824219
2011-06-23,86.0999984741211
2011-06-24,85.69999694824219
2011-06-27,87.5
2011-06-28,91.19999694824219
2011-06-29,94.0
2011-06-30,94.19999694824219
2011-07-01,93.19999694824219
2011-07-05,93.5
2011-07-06,93.9000015258789
2011-07-07,99.30000305175781
2011-07-08,99.69999694824219
2011-07-11,98.9000015258789
2011-07-12,102.0999984741211
2011-07-13,101.0
2011-07-14,100.69999694824219
2011-07-15,101.5
2011-07-18,101.9000015258789
2011-07-19,96.30000305175781
2011-07-20,96.19999694824219
2011-07-21,95.80000305175781
2011-07-22,99.80000305175781
2011-07-25,97.69999694824219
2011-07-26,94.5999984741211
2011-07-27,92.4000015258789
2011-07-28,89.5
2011-07-29,88.4000015258789
2011-08-01,90.19999694824219
2011-08-02,87.80000305175781
2011-08-03,84.30000305175781
2011-08-04,82.5
2011-08-05,79.30000305175781
2011-08-08,76.30000305175781
2011-08-09,76.19999694824219
2011-08-10,75.4000015258789
2011-08-11,74.4000015258789
2011-08-12,73.0
2011-08-15,74.9000015258789
2011-08-16,73.4000015258789
2011-08-17,77.0999984741211
2011-08-18,75.0999984741211
2011-08-19,76.19999694824219
2011-08-22,78.0
2011-08-23,74.80000305175781
2011-08-24,74.5999984741211
2011-08-25,74.5999984741211
2011-08-26,76.0
2011-08-29,79.4000015258789
2011-08-30,80.5
2011-08-31,81.0999984741211
2011-09-01,79.9000015258789
2011-09-02,73.80000305175781
2011-09-06,71.80000305175781
2011-09-07,78.69999694824219
2011-09-08,79.80000305175781
2011-09-09,77.0
2011-09-12,74.5999984741211
2011-09-13,76.5999984741211
2011-09-14,77.19999694824219
2011-09-15,78.30000305175781
2011-09-16,80.5
2011-09-19,78.0
2011-09-20,80.69999694824219
2011-09-21,81.0
2011-09-22,76.19999694824219
2011-09-23,74.0
2011-09-26,72.0999984741211
2011-09-27,75.0999984741211
2011-09-28,73.9000015258789
2011-09-29,74.0
2011-09-30,76.9000015258789
2011-10-03,75.30000305175781
2011-10-04,74.80000305175781
2011-10-05,78.5999984741211
2011-10-06,79.4000015258789
2011-10-07,78.30000305175781
2011-10-10,78.69999694824219
2011-10-11,80.0
2011-10-12,80.0
2011-10-13,80.5999984741211
2011-10-14,82.19999694824219
2011-10-17,82.0
2011-10-18,82.4000015258789
2011-10-19,82.4000015258789
2011-10-20,78.9000015258789
2011-10-21,79.0999984741211
2011-10-24,82.30000305175781
2011-10-25,82.0999984741211
2011-10-26,81.30000305175781
2011-10-27,87.69999694824219
2011-10-28,84.0999984741211
2011-10-31,83.5999984741211
2011-11-01,79.0999984741211
2011-11-02,74.0999984741211
2011-11-03,77.30000305175781
2011-11-04,77.0
2011-11-07,75.30000305175781
2011-11-08,76.30000305175781
2011-11-09,74.5999984741211
2011-11-10,73.80000305175781
2011-11-11,75.19999694824219
2011-11-14,75.19999694824219
2011-11-15,74.19999694824219
2011-11-16,72.5999984741211
2011-11-17,71.30000305175781
2011-11-18,74.0
2011-11-21,72.80000305175781
2011-11-22,71.80000305175781
2011-11-23,70.9000015258789
2011-11-25,68.30000305175781
2011-11-28,73.69999694824219
2011-11-29,74.19999694824219
2011-11-30,76.30000305175781
2011-12-01,76.9000015258789
2011-12-02,78.0999984741211
2011-12-05,79.4000015258789
2011-12-06,78.4000015258789
2011-12-07,77.4000015258789
2011-12-08,76.0
2011-12-09,77.4000015258789
2011-12-12,75.4000015258789
2011-12-13,75.4000015258789
2011-12-14,74.0999984741211
2011-12-15,76.0
2011-12-16,75.69999694824219
2011-12-19,74.19999694824219
2011-12-20,75.4000015258789
2011-12-21,79.0
2011-12-22,81.4000015258789
2011-12-23,81.80000305175781
2011-12-27,82.0
2011-12-28,81.69999694824219
2011-12-29,80.80000305175781
2011-12-30,79.80000305175781
2012-01-03,82.5
2012-01-04,82.4000015258789
2012-01-05,82.0
2012-01-06,82.4000015258789
2012-01-09,81.5
2012-01-10,81.19999694824219
2012-01-11,81.9000015258789
2012-01-12,84.19999694824219
2012-01-13,83.80000305175781
2012-01-17,84.0
2012-01-18,85.0
2012-01-19,86.0
2012-01-20,86.0999984741211
2012-01-23,84.0999984741211
2012-01-24,81.69999694824219
2012-01-25,85.9000015258789
2012-01-26,92.0999984741211
2012-01-27,97.4000015258789
2012-01-30,98.0999984741211
2012-01-31,98.5999984741211
2012-02-01,102.19999694824219
2012-02-02,104.9000015258789
2012-02-03,106.0
2012-02-06,105.69999694824219
2012-02-07,104.0
2012-02-08,100.30000305175781
2012-02-09,97.0999984741211
2012-02-10,95.9000015258789
2012-02-13,98.0999984741211
2012-02-14,98.4000015258789
2012-02-15,98.30000305175781
2012-02-16,99.5999984741211
2012-02-17,99.19999694824219
2012-02-21,96.4000015258789
2012-02-22,99.5
2012-02-23,103.0
2012-02-24,104.0
2012-02-27,102.4000015258789
2012-02-28,102.0
2012-02-29,102.0
2012-03-01,100.80000305175781
2012-03-02,99.69999694824219
2012-03-05,98.0999984741211
2012-03-06,94.5
2012-03-07,92.9000015258789
2012-03-08,89.69999694824219
2012-03-09,91.80000305175781
2012-03-12,90.80000305175781
2012-03-13,89.5
2012-03-14,88.5
2012-03-15,87.0
2012-03-16,85.9000015258789
2012-03-19,86.69999694824219
2012-03-20,85.5
2012-03-21,84.69999694824219
2012-03-22,83.19999694824219
2012-03-23,83.30000305175781
2012-03-26,85.4000015258789
2012-03-27,84.19999694824219
2012-03-28,84.0
2012-03-29,83.5
2012-03-30,83.19999694824219
2012-04-02,81.9000015258789
2012-04-03,83.0
2012-04-04,82.5
2012-04-05,80.4000015258789
2012-04-09,79.19999694824219
2012-04-10,79.69999694824219
2012-04-11,79.69999694824219
2012-04-12,81.4000015258789
2012-04-13,80.5999984741211
2012-04-16,78.5
2012-04-17,78.4000015258789
2012-04-18,78.30000305175781
2012-04-19,80.0
2012-04-20,80.4000015258789
2012-04-23,78.0999984741211
2012-04-24,78.69999694824219
2012-04-25,80.80000305175781
2012-04-26,78.9000015258789
2012-04-27,79.69999694824219
2012-04-30,80.0
2012-05-01,78.9000015258789
2012-05-02,75.9000015258789
2012-05-03,77.9000015258789
2012-05-04,78.9000015258789
2012-05-07,80.5
2012-05-08,85.0999984741211
2012-05-09,86.30000305175781
2012-05-10,86.80000305175781
2012-05-11,84.69999694824219
2012-05-14,82.9000015258789
2012-05-15,82.0
2012-05-16,81.9000015258789
2012-05-17,81.4000015258789
2012-05-18,78.4000015258789
2012-05-21,77.4000015258789
2012-05-22,78.4000015258789
2012-05-23,76.5
2012-05-24,76.4000015258789
2012-05-25,76.0
2012-05-29,77.0
2012-05-30,76.0999984741211
2012-05-31,75.5
2012-06-01,73.30000305175781
2012-06-04,73.4000015258789
2012-06-05,75.19999694824219
2012-06-06,76.5
2012-06-07,77.5
2012-06-08,79.30000305175781
2012-06-11,79.9000015258789
2012-06-12,78.5
2012-06-13,80.69999694824219
2012-06-14,82.80000305175781
2012-06-15,86.5999984741211
2012-06-18,86.5999984741211
2012-06-19,90.4000015258789
2012-06-20,89.0
2012-06-21,88.5
2012-06-22,90.30000305175781
2012-06-25,90.0
2012-06-26,89.9000015258789
2012-06-27,90.5999984741211
2012-06-28,91.9000015258789
2012-06-29,93.0999984741211
2012-07-02,97.30000305175781
2012-07-03,99.80000305175781
2012-07-05,101.9000015258789
2012-07-06,100.0
2012-07-09,99.30000305175781
2012-07-10,98.69999694824219
2012-07-11,97.69999694824219
2012-07-12,98.0999984741211
2012-07-13,99.80000305175781
2012-07-16,97.9000015258789
2012-07-17,100.0
2012-07-18,101.4000015258789
2012-07-19,100.69999694824219
2012-07-20,100.5
2012-07-23,101.30000305175781
2012-07-24,100.19999694824219
2012-07-25,103.5
2012-07-26,105.80000305175781
2012-07-27,113.5
2012-07-30,114.4000015258789
2012-07-31,113.0999984741211
2012-08-01,113.0
2012-08-02,106.5
2012-08-03,107.0999984741211
2012-08-06,108.4000015258789
2012-08-07,108.19999694824219
2012-08-08,104.0999984741211
2012-08-09,100.9000015258789
2012-08-10,98.5
2012-08-13,97.80000305175781
2012-08-14,98.19999694824219
2012-08-15,98.80000305175781
2012-08-16,98.9000015258789
2012-08-17,97.19999694824219
2012-08-20,95.4000015258789
2012-08-21,98.30000305175781
2012-08-22,98.0999984741211
2012-08-23,99.80000305175781
2012-08-24,100.80000305175781
2012-08-27,100.19999694824219
2012-08-28,99.80000305175781
2012-08-29,99.30000305175781
2012-08-30,96.19999694824219
2012-08-31,95.0
2012-09-04,98.9000015258789
2012-09-05,100.69999694824219
2012-09-06,106.80000305175781
2012-09-07,108.0
2012-09-10,105.9000015258789
2012-09-11,106.80000305175781
2012-09-12,109.5
2012-09-13,107.0999984741211
2012-09-14,105.4000015258789
2012-09-17,104.5
2012-09-18,104.30000305175781
2012-09-19,104.69999694824219
2012-09-20,103.4000015258789
2012-09-21,104.5
2012-09-24,104.9000015258789
2012-09-25,104.30000305175781
2012-09-26,104.30000305175781
2012-09-27,103.30000305175781
2012-09-28,104.0
2012-10-01,104.0
2012-10-02,103.9000015258789
2012-10-03,98.0999984741211
2012-10-04,97.5
2012-10-05,95.5999984741211
2012-10-08,95.4000015258789
2012-10-09,93.19999694824219
2012-10-10,92.30000305175781
2012-10-11,95.5
2012-10-12,93.9000015258789
2012-10-15,95.0
2012-10-16,96.5
2012-10-17,96.80000305175781
2012-10-18,96.0
2012-10-19,95.0
2012-10-22,90.80000305175781
2012-10-23,88.69999694824219
2012-10-24,89.9000015258789
2012-10-25,88.80000305175781
2012-10-26,89.9000015258789
2012-10-31,90.9000015258789
2012-11-01,91.5
2012-11-02,89.4000015258789
2012-11-05,86.5
2012-11-06,88.80000305175781
2012-11-07,90.19999694824219
2012-11-08,89.0999984741211
2012-11-09,86.0
2012-11-12,85.80000305175781
2012-11-13,88.4000015258789
2012-11-14,88.9000015258789
2012-11-15,85.30000305175781
2012-11-16,83.0999984741211
2012-11-19,84.5999984741211
2012-11-20,84.5
2012-11-21,84.9000015258789
2012-11-23,83.5999984741211
2012-11-26,84.30000305175781
2012-11-27,83.69999694824219
2012-11-28,83.19999694824219
2012-11-29,85.0999984741211
2012-11-30,84.30000305175781
2012-12-03,84.5999984741211
2012-12-04,85.0
2012-12-05,84.80000305175781
2012-12-06,83.5
2012-12-07,82.80000305175781
2012-12-10,84.0
2012-12-11,85.5999984741211
2012-12-12,85.30000305175781
2012-12-13,60.099998474121094
2012-12-14,66.80000305175781
2012-12-17,67.80000305175781
2012-12-18,67.30000305175781
2012-12-19,66.4000015258789
2012-12-20,67.80000305175781
2012-12-21,67.30000305175781
2012-12-24,65.0999984741211
2012-12-26,64.5999984741211
2012-12-27,65.0
2012-12-28,64.69999694824219
2012-12-31,65.0999984741211
2013-01-02,67.9000015258789
2013-01-03,67.30000305175781
2013-01-04,69.0999984741211
2013-01-07,69.5
2013-01-08,69.0
2013-01-09,70.30000305175781
2013-01-10,70.0999984741211
2013-01-11,70.19999694824219
2013-01-14,69.9000015258789
2013-01-15,70.5
2013-01-16,70.4000015258789
2013-01-17,71.0
2013-01-18,70.9000015258789
2013-01-22,70.5999984741211
2013-01-23,70.9000015258789
2013-01-24,69.0
2013-01-25,67.5999984741211
2013-01-28,68.30000305175781
2013-01-29,67.30000305175781
2013-01-30,66.0999984741211
2013-01-31,66.19999694824219
2013-02-01,67.5
2013-02-04,67.5999984741211
2013-02-05,67.5
2013-02-06,67.0
2013-02-07,67.0
2013-02-08,65.80000305175781
2013-02-11,66.9000015258789
2013-02-12,66.5
2013-02-13,67.4000015258789
2013-02-14,67.19999694824219
2013-02-15,68.30000305175781
2013-02-19,67.80000305175781
2013-02-20,68.5
2013-02-21,67.69999694824219
2013-02-22,67.80000305175781
2013-02-25,68.30000305175781
2013-02-26,67.80000305175781
2013-02-27,67.4000015258789
2013-02-28,67.30000305175781
2013-03-01,67.4000015258789
2013-03-04,68.19999694824219
2013-03-05,73.9000015258789
2013-03-06,75.69999694824219
2013-03-07,75.30000305175781
2013-03-08,74.0
2013-03-11,73.4000015258789
2013-03-12,71.0
2013-03-13,69.0
2013-03-14,70.5999984741211
2013-03-15,70.80000305175781
2013-03-18,69.0
2013-03-19,73.80000305175781
2013-03-20,73.5999984741211
2013-03-21,72.0999984741211
2013-03-22,70.9000015258789
2013-03-25,70.5
2013-03-26,69.80000305175781
2013-03-27,68.9000015258789
2013-03-28,69.0999984741211
2013-04-01,68.80000305175781
2013-04-02,72.4000015258789
2013-04-03,76.0999984741211
2013-04-04,75.80000305175781
2013-04-05,51.400001525878906
2013-04-08,46.900001525878906
2013-04-09,46.5
2013-04-10,46.70000076293945
2013-04-11,48.099998474121094
2013-04-12,47.29999923706055
2013-04-15,46.599998474121094
2013-04-16,46.900001525878906
2013-04-17,46.5
2013-04-18,47.29999923706055
2013-04-19,47.5
2013-04-22,48.900001525878906
2013-04-23,49.70000076293945
2013-04-24,49.0
2013-04-25,48.20000076293945
2013-04-26,47.900001525878906
2013-04-29,48.70000076293945
2013-04-30,48.20000076293945
2013-05-01,48.5
2013-05-02,48.20000076293945
2013-05-03,48.400001525878906
2013-05-06,47.70000076293945
2013-05-07,47.599998474121094
2013-05-08,47.400001525878906
2013-05-09,47.5
2013-05-10,47.599998474121094
2013-05-13,47.900001525878906
2013-05-14,48.900001525878906
2013-05-15,49.400001525878906
2013-05-16,49.29999923706055
2013-05-17,49.0
2013-05-20,47.400001525878906
2013-05-21,46.5
2013-05-22,46.29999923706055
2013-05-23,46.400001525878906
2013-05-24,47.29999923706055
2013-05-28,47.5
2013-05-29,47.29999923706055
2013-05-30,47.20000076293945
2013-05-31,47.29999923706055
2013-06-03,46.5
2013-06-04,40.400001525878906
2013-06-05,36.900001525878906
2013-06-06,36.5
2013-06-07,35.900001525878906
2013-06-10,37.900001525878906
2013-06-11,37.79999923706055
2013-06-12,38.29999923706055
2013-06-13,37.79999923706055
2013-06-14,37.70000076293945
2013-06-17,37.70000076293945
2013-06-18,37.70000076293945
2013-06-19,38.70000076293945
2013-06-20,39.599998474121094
2013-06-21,39.79999923706055
2013-06-24,37.70000076293945
2013-06-25,36.79999923706055
2013-06-26,35.599998474121094
2013-06-27,34.5
2013-06-28,33.79999923706055
2013-07-01,36.0
2013-07-02,35.0
2013-07-03,35.0
2013-07-05,35.5
2013-07-08,36.20000076293945
2013-07-09,35.5
2013-07-10,36.0
2013-07-11,37.5
2013-07-12,38.70000076293945
2013-07-15,39.400001525878906
2013-07-16,39.0
2013-07-17,39.5
2013-07-18,38.400001525878906
2013-07-19,38.099998474121094
2013-07-22,38.70000076293945
2013-07-23,38.20000076293945
2013-07-24,38.29999923706055
2013-07-25,37.099998474121094
2013-07-26,36.900001525878906
2013-07-29,38.0
2013-07-30,38.20000076293945
2013-07-31,38.400001525878906
2013-08-01,40.70000076293945
2013-08-02,41.599998474121094
2013-08-05,41.5
2013-08-06,42.0
2013-08-07,42.400001525878906
2013-08-08,41.79999923706055
2013-08-09,41.70000076293945
2013-08-12,41.0
2013-08-13,40.5
2013-08-14,40.20000076293945
2013-08-15,40.099998474121094
2013-08-16,38.70000076293945
2013-08-19,36.20000076293945
2013-08-20,36.599998474121094
2013-08-21,37.099998474121094
2013-08-22,36.599998474121094
2013-08-23,36.79999923706055
2013-08-26,33.900001525878906
2013-08-27,32.20000076293945
2013-08-28,32.0
2013-08-29,31.700000762939453
2013-08-30,31.600000381469727
2013-09-03,33.0
2013-09-04,32.70000076293945
2013-09-05,35.0
2013-09-06,35.70000076293945
2013-09-09,38.5
2013-09-10,39.29999923706055
2013-09-11,37.599998474121094
2013-09-12,37.20000076293945
2013-09-13,36.900001525878906
2013-09-16,37.0
2013-09-17,36.20000076293945
2013-09-18,36.099998474121094
2013-09-19,35.599998474121094
2013-09-20,36.5
2013-09-23,35.79999923706055
2013-09-24,36.900001525878906
2013-09-25,36.5
2013-09-26,37.5
2013-09-27,37.599998474121094
2013-09-30,36.599998474121094
2013-10-01,37.0
2013-10-02,37.0
2013-10-03,35.900001525878906
2013-10-04,36.20000076293945
2013-10-07,36.0
2013-10-08,35.29999923706055
2013-10-09,34.5
2013-10-10,35.0
2013-10-11,34.20000076293945
2013-10-14,34.099998474121094
2013-10-15,34.70000076293945
2013-10-16,35.400001525878906
2013-10-17,35.099998474121094
2013-10-18,35.5
2013-10-21,35.5
2013-10-22,35.20000076293945
2013-10-23,35.400001525878906
2013-10-24,35.70000076293945
2013-10-25,35.29999923706055
2013-10-28,33.599998474121094
2013-10-29,33.400001525878906
2013-10-30,33.29999923706055
2013-10-31,31.600000381469727
2013-11-01,31.299999237060547
2013-11-04,30.899999618530273
2013-11-05,30.799999237060547
2013-11-06,29.899999618530273
2013-11-07,28.0
2013-11-08,29.299999237060547
2013-11-11,29.100000381469727
2013-11-12,28.200000762939453
2013-11-13,28.399999618530273
2013-11-14,28.200000762939453
2013-11-15,28.299999237060547
2013-11-18,28.299999237060547
2013-11-19,28.600000381469727
2013-11-20,28.299999237060547
2013-11-21,28.0
2013-11-22,28.700000762939453
2013-11-25,27.100000381469727
2013-11-26,26.399999618530273
2013-11-27,26.0
2013-11-29,26.600000381469727
2013-12-02,26.899999618530273
2013-12-03,27.0
2013-12-04,28.0
2013-12-05,27.100000381469727
2013-12-06,26.200000762939453
2013-12-09,25.899999618530273
2013-12-10,26.100000381469727
2013-12-11,25.5
2013-12-12,25.100000381469727
2013-12-13,25.399999618530273
2013-12-16,25.299999237060547
2013-12-17,24.600000381469727
2013-12-18,24.399999618530273
2013-12-19,24.5
2013-12-20,25.100000381469727
2013-12-23,26.200000762939453
2013-12-24,26.200000762939453
2013-12-26,26.5
2013-12-27,27.700000762939453
2013-12-30,28.700000762939453
2013-12-31,28.600000381469727
2014-01-02,30.200000762939453
2014-01-03,30.600000381469727
2014-01-06,31.0
2014-01-07,31.299999237060547
2014-01-08,31.700000762939453
2014-01-09,32.400001525878906
2014-01-10,34.20000076293945
2014-01-13,34.400001525878906
2014-01-14,33.5
2014-01-15,32.79999923706055
2014-01-16,33.400001525878906
2014-01-17,34.20000076293945
2014-01-21,35.0
2014-01-22,35.0
2014-01-23,35.0
2014-01-24,33.5
2014-01-27,33.099998474121094
2014-01-28,32.400001525878906
2014-01-29,31.899999618530273
2014-01-30,32.29999923706055
2014-01-31,32.099998474121094
2014-02-03,31.299999237060547
2014-02-04,30.5
2014-02-05,29.899999618530273
2014-02-06,29.600000381469727
2014-02-07,30.5
2014-02-10,31.299999237060547
2014-02-11,32.0
2014-02-12,31.799999237060547
2014-02-13,31.899999618530273
2014-02-14,32.400001525878906
2014-02-18,32.0
2014-02-19,32.5
2014-02-20,32.5
2014-02-21,34.900001525878906
2014-02-24,37.79999923706055
2014-02-25,36.29999923706055
2014-02-26,37.0
2014-02-27,36.900001525878906
2014-02-28,36.099998474121094
2014-03-03,35.099998474121094
2014-03-04,37.5
2014-03-05,42.29999923706055
2014-03-06,49.900001525878906
2014-03-07,46.70000076293945
2014-03-10,48.0
2014-03-11,48.5
2014-03-12,43.70000076293945
2014-03-13,43.20000076293945
2014-03-14,48.0
2014-03-17,50.0
2014-03-18,48.0
2014-03-19,48.5
2014-03-20,46.79999923706055
2014-03-21,46.79999923706055
2014-03-24,42.599998474121094
2014-03-25,42.70000076293945
2014-03-26,41.79999923706055
2014-03-27,40.599998474121094
2014-03-28,40.5
2014-03-31,39.70000076293945
2014-04-01,40.29999923706055
2014-04-02,39.599998474121094
2014-04-03,38.79999923706055
2014-04-04,37.79999923706055
2014-04-07,36.0
2014-04-08,35.79999923706055
2014-04-09,35.29999923706055
2014-04-10,35.29999923706055
2014-04-11,34.20000076293945
2014-04-14,32.900001525878906
2014-04-15,31.5
2014-04-16,32.5
2014-04-17,34.70000076293945
2014-04-21,32.599998474121094
2014-04-22,34.20000076293945
2014-04-23,34.599998474121094
2014-04-24,33.099998474121094
2014-04-25,32.0
2014-04-28,32.20000076293945
2014-04-29,32.79999923706055
2014-04-30,32.5
2014-05-01,33.20000076293945
2014-05-02,32.29999923706055
2014-05-05,31.399999618530273
2014-05-06,31.600000381469727
2014-05-07,31.399999618530273
2014-05-08,29.799999237060547
2014-05-09,28.899999618530273
2014-05-12,30.700000762939453
2014-05-13,30.899999618530273
2014-05-14,30.399999618530273
2014-05-15,30.600000381469727
2014-05-16,31.299999237060547
2014-05-19,33.79999923706055
2014-05-20,34.599998474121094
2014-05-21,32.900001525878906
2014-05-22,32.70000076293945
2014-05-23,31.700000762939453
2014-05-27,33.099998474121094
2014-05-28,33.29999923706055
2014-05-29,33.599998474121094
2014-05-30,33.099998474121094
2014-06-02,33.099998474121094
2014-06-03,32.29999923706055
2014-06-04,32.900001525878906
2014-06-05,36.29999923706055
2014-06-06,37.5
2014-06-09,40.29999923706055
2014-06-10,41.79999923706055
2014-06-11,42.0
2014-06-12,41.0
2014-06-13,40.5
2014-06-16,40.0
2014-06-17,40.5
2014-06-18,40.099998474121094
2014-06-19,40.5
2014-06-20,40.79999923706055
2014-06-23,39.400001525878906
2014-06-24,39.79999923706055
2014-06-25,37.5
2014-06-26,36.70000076293945
2014-06-27,36.400001525878906
2014-06-30,37.0
2014-07-01,37.400001525878906
2014-07-02,38.0
2014-07-03,38.5
2014-07-07,38.400001525878906
2014-07-08,35.29999923706055
2014-07-09,34.900001525878906
2014-07-10,34.900001525878906
2014-07-11,34.400001525878906
2014-07-14,35.400001525878906
2014-07-15,34.29999923706055
2014-07-16,33.599998474121094
2014-07-17,32.5
2014-07-18,31.100000381469727
2014-07-21,32.79999923706055
2014-07-22,33.29999923706055
2014-07-23,34.70000076293945
2014-07-24,35.29999923706055
2014-07-25,33.5
2014-07-28,33.900001525878906
2014-07-29,33.79999923706055
2014-07-30,34.400001525878906
2014-07-31,33.79999923706055
2014-08-01,33.099998474121094
2014-08-04,34.0
2014-08-05,32.79999923706055
2014-08-06,31.799999237060547
2014-08-07,32.20000076293945
2014-08-08,30.600000381469727
2014-08-11,32.099998474121094
2014-08-12,31.399999618530273
2014-08-13,28.700000762939453
2014-08-14,27.299999237060547
2014-08-15,28.100000381469727
2014-08-18,28.0
2014-08-19,27.899999618530273
2014-08-20,27.100000381469727
2014-08-21,26.700000762939453
2014-08-22,26.600000381469727
2014-08-25,27.299999237060547
2014-08-26,27.200000762939453
2014-08-27,27.200000762939453
2014-08-28,26.700000762939453
2014-08-29,26.600000381469727
2014-09-02,26.5
2014-09-03,26.200000762939453
2014-09-04,26.0
2014-09-05,25.299999237060547
2014-09-08,24.399999618530273
2014-09-09,23.600000381469727
2014-09-10,23.200000762939453
2014-09-11,23.5
2014-09-12,23.299999237060547
2014-09-15,22.399999618530273
2014-09-16,22.600000381469727
2014-09-17,22.700000762939453
2014-09-18,22.5
2014-09-19,23.100000381469727
2014-09-22,21.700000762939453
2014-09-23,21.700000762939453
2014-09-24,21.200000762939453
2014-09-25,20.799999237060547
2014-09-26,20.5
2014-09-29,20.299999237060547
2014-09-30,20.5
2014-10-01,20.100000381469727
2014-10-02,20.200000762939453
2014-10-03,20.0
2014-10-06,19.700000762939453
2014-10-07,18.899999618530273
2014-10-08,18.700000762939453
2014-10-09,19.0
2014-10-10,19.600000381469727
2014-10-13,18.899999618530273
2014-10-14,18.700000762939453
2014-10-15,18.5
2014-10-16,19.0
2014-10-17,18.399999618530273
2014-10-20,17.399999618530273
2014-10-21,18.100000381469727
2014-10-22,17.5
2014-10-23,19.299999237060547
2014-10-24,19.399999618530273
2014-10-27,18.799999237060547
2014-10-28,18.5
2014-10-29,19.200000762939453
2014-10-30,19.899999618530273
2014-10-31,20.399999618530273
2014-11-03,20.600000381469727
2014-11-04,20.200000762939453
2014-11-05,20.399999618530273
2014-11-06,19.5
2014-11-07,19.200000762939453
2014-11-10,19.799999237060547
2014-11-11,17.700000762939453
2014-11-12,18.200000762939453
2014-11-13,19.399999618530273
2014-11-14,18.799999237060547
2014-11-17,19.700000762939453
2014-11-18,19.799999237060547
2014-11-19,20.0
2014-11-20,20.5
2014-11-21,21.0
2014-11-24,21.700000762939453
2014-11-25,21.200000762939453
2014-11-26,23.0
2014-11-28,22.899999618530273
2014-12-01,22.700000762939453
2014-12-02,23.5
2014-12-03,23.799999237060547
2014-12-04,22.600000381469727
2014-12-05,23.200000762939453
2014-12-08,22.899999618530273
2014-12-09,24.0
2014-12-10,24.799999237060547
2014-12-11,24.799999237060547
2014-12-12,23.600000381469727
2014-12-15,23.299999237060547
2014-12-16,21.799999237060547
2014-12-17,22.200000762939453
2014-12-18,24.5
2014-12-19,25.700000762939453
2014-12-22,24.799999237060547
2014-12-23,24.299999237060547
2014-12-24,22.700000762939453
2014-12-26,23.5
2014-12-29,23.5
2014-12-30,23.100000381469727
2014-12-31,23.5
2015-01-02,24.399999618530273
2015-01-05,24.5
2015-01-06,23.299999237060547
2015-01-07,22.600000381469727
2015-01-08,23.100000381469727
2015-01-09,23.100000381469727
2015-01-12,22.0
2015-01-13,22.399999618530273
2015-01-14,22.100000381469727
2015-01-15,21.899999618530273
2015-01-16,21.799999237060547
2015-01-20,22.700000762939453
2015-01-21,22.0
2015-01-22,21.5
2015-01-23,21.5
2015-01-26,22.200000762939453
2015-01-27,22.5
2015-01-28,22.0
2015-01-29,21.600000381469727
2015-01-30,22.100000381469727
2015-02-02,21.299999237060547
2015-02-03,21.5
2015-02-04,21.200000762939453
2015-02-05,22.399999618530273
2015-02-06,23.799999237060547
2015-02-09,23.899999618530273
2015-02-10,24.899999618530273
2015-02-11,24.700000762939453
2015-02-12,24.399999618530273
2015-02-13,24.799999237060547
2015-02-17,26.0
2015-02-18,27.399999618530273
2015-02-19,27.5
2015-02-20,26.799999237060547
2015-02-23,39.099998474121094
2015-02-24,34.5
2015-02-25,34.400001525878906
2015-02-26,33.5
2015-02-27,32.20000076293945
2015-03-02,31.5
2015-03-03,32.0
2015-03-04,34.70000076293945
2015-03-05,33.0
2015-03-06,36.0
2015-03-09,36.900001525878906
2015-03-10,37.5
2015-03-11,37.20000076293945
2015-03-12,36.0
2015-03-13,36.099998474121094
2015-03-16,36.0
2015-03-17,35.400001525878906
2015-03-18,36.0
2015-03-19,35.900001525878906
2015-03-20,36.400001525878906
2015-03-23,34.900001525878906
2015-03-24,34.29999923706055
2015-03-25,34.79999923706055
2015-03-26,34.400001525878906
2015-03-27,34.099998474121094
2015-03-30,34.900001525878906
2015-03-31,37.79999923706055
2015-04-01,38.400001525878906
2015-04-02,38.0
2015-04-06,37.29999923706055
2015-04-07,40.599998474121094
2015-04-08,39.29999923706055
2015-04-09,39.5
2015-04-10,39.79999923706055
2015-04-13,41.400001525878906
2015-04-14,42.0
2015-04-15,41.0
2015-04-16,41.79999923706055
2015-04-17,42.5
2015-04-20,41.79999923706055
2015-04-21,42.400001525878906
2015-04-22,42.599998474121094
2015-04-23,43.5
2015-04-24,49.70000076293945
2015-04-27,52.0
2015-04-28,48.79999923706055
2015-04-29,49.20000076293945
2015-04-30,45.79999923706055
2015-05-01,45.099998474121094
2015-05-04,48.099998474121094
2015-05-05,45.79999923706055
2015-05-06,41.79999923706055
2015-05-07,41.70000076293945
2015-05-08,38.900001525878906
2015-05-11,37.900001525878906
2015-05-12,39.900001525878906
2015-05-13,41.79999923706055
2015-05-14,43.29999923706055
2015-05-15,42.400001525878906
2015-05-18,41.79999923706055
2015-05-19,40.70000076293945
2015-05-20,39.5
2015-05-21,38.900001525878906
2015-05-22,38.5
2015-05-26,36.900001525878906
2015-05-27,35.20000076293945
2015-05-28,35.79999923706055
2015-05-29,35.400001525878906
2015-06-01,35.900001525878906
2015-06-02,36.29999923706055
2015-06-03,37.599998474121094
2015-06-04,37.79999923706055
2015-06-05,36.900001525878906
2015-06-08,37.29999923706055
2015-06-09,36.70000076293945
2015-06-10,37.79999923706055
2015-06-11,36.5
2015-06-12,35.29999923706055
2015-06-15,35.400001525878906
2015-06-16,36.0
2015-06-17,34.0
2015-06-18,34.099998474121094
2015-06-19,33.79999923706055
2015-06-22,35.400001525878906
2015-06-23,34.5
2015-06-24,34.900001525878906
2015-06-25,34.29999923706055
2015-06-26,34.0
2015-06-29,32.79999923706055
2015-06-30,32.400001525878906
2015-07-01,33.5
2015-07-02,31.399999618530273
2015-07-06,31.399999618530273
2015-07-07,31.399999618530273
2015-07-08,30.5
2015-07-09,30.899999618530273
2015-07-10,31.200000762939453
2015-07-13,32.20000076293945
2015-07-14,33.900001525878906
2015-07-15,33.70000076293945
2015-07-16,32.900001525878906
2015-07-17,31.799999237060547
2015-07-20,31.799999237060547
2015-07-21,32.599998474121094
2015-07-22,32.099998474121094
2015-07-23,32.0
2015-07-24,31.0
2015-07-27,29.5
2015-07-28,30.299999237060547
2015-07-29,30.0
2015-07-30,28.600000381469727
2015-07-31,30.399999618530273
2015-08-03,30.799999237060547
2015-08-04,32.0
2015-08-05,33.5
2015-08-06,32.5
2015-08-07,30.799999237060547
2015-08-10,29.5
2015-08-11,29.100000381469727
2015-08-12,28.899999618530273
2015-08-13,29.799999237060547
2015-08-14,28.600000381469727
2015-08-17,30.200000762939453
2015-08-18,30.100000381469727
2015-08-19,29.399999618530273
2015-08-20,29.200000762939453
2015-08-21,30.0
2015-08-24,29.200000762939453
2015-08-25,28.399999618530273
2015-08-26,28.200000762939453
2015-08-27,29.399999618530273
2015-08-28,30.799999237060547
2015-08-31,31.0
2015-09-01,29.799999237060547
2015-09-02,30.299999237060547
2015-09-03,30.0
2015-09-04,30.0
2015-09-08,31.0
2015-09-09,33.0
2015-09-10,31.700000762939453
2015-09-11,32.0
2015-09-14,33.599998474121094
2015-09-15,33.599998474121094
2015-09-16,33.79999923706055
2015-09-17,33.5
2015-09-18,33.400001525878906
2015-09-21,32.599998474121094
2015-09-22,32.29999923706055
2015-09-23,30.5
2015-09-24,30.5
2015-09-25,30.200000762939453
2015-09-28,27.5
2015-09-29,26.200000762939453
2015-09-30,25.299999237060547
2015-10-01,26.100000381469727
2015-10-02,27.0
2015-10-05,28.100000381469727
2015-10-06,27.700000762939453
2015-10-07,27.399999618530273
2015-10-08,28.200000762939453
2015-10-09,29.0
2015-10-12,28.899999618530273
2015-10-13,29.5
2015-10-14,29.200000762939453
2015-10-15,29.799999237060547
2015-10-16,30.799999237060547
2015-10-19,31.899999618530273
2015-10-20,31.299999237060547
2015-10-21,30.0
2015-10-22,29.399999618530273
2015-10-23,28.799999237060547
2015-10-26,27.0
2015-10-27,27.0
2015-10-28,27.100000381469727
2015-10-29,27.5
2015-10-30,26.100000381469727
2015-11-02,28.299999237060547
2015-11-03,29.5
2015-11-04,31.399999618530273
2015-11-05,31.299999237060547
2015-11-06,32.29999923706055
2015-11-09,32.29999923706055
2015-11-10,32.0
2015-11-11,32.400001525878906
2015-11-12,32.099998474121094
2015-11-13,31.299999237060547
2015-11-16,30.700000762939453
2015-11-17,30.200000762939453
2015-11-18,30.399999618530273
2015-11-19,30.600000381469727
2015-11-20,30.899999618530273
2015-11-23,31.700000762939453
2015-11-24,31.399999618530273
2015-11-25,32.0
2015-11-27,33.099998474121094
2015-11-30,33.599998474121094
2015-12-01,33.900001525878906
2015-12-02,34.400001525878906
2015-12-03,34.29999923706055
2015-12-04,33.70000076293945
2015-12-07,33.5
2015-12-08,32.20000076293945
2015-12-09,31.799999237060547
2015-12-10,32.20000076293945
2015-12-11,32.099998474121094
2015-12-14,34.20000076293945
2015-12-15,34.20000076293945
2015-12-16,35.5
2015-12-17,36.79999923706055
2015-12-18,36.70000076293945
2015-12-21,35.599998474121094
2015-12-22,34.900001525878906
2015-12-23,33.599998474121094
2015-12-24,33.5
2015-12-28,32.900001525878906
2015-12-29,32.0
2015-12-30,31.799999237060547
2015-12-31,31.0
2016-01-04,32.400001525878906
2016-01-05,30.0
2016-01-06,30.0
2016-01-07,30.200000762939453
2016-01-08,28.799999237060547
2016-01-11,28.5
2016-01-12,30.100000381469727
2016-01-13,30.0
2016-01-14,29.5
2016-01-15,28.5
2016-01-19,29.5
2016-01-20,29.299999237060547
2016-01-21,29.799999237060547
2016-01-22,28.600000381469727
2016-01-25,28.399999618530273
2016-01-26,27.899999618530273
2016-01-27,27.100000381469727
2016-01-28,26.700000762939453
2016-01-29,27.700000762939453
2016-02-01,28.700000762939453
2016-02-02,28.399999618530273
2016-02-03,28.200000762939453
2016-02-04,28.399999618530273
2016-02-05,26.899999618530273
2016-02-08,25.299999237060547
2016-02-09,25.200000762939453
2016-02-10,25.200000762939453
2016-02-11,24.799999237060547
2016-02-12,25.0
2016-02-16,25.200000762939453
2016-02-17,25.0
2016-02-18,25.5
2016-02-19,24.799999237060547
2016-02-22,25.299999237060547
2016-02-23,24.5
2016-02-24,24.0
2016-02-25,24.100000381469727
2016-02-26,23.899999618530273
2016-02-29,23.5
2016-03-01,23.700000762939453
2016-03-02,24.600000381469727
2016-03-03,24.899999618530273
2016-03-04,24.899999618530273
2016-03-07,25.299999237060547
2016-03-08,25.299999237060547
2016-03-09,24.5
2016-03-10,24.100000381469727
2016-03-11,24.200000762939453
2016-03-14,24.0
2016-03-15,23.399999618530273
2016-03-16,23.100000381469727
2016-03-17,21.0
2016-03-18,20.700000762939453
2016-03-21,21.100000381469727
2016-03-22,20.899999618530273
2016-03-23,20.899999618530273
2016-03-24,20.5
2016-03-28,20.799999237060547
2016-03-29,20.799999237060547
2016-03-30,20.899999618530273
2016-03-31,20.899999618530273
2016-04-01,22.600000381469727
2016-04-04,24.600000381469727
2016-04-05,24.700000762939453
2016-04-06,25.399999618530273
2016-04-07,25.799999237060547
2016-04-08,25.399999618530273
2016-04-11,25.200000762939453
2016-04-12,24.799999237060547
2016-04-13,25.799999237060547
2016-04-14,26.299999237060547
2016-04-15,26.299999237060547
2016-04-18,26.399999618530273
2016-04-19,26.399999618530273
2016-04-20,25.600000381469727
2016-04-21,25.399999618530273
2016-04-22,29.700000762939453
2016-04-25,29.600000381469727
2016-04-26,29.700000762939453
2016-04-27,29.600000381469727
2016-04-28,29.799999237060547
2016-04-29,28.899999618530273
2016-05-02,28.5
2016-05-03,28.700000762939453
2016-05-04,27.200000762939453
2016-05-05,26.600000381469727
2016-05-06,24.200000762939453
2016-05-09,24.799999237060547
2016-05-10,25.600000381469727
2016-05-11,24.399999618530273
2016-05-12,23.799999237060547
2016-05-13,23.5
2016-05-16,24.799999237060547
2016-05-17,25.0
2016-05-18,25.299999237060547
2016-05-19,25.100000381469727
2016-05-20,25.100000381469727
2016-05-23,25.700000762939453
2016-05-24,26.100000381469727
2016-05-25,25.799999237060547
2016-05-26,25.600000381469727
2016-05-27,25.200000762939453
2016-05-31,26.0
2016-06-01,26.100000381469727
2016-06-02,26.100000381469727
2016-06-03,26.0
2016-06-06,25.799999237060547
2016-06-07,25.0
2016-06-08,24.799999237060547
2016-06-09,25.200000762939453
2016-06-10,24.700000762939453
2016-06-13,25.299999237060547
2016-06-14,24.600000381469727
2016-06-15,24.5
2016-06-16,25.0
2016-06-17,25.399999618530273
2016-06-20,25.399999618530273
2016-06-21,25.399999618530273
2016-06-22,25.100000381469727
2016-06-23,24.799999237060547
2016-06-24,24.0
2016-06-27,23.100000381469727
2016-06-28,23.299999237060547
2016-06-29,23.100000381469727
2016-06-30,22.299999237060547
2016-07-01,22.399999618530273
2016-07-05,22.600000381469727
2016-07-06,23.5
2016-07-07,23.799999237060547
2016-07-08,22.600000381469727
2016-07-11,22.600000381469727
2016-07-12,22.700000762939453
2016-07-13,24.0
2016-07-14,22.0
2016-07-15,21.899999618530273
2016-07-18,22.5
2016-07-19,22.700000762939453
2016-07-20,22.700000762939453
2016-07-21,23.299999237060547
2016-07-22,22.700000762939453
2016-07-25,22.899999618530273
2016-07-26,22.899999618530273
2016-07-27,23.799999237060547
2016-07-28,24.100000381469727
2016-07-29,23.700000762939453
2016-08-01,25.899999618530273
2016-08-02,26.0
2016-08-03,28.899999618530273
2016-08-04,29.799999237060547
2016-08-05,32.0
2016-08-08,31.200000762939453
2016-08-09,30.100000381469727
2016-08-10,29.5
2016-08-11,28.899999618530273
2016-08-12,28.299999237060547
2016-08-15,29.399999618530273
2016-08-16,28.899999618530273
2016-08-17,29.299999237060547
2016-08-18,29.899999618530273
2016-08-19,29.5
2016-08-22,29.0
2016-08-23,29.899999618530273
2016-08-24,29.100000381469727
2016-08-25,28.0
2016-08-26,27.5
2016-08-29,27.399999618530273
2016-08-30,40.599998474121094
2016-08-31,38.29999923706055
2016-09-01,35.0
2016-09-02,35.70000076293945
2016-09-06,34.599998474121094
2016-09-07,34.400001525878906
2016-09-08,35.0
2016-09-09,34.20000076293945
2016-09-12,34.099998474121094
2016-09-13,34.5
2016-09-14,34.20000076293945
2016-09-15,34.900001525878906
2016-09-16,35.900001525878906
2016-09-19,35.70000076293945
2016-09-20,35.20000076293945
2016-09-21,35.20000076293945
2016-09-22,35.20000076293945
2016-09-23,35.0
2016-09-26,34.599998474121094
2016-09-27,34.79999923706055
2016-09-28,37.20000076293945
2016-09-29,37.5
2016-09-30,37.0
2016-10-03,39.79999923706055
2016-10-04,43.79999923706055
2016-10-05,41.099998474121094
2016-10-06,40.29999923706055
2016-10-07,39.599998474121094
2016-10-10,40.0
2016-10-11,39.599998474121094
2016-10-12,38.400001525878906
2016-10-13,37.5
2016-10-14,37.20000076293945
2016-10-17,35.5
2016-10-18,34.5
2016-10-19,33.599998474121094
2016-10-20,29.600000381469727
2016-10-21,26.899999618530273
2016-10-24,26.200000762939453
2016-10-25,27.700000762939453
2016-10-26,26.799999237060547
2016-10-27,26.299999237060547
2016-10-28,26.100000381469727
2016-10-31,26.299999237060547
2016-11-01,26.799999237060547
2016-11-02,25.799999237060547
2016-11-03,26.0
2016-11-04,27.0
2016-11-07,27.899999618530273
2016-11-08,27.200000762939453
2016-11-09,29.700000762939453
2016-11-10,31.0
2016-11-11,33.29999923706055
2016-11-14,32.79999923706055
2016-11-15,30.5
2016-11-16,28.600000381469727
2016-11-17,27.799999237060547
2016-11-18,27.200000762939453
2016-11-21,28.200000762939453
2016-11-22,28.399999618530273
2016-11-23,28.799999237060547
2016-11-25,28.799999237060547
2016-11-28,28.799999237060547
2016-11-29,27.5
2016-11-30,27.200000762939453
2016-12-01,26.399999618530273
2016-12-02,25.5
2016-12-05,26.100000381469727
2016-12-06,26.399999618530273
2016-12-07,26.600000381469727
2016-12-08,26.799999237060547
2016-12-09,27.5
2016-12-12,27.100000381469727
2016-12-13,26.700000762939453
2016-12-14,26.399999618530273
2016-12-15,26.100000381469727
2016-12-16,26.200000762939453
2016-12-19,26.200000762939453
2016-12-20,26.0
2016-12-21,25.5
2016-12-22,25.0
2016-12-23,25.5
2016-12-27,26.0
2016-12-28,25.299999237060547
2016-12-29,24.5
2016-12-30,24.200000762939453
2017-01-03,25.0
2017-01-04,26.5
2017-01-05,26.100000381469727
2017-01-06,24.600000381469727
2017-01-09,24.399999618530273
2017-01-10,24.399999618530273
2017-01-11,24.600000381469727
2017-01-12,24.600000381469727
2017-01-13,25.600000381469727
2017-01-17,25.100000381469727
2017-01-18,23.600000381469727
2017-01-19,23.299999237060547
2017-01-20,22.600000381469727
2017-01-23,22.200000762939453
2017-01-24,21.200000762939453
2017-01-25,20.799999237060547
2017-01-26,20.5
2017-01-27,19.899999618530273
2017-01-30,22.799999237060547
2017-01-31,21.700000762939453
2017-02-01,21.399999618530273
2017-02-02,21.399999618530273
2017-02-03,23.399999618530273
2017-02-06,25.0
2017-02-07,25.200000762939453
2017-02-08,24.600000381469727
2017-02-09,25.200000762939453
2017-02-10,26.0
2017-02-13,25.299999237060547
2017-02-14,24.200000762939453
2017-02-15,24.799999237060547
2017-02-16,24.700000762939453
2017-02-17,24.700000762939453
2017-02-21,24.399999618530273
2017-02-22,24.0
2017-02-23,23.700000762939453
2017-02-24,23.799999237060547
2017-02-27,25.299999237060547
2017-02-28,25.399999618530273
2017-03-01,28.5
2017-03-02,28.899999618530273
2017-03-03,28.700000762939453
2017-03-06,28.5
2017-03-07,26.5
2017-03-08,29.799999237060547
2017-03-09,28.100000381469727
2017-03-10,27.700000762939453
2017-03-13,29.200000762939453
2017-03-14,28.700000762939453
2017-03-15,29.200000762939453
2017-03-16,30.0
2017-03-17,28.399999618530273
2017-03-20,30.0
2017-03-21,29.700000762939453
2017-03-22,28.100000381469727
2017-03-23,30.700000762939453
2017-03-24,32.5
2017-03-27,34.5
2017-03-28,34.599998474121094
2017-03-29,34.79999923706055
2017-03-30,33.70000076293945
2017-03-31,33.400001525878906
2017-04-03,33.900001525878906
2017-04-04,32.900001525878906
2017-04-05,32.099998474121094
2017-04-06,31.299999237060547
2017-04-07,31.100000381469727
2017-04-10,33.70000076293945
2017-04-11,31.799999237060547
2017-04-12,32.0
2017-04-13,31.799999237060547
2017-04-17,32.099998474121094
2017-04-18,33.5
2017-04-19,32.900001525878906
2017-04-20,31.399999618530273
2017-04-21,30.399999618530273
2017-04-24,29.5
2017-04-25,30.600000381469727
2017-04-26,30.600000381469727
2017-04-27,30.200000762939453
2017-04-28,30.399999618530273
2017-05-01,30.100000381469727
2017-05-02,29.799999237060547
2017-05-03,28.0
2017-05-04,27.0
2017-05-05,27.0
2017-05-08,26.700000762939453
2017-05-09,26.100000381469727
2017-05-10,26.799999237060547
2017-05-11,26.899999618530273
2017-05-12,27.299999237060547
2017-05-15,26.899999618530273
2017-05-16,26.799999237060547
2017-05-17,26.0
2017-05-18,26.200000762939453
2017-05-19,26.0
2017-05-22,25.799999237060547
2017-05-23,25.600000381469727
2017-05-24,25.399999618530273
2017-05-25,25.399999618530273
2017-05-26,24.600000381469727
2017-05-30,24.200000762939453
2017-05-31,23.799999237060547
2017-06-01,23.799999237060547
2017-06-02,24.399999618530273
2017-06-05,24.399999618530273
2017-06-06,23.799999237060547
2017-06-07,24.5
2017-06-08,24.100000381469727
2017-06-09,24.399999618530273
2017-06-12,24.799999237060547
2017-06-13,25.200000762939453
2017-06-14,26.5
2017-06-15,26.299999237060547
2017-06-16,26.5
2017-06-19,30.299999237060547
2017-06-20,28.700000762939453
2017-06-21,27.899999618530273
2017-06-22,28.0
2017-06-23,28.100000381469727
2017-06-26,29.0
2017-06-27,28.799999237060547
2017-06-28,28.5
2017-06-29,28.200000762939453
2017-06-30,28.0
2017-07-03,28.0
2017-07-05,27.799999237060547
2017-07-06,27.5
2017-07-07,27.299999237060547
2017-07-10,26.700000762939453
2017-07-11,26.299999237060547
2017-07-12,26.0
2017-07-13,25.700000762939453
2017-07-14,25.5
2017-07-17,26.5
2017-07-18,26.200000762939453
2017-07-19,26.299999237060547
2017-07-20,26.0
2017-07-21,26.100000381469727
2017-07-24,26.200000762939453
2017-07-25,26.100000381469727
2017-07-26,25.399999618530273
2017-07-27,25.200000762939453
2017-07-28,23.700000762939453
2017-07-31,24.700000762939453
2017-08-01,24.100000381469727
2017-08-02,24.200000762939453
2017-08-03,24.100000381469727
2017-08-04,24.5
2017-08-07,24.5
2017-08-08,24.299999237060547
2017-08-09,22.899999618530273
2017-08-10,22.399999618530273
2017-08-11,22.399999618530273
2017-08-14,24.299999237060547
2017-08-15,23.899999618530273
2017-08-16,23.299999237060547
2017-08-17,23.100000381469727
2017-08-18,22.899999618530273
2017-08-21,23.0
2017-08-22,23.700000762939453
2017-08-23,23.5
2017-08-24,23.899999618530273
2017-08-25,24.100000381469727
2017-08-28,23.799999237060547
2017-08-29,24.0
2017-08-30,24.899999618530273
2017-08-31,25.799999237060547
2017-09-01,25.799999237060547
2017-09-05,25.700000762939453
2017-09-06,25.5
2017-09-07,25.600000381469727
2017-09-08,25.600000381469727
2017-09-11,26.0
2017-09-12,25.399999618530273
2017-09-13,25.299999237060547
2017-09-14,24.799999237060547
2017-09-15,25.0
2017-09-18,25.100000381469727
2017-09-19,25.0
2017-09-20,24.799999237060547
2017-09-21,24.299999237060547
2017-09-22,24.0
2017-09-25,23.700000762939453
2017-09-26,24.0
2017-09-27,24.5
2017-09-28,24.5
2017-09-29,25.700000762939453
2017-10-02,34.20000076293945
2017-10-03,34.79999923706055
2017-10-04,37.0
2017-10-05,40.29999923706055
2017-10-06,39.599998474121094
2017-10-09,40.599998474121094
2017-10-10,40.70000076293945
2017-10-11,39.900001525878906
2017-10-12,39.5
2017-10-13,38.79999923706055
2017-10-16,39.900001525878906
2017-10-17,42.900001525878906
2017-10-18,43.29999923706055
2017-10-19,40.400001525878906
2017-10-20,40.29999923706055
2017-10-23,40.20000076293945
2017-10-24,38.5
2017-10-25,38.0
2017-10-26,39.400001525878906
2017-10-27,39.900001525878906
2017-10-30,39.29999923706055
2017-10-31,38.900001525878906
2017-11-01,38.099998474121094
2017-11-02,39.0
2017-11-03,40.29999923706055
2017-11-06,41.0
2017-11-07,40.0
2017-11-08,39.79999923706055
2017-11-09,38.099998474121094
2017-11-10,38.70000076293945
2017-11-13,38.29999923706055
2017-11-14,37.70000076293945
2017-11-15,39.0
2017-11-16,39.5
2017-11-17,39.29999923706055
2017-11-20,38.5
2017-11-21,39.599998474121094
2017-11-22,44.70000076293945
2017-11-24,42.70000076293945
2017-11-27,43.20000076293945
2017-11-28,43.900001525878906
2017-11-29,42.70000076293945
2017-11-30,41.70000076293945
2017-12-01,42.099998474121094
2017-12-04,42.099998474121094
2017-12-05,39.70000076293945
2017-12-06,37.70000076293945
2017-12-07,38.79999923706055
2017-12-08,40.400001525878906
2017-12-11,40.0
2017-12-12,37.5
2017-12-13,38.20000076293945
2017-12-14,37.099998474121094
2017-12-15,36.900001525878906
2017-12-18,36.29999923706055
2017-12-19,34.79999923706055
2017-12-20,34.0
2017-12-21,35.20000076293945
2017-12-22,35.29999923706055
2017-12-26,35.599998474121094
2017-12-27,38.099998474121094
2017-12-28,37.79999923706055
2017-12-29,39.70000076293945
2018-01-02,39.599998474121094
2018-01-03,40.79999923706055
2018-01-04,42.599998474121094
2018-01-05,41.599998474121094
2018-01-08,40.29999923706055
2018-01-09,40.5
2018-01-10,41.20000076293945
2018-01-11,42.20000076293945
2018-01-12,43.0
2018-01-16,41.70000076293945
2018-01-17,41.20000076293945
2018-01-18,41.5
2018-01-19,42.400001525878906
2018-01-22,46.099998474121094
2018-01-23,47.099998474121094
2018-01-24,45.400001525878906
2018-01-25,44.5
2018-01-26,45.0
2018-01-29,43.599998474121094
2018-01-30,41.29999923706055
2018-01-31,40.70000076293945
2018-02-01,41.79999923706055
2018-02-02,40.900001525878906
2018-02-05,40.5
2018-02-06,40.5
2018-02-07,40.900001525878906
2018-02-08,41.20000076293945
2018-02-09,39.099998474121094
2018-02-12,38.900001525878906
2018-02-13,38.0
2018-02-14,38.20000076293945
2018-02-15,39.599998474121094
2018-02-16,39.900001525878906
2018-02-20,39.70000076293945
2018-02-21,39.29999923706055
2018-02-22,39.0
2018-02-23,37.79999923706055
2018-02-26,38.400001525878906
2018-02-27,39.5
2018-02-28,39.20000076293945
2018-03-01,38.0
2018-03-02,38.599998474121094
2018-03-05,39.599998474121094
2018-03-06,39.79999923706055
2018-03-07,45.400001525878906
2018-03-08,45.400001525878906
2018-03-09,45.400001525878906
2018-03-12,44.70000076293945
2018-03-13,43.5
2018-03-14,42.900001525878906
2018-03-15,43.20000076293945
2018-03-16,42.20000076293945
2018-03-19,42.20000076293945
2018-03-20,42.5
2018-03-21,41.599998474121094
2018-03-22,40.900001525878906
2018-03-23,39.70000076293945
2018-03-26,38.29999923706055
2018-03-27,39.900001525878906
2018-03-28,39.29999923706055
2018-03-29,38.0
2018-04-02,36.400001525878906
2018-04-03,33.400001525878906
2018-04-04,33.400001525878906
2018-04-05,34.29999923706055
2018-04-06,33.79999923706055
2018-04-09,34.900001525878906
2018-04-10,33.599998474121094
2018-04-11,34.099998474121094
2018-04-12,46.79999923706055
2018-04-13,40.5
2018-04-16,41.20000076293945
2018-04-17,41.099998474121094
2018-04-18,42.79999923706055
2018-04-19,43.79999923706055
2018-04-20,41.900001525878906
2018-04-23,38.900001525878906
2018-04-24,38.29999923706055
2018-04-25,38.70000076293945
2018-04-26,37.599998474121094
2018-04-27,36.5
2018-04-30,37.70000076293945
2018-05-01,38.099998474121094
2018-05-02,40.0
2018-05-03,39.5
2018-05-04,40.0
2018-05-07,40.0
2018-05-08,38.599998474121094
2018-05-09,37.900001525878906
2018-05-10,38.0
2018-05-11,38.900001525878906
2018-05-14,40.0
2018-05-15,39.70000076293945
2018-05-16,39.70000076293945
2018-05-17,39.900001525878906
2018-05-18,41.20000076293945
2018-05-21,40.900001525878906
2018-05-22,40.400001525878906
2018-05-23,40.099998474121094
2018-05-24,39.900001525878906
2018-05-25,39.79999923706055
2018-05-29,39.400001525878906
2018-05-30,36.79999923706055
2018-05-31,33.70000076293945
2018-06-01,32.900001525878906
2018-06-04,34.900001525878906
2018-06-05,37.79999923706055
2018-06-06,38.5
2018-06-07,38.0
2018-06-08,35.79999923706055
2018-06-11,35.70000076293945
2018-06-12,34.20000076293945
2018-06-13,33.400001525878906
2018-06-14,33.599998474121094
2018-06-15,33.0
2018-06-18,32.400001525878906
2018-06-19,31.799999237060547
2018-06-20,31.899999618530273
2018-06-21,33.29999923706055
2018-06-22,32.79999923706055
2018-06-25,31.600000381469727
2018-06-26,31.299999237060547
2018-06-27,30.899999618530273
2018-06-28,29.299999237060547
2018-06-29,29.299999237060547
2018-07-02,29.200000762939453
2018-07-03,29.600000381469727
2018-07-05,30.799999237060547
2018-07-06,31.399999618530273
2018-07-09,31.100000381469727
2018-07-10,30.200000762939453
2018-07-11,29.799999237060547
2018-07-12,29.600000381469727
2018-07-13,29.299999237060547
2018-07-16,28.700000762939453
2018-07-17,28.600000381469727
2018-07-18,28.200000762939453
2018-07-19,30.5
2018-07-20,31.200000762939453
2018-07-23,32.20000076293945
2018-07-24,32.5
2018-07-25,30.600000381469727
2018-07-26,29.899999618530273
2018-07-27,29.200000762939453
2018-07-30,28.5
2018-07-31,28.700000762939453
2018-08-01,29.100000381469727
2018-08-02,28.899999618530273
2018-08-03,28.200000762939453
2018-08-06,27.600000381469727
2018-08-07,27.899999618530273
2018-08-08,27.5
2018-08-09,31.399999618530273
2018-08-10,30.5
2018-08-13,28.299999237060547
2018-08-14,28.5
2018-08-15,27.700000762939453
2018-08-16,27.5
2018-08-17,26.899999618530273
2018-08-20,27.0
2018-08-21,26.799999237060547
2018-08-22,29.0
2018-08-23,28.700000762939453
2018-08-24,28.5
2018-08-27,30.700000762939453
2018-08-28,33.0
2018-08-29,32.900001525878906
2018-08-30,33.5
2018-08-31,35.70000076293945
2018-09-04,36.5
2018-09-05,34.599998474121094
2018-09-06,33.599998474121094
2018-09-07,32.79999923706055
2018-09-10,33.20000076293945
2018-09-11,32.79999923706055
2018-09-12,32.20000076293945
2018-09-13,32.0
2018-09-14,32.70000076293945
2018-09-17,35.900001525878906
2018-09-18,35.400001525878906
2018-09-19,36.400001525878906
2018-09-20,36.0
2018-09-21,33.70000076293945
2018-09-24,33.099998474121094
2018-09-25,33.79999923706055
2018-09-26,33.29999923706055
2018-09-27,31.200000762939453
2018-09-28,32.5
2018-10-01,33.20000076293945
2018-10-02,31.799999237060547
2018-10-03,32.900001525878906
2018-10-04,35.5
2018-10-05,35.70000076293945
2018-10-08,34.0
2018-10-09,33.0
2018-10-10,31.899999618530273
2018-10-11,31.899999618530273
2018-10-12,31.5
2018-10-15,31.200000762939453
2018-10-16,32.0
2018-10-17,31.700000762939453
2018-10-18,31.799999237060547
2018-10-19,31.200000762939453
2018-10-22,30.299999237060547
2018-10-23,29.899999618530273
2018-10-24,30.100000381469727
2018-10-25,29.600000381469727
2018-10-26,29.0
2018-10-29,29.899999618530273
2018-10-30,29.299999237060547
2018-10-31,29.200000762939453
2018-11-01,30.200000762939453
2018-11-02,30.600000381469727
2018-11-05,30.399999618530273
2018-11-06,30.200000762939453
2018-11-07,32.900001525878906
2018-11-08,31.600000381469727
2018-11-09,31.0
2018-11-12,28.600000381469727
2018-11-13,28.100000381469727
2018-11-14,27.5
2018-11-15,27.700000762939453
2018-11-16,28.799999237060547
2018-11-19,28.299999237060547
2018-11-20,27.399999618530273
2018-11-21,27.799999237060547
2018-11-23,28.399999618530273
2018-11-26,28.299999237060547
2018-11-27,27.700000762939453
2018-11-28,28.5
2018-11-29,28.600000381469727
2018-11-30,28.600000381469727
2018-12-03,31.5
2018-12-04,31.600000381469727
2018-12-06,28.5
2018-12-07,28.399999618530273
2018-12-10,27.600000381469727
2018-12-11,28.0
2018-12-12,29.100000381469727
2018-12-13,29.0
2018-12-14,28.700000762939453
2018-12-17,28.5
2018-12-18,27.700000762939453
2018-12-19,26.899999618530273
2018-12-20,25.200000762939453
2018-12-21,24.0
2018-12-24,21.5
2018-12-26,21.600000381469727
2018-12-27,22.700000762939453
2018-12-28,22.899999618530273
2018-12-31,23.600000381469727
2019-01-02,23.600000381469727
2019-01-03,24.200000762939453
2019-01-04,23.799999237060547
2019-01-07,25.0
2019-01-08,24.799999237060547
2019-01-09,24.5
2019-01-10,23.899999618530273
2019-01-11,23.399999618530273
2019-01-14,22.399999618530273
2019-01-15,22.0
2019-01-16,22.799999237060547
2019-01-17,21.700000762939453
2019-01-18,21.899999618530273
2019-01-22,21.100000381469727
2019-01-23,22.0
2019-01-24,21.0
2019-01-25,21.399999618530273
2019-01-28,21.299999237060547
2019-01-29,21.0
2019-01-30,21.799999237060547
2019-01-31,22.100000381469727
2019-02-01,22.5
2019-02-04,22.600000381469727
2019-02-05,23.399999618530273
2019-02-06,23.100000381469727
2019-02-07,23.100000381469727
2019-02-08,22.399999618530273
2019-02-11,22.200000762939453
2019-02-12,22.700000762939453
2019-02-13,23.0
2019-02-14,22.899999618530273
2019-02-15,24.200000762939453
2019-02-19,25.299999237060547
2019-02-20,24.0
2019-02-21,24.0
2019-02-22,24.0
2019-02-25,24.399999618530273
2019-02-26,23.600000381469727
2019-02-27,23.299999237060547
2019-02-28,23.299999237060547
2019-03-01,22.399999618530273
2019-03-04,22.799999237060547
2019-03-05,22.5
2019-03-06,22.200000762939453
2019-03-07,22.600000381469727
2019-03-08,22.399999618530273
2019-03-11,23.899999618530273
2019-03-12,24.100000381469727
2019-03-13,23.600000381469727
2019-03-14,23.700000762939453
2019-03-15,24.200000762939453
2019-03-18,25.799999237060547
2019-03-19,25.799999237060547
2019-03-20,26.799999237060547
2019-03-21,26.799999237060547
2019-03-22,26.5
2019-03-25,25.200000762939453
2019-03-26,25.200000762939453
2019-03-27,24.700000762939453
2019-03-28,25.0
2019-03-29,25.700000762939453
2019-04-01,26.200000762939453
2019-04-02,24.700000762939453
2019-04-03,25.0
2019-04-04,25.299999237060547
2019-04-05,25.299999237060547
2019-04-08,25.899999618530273
2019-04-09,25.399999618530273
2019-04-10,24.600000381469727
2019-04-11,24.799999237060547
2019-04-12,25.0
2019-04-15,24.899999618530273
2019-04-16,24.899999618530273
2019-04-17,24.899999618530273
2019-04-18,23.899999618530273
2019-04-22,23.899999618530273
2019-04-23,23.700000762939453
2019-04-24,23.700000762939453
2019-04-25,23.299999237060547
2019-04-26,23.399999618530273
2019-04-29,23.799999237060547
2019-04-30,23.299999237060547
2019-05-01,23.0
2019-05-02,22.700000762939453
2019-05-03,23.200000762939453
2019-05-06,23.899999618530273
2019-05-07,24.200000762939453
2019-05-08,23.799999237060547
2019-05-09,23.0
2019-05-10,23.5
2019-05-13,22.399999618530273
2019-05-14,22.100000381469727
2019-05-15,22.100000381469727
2019-05-16,22.5
2019-05-17,22.600000381469727
2019-05-20,21.799999237060547
2019-05-21,21.600000381469727
2019-05-22,21.799999237060547
2019-05-23,20.700000762939453
2019-05-24,22.600000381469727
2019-05-28,21.600000381469727
2019-05-29,21.600000381469727
2019-05-30,21.5
2019-05-31,21.799999237060547
2019-06-03,21.799999237060547
2019-06-04,21.799999237060547
2019-06-05,21.899999618530273
2019-06-06,21.200000762939453
2019-06-07,21.200000762939453
2019-06-10,21.5
2019-06-11,21.0
2019-06-12,20.700000762939453
2019-06-13,21.200000762939453
2019-06-14,21.299999237060547
2019-06-17,22.600000381469727
2019-06-18,23.700000762939453
2019-06-19,23.5
2019-06-20,23.700000762939453
2019-06-21,23.200000762939453
2019-06-24,23.0
2019-06-25,22.700000762939453
2019-06-26,24.100000381469727
2019-06-27,24.5
2019-06-28,26.100000381469727
2019-07-01,26.899999618530273
2019-07-02,25.5
2019-07-03,26.100000381469727
2019-07-05,26.200000762939453
2019-07-08,25.899999618530273
2019-07-09,26.200000762939453
2019-07-10,26.5
2019-07-11,26.399999618530273
2019-07-12,25.700000762939453
2019-07-15,25.5
2019-07-16,25.700000762939453
2019-07-17,25.399999618530273
2019-07-18,25.0
2019-07-19,25.0
2019-07-22,24.700000762939453
2019-07-23,24.399999618530273
2019-07-24,24.700000762939453
2019-07-25,24.200000762939453
2019-07-26,22.899999618530273
2019-07-29,23.100000381469727
2019-07-30,23.100000381469727
2019-07-31,23.899999618530273
2019-08-01,23.299999237060547
2019-08-02,22.899999618530273
2019-08-05,21.399999618530273
2019-08-06,22.200000762939453
2019-08-07,23.200000762939453
2019-08-08,22.899999618530273
2019-08-09,22.299999237060547
2019-08-12,21.600000381469727
2019-08-13,21.200000762939453
2019-08-14,20.399999618530273
2019-08-15,19.899999618530273
2019-08-16,19.799999237060547
2019-08-19,20.399999618530273
2019-08-20,20.299999237060547
2019-08-21,19.700000762939453
2019-08-22,19.5
2019-08-23,19.299999237060547
2019-08-26,18.399999618530273
2019-08-27,18.5
2019-08-28,18.299999237060547
2019-08-29,18.200000762939453
2019-08-30,18.100000381469727
2019-09-03,17.100000381469727
2019-09-04,17.5
2019-09-05,18.0
2019-09-06,17.600000381469727
2019-09-09,17.399999618530273
2019-09-10,18.399999618530273
2019-09-11,18.700000762939453
2019-09-12,18.299999237060547
2019-09-13,17.200000762939453
2019-09-16,17.0
2019-09-17,17.200000762939453
2019-09-18,17.0
2019-09-19,17.399999618530273
2019-09-20,17.299999237060547
2019-09-23,17.5
2019-09-24,17.399999618530273
2019-09-25,17.299999237060547
2019-09-26,18.700000762939453
2019-09-27,19.299999237060547
2019-09-30,18.899999618530273
2019-10-01,19.399999618530273
2019-10-02,17.5
2019-10-03,17.299999237060547
2019-10-04,17.5
2019-10-07,17.299999237060547
2019-10-08,16.700000762939453
2019-10-09,16.5
2019-10-10,16.700000762939453
2019-10-11,17.200000762939453
2019-10-14,17.200000762939453
2019-10-15,17.200000762939453
2019-10-16,17.299999237060547
2019-10-17,16.700000762939453
2019-10-18,16.5
2019-10-21,17.0
2019-10-22,17.299999237060547
2019-10-23,18.700000762939453
2019-10-24,20.899999618530273
2019-10-25,21.200000762939453
2019-10-28,23.100000381469727
2019-10-29,23.0
2019-10-30,21.899999618530273
2019-10-31,21.5
2019-11-01,22.200000762939453
2019-11-04,22.399999618530273
2019-11-05,22.299999237060547
2019-11-06,23.600000381469727
2019-11-07,21.799999237060547
2019-11-08,22.700000762939453
2019-11-11,23.399999618530273
2019-11-12,24.100000381469727
2019-11-13,24.0
2019-11-14,23.799999237060547
2019-11-15,24.0
2019-11-18,24.100000381469727
2019-11-19,23.0
2019-11-20,23.899999618530273
2019-11-21,23.700000762939453
2019-11-22,23.299999237060547
2019-11-25,23.799999237060547
2019-11-26,24.5
2019-11-27,24.399999618530273
2019-11-29,23.600000381469727
2019-12-02,22.799999237060547
2019-12-03,22.200000762939453
2019-12-04,22.399999618530273
2019-12-05,21.700000762939453
2019-12-06,21.799999237060547
2019-12-09,22.299999237060547
2019-12-10,22.5
2019-12-11,22.899999618530273
2019-12-12,23.0
2019-12-13,23.600000381469727
2019-12-16,22.399999618530273
2019-12-17,22.200000762939453
2019-12-18,21.799999237060547
2019-12-19,20.600000381469727
2019-12-20,21.100000381469727
2019-12-23,21.700000762939453
2019-12-24,21.600000381469727
2019-12-26,21.700000762939453
2019-12-27,21.200000762939453
2019-12-30,21.100000381469727
2019-12-31,21.799999237060547
2020-01-02,21.600000381469727
2020-01-03,20.700000762939453
2020-01-06,21.100000381469727
2020-01-07,21.399999618530273
2020-01-08,21.600000381469727
2020-01-09,22.0
2020-01-10,21.700000762939453
2020-01-13,21.899999618530273
2020-01-14,26.799999237060547
2020-01-15,27.5
2020-01-16,31.0
2020-01-17,31.0
2020-01-21,30.5
2020-01-22,30.100000381469727
2020-01-23,27.399999618530273
2020-01-24,26.700000762939453
2020-01-27,25.299999237060547
2020-01-28,25.100000381469727
2020-01-29,25.100000381469727
2020-01-30,24.200000762939453
2020-01-31,23.299999237060547
2020-02-03,23.799999237060547
2020-02-04,24.299999237060547
2020-02-05,25.700000762939453
2020-02-06,25.700000762939453
2020-02-07,24.200000762939453
2020-02-10,23.5
2020-02-11,23.5
2020-02-12,23.700000762939453
2020-02-13,23.5
2020-02-14,22.700000762939453
2020-02-18,23.5
2020-02-19,23.600000381469727
2020-02-20,23.799999237060547
2020-02-21,23.5
2020-02-24,22.5
2020-02-25,22.200000762939453
2020-02-26,22.299999237060547
2020-02-27,21.899999618530273
2020-02-28,21.5
2020-03-02,21.700000762939453
2020-03-03,22.200000762939453
2020-03-04,23.299999237060547
2020-03-05,23.299999237060547
2020-03-06,22.799999237060547
2020-03-09,21.299999237060547
2020-03-10,20.899999618530273
2020-03-11,20.0
2020-03-12,17.0
2020-03-13,17.100000381469727
2020-03-16,15.899999618530273
2020-03-17,15.699999809265137
2020-03-18,14.800000190734863
2020-03-19,14.199999809265137
2020-03-20,15.100000381469727
2020-03-23,14.600000381469727
2020-03-24,15.699999809265137
2020-03-25,15.899999618530273
2020-03-26,16.299999237060547
2020-03-27,16.399999618530273
2020-03-30,15.699999809265137
2020-03-31,15.899999618530273
2020-04-01,15.600000381469727
2020-04-02,14.600000381469727
2020-04-03,14.699999809265137
2020-04-06,15.899999618530273
2020-04-07,16.899999618530273
2020-04-08,17.100000381469727
2020-04-09,17.899999618530273
2020-04-13,18.0
2020-04-14,18.600000381469727
2020-04-15,18.399999618530273
2020-04-16,17.200000762939453
2020-04-17,17.200000762939453
2020-04-20,17.100000381469727
2020-04-21,16.200000762939453
2020-04-22,15.600000381469727
2020-04-23,16.200000762939453
2020-04-24,15.699999809265137
2020-04-27,17.799999237060547
2020-04-28,18.100000381469727
2020-04-29,19.0
2020-04-30,19.100000381469727
2020-05-01,17.700000762939453
2020-05-04,18.799999237060547
2020-05-05,20.200000762939453
2020-05-06,20.299999237060547
2020-05-07,18.5
2020-05-08,18.5
2020-05-11,19.399999618530273
2020-05-12,20.5
2020-05-13,19.600000381469727
2020-05-14,18.0
2020-05-15,18.200000762939453
2020-05-18,19.899999618530273
2020-05-19,20.200000762939453
2020-05-20,20.200000762939453
2020-05-21,19.899999618530273
2020-05-22,19.0
2020-05-26,19.799999237060547
2020-05-27,20.5
2020-05-28,21.0
2020-05-29,20.299999237060547
2020-06-01,20.0
2020-06-02,19.799999237060547
2020-06-03,20.0
2020-06-04,19.700000762939453
2020-06-05,19.899999618530273
2020-06-08,21.5
2020-06-09,20.799999237060547
2020-06-10,20.299999237060547
2020-06-11,19.399999618530273
2020-06-12,18.899999618530273
2020-06-15,18.600000381469727
2020-06-16,19.299999237060547
2020-06-17,19.299999237060547
2020-06-18,19.200000762939453
2020-06-19,19.100000381469727
2020-06-22,18.899999618530273
2020-06-23,19.799999237060547
2020-06-24,19.5
2020-06-25,20.299999237060547
2020-06-26,20.200000762939453
2020-06-29,18.600000381469727
2020-06-30,18.299999237060547
2020-07-01,18.399999618530273
2020-07-02,19.200000762939453
2020-07-06,19.700000762939453
2020-07-07,19.600000381469727
2020-07-08,19.600000381469727
2020-07-09,21.299999237060547
2020-07-10,18.5
2020-07-13,24.799999237060547
2020-07-14,52.400001525878906
2020-07-15,38.900001525878906
2020-07-16,36.70000076293945
2020-07-17,34.79999923706055
2020-07-20,34.0
2020-07-21,31.5
2020-07-22,28.700000762939453
2020-07-23,29.0
2020-07-24,27.200000762939453
2020-07-27,28.799999237060547
2020-07-28,26.100000381469727
2020-07-29,25.200000762939453
2020-07-30,24.899999618530273
2020-07-31,24.600000381469727
2020-08-03,24.899999618530273
2020-08-04,24.899999618530273
2020-08-05,29.200000762939453
2020-08-06,25.399999618530273
2020-08-07,25.899999618530273
2020-08-10,27.5
2020-08-11,27.100000381469727
2020-08-12,25.899999618530273
2020-08-13,26.399999618530273
2020-08-14,25.299999237060547
2020-08-17,25.100000381469727
2020-08-18,25.0
2020-08-19,25.899999618530273
2020-08-20,26.0
2020-08-21,26.200000762939453
2020-08-24,25.0
2020-08-25,24.299999237060547
2020-08-26,24.0
2020-08-27,24.200000762939453
2020-08-28,24.5
2020-08-31,25.399999618530273
2020-09-01,25.0
2020-09-02,24.799999237060547
2020-09-03,24.399999618530273
2020-09-04,23.299999237060547
2020-09-08,23.700000762939453
2020-09-09,23.600000381469727
2020-09-10,23.899999618530273
2020-09-11,23.700000762939453
2020-09-14,25.399999618530273
2020-09-15,25.399999618530273
2020-09-16,25.299999237060547
2020-09-17,29.0
2020-09-18,26.100000381469727
2020-09-21,24.5
2020-09-22,24.100000381469727
2020-09-23,23.100000381469727
2020-09-24,23.200000762939453
2020-09-25,23.700000762939453
2020-09-28,23.299999237060547
2020-09-29,23.399999618530273
2020-09-30,24.600000381469727
2020-10-01,24.600000381469727
2020-10-02,24.200000762939453
2020-10-05,25.399999618530273
2020-10-06,26.399999618530273
2020-10-07,26.0
2020-10-08,26.0
2020-10-09,26.299999237060547
2020-10-12,25.700000762939453
2020-10-13,26.899999618530273
2020-10-14,26.899999618530273
2020-10-15,26.899999618530273
2020-10-16,27.200000762939453
2020-10-19,27.899999618530273
2020-10-20,26.5
2020-10-21,25.700000762939453
2020-10-22,25.399999618530273
2020-10-23,25.5
2020-10-26,24.899999618530273
2020-10-27,24.899999618530273
2020-10-28,25.0
2020-10-29,25.299999237060547
2020-10-30,25.100000381469727
2020-11-02,25.200000762939453
2020-11-03,25.899999618530273
2020-11-04,27.0
2020-11-05,28.0
2020-11-06,26.299999237060547
2020-11-09,27.0
2020-11-10,27.5
2020-11-11,28.5
2020-11-12,27.799999237060547
2020-11-13,27.700000762939453
2020-11-16,28.200000762939453
2020-11-17,27.799999237060547
2020-11-18,28.100000381469727
2020-11-19,27.299999237060547
2020-11-20,27.700000762939453
2020-11-23,29.299999237060547
2020-11-24,30.600000381469727
2020-11-25,29.5
2020-11-27,31.600000381469727
2020-11-30,31.700000762939453
2020-12-01,30.799999237060547
2020-12-02,30.700000762939453
2020-12-03,30.700000762939453
2020-12-04,31.200000762939453
2020-12-07,30.899999618530273
2020-12-08,31.0
2020-12-09,32.20000076293945
2020-12-10,33.400001525878906
2020-12-11,33.0
2020-12-14,33.599998474121094
2020-12-15,33.0
2020-12-16,38.400001525878906
2020-12-17,37.70000076293945
2020-12-18,38.29999923706055
2020-12-21,38.900001525878906
2020-12-22,38.0
2020-12-23,37.900001525878906
2020-12-24,37.79999923706055
2020-12-28,38.0
2020-12-29,37.29999923706055
2020-12-30,37.099998474121094
2020-12-31,36.29999923706055
2021-01-04,36.0
2021-01-05,35.5
2021-01-06,35.70000076293945
2021-01-07,36.0
2021-01-08,36.0
2021-01-11,36.900001525878906
2021-01-12,35.900001525878906
2021-01-13,37.70000076293945
2021-01-14,38.599998474121094
2021-01-15,40.400001525878906
2021-01-19,38.79999923706055
2021-01-20,38.29999923706055
2021-01-21,38.29999923706055
2021-01-22,38.0
2021-01-25,37.70000076293945
2021-01-26,37.20000076293945
2021-01-27,37.70000076293945
2021-01-28,36.400001525878906
2021-01-29,40.70000076293945
2021-02-01,38.400001525878906
2021-02-02,40.599998474121094
2021-02-03,43.900001525878906
2021-02-04,43.400001525878906
2021-02-05,48.900001525878906
2021-02-08,50.79999923706055
2021-02-09,50.0
2021-02-10,48.400001525878906
2021-02-11,46.20000076293945
2021-02-12,46.0
2021-02-16,46.29999923706055
2021-02-17,45.400001525878906
2021-02-18,55.0
2021-02-19,51.0
2021-02-22,50.70000076293945
2021-02-23,45.20000076293945
2021-02-24,43.79999923706055
2021-02-25,44.5
2021-02-26,42.900001525878906
2021-03-01,44.79999923706055
2021-03-02,44.599998474121094
2021-03-03,42.79999923706055
2021-03-04,38.599998474121094
2021-03-05,38.5
2021-03-08,39.400001525878906
2021-03-09,38.79999923706055
2021-03-10,39.900001525878906
2021-03-11,42.29999923706055
2021-03-12,42.400001525878906
2021-03-15,42.79999923706055
2021-03-16,42.29999923706055
2021-03-17,41.70000076293945
2021-03-18,41.400001525878906
2021-03-19,40.5
2021-03-22,41.79999923706055
2021-03-23,40.29999923706055
2021-03-24,38.20000076293945
2021-03-25,36.20000076293945
2021-03-26,36.29999923706055
2021-03-29,34.70000076293945
2021-03-30,35.20000076293945
2021-03-31,34.79999923706055
2021-04-01,35.099998474121094
2021-04-05,35.5
2021-04-06,34.900001525878906
2021-04-07,34.20000076293945
2021-04-08,33.400001525878906
2021-04-09,33.0
2021-04-12,32.599998474121094
2021-04-13,36.79999923706055
2021-04-14,38.900001525878906
2021-04-15,39.400001525878906
2021-04-16,37.900001525878906
2021-04-19,35.900001525878906
2021-04-20,35.79999923706055
2021-04-21,36.900001525878906
2021-04-22,37.900001525878906
2021-04-23,38.099998474121094
2021-04-26,39.0
2021-04-27,39.70000076293945
2021-04-28,39.0
2021-04-29,38.0
2021-04-30,37.79999923706055
2021-05-03,37.70000076293945
2021-05-04,36.900001525878906
2021-05-05,35.20000076293945
2021-05-06,34.70000076293945
2021-05-07,34.29999923706055
2021-05-10,33.5
2021-05-11,32.79999923706055
2021-05-12,40.5
2021-05-13,37.599998474121094
2021-05-14,37.29999923706055
2021-05-17,37.599998474121094
2021-05-18,38.20000076293945
2021-05-19,37.900001525878906
2021-05-20,37.099998474121094
2021-05-21,37.5
2021-05-24,36.79999923706055
2021-05-25,36.79999923706055
2021-05-26,37.20000076293945
2021-05-27,37.900001525878906
2021-05-28,38.400001525878906
2021-06-01,37.79999923706055
2021-06-02,37.79999923706055
2021-06-03,38.20000076293945
2021-06-04,40.099998474121094
2021-06-07,41.099998474121094
2021-06-08,41.400001525878906
2021-06-09,41.5
2021-06-10,41.79999923706055
2021-06-11,41.400001525878906
2021-06-14,44.29999923706055
2021-06-15,44.0
2021-06-16,42.29999923706055
2021-06-17,42.400001525878906
2021-06-18,42.70000076293945
2021-06-21,43.400001525878906
2021-06-22,42.400001525878906
2021-06-23,42.70000076293945
2021-06-24,43.400001525878906
2021-06-25,45.900001525878906
2021-06-28,46.20000076293945
2021-06-29,46.20000076293945
2021-06-30,44.70000076293945
2021-07-01,45.0
2021-07-02,45.5
2021-07-06,44.79999923706055
2021-07-07,44.099998474121094
2021-07-08,42.599998474121094
2021-07-09,43.099998474121094
2021-07-12,43.70000076293945
2021-07-13,42.29999923706055
2021-07-14,42.0
2021-07-15,41.29999923706055
2021-07-16,42.0
2021-07-19,41.400001525878906
2021-07-20,42.20000076293945
2021-07-21,42.70000076293945
2021-07-22,42.900001525878906
2021-07-23,42.79999923706055
2021-07-26,41.599998474121094
2021-07-27,41.20000076293945
2021-07-28,42.20000076293945
2021-07-29,42.5
2021-07-30,41.20000076293945
2021-08-02,40.900001525878906
2021-08-03,40.599998474121094
2021-08-04,38.29999923706055
2021-08-05,38.900001525878906
2021-08-06,39.099998474121094
2021-08-09,39.29999923706055
2021-08-10,40.599998474121094
2021-08-11,40.599998474121094
2021-08-12,41.400001525878906
2021-08-13,37.20000076293945
2021-08-16,37.29999923706055
2021-08-17,36.79999923706055
2021-08-18,36.599998474121094
2021-08-19,35.900001525878906
2021-08-20,36.900001525878906
2021-08-23,38.0
2021-08-24,37.79999923706055
2021-08-25,38.29999923706055
2021-08-26,38.29999923706055
2021-08-27,38.400001525878906
2021-08-30,39.0
2021-08-31,38.5
2021-09-01,41.29999923706055
2021-09-02,42.400001525878906
2021-09-03,41.400001525878906
2021-09-07,41.400001525878906
2021-09-08,40.599998474121094
2021-09-09,40.70000076293945
2021-09-10,40.70000076293945
2021-09-13,39.400001525878906
2021-09-14,39.5
2021-09-15,38.5
2021-09-16,38.400001525878906
2021-09-17,39.599998474121094
2021-09-20,39.0
2021-09-21,37.900001525878906
2021-09-22,38.0
2021-09-23,39.0
2021-09-24,39.099998474121094
2021-09-27,38.099998474121094
2021-09-28,37.5
2021-09-29,37.20000076293945
2021-09-30,37.20000076293945
2021-10-01,36.20000076293945
2021-10-04,35.5
2021-10-05,36.20000076293945
2021-10-06,35.5
2021-10-07,35.400001525878906
2021-10-08,35.20000076293945
2021-10-11,35.099998474121094
2021-10-12,35.599998474121094
2021-10-13,35.29999923706055
2021-10-14,35.599998474121094
2021-10-15,35.0
2021-10-18,33.79999923706055
2021-10-19,33.79999923706055
2021-10-20,33.5
2021-10-21,33.70000076293945
2021-10-22,32.5
2021-10-25,32.599998474121094
2021-10-26,32.29999923706055
2021-10-27,33.5
2021-10-28,33.099998474121094
2021-10-29,33.79999923706055
2021-11-01,35.5
2021-11-02,36.0
2021-11-03,34.900001525878906
2021-11-04,34.29999923706055
2021-11-05,34.400001525878906
2021-11-08,33.0
2021-11-09,32.79999923706055
2021-11-10,32.900001525878906
2021-11-11,32.400001525878906
2021-11-12,32.099998474121094
2021-11-15,32.099998474121094
2021-11-16,30.5
2021-11-17,29.200000762939453
2021-11-18,29.899999618530273
2021-11-19,30.899999618530273
2021-11-22,30.5
2021-11-23,29.299999237060547
2021-11-24,29.399999618530273
2021-11-26,29.100000381469727
2021-11-29,28.600000381469727
2021-11-30,27.399999618530273
2021-12-01,27.799999237060547
2021-12-02,26.299999237060547
2021-12-03,26.299999237060547
2021-12-06,24.899999618530273
2021-12-07,26.5
2021-12-08,26.5
2021-12-09,26.5
2021-12-10,25.0
2021-12-13,24.5
2021-12-14,23.799999237060547
2021-12-15,25.100000381469727
2021-12-16,24.899999618530273
2021-12-17,26.799999237060547
2021-12-20,27.200000762939453
2021-12-21,27.399999618530273
2021-12-22,28.100000381469727
2021-12-23,29.100000381469727
2021-12-27,28.799999237060547
2021-12-28,29.200000762939453
2021-12-29,27.600000381469727
2021-12-30,27.5
2021-12-31,27.5
2022-01-03,27.5
2022-01-04,27.5
2022-01-05,26.299999237060547
2022-01-06,26.600000381469727
2022-01-07,26.700000762939453
2022-01-10,25.100000381469727
2022-01-11,25.899999618530273
2022-01-12,25.899999618530273
2022-01-13,24.5
2022-01-14,24.399999618530273
2022-01-18,23.799999237060547
2022-01-19,24.0
2022-01-20,24.100000381469727
2022-01-21,24.700000762939453
2022-01-24,24.399999618530273
2022-01-25,24.899999618530273
2022-01-26,25.5
2022-01-27,25.0
2022-01-28,24.0
2022-01-31,25.700000762939453
2022-02-01,26.0
2022-02-02,25.899999618530273
2022-02-03,24.899999618530273
2022-02-04,25.0
2022-02-07,26.100000381469727
2022-02-08,26.0
2022-02-09,27.600000381469727
2022-02-10,27.100000381469727
2022-02-11,26.600000381469727
2022-02-14,26.299999237060547
2022-02-15,26.299999237060547
2022-02-16,25.899999618530273
2022-02-17,25.600000381469727
2022-02-18,24.700000762939453
2022-02-22,24.399999618530273
2022-02-23,24.0
2022-02-24,24.700000762939453
2022-02-25,25.399999618530273
2022-02-28,25.600000381469727
2022-03-01,26.100000381469727
2022-03-02,30.700000762939453
2022-03-03,31.299999237060547
2022-03-04,31.299999237060547
2022-03-07,31.700000762939453
2022-03-08,32.900001525878906
2022-03-09,32.5
2022-03-10,32.599998474121094
2022-03-11,32.5
2022-03-14,31.100000381469727
2022-03-15,30.100000381469727
2022-03-16,30.0
2022-03-17,32.599998474121094
2022-03-18,35.20000076293945
2022-03-21,34.5
2022-03-22,34.0
2022-03-23,33.29999923706055
2022-03-24,32.900001525878906
2022-03-25,32.900001525878906
2022-03-28,31.799999237060547
2022-03-29,31.899999618530273
2022-03-30,31.700000762939453
2022-03-31,30.799999237060547
2022-04-01,31.899999618530273
2022-04-04,32.29999923706055
2022-04-05,32.79999923706055
2022-04-06,31.700000762939453
2022-04-07,31.899999618530273
2022-04-08,31.799999237060547
2022-04-11,30.700000762939453
2022-04-12,30.100000381469727
2022-04-13,31.399999618530273
2022-04-14,31.600000381469727
2022-04-18,30.100000381469727
2022-04-19,28.899999618530273
2022-04-20,28.600000381469727
2022-04-21,28.299999237060547
2022-04-22,27.700000762939453
2022-04-25,26.799999237060547
2022-04-26,27.700000762939453
2022-04-27,25.5
2022-04-28,25.200000762939453
2022-04-29,25.299999237060547
2022-05-02,24.799999237060547
2022-05-03,25.100000381469727
2022-05-04,26.799999237060547
2022-05-05,27.100000381469727
2022-05-06,24.0
2022-05-09,22.100000381469727
2022-05-10,21.200000762939453
2022-05-11,20.600000381469727
2022-05-12,19.600000381469727
2022-05-13,20.200000762939453
2022-05-16,21.399999618530273
2022-05-17,22.200000762939453
2022-05-18,22.0
2022-05-19,21.899999618530273
2022-05-20,21.899999618530273
2022-05-23,20.600000381469727
2022-05-24,19.799999237060547
2022-05-25,19.200000762939453
2022-05-26,19.200000762939453
2022-05-27,18.899999618530273
2022-05-31,19.100000381469727
2022-06-01,19.100000381469727
2022-06-02,17.899999618530273
2022-06-03,17.700000762939453
2022-06-06,17.600000381469727
2022-06-07,17.700000762939453
2022-06-08,9.699999809265137
2022-06-09,7.699999809265137
2022-06-10,7.099999904632568
2022-06-13,7.199999809265137
2022-06-14,7.599999904632568
2022-06-15,8.100000381469727
2022-06-16,10.100000381469727
2022-06-17,11.5
2022-06-21,12.0
2022-06-22,12.899999618530273
2022-06-23,12.0
2022-06-24,10.899999618530273
2022-06-27,12.5
2022-06-28,11.699999809265137
2022-06-29,10.800000190734863
2022-06-30,11.800000190734863
2022-07-01,12.899999618530273
2022-07-05,13.600000381469727
2022-07-06,14.0
2022-07-07,13.600000381469727
2022-07-08,13.800000190734863
2022-07-11,13.899999618530273
2022-07-12,13.899999618530273
2022-07-13,13.800000190734863
2022-07-14,13.399999618530273
2022-07-15,13.300000190734863
2022-07-18,13.5
2022-07-19,13.699999809265137
2022-07-20,14.300000190734863
2022-07-21,13.100000381469727
2022-07-22,12.699999809265137
2022-07-25,12.0
2022-07-26,12.899999618530273
2022-07-27,12.800000190734863
2022-07-28,12.800000190734863
2022-07-29,12.399999618530273
2022-08-01,12.800000190734863
2022-08-02,13.0
2022-08-03,16.299999237060547
2022-08-04,14.600000381469727
2022-08-05,15.199999809265137
2022-08-08,15.399999618530273
2022-08-09,14.600000381469727
2022-08-10,15.199999809265137
2022-08-11,15.899999618530273
2022-08-12,15.699999809265137
2022-08-15,15.899999618530273
2022-08-16,16.100000381469727
2022-08-17,16.700000762939453
2022-08-18,17.600000381469727
2022-08-19,16.799999237060547
2022-08-22,15.5
2022-08-23,17.399999618530273
2022-08-24,17.299999237060547
2022-08-25,17.0
2022-08-26,16.200000762939453
2022-08-29,14.899999618530273
2022-08-30,14.399999618530273
2022-08-31,15.0
2022-09-01,15.399999618530273
2022-09-02,16.0
2022-09-06,14.600000381469727
2022-09-07,14.600000381469727
2022-09-08,14.699999809265137
2022-09-09,15.0
2022-09-12,14.5
2022-09-13,14.0
2022-09-14,13.300000190734863
2022-09-15,13.300000190734863
2022-09-16,13.199999809265137
2022-09-19,13.300000190734863
2022-09-20,13.100000381469727
2022-09-21,12.800000190734863
2022-09-22,12.100000381469727
2022-09-23,11.399999618530273
2022-09-26,11.899999618530273
2022-09-27,12.0
2022-09-28,12.5
2022-09-29,12.199999809265137
2022-09-30,12.600000381469727
2022-10-03,12.300000190734863
2022-10-04,12.5
2022-10-05,12.199999809265137
2022-10-06,11.800000190734863
2022-10-07,11.800000190734863
2022-10-10,11.5
2022-10-11,10.600000381469727
2022-10-12,9.100000381469727
2022-10-13,8.300000190734863
2022-10-14,8.5
2022-10-17,8.800000190734863
2022-10-18,9.199999809265137
2022-10-19,8.800000190734863
2022-10-20,8.5
2022-10-21,8.199999809265137
2022-10-24,8.100000381469727
2022-10-25,8.0
2022-10-26,7.900000095367432
2022-10-27,7.5
2022-10-28,7.400000095367432
2022-10-31,7.5
2022-11-01,8.199999809265137
2022-11-02,7.900000095367432
2022-11-03,7.400000095367432
2022-11-04,7.599999904632568
2022-11-07,7.800000190734863
2022-11-08,7.800000190734863
2022-11-09,7.400000095367432
2022-11-10,7.300000190734863
2022-11-11,7.900000095367432
2022-11-14,7.900000095367432
2022-11-15,8.100000381469727
2022-11-16,8.0
2022-11-17,7.5
2022-11-18,7.800000190734863
2022-11-21,7.900000095367432
2022-11-22,8.0
2022-11-23,8.100000381469727
2022-11-25,7.699999809265137
2022-11-28,7.5
2022-11-29,7.400000095367432
2022-11-30,7.300000190734863
2022-12-01,7.099999904632568
2022-12-02,9.899999618530273
2022-12-05,9.600000381469727
2022-12-06,10.300000190734863
2022-12-07,9.399999618530273
2022-12-08,9.300000190734863
2022-12-09,9.100000381469727
2022-12-12,10.5
2022-12-13,11.0
2022-12-14,11.5
2022-12-15,13.600000381469727
2022-12-16,15.5
2022-12-19,14.800000190734863
2022-12-20,12.899999618530273
2022-12-21,12.5
2022-12-22,12.699999809265137
2022-12-23,12.800000190734863
2022-12-27,12.800000190734863
2022-12-28,13.5
2022-12-29,14.0
2022-12-30,15.199999809265137
2023-01-03,16.0
2023-01-04,13.800000190734863
2023-01-05,13.5
2023-01-06,12.899999618530273
2023-01-09,14.800000190734863
2023-01-10,16.5
2023-01-11,16.100000381469727
2023-01-12,16.600000381469727
2023-01-13,18.0
2023-01-17,18.5
2023-01-18,19.5
2023-01-19,19.600000381469727
2023-01-20,20.399999618530273
2023-01-23,20.399999618530273
2023-01-24,19.299999237060547
2023-01-25,19.299999237060547
2023-01-26,19.399999618530273
2023-01-27,18.899999618530273
2023-01-30,18.0
2023-01-31,17.799999237060547
2023-02-01,17.600000381469727
2023-02-02,17.799999237060547
2023-02-03,18.5
2023-02-06,17.700000762939453
2023-02-07,17.399999618530273
2023-02-08,17.200000762939453
2023-02-09,17.0
2023-02-10,17.0
2023-02-13,16.799999237060547
2023-02-14,16.600000381469727
2023-02-15,16.5
2023-02-16,16.399999618530273
2023-02-17,16.100000381469727
2023-02-21,16.399999618530273
2023-02-22,16.100000381469727
2023-02-23,16.100000381469727
2023-02-24,15.800000190734863
2023-02-27,15.699999809265137
2023-02-28,15.699999809265137
2023-03-01,16.0
2023-03-02,16.399999618530273
2023-03-03,16.299999237060547
2023-03-06,15.899999618530273
2023-03-07,15.699999809265137
2023-03-08,18.299999237060547
2023-03-09,18.299999237060547
2023-03-10,16.799999237060547
2023-03-13,16.700000762939453
2023-03-14,16.399999618530273
2023-03-15,17.200000762939453
2023-03-16,16.799999237060547
2023-03-17,16.100000381469727
2023-03-20,15.0
2023-03-21,14.699999809265137
2023-03-22,14.300000190734863
2023-03-23,13.899999618530273
2023-03-24,12.899999618530273
2023-03-27,13.699999809265137
2023-03-28,14.300000190734863
2023-03-29,14.699999809265137
2023-03-30,14.5
2023-03-31,13.899999618530273
2023-04-03,13.5
2023-04-04,12.699999809265137
2023-04-05,12.300000190734863
2023-04-06,12.600000381469727
2023-04-10,12.699999809265137
2023-04-11,12.699999809265137
2023-04-12,12.300000190734863
2023-04-13,12.899999618530273
2023-04-14,12.800000190734863
2023-04-17,13.0
2023-04-18,13.100000381469727
2023-04-19,12.600000381469727
2023-04-20,12.300000190734863
2023-04-21,12.300000190734863
2023-04-24,12.100000381469727
2023-04-25,11.800000190734863
2023-04-26,11.600000381469727
2023-04-27,11.5
2023-04-28,11.600000381469727
2023-05-01,12.100000381469727
2023-05-02,12.100000381469727
2023-05-03,11.899999618530273
2023-05-04,11.800000190734863
2023-05-05,11.899999618530273
2023-05-08,12.0
2023-05-09,11.800000190734863
2023-05-10,11.899999618530273
2023-05-11,11.899999618530273
2023-05-12,13.100000381469727
2023-05-15,14.199999809265137
2023-05-16,13.800000190734863
2023-05-17,18.799999237060547
2023-05-18,19.600000381469727
2023-05-19,16.399999618530273
2023-05-22,16.100000381469727
2023-05-23,15.300000190734863
2023-05-24,14.300000190734863
2023-05-25,13.600000381469727
2023-05-26,13.600000381469727
2023-05-30,14.0
2023-05-31,14.300000190734863
2023-06-01,14.5
2023-06-02,14.199999809265137
2023-06-05,14.899999618530273
2023-06-06,15.800000190734863
2023-06-07,16.0
2023-06-08,16.299999237060547
2023-06-09,16.700000762939453
2023-06-12,16.899999618530273
2023-06-13,17.0
2023-06-14,16.200000762939453
2023-06-15,16.799999237060547
2023-06-16,16.799999237060547
2023-06-20,16.5
2023-06-21,17.0
2023-06-22,17.399999618530273
2023-06-23,17.700000762939453
2023-06-26,16.700000762939453
2023-06-27,15.399999618530273
2023-06-28,14.100000381469727
2023-06-29,14.0
2023-06-30,13.5
2023-07-03,13.199999809265137
2023-07-05,14.0
2023-07-06,14.0
2023-07-07,14.300000190734863
2023-07-10,13.699999809265137
2023-07-11,13.399999618530273
2023-07-12,13.300000190734863
2023-07-13,13.5
2023-07-14,13.199999809265137
2023-07-17,13.699999809265137
2023-07-18,13.699999809265137
2023-07-19,13.800000190734863
2023-07-20,13.600000381469727
2023-07-21,13.300000190734863
2023-07-24,13.100000381469727
2023-07-25,12.800000190734863
2023-07-26,13.0
2023-07-27,13.199999809265137
2023-07-28,13.399999618530273
2023-07-31,14.0
2023-08-01,13.899999618530273
2023-08-02,13.5
2023-08-03,13.199999809265137
2023-08-04,12.699999809265137
2023-08-07,12.399999618530273
2023-08-08,12.0
2023-08-09,11.800000190734863
2023-08-10,12.100000381469727
2023-08-11,11.899999618530273
2023-08-14,11.899999618530273
2023-08-15,11.899999618530273
2023-08-16,11.899999618530273
2023-08-17,11.5
2023-08-18,11.800000190734863
2023-08-21,12.300000190734863
2023-08-22,12.100000381469727
2023-08-23,11.899999618530273
2023-08-24,11.699999809265137
2023-08-25,12.0
2023-08-28,11.899999618530273
2023-08-29,12.199999809265137
2023-08-30,12.300000190734863
2023-08-31,12.300000190734863
2023-09-01,11.899999618530273
2023-09-05,11.800000190734863
2023-09-06,11.600000381469727
2023-09-07,11.300000190734863
2023-09-08,11.199999809265137
2023-09-11,11.300000190734863
2023-09-12,11.199999809265137
2023-09-13,11.199999809265137
2023-09-14,11.800000190734863
2023-09-15,11.699999809265137
2023-09-18,11.399999618530273
2023-09-19,11.100000381469727
2023-09-20,11.399999618530273
2023-09-21,11.300000190734863
2023-09-22,11.199999809265137
2023-09-25,11.300000190734863
2023-09-26,11.800000190734863
2023-09-27,11.600000381469727
2023-09-28,11.300000190734863
2023-09-29,11.199999809265137
2023-10-02,10.899999618530273
2023-10-03,10.199999809265137
2023-10-04,10.300000190734863
2023-10-05,10.899999618530273
2023-10-06,10.5
2023-10-09,10.100000381469727
2023-10-10,10.600000381469727
2023-10-11,10.300000190734863
2023-10-12,10.0
2023-10-13,9.800000190734863
2023-10-16,10.0
2023-10-17,10.0
2023-10-18,9.899999618530273
2023-10-19,9.5
2023-10-20,9.399999618530273
2023-10-23,8.600000381469727
2023-10-24,8.5
2023-10-25,7.800000190734863
2023-10-26,7.699999809265137
2023-10-27,7.699999809265137
2023-10-30,7.900000095367432
2023-10-31,8.300000190734863
2023-11-01,8.399999618530273
2023-11-02,8.300000190734863
2023-11-03,9.0
2023-11-06,9.100000381469727
2023-11-07,8.800000190734863
2023-11-08,9.0
2023-11-09,8.899999618530273
2023-11-10,8.199999809265137
2023-11-13,8.300000190734863
2023-11-14,8.600000381469727
2023-11-15,8.699999809265137
2023-11-16,8.300000190734863
2023-11-17,9.0
2023-11-20,9.600000381469727
2023-11-21,9.600000381469727
2023-11-22,10.0
2023-11-24,10.699999809265137
2023-11-27,10.600000381469727
2023-11-28,10.899999618530273
2023-11-29,11.300000190734863
2023-11-30,11.5
2023-12-01,11.399999618530273
2023-12-04,11.300000190734863
2023-12-05,11.100000381469727
2023-12-06,11.300000190734863
2023-12-07,11.5
2023-12-08,13.399999618530273
2023-12-11,13.600000381469727
2023-12-12,12.800000190734863
2023-12-13,13.0
2023-12-14,13.300000190734863
2023-12-15,13.399999618530273
2023-12-18,12.899999618530273
2023-12-19,12.899999618530273
2023-12-20,12.899999618530273
2023-12-21,12.600000381469727
2023-12-22,14.100000381469727
2023-12-26,14.399999618530273
2023-12-27,14.699999809265137
2023-12-28,15.899999618530273
2023-12-29,15.800000190734863
2024-01-02,15.199999809265137
2024-01-03,14.899999618530273
2024-01-04,15.300000190734863
2024-01-05,15.0
2024-01-08,15.199999809265137
2024-01-09,14.800000190734863
2024-01-10,14.0
2024-01-11,13.699999809265137
2024-01-12,13.899999618530273
2024-01-16,13.699999809265137
2024-01-17,13.600000381469727
2024-01-18,13.600000381469727
2024-01-19,13.800000190734863
2024-01-22,13.600000381469727
2024-01-23,13.399999618530273
2024-01-24,12.800000190734863
2024-01-25,12.600000381469727
2024-01-26,13.199999809265137
2024-01-29,13.0
2024-01-30,13.0
2024-01-31,12.800000190734863
2024-02-01,12.100000381469727
2024-02-02,11.699999809265137
2024-02-05,12.399999618530273
2024-02-06,12.399999618530273
2024-02-07,12.100000381469727
2024-02-08,11.5
2024-02-09,12.399999618530273
2024-02-12,12.899999618530273
2024-02-13,12.0
2024-02-14,11.899999618530273
2024-02-15,12.300000190734863
2024-02-16,12.300000190734863
2024-02-20,11.899999618530273
2024-02-21,11.399999618530273
2024-02-22,13.399999618530273
2024-02-23,13.300000190734863
2024-02-26,15.0
2024-02-27,15.699999809265137
2024-02-28,15.600000381469727
2024-02-29,15.800000190734863
2024-03-01,16.399999618530273
2024-03-04,15.600000381469727
2024-03-05,15.100000381469727
2024-03-06,17.299999237060547
2024-03-07,16.399999618530273
2024-03-08,15.899999618530273
2024-03-11,16.200000762939453
2024-03-12,15.399999618530273
2024-03-13,15.100000381469727
2024-03-14,14.600000381469727
2024-03-15,14.300000190734863
2024-03-18,13.600000381469727
2024-03-19,14.0
2024-03-20,14.399999618530273
2024-03-21,14.699999809265137
2024-03-22,14.699999809265137
2024-03-25,14.600000381469727
2024-03-26,14.800000190734863
2024-03-27,15.0
2024-03-28,15.100000381469727
2024-04-01,14.5
2024-04-02,13.300000190734863
2024-04-03,13.600000381469727
2024-04-04,13.600000381469727
2024-04-05,13.100000381469727
2024-04-08,13.199999809265137
2024-04-09,13.0
2024-04-10,12.5
2024-04-11,12.600000381469727
2024-04-12,12.399999618530273
2024-04-15,11.899999618530273
2024-04-16,11.600000381469727
2024-04-17,11.600000381469727
2024-04-18,11.199999809265137
2024-04-19,10.899999618530273
2024-04-22,11.399999618530273
2024-04-23,11.699999809265137
2024-04-24,11.600000381469727
2024-04-25,11.399999618530273
2024-04-26,11.300000190734863
2024-04-29,11.5
2024-04-30,11.100000381469727
2024-05-01,11.100000381469727
2024-05-02,11.600000381469727
2024-05-03,12.199999809265137
2024-05-06,12.5
2024-05-07,12.600000381469727
2024-05-08,11.300000190734863
2024-05-09,10.300000190734863
2024-05-10,10.199999809265137
2024-05-13,10.100000381469727
2024-05-14,10.0
2024-05-15,10.0
2024-05-16,9.899999618530273
2024-05-17,10.0
2024-05-20,9.699999809265137
2024-05-21,9.600000381469727
2024-05-22,9.5
2024-05-23,9.399999618530273
2024-05-24,9.399999618530273
2024-05-28,9.5
2024-05-29,9.399999618530273
2024-05-30,9.600000381469727
2024-05-31,10.199999809265137
2024-06-03,10.100000381469727
2024-06-04,10.0
2024-06-05,9.899999618530273
2024-06-06,10.0
2024-06-07,9.800000190734863
2024-06-10,10.199999809265137
2024-06-11,10.199999809265137
2024-06-12,10.5
2024-06-13,10.0
2024-06-14,9.899999618530273
2024-06-17,9.699999809265137
2024-06-18,9.600000381469727
2024-06-20,9.699999809265137
2024-06-21,9.899999618530273
2024-06-24,9.899999618530273
2024-06-25,9.0
2024-06-26,8.5
2024-06-27,10.890000343322754
2024-06-28,9.649999618530273
2024-07-01,8.529999732971191
2024-07-02,8.470000267028809
2024-07-03,8.4399995803833
2024-07-05,7.849999904632568
2024-07-08,8.260000228881836
2024-07-09,8.170000076293945
2024-07-10,8.680000305175781
2024-07-11,9.920000076293945
2024-07-12,10.600000381469727
2024-07-15,10.670000076293945
2024-07-16,11.350000381469727
2024-07-17,11.239999771118164
2024-07-18,10.289999961853027
2024-07-19,9.710000038146973
2024-07-22,10.229999542236328
2024-07-23,10.529999732971191
2024-07-24,10.829999923706055
2024-07-25,11.210000038146973
2024-07-26,11.239999771118164
2024-07-29,10.829999923706055
2024-07-30,10.699999809265137
2024-07-31,11.050000190734863
2024-08-01,10.640000343322754
2024-08-02,9.90999984741211
2024-08-05,9.260000228881836
2024-08-06,9.390000343322754
2024-08-07,11.079999923706055
2024-08-08,10.890000343322754
2024-08-09,10.5
2024-08-12,11.359999656677246
2024-08-13,12.699999809265137
2024-08-14,12.729999542236328
2024-08-15,12.649999618530273
2024-08-16,12.510000228881836
2024-08-19,12.869999885559082
2024-08-20,12.869999885559082
2024-08-21,12.770000457763672
2024-08-22,12.479999542236328
2024-08-23,12.699999809265137
2024-08-26,13.460000038146973
2024-08-27,13.880000114440918
2024-08-28,13.350000381469727
2024-08-29,13.869999885559082
2024-08-30,13.800000190734863
2024-09-03,13.4399995803833
2024-09-04,13.470000267028809
2024-09-05,13.460000038146973
2024-09-06,13.399999618530273
2024-09-09,13.789999961853027
2024-09-10,13.449999809265137
2024-09-11,13.100000381469727
2024-09-12,13.039999961853027
2024-09-13,13.75
2024-09-16,14.039999961853027
2024-09-17,14.199999809265137
2024-09-18,14.109999656677246
2024-09-19,14.140000343322754
2024-09-20,14.109999656677246
2024-09-23,13.9399995803833
2024-09-24,16.639999389648438
2024-09-25,16.43000030517578
2024-09-26,16.5
2024-09-27,17.18000030517578
2024-09-30,16.770000457763672
2024-10-01,16.68000030517578
2024-10-02,16.649999618530273
2024-10-03,16.850000381469727
2024-10-04,16.459999084472656
2024-10-07,16.110000610351562
2024-10-08,15.890000343322754
2024-10-09,15.670000076293945
2024-10-10,15.359999656677246
2024-10-11,15.449999809265137
2024-10-14,15.449999809265137
2024-10-15,15.449999809265137
2024-10-16,15.869999885559082
2024-10-17,15.880000114440918
2024-10-18,15.170000076293945
2024-10-21,15.25
2024-10-22,14.989999771118164
2024-10-23,14.899999618530273
2024-10-24,14.880000114440918
2024-10-25,14.640000343322754
2024-10-28,14.699999809265137
2024-10-29,14.520000457763672
2024-10-30,14.5
2024-10-31,14.350000381469727
2024-11-01,14.229999542236328
2024-11-04,14.260000228881836
2024-11-05,14.569999694824219
2024-11-06,15.369999885559082
2024-11-07,16.149999618530273
2024-11-08,22.850000381469727
2024-11-11,25.719999313354492
2024-11-12,29.81999969482422
2024-11-13,27.600000381469727
2024-11-14,29.15999984741211
2024-11-15,27.81999969482422
2024-11-18,24.68000030517578
2024-11-19,23.90999984741211
2024-11-20,24.579999923706055
2024-11-21,25.3700008392334
2024-11-22,26.18000030517578
2024-11-25,27.049999237060547
2024-11-26,27.25
2024-11-27,28.049999237060547
2024-11-29,28.15999984741211
2024-12-02,29.5
2024-12-03,27.8700008392334
2024-12-04,27.260000228881836
2024-12-05,27.260000228881836
2024-12-06,26.31999969482422
2024-12-09,25.700000762939453
2024-12-10,23.280000686645508
2024-12-11,20.889999389648438
2024-12-12,19.93000030517578
2024-12-13,19.56999969482422
2024-12-16,19.799999237060547
2024-12-17,19.700000762939453
2024-12-18,18.829999923706055
2024-12-19,17.649999618530273
2024-12-20,17.760000228881836
2024-12-23,17.209999084472656
2024-12-24,16.81999969482422
2024-12-26,17.360000610351562
2024-12-27,17.270000457763672
2024-12-30,16.860000610351562
2024-12-31,17.15999984741211
2025-01-02,18.149999618530273
2025-01-03,18.239999771118164
2025-01-06,17.670000076293945
2025-01-07,17.360000610351562
2025-01-08,17.06999969482422
2025-01-10,16.309999465942383
2025-01-13,18.25
2025-01-14,17.43000030517578
2025-01-15,18.059999465942383
2025-01-16,18.079999923706055
2025-01-17,20.520000457763672
2025-01-21,21.829999923706055
2025-01-22,22.059999465942383
2025-01-23,22.389999389648438
2025-01-24,22.31999969482422
2025-01-27,23.200000762939453
2025-01-28,22.170000076293945
2025-01-29,22.850000381469727
2025-01-30,23.0
2025-01-31,23.010000228881836
2025-02-03,21.709999084472656
2025-02-04,21.43000030517578
2025-02-05,22.899999618530273
2025-02-06,24.479999542236328
2025-02-07,24.280000686645508
2025-02-10,22.09000015258789
2025-02-11,21.110000610351562
2025-02-12,20.969999313354492
2025-02-13,21.1200008392334
2025-02-14,21.760000228881836
2025-02-18,21.93000030517578
2025-02-19,21.200000762939453
2025-02-20,21.049999237060547
2025-02-21,21.3700008392334
2025-02-24,22.239999771118164
2025-02-25,21.8700008392334
2025-02-26,22.799999237060547
2025-02-27,22.75
2025-02-28,23.219999313354492
2025-03-03,23.5
2025-03-04,22.399999618530273
2025-03-05,21.5
2025-03-06,20.940000534057617
2025-03-07,20.649999618530273
2025-03-10,20.309999465942383
2025-03-11,19.8799991607666
2025-03-12,20.8799991607666
2025-03-13,20.56999969482422
2025-03-14,20.329999923706055
2025-03-17,21.15999984741211
2025-03-18,21.190000534057617
2025-03-19,20.760000228881836
2025-03-20,21.0
2025-03-21,20.540000915527344
2025-03-24,20.719999313354492
2025-03-25,20.6200008392334
2025-03-26,19.56999969482422
2025-03-27,19.969999313354492
2025-03-28,18.6299991607666
2025-03-31,18.450000762939453
2025-04-01,17.829999923706055
2025-04-02,18.299999237060547
2025-04-03,18.139999389648438
2025-04-04,17.489999771118164
2025-04-07,18.079999923706055
2025-04-08,17.8700008392334
2025-04-09,17.700000762939453
2025-04-10,16.969999313354492
2025-04-11,16.739999771118164
2025-04-14,17.610000610351562
2025-04-15,17.670000076293945
2025-04-16,17.1200008392334
2025-04-17,17.100000381469727
2025-04-21,17.520000457763672
2025-04-22,17.81999969482422
2025-04-23,19.010000228881836
2025-04-24,19.110000610351562
2025-04-25,19.489999771118164
2025-04-28,19.610000610351562
2025-04-29,19.860000610351562
2025-04-30,19.649999618530273
2025-05-01,19.559999465942383
2025-05-02,19.520000457763672
2025-05-05,19.450000762939453
2025-05-06,18.989999771118164
2025-05-07,25.420000076293945
2025-05-08,19.09000015258789
2025-05-09,19.75
2025-05-12,19.739999771118164
2025-05-13,18.549999237060547
2025-05-14,18.690000534057617
2025-05-15,20.1200008392334
2025-05-16,19.90999984741211
2025-05-19,19.81999969482422
2025-05-20,20.139999389648438
2025-05-21,21.31999969482422
2025-05-22,21.329999923706055
2025-05-23,19.389999389648438
2025-05-27,19.90999984741211
2025-05-28,19.799999237060547
2025-05-29,19.709999084472656
2025-05-30,19.5
2025-06-02,20.239999771118164
2025-06-03,20.989999771118164
2025-06-04,20.68000030517578
2025-06-05,21.520000457763672
2025-06-06,21.860000610351562
2025-06-09,21.90999984741211
2025-06-10,22.5
2025-06-11,22.18000030517578
2025-06-12,21.65999984741211
2025-06-13,21.209999084472656
2025-06-16,21.510000228881836
2025-06-17,20.389999389648438
2025-06-18,19.809999465942383
2025-06-20,19.56999969482422
2025-06-23,19.100000381469727
2025-06-24,19.209999084472656
2025-06-25,18.950000762939453
2025-06-26,18.84000015258789
2025-06-27,19.790000915527344
2025-06-30,19.719999313354492
2025-07-01,19.020000457763672
2025-07-02,19.350000381469727
2025-07-03,19.18000030517578
2025-07-07,19.049999237060547
2025-07-08,18.950000762939453
2025-07-09,19.3799991607666
2025-07-10,19.610000610351562
2025-07-11,19.489999771118164
2025-07-14,19.360000610351562
2025-07-15,19.34000015258789
2025-07-16,19.43000030517578
2025-07-17,19.43000030517578
2025-07-18,19.010000228881836
2025-07-21,19.850000381469727
2025-07-22,20.290000915527344
2025-07-23,21.360000610351562
2025-07-24,21.3799991607666
2025-07-25,20.649999618530273
2025-07-28,20.520000457763672
2025-07-29,20.219999313354492
2025-07-30,21.40999984741211
2025-07-31,21.290000915527344
2025-08-01,22.030000686645508
2025-08-04,22.959999084472656
2025-08-05,24.850000381469727
2025-08-06,30.43000030517578
2025-08-07,30.440000534057617
2025-08-08,32.400001525878906
2025-08-11,33.81999969482422
2025-08-12,35.16999816894531
2025-08-13,37.65999984741211
2025-08-14,38.349998474121094
2025-08-15,39.68000030517578
2025-08-18,41.25
2025-08-19,40.97999954223633
2025-08-20,41.86000061035156
2025-08-21,42.79999923706055
2025-08-22,43.720001220703125
2025-08-25,42.900001525878906
2025-08-26,41.72999954223633
2025-08-27,42.08000183105469
2025-08-28,41.0
2025-08-29,39.310001373291016
2025-09-02,40.0
2025-09-03,39.65999984741211
2025-09-04,40.54999923706055
2025-09-05,41.349998474121094
2025-09-08,42.650001525878906
2025-09-09,41.52000045776367
2025-09-10,37.560001373291016
2025-09-11,37.84000015258789
2025-09-12,38.130001068115234
2025-09-15,38.720001220703125
2025-09-16,37.5
2025-09-17,35.83000183105469
2025-09-18,35.22999954223633
2025-09-19,35.13999938964844
2025-09-22,36.04999923706055
2025-09-23,35.29999923706055
2025-09-24,33.88999938964844
2025-09-25,30.079999923706055
2025-09-26,29.0
2025-09-29,29.15999984741211
2025-09-30,29.209999084472656
2025-10-01,28.940000534057617
2025-10-02,29.18000030517578
2025-10-03,29.459999084472656
2025-10-06,29.25
2025-10-07,30.290000915527344
2025-10-08,30.600000381469727
2025-10-09,28.6200008392334
2025-10-10,29.0
2025-10-13,28.6200008392334
2025-10-14,27.489999771118164
2025-10-15,28.219999313354492
2025-10-16,28.450000762939453
2025-10-17,28.989999771118164
2025-10-20,30.0
2025-10-21,30.3700008392334
2025-10-22,31.59000015258789
2025-10-23,31.920000076293945
2025-10-24,30.56999969482422
2025-10-27,31.0
2025-10-28,30.079999923706055
2025-10-29,30.200000762939453
2025-10-30,31.68000030517578
2025-10-31,32.900001525878906
2025-11-03,31.709999084472656
2025-11-04,30.799999237060547
2025-11-05,39.560001373291016
2025-11-06,38.83000183105469
2025-11-07,35.90999984741211
2025-11-10,35.90999984741211
2025-11-11,38.29999923706055
2025-11-12,40.060001373291016
2025-11-13,40.130001068115234
2025-11-14,42.470001220703125
2025-11-17,42.650001525878906
2025-11-18,46.310001373291016
2025-11-19,47.2599983215332
2025-11-20,45.09000015258789
2025-11-21,47.209999084472656
2025-11-24,50.22999954223633
2025-11-25,50.0
2025-11-26,51.72999954223633
2025-11-28,52.2400016784668
2025-12-01,50.27000045776367
2025-12-02,47.81999969482422
2025-12-03,47.29999923706055
2025-12-04,48.5
2025-12-05,49.959999084472656
2025-12-08,48.0
2025-12-09,44.459999084472656
2025-12-10,43.45000076293945
2025-12-11,43.58000183105469
2025-12-12,42.2599983215332
2025-12-15,42.720001220703125
2025-12-16,42.72999954223633
2025-12-17,42.7400016784668
2025-12-18,43.400001525878906
2025-12-19,43.560001373291016
2025-12-22,44.25
2025-12-23,44.709999084472656
2025-12-24,44.849998474121094
2025-12-26,44.470001220703125
2025-12-29,44.0099983215332
2025-12-30,42.90999984741211
2025-12-31,43.560001373291016
2026-01-02,43.25
2026-01-05,42.65999984741211
2026-01-06,43.459999084472656
2026-01-07,49.099998474121094
2026-01-08,46.75
2026-01-09,45.25
2026-01-12,41.70000076293945
2026-01-13,39.900001525878906
2026-01-14,39.119998931884766
2026-01-15,39.4900016784668
2026-01-16,38.4900016784668
2026-01-20,37.20000076293945
2026-01-21,37.790000915527344
2026-01-22,38.689998626708984
2026-01-23,37.810001373291016
2026-01-26,37.54999923706055
2026-01-27,37.83000183105469
2026-01-28,37.400001525878906
2026-01-29,35.939998626708984
2026-01-30,35.43000030517578
2026-02-02,36.43000030517578
2026-02-03,36.650001525878906
2026-02-04,36.34000015258789
2026-02-05,35.68000030517578
2026-02-06,35.0
2026-02-09,34.779998779296875
2026-02-10,34.9900016784668
2026-02-11,34.939998626708984
2026-02-12,34.9900016784668
2026-02-13,35.369998931884766
2026-02-17,35.619998931884766
2026-02-18,36.45000076293945
2026-02-19,36.650001525878906
2026-02-20,36.95000076293945
2026-02-23,36.16999816894531
2026-02-24,35.0
2026-02-25,34.84000015258789
2026-02-26,36.66999816894531
2026-02-27,36.56999969482422
2026-03-02,35.0
2026-03-03,35.0
2026-03-04,31.309999465942383
2026-03-05,30.139999389648438
2026-03-06,29.200000762939453
2026-03-09,29.260000228881836
2026-03-10,29.670000076293945
2026-03-11,28.639999389648438
2026-03-12,27.520000457763672
2026-03-13,27.15999984741211
2026-03-16,27.260000228881836
2026-03-17,26.790000915527344
2026-03-18,26.299999237060547
2026-03-19,26.200000762939453
2026-03-20,26.469999313354492
2026-03-23,27.049999237060547
2026-03-24,26.329999923706055
2026-03-25,26.84000015258789
2026-03-26,26.81999969482422
2026-03-27,26.530000686645508
