Date,high
2000-01-03,1.279813920458158
2000-01-04,1.254217505455017
2000-01-05,1.2798137664794922
2000-01-06,1.2798137664794922
2000-01-07,1.3821988677978516
2000-01-10,1.2798137664794922
2000-01-11,1.3566025495529175
2000-01-12,1.5101802349090576
2000-01-13,1.6381616592407227
2000-01-14,3.378708553314209
2000-01-18,2.8155902862548827
2000-01-19,2.9179754555225372
2000-01-20,2.8667829036712646
2000-01-21,2.866782965483489
2000-01-24,2.866783181826274
2000-01-25,2.6620127636453383
2000-01-26,2.457242727279663
2000-01-27,2.457242727279663
2000-01-28,2.457242727279663
2000-01-31,3.071553409099579
2000-02-01,2.764398068189621
2000-02-02,2.5084350717828627
2000-02-03,2.457242727279663
2000-02-04,2.4572423588145864
2000-02-07,2.303664769445147
2000-02-08,2.2524722190130326
2000-02-09,2.354857319877261
2000-02-10,2.252472162246704
2000-02-11,2.354857385158539
2000-02-14,2.047702011309172
2000-02-15,2.0477020740509033
2000-02-16,2.0477020740509033
2000-02-17,2.0477020740509033
2000-02-18,2.1500871181488037
2000-02-22,2.201279729604721
2000-02-23,2.3548574447631836
2000-02-24,2.457242727279663
2000-02-25,2.45724242074149
2000-02-28,2.406049966812134
2000-02-29,2.4060499370098114
2000-03-01,2.4572425510572353
2000-03-02,2.457242727279663
2000-03-03,3.0715530494163774
2000-03-06,3.1227458861836217
2000-03-07,2.9179754555225372
2000-03-08,2.96916800737381
2000-03-09,2.969167947769165
2000-03-10,2.9691680713936135
2000-03-13,2.7643978595733643
2000-03-14,2.7643976481455677
2000-03-15,2.7132054029726516
2000-03-16,2.610820397734642
2000-03-17,2.457242488861084
2000-03-20,2.5596275329589844
2000-03-21,2.4572425192974983
2000-03-22,2.4572425192974983
2000-03-23,2.610820397734642
2000-03-24,4.044211457757389
2000-03-27,4.095403803219585
2000-03-28,4.095404364845969
2000-03-29,3.9930190443992615
2000-03-30,3.9930192328788143
2000-03-31,3.7882490374825215
2000-04-03,3.9930189220528853
2000-04-04,3.6858636070700252
2000-04-05,3.481093406677246
2000-04-06,3.8906338392798583
2000-04-07,3.481093406677246
2000-04-10,3.6346709728240967
2000-04-11,3.685863733291626
2000-04-12,3.481093406677246
2000-04-13,3.481093406677246
2000-04-14,3.685863733291626
2000-04-17,3.481093660990397
2000-04-18,3.2763233184814453
2000-04-19,3.225130796432495
2000-04-20,3.1995345823100356
2000-04-24,3.12274592263358
2000-04-25,2.6620129545529685
2000-04-26,3.1739382147789
2000-04-27,3.173938035964966
2000-04-28,3.2763235054764093
2000-05-01,2.713205369619223
2000-05-02,2.662012815475464
2000-05-03,2.610820113396158
2000-05-04,2.457242727279663
2000-05-05,2.457242727279663
2000-05-08,2.7643978699393896
2000-05-09,2.2780684368176893
2000-05-10,2.252472162246704
2000-05-11,2.2524722190130326
2000-05-12,2.0477020740509033
2000-05-15,2.0477020740509033
2000-05-16,2.0477020740509033
2000-05-17,2.0477020740509033
2000-05-18,2.0477020740509033
2000-05-19,2.1500871777534485
2000-05-22,2.0477020740509033
2000-05-23,2.0477020740509033
2000-05-24,2.1500871777534485
2000-05-25,2.6620125553824687
2000-05-26,2.1500871181488037
2000-05-30,2.3548574447631836
2000-05-31,2.1500871181488037
2000-06-01,2.1500871181488037
2000-06-02,2.1500871181488037
2000-06-05,2.201279878616333
2000-06-06,2.3548574447631836
2000-06-07,2.431646178408367
2000-06-08,2.0988945960998535
2000-06-09,2.252472162246704
2000-06-12,2.1500871181488037
2000-06-13,2.1500871118746305
2000-06-14,1.9453169107437134
2000-06-15,1.9453169107437134
2000-06-16,2.124490901827812
2000-06-19,1.9453169107437134
2000-06-20,2.098894625902176
2000-06-21,2.3036648333072662
2000-06-22,2.2524721805865946
2000-06-23,2.0477020740509033
2000-06-26,2.1500871041241814
2000-06-27,2.0988945960998535
2000-06-28,2.022105780014625
2000-06-29,2.0221056938171387
2000-06-30,1.842931866645813
2000-07-03,2.0477020740509033
2000-07-05,1.996509453829597
2000-07-06,1.6381616592407227
2000-07-07,1.6381616592407227
2000-07-10,1.6381616592407227
2000-07-11,1.8429318035350126
2000-07-12,2.047702003927792
2000-07-13,1.740546703338623
2000-07-14,1.740546703338623
2000-07-17,1.842931866645813
2000-07-18,1.842931866645813
2000-07-19,1.740546703338623
2000-07-20,1.740546703338623
2000-07-21,1.740546703338623
2000-07-24,1.842931866645813
2000-07-25,2.3548574447631836
2000-07-26,3.4554970552844386
2000-07-27,3.2763232421875
2000-07-28,2.7643977233341763
2000-07-31,2.2652703566210612
2000-08-01,2.1244908716620468
2000-08-02,2.3548574447631836
2000-08-03,2.3036647113886746
2000-08-04,2.201279878616333
2000-08-07,2.1756834983825684
2000-08-08,2.1756834536790848
2000-08-09,2.303664730145381
2000-08-10,1.9965095043182373
2000-08-11,2.1500871181488037
2000-08-14,2.1500871181488037
2000-08-15,2.1500871777534485
2000-08-16,2.0477020740509033
2000-08-17,2.1500871777534485
2000-08-18,2.0477020740509033
2000-08-21,2.04770198235145
2000-08-22,1.9965094327926636
2000-08-23,2.098894625902176
2000-08-24,2.0477020740509033
2000-08-25,2.0477020740509033
2000-08-28,2.0477020740509033
2000-08-29,2.1500871181488037
2000-08-30,2.2524722190130326
2000-08-31,2.2268761562746624
2000-09-01,2.201279729604721
2000-09-05,2.0732983499765396
2000-09-06,2.04770198235145
2000-09-07,1.9965096164394072
2000-09-08,1.9197207689285278
2000-09-11,1.9197207689285278
2000-09-12,1.8941245079040527
2000-09-13,1.8429318035350126
2000-09-14,2.1500871777534485
2000-09-15,2.0477021824229844
2000-09-18,1.94531706217173
2000-09-19,1.9453169107437134
2000-09-20,1.9453169703483582
2000-09-21,1.94531706217173
2000-09-22,1.8941245079040527
2000-09-25,1.842931866645813
2000-09-26,1.842931866645813
2000-09-27,1.9453169107437134
2000-09-28,1.94531706217173
2000-09-29,1.9453169107437134
2000-10-02,1.9453169107437134
2000-10-03,1.94531706217173
2000-10-04,1.8941245079040527
2000-10-05,1.9453169107437134
2000-10-06,1.9453169107437134
2000-10-09,1.8941245079040527
2000-10-10,1.9197206944227219
2000-10-11,1.9453170733018355
2000-10-12,1.7917394096201116
2000-10-13,2.252472162246704
2000-10-16,1.8429318972996303
2000-10-17,1.7917393445968628
2000-10-18,1.8045375347137451
2000-10-19,1.8045375347137451
2000-10-20,1.842931866645813
2000-10-23,2.252472162246704
2000-10-24,2.1500871118746305
2000-10-25,2.0477020740509033
2000-10-26,1.6381616592407227
2000-10-27,1.9453169107437134
2000-10-30,1.9453169107437134
2000-10-31,1.9453169107437134
2000-11-01,1.7917393445968628
2000-11-02,1.7917393147945404
2000-11-03,1.842931964180686
2000-11-06,1.842931866645813
2000-11-07,1.842931866645813
2000-11-08,2.0988945960998535
2000-11-09,2.0988945960998535
2000-11-10,1.7917393147945404
2000-11-13,1.6381616592407227
2000-11-14,1.5357766151428223
2000-11-15,1.8941245079040527
2000-11-16,1.766143083572388
2000-11-17,1.6381616592407227
2000-11-20,1.740546703338623
2000-11-21,1.9453169703483582
2000-11-22,1.7917393445968628
2000-11-24,1.6381616592407227
2000-11-27,2.0477020740509033
2000-11-28,1.6381616592407227
2000-11-29,1.6381616592407227
2000-11-30,1.7405467629432678
2000-12-01,1.6381616592407227
2000-12-04,1.6381616592407227
2000-12-05,1.5357765555381775
2000-12-06,1.4333914518356323
2000-12-07,1.5357766151428223
2000-12-08,1.6381616945619937
2000-12-11,1.5869691241871227
2000-12-12,1.7405467629432678
2000-12-13,1.4333914518356323
2000-12-14,1.8429318836757114
2000-12-15,1.6893542110919952
2000-12-18,1.6381618181864421
2000-12-19,1.433391590913137
2000-12-20,1.5357766243127677
2000-12-21,1.4845839738845825
2000-12-22,1.6381616592407227
2000-12-26,1.484584003686905
2000-12-27,1.4845839691162108
2000-12-28,1.331006407737732
2000-12-29,1.6381617228190104
2001-01-02,1.5357766151428223
2001-01-03,1.5357766151428223
2001-01-04,1.5869691689809162
2001-01-05,1.5357766151428223
2001-01-08,1.5357766151428223
2001-01-09,1.5357766151428223
2001-01-10,1.5357766151428223
2001-01-11,1.5357766151428223
2001-01-12,1.5357766151428223
2001-01-16,1.5357766151428223
2001-01-17,1.4333914827417444
2001-01-18,1.6381616945619937
2001-01-19,1.6893543004989624
2001-01-22,1.6381616592407227
2001-01-23,1.6381616592407227
2001-01-24,1.842931866645813
2001-01-25,2.4572423588145864
2001-01-26,2.559627635138375
2001-01-29,2.3036649140966947
2001-01-30,2.1244908848853963
2001-01-31,1.9965095221996307
2001-02-01,1.842931760868556
2001-02-02,1.766143083572388
2001-02-05,1.9837113163050484
2001-02-06,1.817335686900399
2001-02-07,1.842931866645813
2001-02-08,1.7917393147945404
2001-02-09,1.6381616592407227
2001-02-12,1.6381616592407227
2001-02-13,1.5357766151428223
2001-02-14,1.5357766151428223
2001-02-15,1.5485747536023458
2001-02-16,1.5357766151428223
2001-02-20,1.5869691689809162
2001-02-21,1.5869691689809162
2001-02-22,1.5357766151428223
2001-02-23,1.5357766151428223
2001-02-26,1.5485747536023458
2001-02-27,1.5357766151428223
2001-02-28,1.5357766151428223
2001-03-01,1.586969017982483
2001-03-02,1.586969017982483
2001-03-05,1.5357766151428223
2001-03-06,1.5357766151428223
2001-03-07,1.5485747536023458
2001-03-08,1.586969017982483
2001-03-09,1.5357766151428223
2001-03-12,1.5357766151428223
2001-03-13,1.5357766151428223
2001-03-14,1.548574686050415
2001-03-15,1.5485746935009956
2001-03-16,1.4333914518356323
2001-03-19,1.4333914518356323
2001-03-20,1.4333914518356323
2001-03-21,1.4333914518356323
2001-03-22,1.4845840356968067
2001-03-23,1.4333914518356323
2001-03-26,1.4333914518356323
2001-03-27,1.5229784175753593
2001-03-28,1.6125653509435982
2001-03-29,1.5357765555381775
2001-03-30,1.4333914518356323
2001-04-02,1.5357766151428223
2001-04-03,1.5357766151428223
2001-04-04,1.5357766151428223
2001-04-05,1.6381616592407227
2001-04-06,1.6381616592407227
2001-04-09,1.4743454542598329
2001-04-10,1.4333914518356323
2001-04-11,1.4743454456329346
2001-04-12,1.4743454456329346
2001-04-16,1.4743454456329346
2001-04-17,1.6381616592407227
2001-04-18,1.6381616592407227
2001-04-19,1.548062710442443
2001-04-20,1.6381616592407227
2001-04-23,1.6381616592407227
2001-04-24,1.5972076654434204
2001-04-25,1.5972076654434204
2001-04-26,1.6381616592407227
2001-04-27,1.5972076865534783
2001-04-30,1.6545432602104029
2001-05-01,1.6545432806015015
2001-05-02,1.6545432806015015
2001-05-03,1.6381616592407227
2001-05-04,1.6381616592407227
2001-05-07,1.6381615475817486
2001-05-08,1.6545432806015015
2001-05-09,1.6545432806015015
2001-05-10,1.523490309715271
2001-05-11,1.523490309715271
2001-05-14,1.679115653038025
2001-05-15,1.679115653038025
2001-05-16,2.0477020556957997
2001-05-17,2.3343803882598877
2001-05-18,2.3261896223647667
2001-05-21,1.8838859796524048
2001-05-22,1.8838859796524048
2001-05-23,2.129610300064087
2001-05-24,2.457242488861084
2001-05-25,2.088656076475104
2001-05-29,1.9657940864562988
2001-05-30,1.900267481803894
2001-05-31,1.9330306719790542
2001-06-01,1.842931866645813
2001-06-04,1.842931866645813
2001-06-05,1.736451268196106
2001-06-06,1.957603225462226
2001-06-07,1.7118788957595825
2001-06-08,1.9002675731154555
2001-06-11,1.662734060695243
2001-06-12,1.6381616592407227
2001-06-13,1.6381616592407227
2001-06-14,2.0067481994628906
2001-06-15,1.9985572711418627
2001-06-18,1.7200696552518135
2001-06-19,1.8838859796524048
2001-06-20,1.941221455063257
2001-06-21,1.9330307044091843
2001-06-22,1.7200697660446167
2001-06-25,1.7200697660446167
2001-06-26,1.7200697660446167
2001-06-27,1.7200697660446167
2001-06-28,1.8838859796524048
2001-06-29,1.842931866645813
2001-07-02,1.6381616592407227
2001-07-03,1.736451268196106
2001-07-05,1.580825924873352
2001-07-06,1.7282603979110718
2001-07-09,1.7200697660446167
2001-07-10,1.8838859796524048
2001-07-11,1.8838859796524048
2001-07-12,1.8838859100302987
2001-07-13,1.6381616592407227
2001-07-16,1.801977872848511
2001-07-17,1.6463525295257568
2001-07-18,1.6381616592407227
2001-07-19,1.7200697660446167
2001-07-20,1.679115653038025
2001-07-23,1.6791156616649232
2001-07-24,1.5562535106848336
2001-07-25,1.6381616592407227
2001-07-26,1.6381616592407227
2001-07-27,1.5562535818511547
2001-07-30,1.5562536716461182
2001-07-31,1.6381616592407227
2001-08-01,1.6381616592407227
2001-08-02,1.7200697660446167
2001-08-03,1.7200696640891238
2001-08-06,1.6381616592407227
2001-08-07,1.7200696640891238
2001-08-08,1.761023966180426
2001-08-09,1.6545432806015015
2001-08-10,1.6463525295257568
2001-08-13,1.6463524597255628
2001-08-14,1.6381616592407227
2001-08-15,1.6381616680888234
2001-08-16,1.5972076613631307
2001-08-17,1.5152995586395264
2001-08-20,1.6381617268355266
2001-08-21,1.5071086883544922
2001-08-22,1.5071086883544922
2001-08-23,1.5071086883544922
2001-08-24,1.5071086883544922
2001-08-27,1.6381616592407227
2001-08-28,1.6381616592407227
2001-08-29,1.6381616592407227
2001-08-30,1.629970908164978
2001-08-31,1.5972077747359417
2001-09-04,1.523490309715271
2001-09-05,1.5972076654434204
2001-09-06,1.6217800378799438
2001-09-07,1.5972076654434204
2001-09-10,1.580825924873352
2001-09-17,1.597207656816522
2001-09-18,1.4333914518356323
2001-09-19,1.5972076613631307
2001-09-20,1.3351017174609088
2001-09-21,1.515299451041525
2001-09-24,1.4497729539871216
2001-09-25,1.515299451041525
2001-09-26,1.4333914518356323
2001-09-27,1.4743454456329346
2001-09-28,1.4743454456329346
2001-10-01,1.4743454952698634
2001-10-02,1.4743454456329346
2001-10-03,1.4743454456329346
2001-10-04,1.5972076654434204
2001-10-05,1.5562536716461182
2001-10-08,1.5562536716461182
2001-10-09,1.5890169143676758
2001-10-10,1.5890167225074456
2001-10-11,1.5562536716461182
2001-10-12,1.5562536716461182
2001-10-15,1.5562536716461182
2001-10-16,1.5972076654434204
2001-10-17,1.5562536716461182
2001-10-18,1.5562536716461182
2001-10-19,1.5562536716461182
2001-10-22,1.5562536716461182
2001-10-23,1.5562535374163962
2001-10-24,1.4333914518356323
2001-10-25,1.4333914518356323
2001-10-26,1.4333914518356323
2001-10-29,1.4333914518356323
2001-10-30,1.4333914518356323
2001-10-31,1.4333914518356323
2001-11-01,1.4333914518356323
2001-11-02,1.4006282585739167
2001-11-05,1.351483340161715
2001-11-06,1.3105293380158012
2001-11-07,1.269575225499201
2001-11-08,1.2695752560765987
2001-11-09,1.1630948636997747
2001-11-12,1.113949897622047
2001-11-13,1.146713137626648
2001-11-14,1.146713137626648
2001-11-15,1.146713137626648
2001-11-16,0.9992786645889282
2001-11-19,1.105759149221157
2001-11-20,1.1057592050587175
2001-11-21,0.9419429903677781
2001-11-23,0.9009889432148702
2001-11-26,0.950133740901947
2001-11-27,0.9419429898262024
2001-11-28,1.05661425198685
2001-11-29,0.9009889364242555
2001-11-30,1.0238510977132478
2001-12-03,0.9173705443864423
2001-12-04,1.0238509889696343
2001-12-05,1.089377522468567
2001-12-06,1.2450028181894164
2001-12-07,1.105759254351463
2001-12-10,1.0402326583862305
2001-12-11,1.0811867713928223
2001-12-12,1.1467131464133036
2001-12-13,1.1057591438293457
2001-12-14,1.1139500141143799
2001-12-17,1.1467131464133036
2001-12-18,1.1057591395158965
2001-12-19,1.0648050394496522
2001-12-20,1.0648051500320435
2001-12-21,1.0238510370254517
2001-12-24,1.0648051500320435
2001-12-26,1.0648050099782496
2001-12-27,1.0238510564701284
2001-12-28,1.310529475464975
2001-12-31,1.0648051500320435
2002-01-02,1.335101842880249
2002-01-03,1.3514833450317383
2002-01-04,1.5562535611803066
2002-01-07,1.4743454456329346
2002-01-08,1.7610238617974119
2002-01-09,1.638161663903911
2002-01-10,1.6053984618712869
2002-01-11,1.6381616592407227
2002-01-14,1.6381616592407227
2002-01-15,1.801977872848511
2002-01-16,1.801977872848511
2002-01-17,1.8019779972589058
2002-01-18,1.842931866645813
2002-01-22,2.4572425109453064
2002-01-23,2.498196361716853
2002-01-24,2.3671436835278428
2002-01-25,2.088656094807262
2002-01-28,2.088656076475104
2002-01-29,1.9494125837823915
2002-01-30,1.6791156788311634
2002-01-31,1.7610238790512085
2002-02-01,1.6381616329592887
2002-02-04,1.9166491646417136
2002-02-05,1.679115653038025
2002-02-06,1.8838858133065817
2002-02-07,1.5398719102000524
2002-02-08,1.7855962346051684
2002-02-11,1.7610238790512085
2002-02-12,1.8019778932857868
2002-02-13,1.5562535611803066
2002-02-14,1.7446423896320244
2002-02-15,1.5562536716461182
2002-02-19,1.5562536716461182
2002-02-20,1.6381616680888234
2002-02-21,1.6381616592407227
2002-02-22,1.5234903591476825
2002-02-25,1.5972076095388277
2002-02-26,1.629970908164978
2002-02-27,1.5562535374163962
2002-02-28,1.5562535305725167
2002-03-01,1.2695752382278442
2002-03-04,1.122140645980835
2002-03-05,1.2695752382278442
2002-03-06,1.1467131464133036
2002-03-07,1.2695751860737137
2002-03-08,1.1876672420063414
2002-03-11,1.1385223865509033
2002-03-12,1.0566142797470093
2002-03-13,1.089377522468567
2002-03-14,1.1303315453797205
2002-03-15,1.1057591438293457
2002-03-18,1.1303315162658691
2002-03-19,1.113949982995923
2002-03-20,1.138522316571691
2002-03-21,1.1385223865509033
2002-03-22,1.1385223865509033
2002-03-25,1.1385223865509033
2002-03-26,1.1385223865509033
2002-03-27,1.0811867475509644
2002-03-28,0.9828970432281494
2002-04-01,1.0238510370254517
2002-04-02,1.0156601667404175
2002-04-03,0.900988985516068
2002-04-04,0.974706238782779
2002-04-05,0.9009889364242555
2002-04-08,1.0156602414030451
2002-04-09,0.9091797369483087
2002-04-10,0.9091797471046448
2002-04-11,0.9091797438006562
2002-04-12,1.0156601667404175
2002-04-15,1.1794764461225138
2002-04-16,1.187667365348248
2002-04-17,1.0648051500320435
2002-04-18,1.0238510971245787
2002-04-19,1.138522341455257
2002-04-22,1.06480508054799
2002-04-23,1.146713137626648
2002-04-24,1.0566142097201123
2002-04-25,1.0320417881011963
2002-04-26,1.0566141663500968
2002-04-29,0.9091797471046448
2002-04-30,0.8682256839926503
2002-05-01,0.8600348830223083
2002-05-02,0.8600348830223083
2002-05-03,0.860034842643895
2002-05-06,0.868225634098053
2002-05-07,0.8600348830223083
2002-05-08,0.8600348830223083
2002-05-09,0.9419429898262024
2002-05-10,0.9419429898262024
2002-05-13,0.9419429898262024
2002-05-14,0.8764165306562859
2002-05-15,0.9337520902232619
2002-05-16,1.0238510564701284
2002-05-17,0.9910878539085388
2002-05-20,0.9910878539085388
2002-05-21,0.9419429898262024
2002-05-22,0.9419429898262024
2002-05-23,0.9173704981803894
2002-05-24,0.9828970432281494
2002-05-28,0.8682256026662215
2002-05-29,0.8190808248276399
2002-05-30,0.7207911606682502
2002-05-31,0.573356568813324
2002-06-03,1.187667235056895
2002-06-04,0.7453635931015015
2002-06-05,0.8272716301052014
2002-06-06,0.8190808296203613
2002-06-07,0.8190808296203613
2002-06-10,0.6962187269972359
2002-06-11,0.6225014830994837
2002-06-12,0.7781268358230591
2002-06-13,0.6388830433656443
2002-06-14,0.7044095081280293
2002-06-17,0.819080832316267
2002-06-18,0.655264675617218
2002-06-19,0.6225014313050504
2002-06-20,0.7371727295562315
2002-06-21,0.655264675617218
2002-06-24,0.7371727316970976
2002-06-25,0.7371727228164673
2002-06-26,0.819080890091857
2002-06-27,0.7781268358230591
2002-06-28,0.7207911285326333
2002-07-01,0.8108900260852964
2002-07-02,0.573356568813324
2002-07-03,0.6143106118819441
2002-07-05,0.6061198115348816
2002-07-08,0.5569749871711127
2002-07-09,0.7863176551539226
2002-07-10,0.6143106818199158
2002-07-11,0.6143106818199158
2002-07-12,0.6143106818199158
2002-07-15,0.6143106118819441
2002-07-16,0.6061198115348816
2002-07-17,0.6061198115348816
2002-07-18,0.6061198115348816
2002-07-19,0.6061198115348816
2002-07-22,0.6061198846773337
2002-07-23,0.5405934251725218
2002-07-24,0.5324025750160217
2002-07-25,0.5078301207015226
2002-07-26,0.45049446821212774
2002-07-29,0.36858636140823364
2002-07-30,0.36858636140823364
2002-07-31,0.33582315329268425
2002-08-01,0.3194415271282196
2002-08-02,0.3112507101792622
2002-08-05,0.2866782775504157
2002-08-06,0.27848747440551175
2002-08-07,0.26210584160704026
2002-08-08,0.24572426080703735
2002-08-09,0.2621058523654938
2002-08-12,0.2621058523654938
2002-08-13,0.25391504168510437
2002-08-14,0.22934262454509735
2002-08-15,0.22934262454509735
2002-08-16,0.21296099863636916
2002-08-19,0.23753343618335665
2002-08-20,0.19657939672470093
2002-08-21,0.2129610100671121
2002-08-22,0.19657939672470093
2002-08-23,0.22934262454509735
2002-08-26,0.23753343522548676
2002-08-27,0.24572426017154567
2002-08-28,0.23753343522548676
2002-08-29,0.36858636140823364
2002-08-30,0.36858636140823364
2002-09-03,0.737172739203593
2002-09-04,0.655264675617218
2002-09-05,0.6552647370387822
2002-09-06,0.655264675617218
2002-09-09,0.6143105988446704
2002-09-10,0.6143106860128067
2002-09-11,0.5324025750160217
2002-09-12,0.5897382185424053
2002-09-13,0.5815473436132561
2002-09-16,0.6143106818199158
2002-09-17,0.6552646485318524
2002-09-18,0.5569749748889439
2002-09-19,0.4914485216140747
2002-09-20,0.4586852490901947
2002-09-23,0.4586852638563192
2002-09-24,0.34401392936706543
2002-09-25,0.36858636140823364
2002-09-26,0.36858636140823364
2002-09-27,0.327632337808609
2002-09-30,0.37677717208862305
2002-10-01,0.40954041481018066
2002-10-02,0.45049446821212774
2002-10-03,0.4914485216140747
2002-10-04,0.573356568813324
2002-10-07,0.6143106199044945
2002-10-08,0.4914485216140747
2002-10-09,0.7535543441772461
2002-10-10,0.6962187290158757
2002-10-11,0.48325767098652134
2002-10-14,0.4832576811313629
2002-10-15,0.5324025750160217
2002-10-16,0.4504944675381513
2002-10-17,0.4341128170490265
2002-10-18,0.4423036575317383
2002-10-21,0.4423036575317383
2002-10-22,0.4423036575317383
2002-10-23,0.4423036575317383
2002-10-24,0.3440139541696605
2002-10-25,0.40954041481018066
2002-10-28,0.40954041481018066
2002-10-29,0.40954041481018066
2002-10-30,0.40954041481018066
2002-10-31,0.39315878712948327
2002-11-01,0.45049446821212774
2002-11-04,0.48325767098652134
2002-11-05,0.4750668704509735
2002-11-06,0.4750668704509735
2002-11-07,0.4750668704509735
2002-11-08,0.4750668704509735
2002-11-11,0.4750668704509735
2002-11-12,0.4750668704509735
2002-11-13,0.4750668704509735
2002-11-14,0.5487841963768005
2002-11-15,0.6634554862976074
2002-11-18,0.7371727228164673
2002-11-19,0.7781268358230591
2002-11-20,0.7781267957734204
2002-11-21,0.7535543937694812
2002-11-22,0.704409527509035
2002-11-25,0.688027908339321
2002-11-26,0.6143106276070822
2002-11-27,0.5897382259368896
2002-11-29,0.4914485216140747
2002-12-02,0.6388830542564392
2002-12-03,0.6388830542564392
2002-12-04,0.6143106818199158
2002-12-05,0.573356568813324
2002-12-06,0.6306922435760498
2002-12-09,0.6306922435760498
2002-12-10,0.5733565760024056
2002-12-11,0.5324025049891248
2002-12-12,0.4914485216140747
2002-12-13,0.4914485216140747
2002-12-16,0.5815474318498873
2002-12-17,0.532402494735802
2002-12-18,0.5733565990340632
2002-12-19,0.573356568813324
2002-12-20,0.573356568813324
2002-12-23,0.40954041481018066
2002-12-24,0.40954041481018066
2002-12-26,0.45049446436083374
2002-12-27,0.4341128170490265
2002-12-30,0.4177312128507329
2002-12-31,0.44230364481044915
2003-01-02,0.45049448806300557
2003-01-03,0.34401392936706543
2003-01-06,0.37677717208862305
2003-01-07,0.37677718704303303
2003-01-08,0.36858636140823364
2003-01-09,0.36858636140823364
2003-01-10,0.36858636140823364
2003-01-13,0.38496798276901245
2003-01-14,0.4504944660554031
2003-01-15,0.4095404161581335
2003-01-16,0.4177311956882477
2003-01-17,0.4177311956882477
2003-01-21,0.4177311956882477
2003-01-22,0.45049446821212774
2003-01-23,0.6143106186207299
2003-01-24,0.36858636140823364
2003-01-27,0.6143106087888863
2003-01-28,0.5651657581329346
2003-01-29,0.5651657581329346
2003-01-30,0.24572426080703735
2003-01-31,0.24572426080703735
2003-02-03,0.5324025222736823
2003-02-04,0.45049446821212774
2003-02-05,0.614310605212538
2003-02-06,0.5405933856964111
2003-02-07,0.6143106199044945
2003-02-10,0.6143106199044945
2003-02-11,0.696218729019165
2003-02-12,0.696218729019165
2003-02-13,0.6143106199044945
2003-02-14,0.655264675617218
2003-02-18,0.6962187269972359
2003-02-19,0.696218729019165
2003-02-20,0.696218729019165
2003-02-21,0.7781267738220535
2003-02-24,0.7781267831960524
2003-02-25,0.8190808164796444
2003-02-26,0.7699359655380249
2003-02-27,0.7371727228164673
2003-02-28,0.7371727092737845
2003-03-03,0.6306922435760498
2003-03-04,0.6306922435760498
2003-03-05,0.6306922435760498
2003-03-06,0.6306922435760498
2003-03-07,0.4914485216140747
2003-03-10,0.4914485216140747
2003-03-11,0.4914485216140747
2003-03-12,0.4914485216140747
2003-03-13,0.4914485216140747
2003-03-14,0.4914485216140747
2003-03-17,0.286678284406662
2003-03-18,0.286678284406662
2003-03-19,0.4423036575317383
2003-03-20,0.45049446821212774
2003-03-21,0.4504944675381513
2003-03-24,0.327632337808609
2003-03-25,0.327632337808609
2003-03-26,0.327632337808609
2003-03-27,0.327632337808609
2003-03-28,0.5733566305144142
2003-03-31,0.5324025750160217
2003-04-01,0.5324025750160217
2003-04-02,0.5324025750160217
2003-04-03,0.5324025750160217
2003-04-04,0.5324025750160217
2003-04-07,0.2866782880012028
2003-04-08,0.2948690950870514
2003-04-09,0.2948690950870514
2003-04-10,0.2948690950870514
2003-04-11,0.2948690950870514
2003-04-14,0.4259220195181832
2003-04-15,0.24572426080703735
2003-04-16,0.4177312189614524
2003-04-17,0.24572426080703735
2003-04-21,0.24572426080703735
2003-04-22,0.286678284406662
2003-04-23,0.2866782880012028
2003-04-24,0.24572426080703735
2003-04-25,0.286678284406662
2003-04-28,0.28667827915054656
2003-04-29,0.21296100318431851
2003-04-30,0.5324025750160217
2003-05-01,0.5324025750160217
2003-05-02,0.24572426080703735
2003-05-05,0.286678284406662
2003-05-06,0.36858636140823364
2003-05-07,0.36858636140823364
2003-05-08,0.36858636140823364
2003-05-09,0.36858636140823364
2003-05-12,0.36858636140823364
2003-05-13,0.36858636140823364
2003-05-14,0.36858636140823364
2003-05-15,0.36858636140823364
2003-05-16,0.2866782943229072
2003-05-19,0.27029669284820557
2003-05-20,0.27029669284820557
2003-05-21,0.2866782657833571
2003-05-22,0.25391504168510437
2003-05-23,0.27029666593948537
2003-05-27,0.327632337808609
2003-05-28,0.327632337808609
2003-05-29,0.327632337808609
2003-05-30,0.327632337808609
2003-06-02,0.24572426080703735
2003-06-03,0.22115182876586914
2003-06-04,0.22115182876586914
2003-06-05,0.22115182876586914
2003-06-06,0.22115182876586914
2003-06-09,0.22115182876586914
2003-06-10,0.3440139388322073
2003-06-11,0.327632337808609
2003-06-12,0.24572426080703735
2003-06-13,0.24572426080703735
2003-06-16,0.24572426080703735
2003-06-17,0.24572426080703735
2003-06-18,0.24572426017154567
2003-06-19,0.22934262454509735
2003-06-20,0.22934262454509735
2003-06-23,0.22934262454509735
2003-06-24,0.286678284406662
2003-06-25,0.36858636477811574
2003-06-26,0.327632337808609
2003-06-27,0.3849679866925703
2003-06-30,0.36858636140823364
2003-07-01,0.38496799021222505
2003-07-02,0.4177312152950208
2003-07-03,0.40954041481018066
2003-07-07,0.40954041481018066
2003-07-08,0.4177312166699327
2003-07-09,0.4177311956882477
2003-07-10,0.4914485216140747
2003-07-11,0.7781268538743547
2003-07-14,0.8108900189399719
2003-07-15,0.8108900260852964
2003-07-16,0.5324025243977291
2003-07-17,0.4914485216140747
2003-07-18,0.5324025750160217
2003-07-21,0.5324025750160217
2003-07-22,0.5324025750160217
2003-07-23,0.6962187922576486
2003-07-24,0.6143106818199158
2003-07-25,0.6143106126698772
2003-07-28,0.3849679866925703
2003-07-29,0.45049446821212774
2003-07-30,0.45049446821212774
2003-07-31,0.45049446821212774
2003-08-01,0.4504944675381513
2003-08-04,0.40954041481018066
2003-08-05,0.40954041481018066
2003-08-06,0.34401392936706543
2003-08-07,0.36858635463689227
2003-08-08,0.36858636140823364
2003-08-11,0.36858636140823364
2003-08-12,0.3522047698497772
2003-08-13,0.3194415271282196
2003-08-14,0.3194415271282196
2003-08-15,0.3194415271282196
2003-08-18,0.3194415271282196
2003-08-19,0.3194415271282196
2003-08-20,0.3194415271282196
2003-08-21,0.4177311956882477
2003-08-22,0.2948690950870514
2003-08-25,0.2948690950870514
2003-08-26,0.3112507164478302
2003-08-27,0.3112507164478302
2003-08-28,0.3030599057674408
2003-08-29,0.3030599057674408
2003-09-02,0.3030599057674408
2003-09-03,0.2948690950870514
2003-09-04,0.3030599057674408
2003-09-05,0.3030599057674408
2003-09-08,0.3112507101792622
2003-09-09,0.4177311956882477
2003-09-10,0.3030599097252324
2003-09-11,0.3440139364058922
2003-09-12,0.286678284406662
2003-09-15,0.3194415271282196
2003-09-16,0.3194415271282196
2003-09-17,0.3194415271282196
2003-09-18,0.2948690950870514
2003-09-19,0.3194415271282196
2003-09-22,0.34401392936706543
2003-09-23,0.34401392936706543
2003-09-24,0.2948690950870514
2003-09-25,0.3112507101792622
2003-09-26,0.3931587831224455
2003-09-29,0.2948690950870514
2003-09-30,0.2948690950870514
2003-10-01,0.2948690950870514
2003-10-02,0.29486912999869325
2003-10-03,0.27848750352859497
2003-10-06,0.27848750352859497
2003-10-07,0.27848750352859497
2003-10-08,0.27848750352859497
2003-10-09,0.3030599057674408
2003-10-10,0.3030599057674408
2003-10-13,0.3030599057674408
2003-10-14,0.36858634444830457
2003-10-15,0.36858634444830457
2003-10-16,0.2948690950870514
2003-10-17,0.25391504168510437
2003-10-20,0.2948690950870514
2003-10-21,0.2948690950870514
2003-10-22,0.27848750352859497
2003-10-23,0.25391504168510437
2003-10-24,0.33582313832040817
2003-10-27,0.3522047698497772
2003-10-28,0.3522047698497772
2003-10-29,0.327632337808609
2003-10-30,0.327632337808609
2003-10-31,0.327632337808609
2003-11-03,0.36039553831230764
2003-11-04,0.286678284406662
2003-11-05,0.36858636477811574
2003-11-06,0.4095404161581335
2003-11-07,0.327632337808609
2003-11-10,0.32763233960587945
2003-11-11,0.4177312166699327
2003-11-12,0.327632337808609
2003-11-13,0.4177312152950208
2003-11-14,0.49144851965341607
2003-11-17,0.573356568813324
2003-11-18,0.4914485216140747
2003-11-19,0.49144851545200435
2003-11-20,0.3685863621784924
2003-11-21,0.4177311956882477
2003-11-24,0.47506686978428747
2003-11-25,0.42592200636863703
2003-11-26,0.4504944660554031
2003-11-28,0.40954041481018066
2003-12-01,0.45049446821212774
2003-12-02,0.4914485216140747
2003-12-03,0.5733565760024056
2003-12-04,0.5324025750160217
2003-12-05,0.5324025750160217
2003-12-08,0.5733565435205513
2003-12-09,0.5815474101465685
2003-12-10,0.6143106818199158
2003-12-11,0.655264675617218
2003-12-12,0.6962187269972359
2003-12-15,0.8272716328280662
2003-12-16,0.696218729019165
2003-12-17,0.6634554627853405
2003-12-18,0.655264675617218
2003-12-19,0.655264662438278
2003-12-22,0.6061198115348816
2003-12-23,0.6552646936613693
2003-12-24,0.5733565720059501
2003-12-26,0.5324025750160217
2003-12-29,0.5160208832921447
2003-12-30,0.6552646946460512
2003-12-31,0.6962187376679789
2004-01-02,0.6962187220868359
2004-01-05,0.5815473692673537
2004-01-06,0.573356568813324
2004-01-07,0.655264675617218
2004-01-08,0.6388830542564392
2004-01-09,0.6552646653199116
2004-01-12,0.5979290008544922
2004-01-13,0.6225014328956604
2004-01-14,0.6225014328956604
2004-01-15,0.7371727228164673
2004-01-16,0.6143106818199158
2004-01-20,0.6143106818199158
2004-01-21,1.228621250312518
2004-01-22,1.0238510370254517
2004-01-23,1.1057591438293457
2004-01-26,1.3514833450317383
2004-01-27,1.5562535567502778
2004-01-28,1.5972076667120818
2004-01-29,1.39243745803833
2004-01-30,1.4333914607162628
2004-02-02,1.3514833450317383
2004-02-03,1.3105293380158012
2004-02-04,1.3105293306398231
2004-02-05,1.2286213636398315
2004-02-06,1.39243745803833
2004-02-09,1.433391447260762
2004-02-10,1.4333914607162628
2004-02-11,1.3514833546171807
2004-02-12,1.1057591438293457
2004-02-13,1.1876672506332397
2004-02-17,1.0648051500320435
2004-02-18,1.105759254351463
2004-02-19,1.0238510971245787
2004-02-20,0.9828970922964152
2004-02-23,0.9419429903677781
2004-02-24,0.900988985516068
2004-02-25,0.9419429898262024
2004-02-26,0.9419429390445216
2004-02-27,0.9009889364242555
2004-03-01,1.0648051500320435
2004-03-02,1.0648051500320435
2004-03-03,1.146713137626648
2004-03-04,1.1467131490391835
2004-03-05,1.0648051500320435
2004-03-08,1.1467131520048113
2004-03-09,0.9828970432281494
2004-03-10,1.228621244430542
2004-03-11,1.0648051438916373
2004-03-12,1.0238510460118038
2004-03-15,1.105759247974887
2004-03-16,1.048423438479972
2004-03-17,1.0648051500320435
2004-03-18,1.048423409461975
2004-03-19,1.0648051500320435
2004-03-22,1.0648051500320435
2004-03-23,1.1057591438293457
2004-03-24,1.1057591438293457
2004-03-25,1.1057591438293457
2004-03-26,1.1057591438293457
2004-03-29,1.146713141940097
2004-03-30,1.0648050394496522
2004-03-31,1.1876672524305103
2004-04-01,0.9828970167371962
2004-04-02,0.9009889432148702
2004-04-05,0.8600348830223083
2004-04-06,0.860034828809475
2004-04-07,0.7371727228164673
2004-04-08,0.8272716403007507
2004-04-12,0.8436532020568848
2004-04-13,0.8600348830223083
2004-04-14,0.9009889364242555
2004-04-15,0.9009889522561855
2004-04-16,0.8272716301052014
2004-04-19,0.8272716301052014
2004-04-20,0.8436532310748817
2004-04-21,0.8436532310748817
2004-04-22,0.655264675617218
2004-04-23,0.8272716301052014
2004-04-26,0.8272716403007507
2004-04-27,0.8272716301052014
2004-04-28,0.8272716301052014
2004-04-29,0.8272716911814115
2004-04-30,0.8272716403007507
2004-05-03,0.7781268358230591
2004-05-04,0.8190808296203613
2004-05-05,0.8190808296203613
2004-05-06,0.8190808296203613
2004-05-07,0.696218729019165
2004-05-10,0.8108900189399719
2004-05-11,0.7945084251772367
2004-05-12,0.7371727986554883
2004-05-13,0.655264675617218
2004-05-14,0.6552647370387822
2004-05-17,0.6143106818199158
2004-05-18,0.5324024831360163
2004-05-19,0.5733566305144142
2004-05-20,0.5324025750160217
2004-05-21,0.4914485216140747
2004-05-24,0.6552647415111993
2004-05-25,0.6552647415111993
2004-05-26,0.5324025750160217
2004-05-27,0.5324025750160217
2004-05-28,0.655264675617218
2004-06-01,0.5078300833702087
2004-06-02,0.5078300833702087
2004-06-03,0.5078300833702087
2004-06-04,0.4914485216140747
2004-06-07,0.6143106860128067
2004-06-08,0.5324025750160217
2004-06-09,0.5324025750160217
2004-06-10,0.5324025750160217
2004-06-14,0.5324025750160217
2004-06-15,0.5733565584387564
2004-06-16,0.5078300833702087
2004-06-17,0.5242116832140805
2004-06-18,0.5078300833702087
2004-06-21,0.5242116832140805
2004-06-22,0.5651657581329346
2004-06-23,0.5651657581329346
2004-06-24,0.5651657581329346
2004-06-25,0.5487841963768005
2004-06-28,0.5487841963768005
2004-06-29,0.565165798148309
2004-06-30,0.5487841963768005
2004-07-01,0.5487841963768005
2004-07-02,0.6962187269972359
2004-07-06,0.6143106199044945
2004-07-07,0.573356568813324
2004-07-08,0.573356568813324
2004-07-09,0.6962187269972359
2004-07-12,0.655264675617218
2004-07-13,0.655264675617218
2004-07-14,0.6143106199044945
2004-07-15,0.6143106818199158
2004-07-16,0.6143106818199158
2004-07-19,0.5324025750160217
2004-07-20,0.6143106818199158
2004-07-21,0.5324025750160217
2004-07-22,0.5324025750160217
2004-07-23,0.573356568813324
2004-07-26,1.5972078117886024
2004-07-27,1.2286212552141644
2004-07-28,0.9419429898262024
2004-07-29,1.2286213165494944
2004-07-30,1.2286213636398315
2004-08-02,1.3924375845152972
2004-08-03,1.228621239808989
2004-08-04,1.3514834804754041
2004-08-05,1.3924375845152972
2004-08-06,1.3514833537934319
2004-08-09,1.4743454456329346
2004-08-10,1.4743454542598329
2004-08-11,1.4743454952698634
2004-08-12,1.4743454633941953
2004-08-13,1.4743454542598329
2004-08-16,1.4333914607162628
2004-08-17,1.4333914420955856
2004-08-18,1.2695753700376713
2004-08-19,1.171285629272461
2004-08-20,1.171285629272461
2004-08-23,1.2286213636398315
2004-08-24,1.351483340161715
2004-08-25,1.39243745803833
2004-08-26,1.39243745803833
2004-08-27,1.39243745803833
2004-08-30,1.39243745803833
2004-08-31,1.3514833537934319
2004-09-01,1.3514833450317383
2004-09-02,1.4743454456329346
2004-09-03,1.3514833450317383
2004-09-07,1.3514833450317383
2004-09-08,1.3924374539944717
2004-09-09,1.39243745803833
2004-09-10,1.3924374449672718
2004-09-13,1.3514833546171807
2004-09-14,1.1467131440119003
2004-09-15,1.064805101952742
2004-09-16,0.9419429898262024
2004-09-17,0.9828970922964152
2004-09-20,1.0238510971245787
2004-09-21,0.9419429898262024
2004-09-22,0.9828970432281494
2004-09-23,1.0238510460118038
2004-09-24,1.0648051500320435
2004-09-27,1.0648051500320435
2004-09-28,1.105759254351463
2004-09-29,1.1057591438293457
2004-09-30,1.1057591438293457
2004-10-01,1.1467132610288284
2004-10-04,1.0320418465685346
2004-10-05,0.9009889350763026
2004-10-06,0.7781268358230591
2004-10-07,0.8272716403007507
2004-10-08,0.8600348634557934
2004-10-11,0.8108900890023025
2004-10-12,0.8026992678642273
2004-10-13,0.7371727316970976
2004-10-14,0.9419429390445216
2004-10-15,0.9009889364242555
2004-10-18,1.0238510370254517
2004-10-19,1.105759254351463
2004-10-20,1.1467132610288284
2004-10-21,1.0648051500320435
2004-10-22,1.105759254351463
2004-10-25,1.0648051500320435
2004-10-26,1.1876672506332397
2004-10-27,1.0238510370254517
2004-10-28,1.0238510370254517
2004-10-29,1.0238510370254517
2004-11-01,1.0238510370254517
2004-11-02,1.1057591438293457
2004-11-03,1.0238510370254517
2004-11-04,1.0238510370254517
2004-11-05,0.9419429898262024
2004-11-08,0.9828970432281494
2004-11-09,1.1057591438293457
2004-11-10,0.9419429903677781
2004-11-11,0.860034842643895
2004-11-12,0.8354624305900415
2004-11-15,1.1057592050587175
2004-11-16,0.8600348830223083
2004-11-17,0.8600348830223083
2004-11-18,0.9009889364242555
2004-11-19,0.9009889364242555
2004-11-22,0.9009889364242555
2004-11-23,0.9419429898262024
2004-11-24,0.9419429345350068
2004-11-26,0.8190808296203613
2004-11-29,0.8190808248276399
2004-11-30,0.7371727228164673
2004-12-01,0.9419429898262024
2004-12-02,0.900988985516068
2004-12-03,1.1876672506332397
2004-12-06,1.3105293380158012
2004-12-07,1.2695752382278442
2004-12-08,0.950133740901947
2004-12-09,1.0648051500320435
2004-12-10,1.228621244430542
2004-12-13,1.228621239808989
2004-12-14,1.2286213636398315
2004-12-15,1.2286213636398315
2004-12-16,1.3105293380158012
2004-12-17,1.3105293380158012
2004-12-20,1.2695752382278442
2004-12-21,1.1876672420063414
2004-12-22,1.146713137626648
2004-12-23,1.146713137626648
2004-12-27,1.0648050394496522
2004-12-28,1.0402326583862305
2004-12-29,1.1876672506332397
2004-12-30,1.1876672506332397
2004-12-31,1.2286213636398315
2005-01-03,1.2286213636398315
2005-01-04,1.2695752382278442
2005-01-05,1.3105293380158012
2005-01-06,1.3514833450317383
2005-01-07,1.4743454633941953
2005-01-10,1.4333914518356323
2005-01-11,1.4743454542598329
2005-01-12,1.4743454542598329
2005-01-13,1.4333914518356323
2005-01-14,1.4006282091140747
2005-01-18,1.4006282091140747
2005-01-19,1.39243745803833
2005-01-20,1.4252007007598877
2005-01-21,1.4333914518356323
2005-01-24,1.4333914100994665
2005-01-25,1.39243745803833
2005-01-26,1.4006282091140747
2005-01-27,1.4333914518356323
2005-01-28,1.4333914518356323
2005-01-31,1.5562536716461182
2005-02-01,1.5562536716461182
2005-02-02,1.5562536716461182
2005-02-03,1.5562536716461182
2005-02-04,1.6463525295257568
2005-02-07,1.6463524597255628
2005-02-08,1.6873064041137695
2005-02-09,2.2115182876586914
2005-02-10,2.1296100788993044
2005-02-11,2.457242618863985
2005-02-14,2.3671436485921986
2005-02-15,2.186945896772121
2005-02-16,2.0477021643558695
2005-02-17,1.842931866645813
2005-02-18,1.842931866645813
2005-02-22,1.842931866645813
2005-02-23,1.9354991912841797
2005-02-24,2.272107708049839
2005-02-25,2.187955451820244
2005-02-28,2.1458794848193463
2005-03-01,1.6830427646636963
2005-03-02,1.9354991912841797
2005-03-03,1.9354991912841797
2005-03-04,1.9354991912841797
2005-03-07,1.9354991087717888
2005-03-08,1.9354991912841797
2005-03-09,1.9354991912841797
2005-03-10,1.9354991912841797
2005-03-11,1.9354991087717888
2005-03-14,1.893423080444336
2005-03-15,1.893423080444336
2005-03-16,1.893423080444336
2005-03-17,1.9354991587134984
2005-03-18,1.9354991912841797
2005-03-21,1.9354991912841797
2005-03-22,1.9354991912841797
2005-03-23,1.9354991912841797
2005-03-24,1.9354991912841797
2005-03-28,2.1038033962249756
2005-03-29,2.0196513660610234
2005-03-30,1.8513470812569324
2005-03-31,1.6830427646636963
2005-04-01,1.7671948843458105
2005-04-04,2.019651412963867
2005-04-05,2.019651412963867
2005-04-06,2.019651412963867
2005-04-07,1.6830427646636963
2005-04-08,1.6830427646636963
2005-04-11,1.8934231285713117
2005-04-12,2.230031728744507
2005-04-13,2.061727523803711
2005-04-14,2.1458795070648193
2005-04-15,2.1458794935784216
2005-04-18,1.851347127217511
2005-04-19,1.6830427646636963
2005-04-20,2.1458795070648193
2005-04-21,1.893423080444336
2005-04-22,1.893423080444336
2005-04-25,1.893423080444336
2005-04-26,1.6830427646636963
2005-04-27,1.6830427646636963
2005-04-28,1.6830427646636963
2005-04-29,1.6830427646636963
2005-05-02,1.7251187936534222
2005-05-03,1.6830427646636963
2005-05-04,1.6830427646636963
2005-05-05,1.6830427646636963
2005-05-06,1.556814622179189
2005-05-09,1.5315689229429335
2005-05-10,1.3885102272033691
2005-05-11,1.3885102272033691
2005-05-12,1.4474167823791504
2005-05-13,1.4642471937505321
2005-05-16,1.4474167823791504
2005-05-17,1.346434235572815
2005-05-18,1.346434235572815
2005-05-19,1.3043581247329712
2005-05-20,1.2202060536392392
2005-05-23,1.1781299114227295
2005-05-24,1.0687321424484253
2005-05-25,1.0519016981124878
2005-05-26,1.262282133102417
2005-05-27,1.262282133102417
2005-05-31,1.262282133102417
2005-06-01,1.0939778089523315
2005-06-02,1.0939778089523315
2005-06-03,1.0939778089523315
2005-06-06,1.262282133102417
2005-06-07,1.262282133102417
2005-06-08,1.262282133102417
2005-06-09,1.144469141960144
2005-06-10,1.262282133102417
2005-06-13,1.262282133102417
2005-06-14,1.262282133102417
2005-06-15,1.262282133102417
2005-06-16,1.1781299666210638
2005-06-17,1.262282133102417
2005-06-20,1.262282133102417
2005-06-21,1.262282133102417
2005-06-22,1.262282133102417
2005-06-23,1.262282133102417
2005-06-24,1.1781299666210638
2005-06-27,1.262282133102417
2005-06-28,1.262282133102417
2005-06-29,1.1528842449188232
2005-06-30,1.262282133102417
2005-07-01,1.262282133102417
2005-07-05,1.262282133102417
2005-07-06,1.161299554290604
2005-07-07,1.1528842449188232
2005-07-08,1.144469141960144
2005-07-11,1.1360538947128835
2005-07-12,0.9677495956420898
2005-07-13,1.0939778089523315
2005-07-14,1.0939778089523315
2005-07-15,1.0939778089523315
2005-07-18,1.0939778089523315
2005-07-19,1.1781299114227295
2005-07-20,1.1781299114227295
2005-07-21,1.1781299114227295
2005-07-22,1.1360539197921753
2005-07-25,1.1360539197921753
2005-07-26,1.161299467086792
2005-07-27,1.161299467086792
2005-07-28,1.1360539402610648
2005-07-29,1.0939778089523315
2005-08-01,1.0939778089523315
2005-08-02,1.1360539402610648
2005-08-03,1.2202060222625732
2005-08-04,1.2202060222625732
2005-08-05,1.2202060222625732
2005-08-08,1.2202060222625732
2005-08-09,1.0939777863228548
2005-08-10,0.9340887665748596
2005-08-11,1.0098257064819336
2005-08-12,0.9340887665748596
2005-08-15,0.9340887665748596
2005-08-16,0.9677495956420898
2005-08-17,0.9677495956420898
2005-08-18,0.9761647582054137
2005-08-19,1.0939778089523315
2005-08-22,0.9677495761150835
2005-08-23,1.1360539197921753
2005-08-24,1.1360539197921753
2005-08-25,1.1360539197921753
2005-08-26,1.1360539197921753
2005-08-29,1.1360539197921753
2005-08-30,1.0098257064819336
2005-08-31,1.1360539402610648
2005-09-01,1.0098257064819336
2005-09-02,0.9004279375076294
2005-09-06,0.8835974335670471
2005-09-07,0.8835974335670471
2005-09-08,0.8920126395768537
2005-09-09,0.8667669997256837
2005-09-12,0.8415213846933636
2005-09-13,0.7152931970527924
2005-09-14,0.6816323195090518
2005-09-15,0.7573692202568054
2005-09-16,0.6311410665512085
2005-09-19,0.7152931970527924
2005-09-20,0.6732171177864075
2005-09-21,0.6732171177864075
2005-09-22,0.7152931690216064
2005-09-23,0.7152931690216064
2005-09-26,0.5469889044761658
2005-09-27,0.7573692202568054
2005-09-28,0.6227258443832397
2005-09-29,0.6311410665512085
2005-09-30,0.6311410665512085
2005-10-03,0.7994453310966492
2005-10-04,0.5890649557113647
2005-10-05,0.5890649557113647
2005-10-06,0.5890649557113647
2005-10-07,0.5890649557113647
2005-10-10,0.5722345732296886
2005-10-11,0.6311410665512085
2005-10-12,0.7994452740980076
2005-10-13,0.7152931690216064
2005-10-14,0.5890649557113647
2005-10-17,0.5469889044761658
2005-10-18,0.7994453310966492
2005-10-19,0.7994453310966492
2005-10-20,0.7994453310966492
2005-10-21,0.7994453310966492
2005-10-24,0.7994453310966492
2005-10-25,0.7994453310966492
2005-10-26,0.5049128532409668
2005-10-27,0.5049128532409668
2005-10-28,0.5049128532409668
2005-10-31,0.7994453091660445
2005-11-01,0.7994453310966492
2005-11-02,0.5301584601402283
2005-11-03,0.5301584708237234
2005-11-04,0.5049128532409668
2005-11-07,0.6311410665512085
2005-11-08,0.5469889044761658
2005-11-09,0.5469889044761658
2005-11-10,0.5469889044761658
2005-11-11,0.7994452991952019
2005-11-14,0.5049128532409668
2005-11-15,0.5049128532409668
2005-11-16,0.5385736658315681
2005-11-17,0.5301584601402283
2005-11-18,0.5049128532409668
2005-11-21,0.5049128532409668
2005-11-22,0.7152931690216064
2005-11-23,0.7489539980888367
2005-11-25,0.7489539980888367
2005-11-28,0.7489540536027068
2005-11-29,0.5049128532409668
2005-11-30,0.5049128532409668
2005-12-01,0.5469889044761658
2005-12-02,0.5469888825455611
2005-12-05,0.5049128515235011
2005-12-06,0.46283677220344543
2005-12-07,0.46283677220344543
2005-12-08,0.46283677220344543
2005-12-09,0.46283677220344543
2005-12-12,0.47966718673706055
2005-12-13,0.47966718673706055
2005-12-14,0.47966718673706055
2005-12-15,0.5469889044761658
2005-12-16,0.4460062980651855
2005-12-19,0.4460062980651855
2005-12-20,0.45442155003547663
2005-12-21,0.45442155003547663
2005-12-22,0.45442155003547663
2005-12-23,0.45442155003547663
2005-12-27,0.45442155003547663
2005-12-28,0.45442155003547663
2005-12-29,0.4375910890661375
2005-12-30,0.42917588353157043
2006-01-03,0.42917588353157043
2006-01-04,0.5049128532409668
2006-01-05,0.4375911056995392
2006-01-06,0.4460062980651855
2006-01-09,0.5049128532409668
2006-01-10,0.5049128532409668
2006-01-11,0.5049128532409668
2006-01-12,0.5049128532409668
2006-01-13,0.5049128532409668
2006-01-17,0.5133280591018856
2006-01-18,0.5049128532409668
2006-01-19,0.5049128532409668
2006-01-20,0.5049128532409668
2006-01-23,0.5049128532409668
2006-01-24,0.5049128532409668
2006-01-25,0.5049128532409668
2006-01-26,0.5049128532409668
2006-01-27,0.5049128532409668
2006-01-30,0.748954036389288
2006-01-31,0.5974801778793335
2006-02-01,0.5974801778793335
2006-02-02,0.5469889044761658
2006-02-03,0.5469889044761658
2006-02-06,0.5469889044761658
2006-02-07,0.5469889044761658
2006-02-08,0.5469889044761658
2006-02-09,0.5469889044761658
2006-02-10,0.5469888610216632
2006-02-13,0.45442155003547663
2006-02-14,0.45442155003547663
2006-02-15,0.4712519645690918
2006-02-16,0.4712519645690918
2006-02-17,0.45442155003547663
2006-02-21,0.45442155003547663
2006-02-22,0.45442155003547663
2006-02-23,0.45442155003547663
2006-02-24,0.4544215645162879
2006-02-27,0.4712519645690918
2006-02-28,0.4123454988002777
2006-03-01,0.43759110276181445
2006-03-02,0.4207606911659241
2006-03-03,0.4207606911659241
2006-03-06,0.46283677220344543
2006-03-07,0.46283677220344543
2006-03-08,0.46283677220344543
2006-03-09,0.46283677220344543
2006-03-10,0.46283677220344543
2006-03-13,0.46283677220344543
2006-03-14,0.46283677220344543
2006-03-15,0.46283677220344543
2006-03-16,0.46283675556525894
2006-03-17,0.4039302468299866
2006-03-20,0.4207606911659241
2006-03-21,0.4207606911659241
2006-03-22,0.4207606911659241
2006-03-23,0.4207606911659241
2006-03-24,0.4207606911659241
2006-03-27,0.4207606911659241
2006-03-28,0.46283677220344543
2006-03-29,0.46283677220344543
2006-03-30,0.48808237910270685
2006-03-31,0.48808237910270685
2006-04-03,0.48808237910270685
2006-04-04,0.5469889044761658
2006-04-05,0.5469889044761658
2006-04-06,0.5469889044761658
2006-04-07,0.5469889044761658
2006-04-10,0.5469889044761658
2006-04-11,0.5469889044761658
2006-04-12,0.4207606911659241
2006-04-13,0.38709984096365685
2006-04-17,0.37026941776275635
2006-04-18,0.37026941776275635
2006-04-19,0.3786846101284027
2006-04-20,0.3786846101284027
2006-04-21,0.42076067964583697
2006-04-24,0.38709983229637146
2006-04-25,0.37868461308029694
2006-04-26,0.33660855889320374
2006-04-27,0.33660855889320374
2006-04-28,0.33660855889320374
2006-05-01,0.39551504671961957
2006-05-02,0.4207606890667992
2006-05-03,0.3786846101284027
2006-05-04,0.3786846101284027
2006-05-05,0.3786846101284027
2006-05-08,0.46283677220344543
2006-05-09,0.46283677220344543
2006-05-10,0.46283677220344543
2006-05-11,0.4123454775476239
2006-05-12,0.7152931970527924
2006-05-15,0.4628367703142331
2006-05-16,0.4207606911659241
2006-05-17,0.4207606911659241
2006-05-18,0.4207606911659241
2006-05-19,0.37868461308029694
2006-05-22,0.33660855889320374
2006-05-23,0.33660855889320374
2006-05-24,0.33660855889320374
2006-05-25,0.3786846101284027
2006-05-26,0.3786846101284027
2006-05-30,0.3786846101284027
2006-05-31,0.3786846101284027
2006-06-01,0.35343897342681885
2006-06-02,0.33660855889320374
2006-06-05,0.33660855889320374
2006-06-06,0.33660855889320374
2006-06-07,0.33660855889320374
2006-06-08,0.33660855889320374
2006-06-09,0.33660855889320374
2006-06-12,0.33660855889320374
2006-06-13,0.2945324778556824
2006-06-14,0.2945324778556824
2006-06-15,0.2945324778556824
2006-06-16,0.2945324778556824
2006-06-19,0.2945324778556824
2006-06-20,0.3029477000236511
2006-06-21,0.33660855889320374
2006-06-22,0.2945324778556824
2006-06-23,0.2945324778556824
2006-06-26,0.2945324778556824
2006-06-27,0.2945324778556824
2006-06-28,0.2945324778556824
2006-06-29,0.2945324778556824
2006-06-30,0.2945324778556824
2006-07-03,0.2945324778556824
2006-07-05,0.27770206332206726
2006-07-06,0.27770206332206726
2006-07-07,0.27770206332206726
2006-07-10,0.27770206332206726
2006-07-11,0.286117285490036
2006-07-12,0.286117285490036
2006-07-13,0.286117285490036
2006-07-14,0.286117285490036
2006-07-17,0.286117285490036
2006-07-18,0.286117285490036
2006-07-19,0.286117285490036
2006-07-20,0.286117285490036
2006-07-21,0.286117285490036
2006-07-24,0.286117285490036
2006-07-25,0.286117285490036
2006-07-26,0.286117285490036
2006-07-27,0.286117285490036
2006-07-28,0.286117285490036
2006-07-31,0.286117285490036
2006-08-01,0.286117285490036
2006-08-02,0.286117285490036
2006-08-03,0.286117285490036
2006-08-04,0.2945324778556824
2006-08-07,0.2945324778556824
2006-08-08,0.2945324778556824
2006-08-09,0.2945324778556824
2006-08-10,0.2945324778556824
2006-08-11,0.2945324778556824
2006-08-14,0.286117285490036
2006-08-15,0.286117285490036
2006-08-16,0.2777020692825317
2006-08-17,0.2524564266204834
2006-08-18,0.2524564266204834
2006-08-21,0.2524564266204834
2006-08-22,0.2524564266204834
2006-08-23,0.2524564266204834
2006-08-24,0.2524564266204834
2006-08-25,0.2524564266204834
2006-08-28,0.2524564266204834
2006-08-29,0.22721077501773831
2006-08-30,0.22721077501773831
2006-08-31,0.22721077501773831
2006-09-01,0.22721077501773831
2006-09-05,0.22721077501773831
2006-09-06,0.22721077501773831
2006-09-07,0.22721077501773831
2006-09-08,0.22721077501773831
2006-09-11,0.21038034558296204
2006-09-12,0.21038034558296204
2006-09-13,0.21038034558296204
2006-09-14,0.21038034558296204
2006-09-15,0.2356259822845459
2006-09-18,0.2356259822845459
2006-09-19,0.21038034558296204
2006-09-20,0.2440411892256612
2006-09-21,0.2019651234149933
2006-09-22,0.2019651234149933
2006-09-25,0.24404118955135343
2006-09-26,0.2524564266204834
2006-09-27,0.2524564266204834
2006-09-28,0.2692868411540985
2006-09-29,0.21038034558296204
2006-10-02,0.21038034558296204
2006-10-03,0.21038034558296204
2006-10-04,0.21038034558296204
2006-10-05,0.29453246941457806
2006-10-06,0.22721077501773831
2006-10-09,0.22721077501773831
2006-10-10,0.2524564166863759
2006-10-11,0.22721077501773831
2006-10-12,0.22721077501773831
2006-10-13,0.22721077501773831
2006-10-16,0.29453246576777187
2006-10-17,0.2861172751434506
2006-10-18,0.2524564266204834
2006-10-19,0.2524564166863759
2006-10-20,0.22721077501773831
2006-10-23,0.22721077501773831
2006-10-24,0.2524564266204834
2006-10-25,0.2945324778556824
2006-10-26,0.2945324778556824
2006-10-27,0.2945324778556824
2006-10-30,0.2945324778556824
2006-10-31,0.33660855889320374
2006-11-01,0.33660855889320374
2006-11-02,0.42917588353157043
2006-11-03,0.42917588353157043
2006-11-06,0.5890649557113647
2006-11-07,0.5890649557113647
2006-11-08,0.5890649557113647
2006-11-09,0.7152931722516349
2006-11-10,0.6058954000473022
2006-11-13,0.6058954000473022
2006-11-14,0.6058954000473022
2006-11-15,0.6058954000473022
2006-11-16,0.5890649807217463
2006-11-17,0.5133280754089355
2006-11-20,0.5133280754089355
2006-11-21,0.5133280754089355
2006-11-22,0.5133280754089355
2006-11-24,0.5133280754089355
2006-11-27,0.5133280754089355
2006-11-28,0.5133280754089355
2006-11-29,0.5890649315355437
2006-11-30,0.5217432379722595
2006-12-01,0.5217432379722595
2006-12-04,0.5890649557113647
2006-12-05,0.5469888542490233
2006-12-06,0.5049128532409668
2006-12-07,0.5469888784522681
2006-12-08,0.42917588353157043
2006-12-11,0.4628367594236365
2006-12-12,0.5049128532409668
2006-12-13,0.5049128532409668
2006-12-14,0.5049128532409668
2006-12-15,0.5049128532409668
2006-12-18,0.46283677220344543
2006-12-19,0.46283677220344543
2006-12-20,0.42917588353157043
2006-12-21,0.46283677220344543
2006-12-22,0.5890649856263136
2006-12-26,0.5890649557113647
2006-12-27,0.5890649557113647
2006-12-28,0.614310623182817
2006-12-29,0.6143106543798365
2007-01-03,0.7152931690216064
2007-01-04,0.5890649557113647
2007-01-05,0.6311410520455182
2007-01-08,0.7152931690216064
2007-01-09,0.5890649557113647
2007-01-10,0.5890649557113647
2007-01-11,0.5890649557113647
2007-01-12,0.7152931690216064
2007-01-16,0.6395562291145325
2007-01-17,0.6058954000473022
2007-01-18,0.6058954000473022
2007-01-19,0.6058954000473022
2007-01-22,0.6058954000473022
2007-01-23,0.6395562291145325
2007-01-24,0.6058954000473022
2007-01-25,0.6058954000473022
2007-01-26,0.6058954000473022
2007-01-29,0.6058954000473022
2007-01-30,0.6058954000473022
2007-01-31,0.5890649856263136
2007-02-01,0.5469889044761658
2007-02-02,0.5469889044761658
2007-02-05,0.5049128532409668
2007-02-06,0.5049128532409668
2007-02-07,0.5049128532409668
2007-02-08,0.6058954000473022
2007-02-09,0.6058954000473022
2007-02-12,0.6058954000473022
2007-02-13,0.6058954000473022
2007-02-14,0.6058954000473022
2007-02-15,0.63114103472473
2007-02-16,0.6311410665512085
2007-02-20,0.6311410665512085
2007-02-21,0.6311410665512085
2007-02-22,0.6311410665512085
2007-02-23,0.5469889044761658
2007-02-26,0.5469889044761658
2007-02-27,0.5469889044761658
2007-02-28,0.5469889044761658
2007-03-01,0.5469889044761658
2007-03-02,0.5469889044761658
2007-03-05,0.6058954000473022
2007-03-06,0.5049128532409668
2007-03-07,0.5049128532409668
2007-03-08,0.5049128532409668
2007-03-09,0.5049128532409668
2007-03-12,0.5049128532409668
2007-03-13,0.5049128532409668
2007-03-14,0.5890649557113647
2007-03-15,0.5890649557113647
2007-03-16,0.46283677220344543
2007-03-19,0.46283677220344543
2007-03-20,0.5890649557113647
2007-03-21,0.5890649557113647
2007-03-22,0.572234570980072
2007-03-23,0.6311410665512085
2007-03-26,0.5890649557113647
2007-03-27,0.5890649557113647
2007-03-28,0.5890649557113647
2007-03-29,0.5890649315355437
2007-03-30,0.5890649557113647
2007-04-02,0.5890649315355437
2007-04-03,0.5217432379722595
2007-04-04,0.5217432379722595
2007-04-05,0.5217432379722595
2007-04-09,0.6732171177864075
2007-04-10,0.7573691964805164
2007-04-11,0.6816323236079678
2007-04-12,0.7152931690216064
2007-04-13,0.7152931690216064
2007-04-16,0.7152931690216064
2007-04-17,0.7152931690216064
2007-04-18,0.7152932142064312
2007-04-19,0.6816323399543762
2007-04-20,0.7152931690216064
2007-04-23,0.7152931690216064
2007-04-24,0.8331061723776356
2007-04-25,0.8331061601638794
2007-04-26,0.7741996645927429
2007-04-27,0.8415213823318481
2007-04-30,0.8415213823318481
2007-05-01,0.8415213823318481
2007-05-02,0.8415213823318481
2007-05-03,0.765784502029419
2007-05-04,0.7741996645927429
2007-05-07,1.5988906621932983
2007-05-08,1.5988906336357231
2007-05-09,1.3380190134048462
2007-05-10,1.3885102272033691
2007-05-11,1.3885102272033691
2007-05-14,1.430586338043213
2007-05-15,1.4305863892352058
2007-05-16,2.1038035037259935
2007-05-17,1.640966773033142
2007-05-18,1.8513470812569324
2007-05-21,1.6830428234281392
2007-05-22,1.5147384405136108
2007-05-23,1.5147384405136108
2007-05-24,1.5147384405136108
2007-05-25,1.8092710971832275
2007-05-29,1.8429318335227873
2007-05-30,2.019651412963867
2007-05-31,2.9453249344458947
2007-06-01,2.7349445819854736
2007-06-04,2.734944452769552
2007-06-05,2.5666402971813795
2007-06-06,2.3141837120056152
2007-06-07,2.524564266204834
2007-06-08,2.7349445819854736
2007-06-11,2.8443424615693753
2007-06-12,2.7349446217219033
2007-06-13,2.650792360305786
2007-06-14,2.650792360305786
2007-06-15,2.65079239601499
2007-06-18,2.692868388116255
2007-06-19,2.69286847114563
2007-06-20,2.7349445819854736
2007-06-21,2.7770204544067383
2007-06-22,2.861172676086426
2007-06-25,2.9369096755981445
2007-06-26,2.9369096755981445
2007-06-27,3.0294768810272217
2007-06-28,4.1655306820351825
2007-06-29,4.039302825927734
2007-07-02,5.469889146842089
2007-07-03,5.2595086097717285
2007-07-05,7.1529318173726395
2007-07-06,6.311410123651678
2007-07-09,4.544215544845713
2007-07-10,3.3660854349867373
2007-07-11,3.155705130993287
2007-07-12,3.155705130993287
2007-07-13,5.049128331493959
2007-07-16,4.417987132072448
2007-07-17,4.6283674240112305
2007-07-18,4.838747872246636
2007-07-19,4.628367499301308
2007-07-20,4.417987132072448
2007-07-23,4.291758933875906
2007-07-24,3.9972264766693115
2007-07-25,3.9972264766693115
2007-07-26,4.207606792449951
2007-07-27,4.207606792449951
2007-07-30,3.980396261517814
2007-07-31,3.7026941776275635
2007-08-01,3.786846160888672
2007-08-02,3.8709983825683594
2007-08-03,3.4081616401672363
2007-08-06,3.913074493408203
2007-08-07,4.123454761449442
2007-08-08,4.123455047607422
2007-08-09,4.08137845993042
2007-08-10,4.039302825927734
2007-08-13,4.123455047607422
2007-08-14,4.08137845993042
2007-08-15,3.6606178283691406
2007-08-16,3.6606180525575907
2007-08-17,3.281933537764546
2007-08-20,3.281933546066284
2007-08-21,3.281933546066284
2007-08-22,3.155705213546753
2007-08-23,3.029476995176328
2007-08-24,3.155705213546753
2007-08-27,2.9453249344458947
2007-08-28,2.9453248977661133
2007-08-29,3.3660855293273926
2007-08-30,3.0715532302856445
2007-08-31,3.0715532302856445
2007-09-04,3.021061658859253
2007-09-05,3.281933546066284
2007-09-06,3.281933546066284
2007-09-07,3.281933546066284
2007-09-10,2.9453248977661133
2007-09-11,2.9453248977661133
2007-09-12,2.9453248977661133
2007-09-13,2.9453248977661133
2007-09-14,2.9032487869262695
2007-09-17,2.861172676086426
2007-09-18,2.7349445819854736
2007-09-19,2.69286847114563
2007-09-20,2.314183911513692
2007-09-21,2.2300316802522047
2007-09-24,2.1038033962249756
2007-09-25,2.1038033962249756
2007-09-26,2.524564266204834
2007-09-27,2.5245640494606714
2007-09-28,2.3983359336853027
2007-10-01,2.3141838187303616
2007-10-02,2.187955519949012
2007-10-03,1.5988905796398325
2007-10-04,1.7671948671340942
2007-10-05,1.7251187562942505
2007-10-08,2.019651412963867
2007-10-09,2.187955617904663
2007-10-10,2.187955617904663
2007-10-11,2.187955617904663
2007-10-12,2.187955617904663
2007-10-15,2.1038033962249756
2007-10-16,2.1038033962249756
2007-10-17,2.1038033962249756
2007-10-18,2.4404120445251465
2007-10-19,2.4404120445251465
2007-10-22,2.230031752535699
2007-10-23,2.440411994732379
2007-10-24,2.4404120445251465
2007-10-25,2.440412019874702
2007-10-26,2.356259822845459
2007-10-29,2.4404121611525134
2007-10-30,2.1963706016540527
2007-10-31,2.440411957957233
2007-11-01,2.1963706016540527
2007-11-02,2.4404120445251465
2007-11-05,2.2300316236724487
2007-11-06,2.1963706016540527
2007-11-07,2.1963706016540527
2007-11-08,2.1963706016540527
2007-11-09,2.1038033962249756
2007-11-12,1.8513470812569324
2007-11-13,1.6830427646636963
2007-11-14,1.893423080444336
2007-11-15,1.6830427646636963
2007-11-16,2.4404120445251465
2007-11-19,2.4404120445251465
2007-11-20,2.524564100970429
2007-11-21,2.524564266204834
2007-11-23,2.524564266204834
2007-11-26,2.3141837120056152
2007-11-27,2.5245640494606714
2007-11-28,2.4824881553649902
2007-11-29,2.1038033962249756
2007-11-30,2.1038033962249756
2007-12-03,1.893423080444336
2007-12-04,1.8513470888137817
2007-12-05,1.8513470888137817
2007-12-06,1.8513470888137817
2007-12-07,2.019651412963867
2007-12-10,1.9354991912841797
2007-12-11,1.9354991912841797
2007-12-12,2.103803554772288
2007-12-13,1.9354991912841797
2007-12-14,1.9354991392363843
2007-12-17,1.6830427646636963
2007-12-18,1.6830427646636963
2007-12-19,1.5568145513534546
2007-12-20,1.9354992313209467
2007-12-21,1.4726624488830566
2007-12-24,1.4726624488830566
2007-12-26,1.9354991912841797
2007-12-27,1.3464342958532185
2007-12-28,1.0939778089523315
2007-12-31,1.0939778089523315
2008-01-02,1.0939778089523315
2008-01-03,1.0939778089523315
2008-01-04,1.6830427987234933
2008-01-07,1.4726624488830566
2008-01-08,1.4726624488830566
2008-01-09,1.4726624488830566
2008-01-10,1.6830427646636963
2008-01-11,1.6830427646636963
2008-01-14,1.7671948671340942
2008-01-15,1.7671948671340942
2008-01-16,1.7671948584059334
2008-01-17,1.7671948671340942
2008-01-18,1.7671948508986204
2008-01-22,1.4726624488830566
2008-01-23,1.4726624488830566
2008-01-24,1.4726624488830566
2008-01-25,1.6830427646636963
2008-01-28,1.6830427646636963
2008-01-29,1.6830427646636963
2008-01-30,1.6830427646636963
2008-01-31,1.4726624488830566
2008-02-01,1.4726624488830566
2008-02-04,1.7671948671340942
2008-02-05,1.9354991912841797
2008-02-06,1.9354991912841797
2008-02-07,1.9354991912841797
2008-02-08,1.9354991912841797
2008-02-11,1.9354991912841797
2008-02-12,1.598890638723885
2008-02-13,1.4726624488830566
2008-02-14,1.4726624488830566
2008-02-15,1.4726624488830566
2008-02-19,1.9354991912841797
2008-02-20,1.7671948671340942
2008-02-21,1.9354991912841797
2008-02-22,1.9354991750699542
2008-02-25,1.9354991471367264
2008-02-26,1.9354991912841797
2008-02-27,1.9354991912841797
2008-02-28,1.9354991912841797
2008-02-29,1.7671948671340942
2008-03-03,1.8513470888137817
2008-03-04,1.8513470888137817
2008-03-05,1.8513470888137817
2008-03-06,1.851347127866498
2008-03-07,1.9354991912841797
2008-03-10,1.9354991833010464
2008-03-11,1.640966773033142
2008-03-12,1.640966773033142
2008-03-13,1.640966773033142
2008-03-14,1.9354991912841797
2008-03-17,1.8513470888137817
2008-03-18,1.8513470888137817
2008-03-19,1.8513470888137817
2008-03-20,1.8513470888137817
2008-03-24,1.8513470888137817
2008-03-25,1.8513470888137817
2008-03-26,1.8513470888137817
2008-03-27,1.8513470888137817
2008-03-28,1.8513470888137817
2008-03-31,1.4810776710510254
2008-04-01,1.8513470888137817
2008-04-02,1.6830427646636963
2008-04-03,1.6830427646636963
2008-04-04,1.8513470888137817
2008-04-07,1.6998732089996338
2008-04-08,1.6998732089996338
2008-04-09,1.6998732089996338
2008-04-10,1.8513470888137817
2008-04-11,1.9354991912841797
2008-04-14,1.9354991299805397
2008-04-15,1.842931866645813
2008-04-16,1.9354991912841797
2008-04-17,1.7756099700927734
2008-04-18,1.9354991912841797
2008-04-21,1.79244065284729
2008-04-22,1.8092710971832275
2008-04-23,1.8092710971832275
2008-04-24,1.9354991912841797
2008-04-25,2.4404120279445314
2008-04-28,2.4319968223571777
2008-04-29,2.4319968223571777
2008-04-30,2.4319968223571777
2008-05-01,2.3562597636451073
2008-05-02,2.1038033962249756
2008-05-05,2.3141837120056152
2008-05-06,2.3141837120056152
2008-05-07,2.272107757457089
2008-05-08,2.230031728744507
2008-05-09,2.230031728744507
2008-05-12,2.230031728744507
2008-05-13,2.230031728744507
2008-05-14,2.187955617904663
2008-05-15,2.3141837120056152
2008-05-16,2.3141837120056152
2008-05-19,2.230031728744507
2008-05-20,2.230031728744507
2008-05-21,2.2721078805221295
2008-05-22,2.2300316802522047
2008-05-23,1.9775751370992414
2008-05-27,1.893423117975254
2008-05-28,1.8092710971832275
2008-05-29,2.187955617904663
2008-05-30,2.187955617904663
2008-06-02,1.8261014223098755
2008-06-03,1.8261014223098755
2008-06-04,2.4319968223571777
2008-06-05,2.187955617904663
2008-06-06,2.187955617904663
2008-06-09,2.187955617904663
2008-06-10,2.187955617904663
2008-06-11,1.9354991912841797
2008-06-12,2.3141837120056152
2008-06-13,2.3141837120056152
2008-06-16,2.019651412963867
2008-06-17,2.5245642251989873
2008-06-18,2.187955617904663
2008-06-19,2.524564184987922
2008-06-20,2.524564184987922
2008-06-23,2.4824881553649902
2008-06-24,2.4824881553649902
2008-06-25,1.893423080444336
2008-06-26,1.893423080444336
2008-06-27,1.893423080444336
2008-06-30,1.9775751829147339
2008-07-01,1.9775751829147339
2008-07-02,1.9439143973084194
2008-07-03,2.4824881553649902
2008-07-07,2.4824881553649902
2008-07-08,2.1458795070648193
2008-07-09,2.482488072747788
2008-07-10,2.4404120729417498
2008-07-11,2.230031728744507
2008-07-14,2.2721078395843506
2008-07-15,2.1458794510433816
2008-07-16,2.4404120445251465
2008-07-17,2.5245641657469795
2008-07-18,2.524564266204834
2008-07-21,2.524564203640306
2008-07-22,2.5245640494606714
2008-07-23,2.52456413889892
2008-07-24,2.4404120445251465
2008-07-25,3.3660855293273926
2008-07-28,4.24968307439364
2008-07-29,3.786846160888672
2008-07-30,3.786846160888672
2008-07-31,3.450237512588501
2008-08-01,3.450237512588501
2008-08-04,3.197781242933843
2008-08-05,3.5343897342681885
2008-08-06,3.5343897342681885
2008-08-07,4.207606792449951
2008-08-08,4.29175885421344
2008-08-11,3.5932962894439697
2008-08-12,3.635372400283813
2008-08-13,3.7026940445220715
2008-08-14,4.207606792449951
2008-08-15,4.20760677757766
2008-08-18,3.786846160888672
2008-08-19,3.8709983825683594
2008-08-20,3.786846160888672
2008-08-21,4.207606792449951
2008-08-22,4.207606792449951
2008-08-25,3.635372400283813
2008-08-26,3.635372400283813
2008-08-27,3.635372400283813
2008-08-28,3.9972264386987773
2008-08-29,3.635372400283813
2008-09-02,3.635372400283813
2008-09-03,3.635372400283813
2008-09-04,3.635372400283813
2008-09-05,3.5764658451080322
2008-09-08,3.8289224871738976
2008-09-09,3.5764659095235887
2008-09-10,3.38291597366333
2008-09-11,3.8289225101470943
2008-09-12,4.207606792449951
2008-09-15,3.8289225101470943
2008-09-16,3.8289225101470943
2008-09-17,3.7026941776275635
2008-09-18,3.3660855293273926
2008-09-19,4.1655306820351825
2008-09-22,3.450237512588501
2008-09-23,3.7868461889379166
2008-09-24,3.5764658749103546
2008-09-25,3.3660855293273926
2008-09-26,3.5764658451080322
2008-09-29,3.786846280337828
2008-09-30,3.5764658451080322
2008-10-01,3.458652993739122
2008-10-02,3.450237512588501
2008-10-03,3.3660854464411982
2008-10-06,2.953740140518938
2008-10-07,2.6087162494659424
2008-10-08,2.1038033962249756
2008-10-09,3.786846160888672
2008-10-10,2.9453248977661133
2008-10-13,2.9453248977661133
2008-10-14,3.4502375023484975
2008-10-15,3.155705213546753
2008-10-16,3.155705213546753
2008-10-17,3.3660855293273926
2008-10-20,2.9453248977661133
2008-10-21,3.2987639497010344
2008-10-22,3.281933546066284
2008-10-23,3.281933546066284
2008-10-24,3.3660855293273926
2008-10-27,3.5343897055643514
2008-10-28,2.69286847114563
2008-10-29,2.69286847114563
2008-10-30,2.69286847114563
2008-10-31,2.7349445819854736
2008-11-03,2.524564266204834
2008-11-04,3.3660855293273926
2008-11-05,2.524564266204834
2008-11-06,2.524564266204834
2008-11-07,2.524564266204834
2008-11-10,3.3660855293273926
2008-11-11,2.524564266204834
2008-11-12,2.524564266204834
2008-11-13,2.524564266204834
2008-11-14,2.9453248977661133
2008-11-17,2.524564266204834
2008-11-18,2.524564266204834
2008-11-19,2.7349445819854736
2008-11-20,2.524564266204834
2008-11-21,2.962155342102051
2008-11-24,2.962155342102051
2008-11-25,2.962155342102051
2008-11-26,2.962155342102051
2008-11-28,2.962155342102051
2008-12-01,2.1458795070648193
2008-12-02,2.9453248977661133
2008-12-03,2.9453248977661133
2008-12-04,2.9453248977661133
2008-12-05,2.5329792499542236
2008-12-08,2.9032487869262695
2008-12-09,2.9032487869262695
2008-12-10,2.524564266204834
2008-12-11,2.1458795070648193
2008-12-12,2.1458795070648193
2008-12-15,2.1458795070648193
2008-12-16,2.1458795070648193
2008-12-17,2.1458795070648193
2008-12-18,2.7349445819854736
2008-12-19,2.7349445819854736
2008-12-22,2.7349445819854736
2008-12-23,2.7349445819854736
2008-12-24,2.7349445819854736
2008-12-26,2.314183842894074
2008-12-29,2.1458795282455867
2008-12-30,2.3141837120056152
2008-12-31,2.3141837120056152
2009-01-02,2.3141837120056152
2009-01-05,2.3141837120056152
2009-01-06,2.3141837120056152
2009-01-07,2.2721078395843506
2009-01-08,2.2721078395843506
2009-01-09,2.2721078395843506
2009-01-12,2.7349445819854736
2009-01-13,2.77702061235069
2009-01-14,2.5245640754699705
2009-01-15,2.524564266204834
2009-01-16,2.524564266204834
2009-01-20,2.524564266204834
2009-01-21,2.314183735847473
2009-01-22,2.7349445819854736
2009-01-23,2.9453248977661133
2009-01-26,2.9032487869262695
2009-01-27,2.524564266204834
2009-01-28,2.9453248977661133
2009-01-29,2.9453248977661133
2009-01-30,2.9032487869262695
2009-02-02,2.9032487869262695
2009-02-03,2.9453248977661133
2009-02-04,3.155705213546753
2009-02-05,3.357670307159424
2009-02-06,3.7026941776275635
2009-02-09,6.732170867919922
2009-02-10,4.838747948408127
2009-02-11,3.660618023766401
2009-02-12,4.207606792449951
2009-02-13,3.593296286506245
2009-02-17,4.207606808051498
2009-02-18,3.5343896452862964
2009-02-19,3.786846127246348
2009-02-20,3.5764658451080322
2009-02-23,3.5764658451080322
2009-02-24,3.6606178283691406
2009-02-25,3.6606178283691406
2009-02-26,3.6606178283691406
2009-02-27,4.207606792449951
2009-03-02,6.521790720765886
2009-03-03,4.628367637460723
2009-03-04,4.375911235809326
2009-03-05,4.3338353774707965
2009-03-06,4.628367696489606
2009-03-09,4.754595756530762
2009-03-10,4.754595756530762
2009-03-11,4.754595756530762
2009-03-12,4.754595756530762
2009-03-13,4.41798734664917
2009-03-16,4.41798734664917
2009-03-17,4.41798734664917
2009-03-18,4.207606792449951
2009-03-19,4.417987158423975
2009-03-20,4.207607102174608
2009-03-23,3.9972264766693115
2009-03-24,4.207606817546644
2009-03-25,3.9972264766693115
2009-03-26,3.786846160888672
2009-03-27,3.9972264766693115
2009-03-30,4.333835102326774
2009-03-31,4.165530588863715
2009-04-01,3.9972264766693115
2009-04-02,3.78684629712786
2009-04-03,3.3660855293273926
2009-04-06,3.3660855293273926
2009-04-07,3.3660854826613953
2009-04-08,3.2398571968078613
2009-04-09,3.3660855293273926
2009-04-13,1.9775751829147339
2009-04-14,3.3660855129163414
2009-04-15,3.3660855293273926
2009-04-16,3.3660855293273926
2009-04-17,1.6830427646636963
2009-04-20,3.786846160888672
2009-04-21,3.786846160888672
2009-04-22,3.78684629712786
2009-04-23,3.3660855293273926
2009-04-24,3.3660855293273926
2009-04-27,3.7026941776275635
2009-04-28,3.786846160888672
2009-04-29,3.786846160888672
2009-04-30,3.786846160888672
2009-05-01,3.786846160888672
2009-05-04,3.786846160888672
2009-05-05,3.786846160888672
2009-05-06,3.7026941776275635
2009-05-07,3.7026941776275635
2009-05-08,3.7026941776275635
2009-05-11,3.7026941776275635
2009-05-12,3.7868462204933167
2009-05-13,3.5764658451080322
2009-05-14,3.576465847506512
2009-05-15,2.8695878694743446
2009-05-18,3.3660855293273926
2009-05-19,3.7616004943847656
2009-05-20,3.5764658451080322
2009-05-21,3.5764658451080322
2009-05-22,3.5764658451080322
2009-05-26,3.786846160888672
2009-05-27,3.786846160888672
2009-05-28,3.7700158851913717
2009-05-29,3.3660855293273926
2009-06-01,3.3660855293273926
2009-06-02,3.5764658451080322
2009-06-03,3.6606178283691406
2009-06-04,3.5343897342681885
2009-06-05,3.5343897342681885
2009-06-08,3.3660855293273926
2009-06-09,3.3660855293273926
2009-06-10,3.3660855611165363
2009-06-11,3.5343897342681885
2009-06-12,2.5413944721221924
2009-06-15,2.6592076016904462
2009-06-16,2.69286847114563
2009-06-17,2.9453248977661133
2009-06-18,3.5764658451080322
2009-06-19,2.5329792499542236
2009-06-22,2.5329792499542236
2009-06-23,2.5750553607940674
2009-06-24,3.281933546066284
2009-06-25,3.3660855293273926
2009-06-26,2.7012836933135986
2009-06-29,2.9453248977661133
2009-06-30,2.9453248977661133
2009-07-01,2.9453248977661133
2009-07-02,2.9453248977661133
2009-07-06,2.9453248883931833
2009-07-07,2.9453248883931833
2009-07-08,2.9453248883931833
2009-07-09,3.78684628507695
2009-07-10,3.113629028340987
2009-07-13,3.324009418487549
2009-07-14,3.324009418487549
2009-07-15,3.324009418487549
2009-07-16,3.2819335023423566
2009-07-17,3.786846180474506
2009-07-20,5.461473367724301
2009-07-21,4.417987132072448
2009-07-22,3.786846160888672
2009-07-23,4.123455047607422
2009-07-24,4.1150395494053384
2009-07-27,3.786846280337828
2009-07-28,2.9453247669295797
2009-07-29,2.7770204544067383
2009-07-30,3.5343897342681885
2009-07-31,3.492313861846924
2009-08-03,3.702694197481924
2009-08-04,3.1977813243865967
2009-08-05,3.5764659472874234
2009-08-06,3.155705213546753
2009-08-07,3.4502377077739497
2009-08-10,3.4502375023484975
2009-08-11,3.517559289932251
2009-08-12,3.6606178283691406
2009-08-13,3.37450093575967
2009-08-14,3.778430700302124
2009-08-17,3.5764658451080322
2009-08-18,3.6942787170410156
2009-08-19,3.7026941776275635
2009-08-20,3.5764658451080322
2009-08-21,3.7026941776275635
2009-08-24,3.7026941776275635
2009-08-25,3.6942786346838954
2009-08-26,3.551219940185547
2009-08-27,3.685863733291626
2009-08-28,3.6185420743814736
2009-08-31,3.3660854200723866
2009-09-01,2.987400770187378
2009-09-02,2.987400770187378
2009-09-03,2.987400770187378
2009-09-04,2.80226623056982
2009-09-08,2.7349445819854736
2009-09-09,2.9453248977661133
2009-09-10,2.457242472394425
2009-09-11,2.524564266204834
2009-09-14,2.524564266204834
2009-09-15,2.524564266204834
2009-09-16,2.524564266204834
2009-09-17,2.69286847114563
2009-09-18,2.608716328157925
2009-09-21,2.6087162494659424
2009-09-22,3.7447699596644752
2009-09-23,3.5764658451080322
2009-09-24,3.5764658451080322
2009-09-25,3.5764658451080322
2009-09-28,3.2398571968078613
2009-09-29,3.786846160888672
2009-09-30,3.786846280337828
2009-10-01,3.744770050048828
2009-10-02,3.3660855293273926
2009-10-05,3.3660855293273926
2009-10-06,3.5764658749103546
2009-10-07,3.5764658451080322
2009-10-08,3.5764658451080322
2009-10-09,3.618542194366455
2009-10-12,3.6185421956349293
2009-10-13,3.618542194366455
2009-10-14,3.786846160888672
2009-10-15,3.786846235950508
2009-10-16,3.8709983825683594
2009-10-19,3.9551503658294678
2009-10-20,3.913074493408203
2009-10-21,3.786846160888672
2009-10-22,3.913074493408203
2009-10-23,3.8709983825683594
2009-10-26,3.8709981435573733
2009-10-27,3.4586529731750493
2009-10-28,3.5343897342681885
2009-10-29,3.8709983825683594
2009-10-30,3.9551503658294678
2009-11-02,4.123454918165967
2009-11-03,4.030887452306587
2009-11-04,3.9551503658294678
2009-11-05,3.4923138507297082
2009-11-06,3.9551503658294678
2009-11-09,3.8709983825683594
2009-11-10,3.4334070682525635
2009-11-11,3.450237512588501
2009-11-12,4.9649764722285665
2009-11-13,4.46006348641113
2009-11-16,4.291758969200736
2009-11-17,4.0813786087353385
2009-11-18,3.9719808101654053
2009-11-19,4.140285098781543
2009-11-20,3.9467353931653935
2009-11-23,3.79526170373044
2009-11-24,3.3660855293273926
2009-11-25,3.3660855293273926
2009-11-27,3.3660855293273926
2009-11-30,3.1641204535747938
2009-12-01,2.9705705642700195
2009-12-02,3.0715532302856445
2009-12-03,3.281933546066284
2009-12-04,3.155705213546753
2009-12-07,3.2398572723209327
2009-12-08,3.9888112545013428
2009-12-09,3.7026941776275635
2009-12-10,3.5764658451080322
2009-12-11,3.3660855293273926
2009-12-14,3.5764658451080322
2009-12-15,2.7770204544067383
2009-12-16,3.450237512588501
2009-12-17,3.3660855611165363
2009-12-18,3.450237512588501
2009-12-21,3.4502375873068445
2009-12-22,3.980396270751953
2009-12-23,3.9803962546909526
2009-12-24,3.5343897342681885
2009-12-28,3.5007288220945156
2009-12-29,3.3660855293273926
2009-12-30,3.5764658451080322
2009-12-31,3.778430850628901
2010-01-04,3.7784308626569234
2010-01-05,4.098209099903206
2010-01-06,4.628367739635613
2010-01-07,4.586291309083829
2010-01-08,4.41798734664917
2010-01-11,4.611537284553118
2010-01-12,5.023882355926424
2010-01-13,5.007051944732666
2010-01-14,5.007052139718577
2010-01-15,5.007052139718577
2010-01-19,5.007052219470521
2010-01-20,4.981806522937308
2010-01-21,5.007051944732666
2010-01-22,5.049128492455254
2010-01-25,5.124865588801791
2010-01-26,5.309999942779541
2010-01-27,5.510000228881836
2010-01-28,4.650000095367432
2010-01-29,4.300000190734863
2010-02-01,4.0
2010-02-02,3.4000000953674316
2010-02-03,3.5
2010-02-04,3.299999952316284
2010-02-05,3.049999952316284
2010-02-08,3.0999999046325684
2010-02-09,3.9000000953674316
2010-02-10,3.009999990463257
2010-02-11,3.009999990463257
2010-02-12,3.9000000953674316
2010-02-16,3.9000000953674316
2010-02-17,3.75
2010-02-18,3.6500000953674316
2010-02-19,3.6700000762939453
2010-02-22,3.880000114440918
2010-02-23,3.759999990463257
2010-02-24,3.869999885559082
2010-02-25,3.75
2010-02-26,3.75
2010-03-01,3.880000114440918
2010-03-02,3.75
2010-03-03,3.75
2010-03-04,3.049999952316284
2010-03-05,3.450000047683716
2010-03-08,3.299999952316284
2010-03-09,3.299999952316284
2010-03-10,3.299999952316284
2010-03-11,3.7300000190734863
2010-03-12,3.690000057220459
2010-03-15,3.440000057220459
2010-03-16,3.1600000858306885
2010-03-17,3.1600000858306885
2010-03-18,3.430000066757202
2010-03-19,3.430000066757202
2010-03-22,3.430000066757202
2010-03-23,3.1500000953674316
2010-03-24,3.1500000953674316
2010-03-25,3.75
2010-03-26,3.240000009536743
2010-03-29,3.75
2010-03-30,3.75
2010-03-31,3.0999999046325684
2010-04-01,3.0999999046325684
2010-04-05,3.380000114440918
2010-04-06,3.200000047683716
2010-04-07,3.200000047683716
2010-04-08,3.200000047683716
2010-04-09,3.200000047683716
2010-04-12,3.049999952316284
2010-04-13,3.0999999046325684
2010-04-14,3.2100000381469727
2010-04-15,3.2100000381469727
2010-04-16,3.0999999046325684
2010-04-19,3.0999999046325684
2010-04-20,3.2100000381469727
2010-04-21,3.380000114440918
2010-04-22,3.380000114440918
2010-04-23,3.369999885559082
2010-04-26,3.369999885559082
2010-04-27,3.369999885559082
2010-04-28,3.259999990463257
2010-04-29,3.259999990463257
2010-04-30,3.259999990463257
2010-05-03,3.259999990463257
2010-05-04,3.7200000286102295
2010-05-05,3.7200000286102295
2010-05-06,3.25
2010-05-07,3.25
2010-05-10,3.5
2010-05-11,3.5
2010-05-12,3.5
2010-05-13,3.5
2010-05-14,3.5
2010-05-17,3.5
2010-05-18,3.490000009536743
2010-05-19,3.490000009536743
2010-05-20,3.200000047683716
2010-05-21,3.450000047683716
2010-05-24,3.490000009536743
2010-05-25,3.5
2010-05-26,3.5
2010-05-27,3.5
2010-05-28,3.1500000953674316
2010-06-01,3.1500000953674316
2010-06-02,3.25
2010-06-03,3.25
2010-06-04,3.5
2010-06-07,3.5
2010-06-08,3.5
2010-06-09,3.5
2010-06-10,3.25
2010-06-11,3.5
2010-06-14,3.200000047683716
2010-06-15,3.4800000190734863
2010-06-16,3.75
2010-06-17,3.75
2010-06-18,3.5
2010-06-21,3.5
2010-06-22,3.5
2010-06-23,3.5
2010-06-24,3.25
2010-06-25,3.75
2010-06-28,3.5
2010-06-29,3.299999952316284
2010-06-30,3.450000047683716
2010-07-01,3.0
2010-07-02,3.0
2010-07-06,2.9000000953674316
2010-07-07,3.299999952316284
2010-07-08,3.740000009536743
2010-07-09,3.740000009536743
2010-07-12,3.299999952316284
2010-07-13,3.0999999046325684
2010-07-14,3.0999999046325684
2010-07-15,3.4000000953674316
2010-07-16,3.4700000286102295
2010-07-19,3.700000047683716
2010-07-20,3.700000047683716
2010-07-21,3.75
2010-07-22,3.740000009536743
2010-07-23,4.25
2010-07-26,4.0
2010-07-27,4.25
2010-07-28,4.25
2010-07-29,4.0
2010-07-30,3.799999952316284
2010-08-02,3.799999952316284
2010-08-03,4.0
2010-08-04,4.0
2010-08-05,4.0
2010-08-06,4.0
2010-08-09,4.0
2010-08-10,4.050000190734863
2010-08-11,4.050000190734863
2010-08-12,4.050000190734863
2010-08-13,3.75
2010-08-16,3.75
2010-08-17,3.75
2010-08-18,3.549999952316284
2010-08-19,3.549999952316284
2010-08-20,3.549999952316284
2010-08-23,3.549999952316284
2010-08-24,3.549999952316284
2010-08-25,3.549999952316284
2010-08-26,3.549999952316284
2010-08-27,3.549999952316284
2010-08-30,3.549999952316284
2010-08-31,3.549999952316284
2010-09-01,3.75
2010-09-02,3.549999952316284
2010-09-03,4.0
2010-09-07,4.0
2010-09-08,4.0
2010-09-09,3.549999952316284
2010-09-10,3.799999952316284
2010-09-13,4.150000095367432
2010-09-14,4.0
2010-09-15,4.0
2010-09-16,4.0
2010-09-17,4.099999904632568
2010-09-20,3.549999952316284
2010-09-21,3.549999952316284
2010-09-22,4.099999904632568
2010-09-23,4.099999904632568
2010-09-24,4.099999904632568
2010-09-27,4.0
2010-09-28,3.6500000953674316
2010-09-29,3.6500000953674316
2010-09-30,3.549999952316284
2010-10-01,3.5
2010-10-04,3.5
2010-10-05,3.25
2010-10-06,3.5
2010-10-07,3.4000000953674316
2010-10-08,3.4000000953674316
2010-10-11,3.25
2010-10-12,3.25
2010-10-13,3.25
2010-10-14,3.25
2010-10-15,3.490000009536743
2010-10-18,3.490000009536743
2010-10-19,3.490000009536743
2010-10-20,3.490000009536743
2010-10-21,3.490000009536743
2010-10-22,3.049999952316284
2010-10-25,3.200000047683716
2010-10-26,3.200000047683716
2010-10-27,3.1500000953674316
2010-10-28,3.1500000953674316
2010-10-29,3.1500000953674316
2010-11-01,3.1500000953674316
2010-11-02,3.4000000953674316
2010-11-03,3.4000000953674316
2010-11-04,3.4100000858306885
2010-11-05,3.4100000858306885
2010-11-08,3.4100000858306885
2010-11-09,3.4100000858306885
2010-11-10,3.0999999046325684
2010-11-11,3.0999999046325684
2010-11-12,3.0999999046325684
2010-11-15,3.0999999046325684
2010-11-16,3.4000000953674316
2010-11-17,3.4000000953674316
2010-11-18,3.450000047683716
2010-11-19,3.5
2010-11-22,3.4800000190734863
2010-11-23,3.25
2010-11-24,3.25
2010-11-26,3.4800000190734863
2010-11-29,3.0
2010-11-30,3.0199999809265137
2010-12-01,3.0199999809265137
2010-12-02,3.009999990463257
2010-12-03,3.0999999046325684
2010-12-06,3.490000009536743
2010-12-07,3.25
2010-12-08,3.390000104904175
2010-12-09,3.390000104904175
2010-12-10,3.390000104904175
2010-12-13,3.390000104904175
2010-12-14,3.0
2010-12-15,3.0
2010-12-16,3.0
2010-12-17,3.490000009536743
2010-12-20,3.299999952316284
2010-12-21,3.390000104904175
2010-12-22,3.0999999046325684
2010-12-23,3.0999999046325684
2010-12-27,3.390000104904175
2010-12-28,3.109999895095825
2010-12-29,3.4000000953674316
2010-12-30,3.4000000953674316
2010-12-31,3.490000009536743
2011-01-03,4.0
2011-01-04,4.0
2011-01-05,3.5
2011-01-06,3.5
2011-01-07,3.5
2011-01-10,3.109999895095825
2011-01-11,3.0
2011-01-12,3.0
2011-01-13,3.1500000953674316
2011-01-14,3.1500000953674316
2011-01-18,3.319999933242798
2011-01-19,3.319999933242798
2011-01-20,3.319999933242798
2011-01-21,3.130000114440918
2011-01-24,3.1500000953674316
2011-01-25,3.130000114440918
2011-01-26,3.0
2011-01-27,3.0
2011-01-28,3.0
2011-01-31,3.0
2011-02-01,3.0
2011-02-02,3.0
2011-02-03,3.240000009536743
2011-02-04,3.240000009536743
2011-02-07,3.0
2011-02-08,3.0999999046325684
2011-02-09,3.0
2011-02-10,3.5
2011-02-11,3.200000047683716
2011-02-14,3.0
2011-02-15,3.0
2011-02-16,3.0
2011-02-17,3.440000057220459
2011-02-18,3.299999952316284
2011-02-22,3.0
2011-02-23,3.1500000953674316
2011-02-24,3.0
2011-02-25,3.0
2011-02-28,3.0
2011-03-01,3.0
2011-03-02,3.049999952316284
2011-03-03,3.049999952316284
2011-03-04,3.049999952316284
2011-03-07,3.049999952316284
2011-03-08,3.0
2011-03-09,3.0
2011-03-10,3.0
2011-03-11,3.0
2011-03-14,3.0
2011-03-15,3.0
2011-03-16,3.0
2011-03-17,3.0
2011-03-18,3.0
2011-03-21,3.0
2011-03-22,3.0
2011-03-23,3.0
2011-03-24,2.75
2011-03-25,2.75
2011-03-28,3.0
2011-03-29,2.950000047683716
2011-03-30,2.880000114440918
2011-03-31,2.9000000953674316
2011-04-01,2.8499999046325684
2011-04-04,2.75
2011-04-05,2.75
2011-04-06,2.8399999141693115
2011-04-07,2.809999942779541
2011-04-08,2.809999942779541
2011-04-11,2.799999952316284
2011-04-12,2.75
2011-04-13,2.75
2011-04-14,2.1700000762939453
2011-04-15,2.259999990463257
2011-04-18,2.259999990463257
2011-04-19,2.2699999809265137
2011-04-20,2.2699999809265137
2011-04-21,2.2699999809265137
2011-04-25,2.700000047683716
2011-04-26,2.700000047683716
2011-04-27,2.75
2011-04-28,2.75
2011-04-29,2.5999999046325684
2011-05-02,2.5999999046325684
2011-05-03,2.5
2011-05-04,2.549999952316284
2011-05-05,2.4000000953674316
2011-05-06,2.8399999141693115
2011-05-09,2.950000047683716
2011-05-10,3.0
2011-05-11,3.0
2011-05-12,3.190000057220459
2011-05-13,3.390000104904175
2011-05-16,3.119999885559082
2011-05-17,3.119999885559082
2011-05-18,3.119999885559082
2011-05-19,3.25
2011-05-20,3.25
2011-05-23,3.25
2011-05-24,3.369999885559082
2011-05-25,3.369999885559082
2011-05-26,3.309999942779541
2011-05-27,3.299999952316284
2011-05-31,3.0
2011-06-01,3.0999999046325684
2011-06-02,3.0999999046325684
2011-06-03,3.25
2011-06-06,3.25
2011-06-07,3.3499999046325684
2011-06-08,3.3499999046325684
2011-06-09,3.0999999046325684
2011-06-10,2.880000114440918
2011-06-13,2.75
2011-06-14,2.5
2011-06-15,2.4000000953674316
2011-06-16,2.5
2011-06-17,2.5
2011-06-20,2.299999952316284
2011-06-21,2.299999952316284
2011-06-22,2.299999952316284
2011-06-23,2.5
2011-06-24,3.240000009536743
2011-06-27,3.0
2011-06-28,3.0
2011-06-29,3.0
2011-06-30,3.0
2011-07-01,2.509999990463257
2011-07-05,2.5999999046325684
2011-07-06,2.5999999046325684
2011-07-07,3.0
2011-07-08,2.509999990463257
2011-07-11,3.0
2011-07-12,2.309999942779541
2011-07-13,2.359999895095825
2011-07-14,2.369999885559082
2011-07-15,2.4000000953674316
2011-07-18,2.5
2011-07-19,2.5
2011-07-20,2.509999990463257
2011-07-21,2.4000000953674316
2011-07-22,2.5
2011-07-25,2.5
2011-07-26,2.5
2011-07-27,2.5
2011-07-28,2.450000047683716
2011-07-29,2.4000000953674316
2011-08-01,2.3499999046325684
2011-08-02,2.3499999046325684
2011-08-03,2.299999952316284
2011-08-04,2.299999952316284
2011-08-05,2.3499999046325684
2011-08-08,2.3499999046325684
2011-08-09,2.3499999046325684
2011-08-10,2.3499999046325684
2011-08-11,2.3499999046325684
2011-08-12,2.3499999046325684
2011-08-15,2.3499999046325684
2011-08-16,2.299999952316284
2011-08-17,2.299999952316284
2011-08-18,2.25
2011-08-19,2.25
2011-08-22,2.200000047683716
2011-08-23,2.1500000953674316
2011-08-24,2.0
2011-08-25,2.0
2011-08-26,2.049999952316284
2011-08-29,2.049999952316284
2011-08-30,2.049999952316284
2011-08-31,2.049999952316284
2011-09-01,2.049999952316284
2011-09-02,2.049999952316284
2011-09-06,2.1500000953674316
2011-09-07,2.1500000953674316
2011-09-08,2.1500000953674316
2011-09-09,2.1500000953674316
2011-09-12,2.1500000953674316
2011-09-13,2.1500000953674316
2011-09-14,2.3499999046325684
2011-09-15,2.1500000953674316
2011-09-16,2.3499999046325684
2011-09-19,2.450000047683716
2011-09-20,2.4000000953674316
2011-09-21,2.049999952316284
2011-09-22,2.049999952316284
2011-09-23,2.0
2011-09-26,2.0
2011-09-27,2.299999952316284
2011-09-28,2.25
2011-09-29,2.75
2011-09-30,2.75
2011-10-03,2.7100000381469727
2011-10-04,2.5
2011-10-05,2.990000009536743
2011-10-06,2.75
2011-10-07,2.5
2011-10-10,2.5
2011-10-11,2.5
2011-10-12,2.890000104904175
2011-10-13,3.0999999046325684
2011-10-14,3.5
2011-10-17,3.0999999046325684
2011-10-18,3.0999999046325684
2011-10-19,3.0
2011-10-20,2.5999999046325684
2011-10-21,2.940000057220459
2011-10-24,2.5999999046325684
2011-10-25,2.819999933242798
2011-10-26,2.819999933242798
2011-10-27,2.819999933242798
2011-10-28,2.8499999046325684
2011-10-31,2.8399999141693115
2011-11-01,2.8499999046325684
2011-11-02,3.0
2011-11-03,2.990000009536743
2011-11-04,2.799999952316284
2011-11-07,2.799999952316284
2011-11-08,3.0
2011-11-09,3.049999952316284
2011-11-10,2.990000009536743
2011-11-11,3.200000047683716
2011-11-14,3.049999952316284
2011-11-15,2.700000047683716
2011-11-16,2.700000047683716
2011-11-17,2.990000009536743
2011-11-18,2.8499999046325684
2011-11-21,3.0999999046325684
2011-11-22,2.880000114440918
2011-11-23,2.880000114440918
2011-11-25,2.950000047683716
2011-11-28,2.950000047683716
2011-11-29,2.700000047683716
2011-11-30,3.049999952316284
2011-12-01,2.700000047683716
2011-12-02,2.75
2011-12-05,2.700000047683716
2011-12-06,2.700000047683716
2011-12-07,2.680000066757202
2011-12-08,2.549999952316284
2011-12-09,2.8499999046325684
2011-12-12,2.8499999046325684
2011-12-13,2.5999999046325684
2011-12-14,2.5999999046325684
2011-12-15,2.5999999046325684
2011-12-16,2.5
2011-12-19,2.5999999046325684
2011-12-20,2.5
2011-12-21,2.5999999046325684
2011-12-22,2.950000047683716
2011-12-23,2.5
2011-12-27,3.049999952316284
2011-12-28,2.5
2011-12-29,2.700000047683716
2011-12-30,2.700000047683716
2012-01-03,2.5999999046325684
2012-01-04,2.5999999046325684
2012-01-05,2.75
2012-01-06,2.799999952316284
2012-01-09,2.990000009536743
2012-01-10,3.0999999046325684
2012-01-11,3.2899999618530273
2012-01-12,3.2899999618530273
2012-01-13,3.0999999046325684
2012-01-17,3.3499999046325684
2012-01-18,3.4000000953674316
2012-01-19,3.450000047683716
2012-01-20,3.450000047683716
2012-01-23,3.200000047683716
2012-01-24,3.3499999046325684
2012-01-25,3.490000009536743
2012-01-26,3.390000104904175
2012-01-27,3.299999952316284
2012-01-30,3.299999952316284
2012-01-31,3.2699999809265137
2012-02-01,3.25
2012-02-02,3.0
2012-02-03,3.200000047683716
2012-02-06,3.0
2012-02-07,3.240000009536743
2012-02-08,3.240000009536743
2012-02-09,3.240000009536743
2012-02-10,2.990000009536743
2012-02-13,2.9000000953674316
2012-02-14,2.9000000953674316
2012-02-15,2.9000000953674316
2012-02-16,2.9000000953674316
2012-02-17,2.8499999046325684
2012-02-21,2.8499999046325684
2012-02-22,2.8499999046325684
2012-02-23,3.0
2012-02-24,3.0
2012-02-27,3.0
2012-02-28,3.0
2012-02-29,2.859999895095825
2012-03-01,2.9000000953674316
2012-03-02,2.9000000953674316
2012-03-05,2.869999885559082
2012-03-06,2.869999885559082
2012-03-07,2.869999885559082
2012-03-08,2.950000047683716
2012-03-09,2.9000000953674316
2012-03-12,2.9000000953674316
2012-03-13,2.9000000953674316
2012-03-14,2.9000000953674316
2012-03-15,2.940000057220459
2012-03-16,2.7699999809265137
2012-03-19,2.809999942779541
2012-03-20,2.700000047683716
2012-03-21,2.75
2012-03-22,2.75
2012-03-23,2.7300000190734863
2012-03-26,2.75
2012-03-27,2.75
2012-03-28,2.75
2012-03-29,2.8499999046325684
2012-03-30,2.700000047683716
2012-04-02,2.8499999046325684
2012-04-03,2.8499999046325684
2012-04-04,2.700000047683716
2012-04-05,2.549999952316284
2012-04-09,2.6500000953674316
2012-04-10,2.8499999046325684
2012-04-11,2.75
2012-04-12,2.75
2012-04-13,2.549999952316284
2012-04-16,2.890000104904175
2012-04-17,2.549999952316284
2012-04-18,2.950000047683716
2012-04-19,3.049999952316284
2012-04-20,3.490000009536743
2012-04-23,3.1500000953674316
2012-04-24,3.450000047683716
2012-04-25,3.3499999046325684
2012-04-26,3.7300000190734863
2012-04-27,3.940000057220459
2012-04-30,4.0
2012-05-01,3.75
2012-05-02,3.8399999141693115
2012-05-03,3.9000000953674316
2012-05-04,3.880000114440918
2012-05-07,3.8499999046325684
2012-05-08,3.990000009536743
2012-05-09,3.819999933242798
2012-05-10,3.799999952316284
2012-05-11,3.799999952316284
2012-05-14,3.7899999618530273
2012-05-15,3.75
2012-05-16,3.799999952316284
2012-05-17,3.799999952316284
2012-05-18,3.75
2012-05-21,3.609999895095825
2012-05-22,3.609999895095825
2012-05-23,3.6500000953674316
2012-05-24,3.799999952316284
2012-05-25,3.4800000190734863
2012-05-29,3.3499999046325684
2012-05-30,3.3499999046325684
2012-05-31,3.3499999046325684
2012-06-01,3.5999999046325684
2012-06-04,3.4000000953674316
2012-06-05,3.3499999046325684
2012-06-06,3.3499999046325684
2012-06-07,3.3499999046325684
2012-06-08,3.259999990463257
2012-06-11,3.299999952316284
2012-06-12,3.25
2012-06-13,3.5
2012-06-14,3.25
2012-06-15,3.25
2012-06-18,3.25
2012-06-19,3.25
2012-06-20,3.2300000190734863
2012-06-21,3.200000047683716
2012-06-22,3.2699999809265137
2012-06-25,3.25
2012-06-26,3.200000047683716
2012-06-27,3.0999999046325684
2012-06-28,3.0999999046325684
2012-06-29,3.0
2012-07-02,3.200000047683716
2012-07-03,3.0
2012-07-05,2.9000000953674316
2012-07-06,2.9200000762939453
2012-07-09,3.0
2012-07-10,3.0
2012-07-11,3.0
2012-07-12,2.8499999046325684
2012-07-13,2.8499999046325684
2012-07-16,3.200000047683716
2012-07-17,2.9000000953674316
2012-07-18,2.9000000953674316
2012-07-19,2.9000000953674316
2012-07-20,2.8499999046325684
2012-07-23,2.8499999046325684
2012-07-24,2.8499999046325684
2012-07-25,2.8499999046325684
2012-07-26,2.8499999046325684
2012-07-27,2.9000000953674316
2012-07-30,2.9000000953674316
2012-07-31,2.75
2012-08-01,2.75
2012-08-02,2.799999952316284
2012-08-03,2.950000047683716
2012-08-06,2.5
2012-08-07,2.5999999046325684
2012-08-08,2.5999999046325684
2012-08-09,2.75
2012-08-10,2.799999952316284
2012-08-13,2.799999952316284
2012-08-14,2.950000047683716
2012-08-15,3.25
2012-08-16,3.0999999046325684
2012-08-17,3.0999999046325684
2012-08-20,3.200000047683716
2012-08-21,3.049999952316284
2012-08-22,2.9000000953674316
2012-08-23,3.049999952316284
2012-08-24,3.049999952316284
2012-08-27,2.859999895095825
2012-08-28,2.880000114440918
2012-08-29,3.0999999046325684
2012-08-30,3.049999952316284
2012-08-31,3.049999952316284
2012-09-04,3.049999952316284
2012-09-05,2.990000009536743
2012-09-06,2.799999952316284
2012-09-07,2.75
2012-09-10,2.809999942779541
2012-09-11,2.75
2012-09-12,2.990000009536743
2012-09-13,2.75
2012-09-14,2.75
2012-09-17,2.75
2012-09-18,2.75
2012-09-19,2.75
2012-09-20,2.8499999046325684
2012-09-21,2.8499999046325684
2012-09-24,2.9000000953674316
2012-09-25,2.75
2012-09-26,2.799999952316284
2012-09-27,2.75
2012-09-28,2.700000047683716
2012-10-01,2.700000047683716
2012-10-02,2.6500000953674316
2012-10-03,2.700000047683716
2012-10-04,2.680000066757202
2012-10-05,2.680000066757202
2012-10-08,2.680000066757202
2012-10-09,2.6500000953674316
2012-10-10,3.25
2012-10-11,3.069999933242798
2012-10-12,3.049999952316284
2012-10-15,3.049999952316284
2012-10-16,3.049999952316284
2012-10-17,3.049999952316284
2012-10-18,3.0999999046325684
2012-10-19,3.0
2012-10-22,3.049999952316284
2012-10-23,3.069999933242798
2012-10-24,3.049999952316284
2012-10-25,3.25
2012-10-26,2.950000047683716
2012-10-31,2.9000000953674316
2012-11-01,3.0
2012-11-02,2.7699999809265137
2012-11-05,2.75
2012-11-06,2.799999952316284
2012-11-07,2.700000047683716
2012-11-08,2.700000047683716
2012-11-09,2.740000009536743
2012-11-12,2.700000047683716
2012-11-13,2.700000047683716
2012-11-14,2.680000066757202
2012-11-15,2.6500000953674316
2012-11-16,2.700000047683716
2012-11-19,2.75
2012-11-20,2.75
2012-11-21,2.75
2012-11-23,2.799999952316284
2012-11-26,2.799999952316284
2012-11-27,2.799999952316284
2012-11-28,2.799999952316284
2012-11-29,2.75
2012-11-30,2.700000047683716
2012-12-03,2.75
2012-12-04,2.549999952316284
2012-12-05,2.75
2012-12-06,2.75
2012-12-07,2.5999999046325684
2012-12-10,2.549999952316284
2012-12-11,2.700000047683716
2012-12-12,2.5
2012-12-13,2.5999999046325684
2012-12-14,2.549999952316284
2012-12-17,2.549999952316284
2012-12-18,2.4000000953674316
2012-12-19,2.4000000953674316
2012-12-20,2.4000000953674316
2012-12-21,2.5
2012-12-24,2.5
2012-12-26,2.5
2012-12-27,2.75
2012-12-28,2.75
2012-12-31,2.75
2013-01-02,2.75
2013-01-03,2.8499999046325684
2013-01-04,3.0
2013-01-07,3.3499999046325684
2013-01-08,3.950000047683716
2013-01-09,3.859999895095825
2013-01-10,3.5999999046325684
2013-01-11,3.700000047683716
2013-01-14,3.75
2013-01-15,3.75
2013-01-16,3.75
2013-01-17,3.9000000953674316
2013-01-18,3.890000104904175
2013-01-22,3.799999952316284
2013-01-23,3.8499999046325684
2013-01-24,3.75
2013-01-25,3.700000047683716
2013-01-28,3.549999952316284
2013-01-29,3.5999999046325684
2013-01-30,3.5
2013-01-31,3.5
2013-02-01,3.6500000953674316
2013-02-04,3.4100000858306885
2013-02-05,3.450000047683716
2013-02-06,3.5999999046325684
2013-02-07,3.700000047683716
2013-02-08,3.6500000953674316
2013-02-11,3.6500000953674316
2013-02-12,3.6500000953674316
2013-02-13,3.6500000953674316
2013-02-14,3.700000047683716
2013-02-15,3.6500000953674316
2013-02-19,3.75
2013-02-20,3.75
2013-02-21,3.799999952316284
2013-02-22,3.8499999046325684
2013-02-25,3.819999933242798
2013-02-26,3.6500000953674316
2013-02-27,3.990000009536743
2013-02-28,3.950000047683716
2013-03-01,3.799999952316284
2013-03-04,3.5999999046325684
2013-03-05,3.7799999713897705
2013-03-06,3.7799999713897705
2013-03-07,3.5999999046325684
2013-03-08,3.990000009536743
2013-03-11,3.799999952316284
2013-03-12,4.0
2013-03-13,3.9800000190734863
2013-03-14,4.25
2013-03-15,4.150000095367432
2013-03-18,4.150000095367432
2013-03-19,3.950000047683716
2013-03-20,3.950000047683716
2013-03-21,3.8499999046325684
2013-03-22,3.75
2013-03-25,3.9000000953674316
2013-03-26,3.75
2013-03-27,3.8499999046325684
2013-03-28,3.75
2013-04-01,3.950000047683716
2013-04-02,3.950000047683716
2013-04-03,3.799999952316284
2013-04-04,3.6600000858306885
2013-04-05,3.6600000858306885
2013-04-08,3.75
2013-04-09,3.950000047683716
2013-04-10,4.0
2013-04-11,4.199999809265137
2013-04-12,6.25
2013-04-15,5.0
2013-04-16,4.989999771118164
2013-04-17,5.150000095367432
2013-04-18,5.25
2013-04-19,5.199999809265137
2013-04-22,5.039999961853027
2013-04-23,4.989999771118164
2013-04-24,4.980000019073486
2013-04-25,4.849999904632568
2013-04-26,4.980000019073486
2013-04-29,4.849999904632568
2013-04-30,4.849999904632568
2013-05-01,4.650000095367432
2013-05-02,4.699999809265137
2013-05-03,4.699999809265137
2013-05-06,4.550000190734863
2013-05-07,4.599999904632568
2013-05-08,4.599999904632568
2013-05-09,4.389999866485596
2013-05-10,4.550000190734863
2013-05-13,4.599999904632568
2013-05-14,4.699999809265137
2013-05-15,4.699999809265137
2013-05-16,4.599999904632568
2013-05-17,4.25
2013-05-20,4.690000057220459
2013-05-21,4.599999904632568
2013-05-22,4.650000095367432
2013-05-23,4.599999904632568
2013-05-24,4.599999904632568
2013-05-28,4.650000095367432
2013-05-29,4.400000095367432
2013-05-30,4.400000095367432
2013-05-31,4.420000076293945
2013-06-03,4.260000228881836
2013-06-04,4.599999904632568
2013-06-05,4.699999809265137
2013-06-06,4.650000095367432
2013-06-07,4.599999904632568
2013-06-10,4.53000020980835
2013-06-11,4.679999828338623
2013-06-12,4.400000095367432
2013-06-13,4.400000095367432
2013-06-14,4.300000190734863
2013-06-17,4.300000190734863
2013-06-18,4.440000057220459
2013-06-19,4.5
2013-06-20,4.5
2013-06-21,4.400000095367432
2013-06-24,4.409999847412109
2013-06-25,4.409999847412109
2013-06-26,4.309999942779541
2013-06-27,4.320000171661377
2013-06-28,4.340000152587891
2013-07-01,4.349999904632568
2013-07-02,4.340000152587891
2013-07-03,4.099999904632568
2013-07-05,4.059999942779541
2013-07-08,3.8499999046325684
2013-07-09,3.9200000762939453
2013-07-10,3.8499999046325684
2013-07-11,4.0
2013-07-12,3.9000000953674316
2013-07-15,3.9000000953674316
2013-07-16,4.0
2013-07-17,4.25
2013-07-18,4.25
2013-07-19,4.0
2013-07-22,4.25
2013-07-23,4.0
2013-07-24,4.099999904632568
2013-07-25,4.099999904632568
2013-07-26,4.099999904632568
2013-07-29,4.099999904632568
2013-07-30,4.449999809265137
2013-07-31,4.449999809265137
2013-08-01,4.400000095367432
2013-08-02,4.360000133514404
2013-08-05,4.300000190734863
2013-08-06,4.199999809265137
2013-08-07,4.019999980926514
2013-08-08,3.950000047683716
2013-08-09,3.509999990463257
2013-08-12,3.069999933242798
2013-08-13,3.049999952316284
2013-08-14,3.0
2013-08-15,3.0
2013-08-16,3.0
2013-08-19,3.0299999713897705
2013-08-20,3.069999933242798
2013-08-21,3.0
2013-08-22,3.0399999618530273
2013-08-23,3.049999952316284
2013-08-26,3.299999952316284
2013-08-27,3.2899999618530273
2013-08-28,3.2699999809265137
2013-08-29,3.2300000190734863
2013-08-30,3.240000009536743
2013-09-03,3.2300000190734863
2013-09-04,3.299999952316284
2013-09-05,3.299999952316284
2013-09-06,3.509999990463257
2013-09-09,4.079999923706055
2013-09-10,4.110000133514404
2013-09-11,4.309999942779541
2013-09-12,4.389999866485596
2013-09-13,4.5
2013-09-16,4.590000152587891
2013-09-17,4.539999961853027
2013-09-18,4.539999961853027
2013-09-19,4.590000152587891
2013-09-20,4.550000190734863
2013-09-23,4.539999961853027
2013-09-24,4.5
2013-09-25,4.53000020980835
2013-09-26,4.590000152587891
2013-09-27,4.489999771118164
2013-09-30,4.510000228881836
2013-10-01,4.46999979019165
2013-10-02,4.570000171661377
2013-10-03,4.46999979019165
2013-10-04,4.53000020980835
2013-10-07,4.550000190734863
2013-10-08,4.420000076293945
2013-10-09,4.309999942779541
2013-10-10,4.28000020980835
2013-10-11,4.239999771118164
2013-10-14,4.300000190734863
2013-10-15,4.300000190734863
2013-10-16,4.489999771118164
2013-10-17,4.5
2013-10-18,4.5
2013-10-21,4.570000171661377
2013-10-22,4.5
2013-10-23,4.489999771118164
2013-10-24,4.599999904632568
2013-10-25,4.590000152587891
2013-10-28,4.599999904632568
2013-10-29,4.599999904632568
2013-10-30,4.599999904632568
2013-10-31,4.480000019073486
2013-11-01,4.449999809265137
2013-11-04,4.489999771118164
2013-11-05,4.400000095367432
2013-11-06,4.320000171661377
2013-11-07,4.320000171661377
2013-11-08,4.449999809265137
2013-11-11,4.449999809265137
2013-11-12,4.139999866485596
2013-11-13,3.75
2013-11-14,3.7200000286102295
2013-11-15,4.130000114440918
2013-11-18,4.130000114440918
2013-11-19,4.130000114440918
2013-11-20,4.099999904632568
2013-11-21,4.079999923706055
2013-11-22,3.990000009536743
2013-11-25,4.070000171661377
2013-11-26,4.0
2013-11-27,4.0
2013-11-29,4.0
2013-12-02,4.090000152587891
2013-12-03,4.070000171661377
2013-12-04,4.059999942779541
2013-12-05,4.0
2013-12-06,4.0
2013-12-09,4.0
2013-12-10,3.9800000190734863
2013-12-11,3.869999885559082
2013-12-12,3.880000114440918
2013-12-13,3.75
2013-12-16,3.75
2013-12-17,3.7300000190734863
2013-12-18,3.700000047683716
2013-12-19,3.690000057220459
2013-12-20,3.75
2013-12-23,3.509999990463257
2013-12-24,3.490000009536743
2013-12-26,3.490000009536743
2013-12-27,3.5899999141693115
2013-12-30,3.8499999046325684
2013-12-31,5.199999809265137
2014-01-02,5.190000057220459
2014-01-03,5.0
2014-01-06,4.989999771118164
2014-01-07,4.849999904632568
2014-01-08,4.800000190734863
2014-01-09,4.389999866485596
2014-01-10,4.5
2014-01-13,4.460000038146973
2014-01-14,4.610000133514404
2014-01-15,4.690000057220459
2014-01-16,4.690000057220459
2014-01-17,4.690000057220459
2014-01-21,4.570000171661377
2014-01-22,4.480000019073486
2014-01-23,4.460000038146973
2014-01-24,4.269999980926514
2014-01-27,4.300000190734863
2014-01-28,4.059999942779541
2014-01-29,4.03000020980835
2014-01-30,3.9700000286102295
2014-01-31,4.039999961853027
2014-02-03,4.300000190734863
2014-02-04,4.679999828338623
2014-02-05,4.440000057220459
2014-02-06,4.360000133514404
2014-02-07,4.320000171661377
2014-02-10,4.400000095367432
2014-02-11,4.369999885559082
2014-02-12,4.300000190734863
2014-02-13,4.389999866485596
2014-02-14,4.389999866485596
2014-02-18,4.400000095367432
2014-02-19,4.400000095367432
2014-02-20,4.400000095367432
2014-02-21,4.380000114440918
2014-02-24,4.400000095367432
2014-02-25,4.239999771118164
2014-02-26,4.150000095367432
2014-02-27,4.139999866485596
2014-02-28,4.099999904632568
2014-03-03,4.099999904632568
2014-03-04,4.139999866485596
2014-03-05,4.099999904632568
2014-03-06,4.0
2014-03-07,3.950000047683716
2014-03-10,3.799999952316284
2014-03-11,3.690000057220459
2014-03-12,3.6500000953674316
2014-03-13,3.5
2014-03-14,3.3499999046325684
2014-03-17,3.380000114440918
2014-03-18,3.440000057220459
2014-03-19,3.390000104904175
2014-03-20,3.390000104904175
2014-03-21,3.4000000953674316
2014-03-24,3.3299999237060547
2014-03-25,3.2200000286102295
2014-03-26,3.119999885559082
2014-03-27,3.059999942779541
2014-03-28,3.0
2014-03-31,3.059999942779541
2014-04-01,3.0899999141693115
2014-04-02,3.0899999141693115
2014-04-03,3.069999933242798
2014-04-04,3.0199999809265137
2014-04-07,3.0
2014-04-08,2.990000009536743
2014-04-09,3.1500000953674316
2014-04-10,3.200000047683716
2014-04-11,3.009999990463257
2014-04-14,3.0399999618530273
2014-04-15,2.9600000381469727
2014-04-16,2.9000000953674316
2014-04-17,2.890000104904175
2014-04-21,2.869999885559082
2014-04-22,3.390000104904175
2014-04-23,2.930000066757202
2014-04-24,2.9200000762939453
2014-04-25,2.9100000858306885
2014-04-28,2.8399999141693115
2014-04-29,2.6500000953674316
2014-04-30,2.6700000762939453
2014-05-01,2.7300000190734863
2014-05-02,2.700000047683716
2014-05-05,2.6700000762939453
2014-05-06,2.619999885559082
2014-05-07,2.6500000953674316
2014-05-08,2.640000104904175
2014-05-09,3.2100000381469727
2014-05-12,3.200000047683716
2014-05-13,3.0
2014-05-14,2.75
2014-05-15,2.6700000762939453
2014-05-16,2.700000047683716
2014-05-19,2.759999990463257
2014-05-20,2.7200000286102295
2014-05-21,2.609999895095825
2014-05-22,2.5899999141693115
2014-05-23,2.5999999046325684
2014-05-27,2.5999999046325684
2014-05-28,2.5199999809265137
2014-05-29,2.569999933242798
2014-05-30,2.5299999713897705
2014-06-02,2.559999942779541
2014-06-03,2.450000047683716
2014-06-04,2.5
2014-06-05,2.6600000858306885
2014-06-06,2.5999999046325684
2014-06-09,2.75
2014-06-10,3.0999999046325684
2014-06-11,2.930000066757202
2014-06-12,2.859999895095825
2014-06-13,2.8499999046325684
2014-06-16,2.880000114440918
2014-06-17,2.950000047683716
2014-06-18,2.950000047683716
2014-06-19,2.950000047683716
2014-06-20,2.950000047683716
2014-06-23,2.880000114440918
2014-06-24,2.8499999046325684
2014-06-25,2.8399999141693115
2014-06-26,2.880000114440918
2014-06-27,2.8499999046325684
2014-06-30,2.9000000953674316
2014-07-01,2.7799999713897705
2014-07-02,2.740000009536743
2014-07-03,2.7200000286102295
2014-07-07,2.640000104904175
2014-07-08,2.5799999237060547
2014-07-09,2.5399999618530273
2014-07-10,2.5
2014-07-11,2.5199999809265137
2014-07-14,2.490000009536743
2014-07-15,2.5
2014-07-16,2.4700000286102295
2014-07-17,2.5299999713897705
2014-07-18,2.700000047683716
2014-07-21,2.6600000858306885
2014-07-22,2.5799999237060547
2014-07-23,2.5999999046325684
2014-07-24,2.5
2014-07-25,2.4600000381469727
2014-07-28,2.440000057220459
2014-07-29,2.440000057220459
2014-07-30,2.430000066757202
2014-07-31,2.430000066757202
2014-08-01,2.380000114440918
2014-08-04,2.390000104904175
2014-08-05,2.5
2014-08-06,2.450000047683716
2014-08-07,2.430000066757202
2014-08-08,2.430000066757202
2014-08-11,2.3499999046325684
2014-08-12,2.299999952316284
2014-08-13,2.3299999237060547
2014-08-14,2.259999990463257
2014-08-15,2.440000057220459
2014-08-18,2.369999885559082
2014-08-19,2.369999885559082
2014-08-20,2.559999942779541
2014-08-21,2.809999942779541
2014-08-22,2.8499999046325684
2014-08-25,2.700000047683716
2014-08-26,2.6700000762939453
2014-08-27,2.6500000953674316
2014-08-28,2.5799999237060547
2014-08-29,2.5799999237060547
2014-09-02,2.559999942779541
2014-09-03,2.549999952316284
2014-09-04,2.5399999618530273
2014-09-05,2.5299999713897705
2014-09-08,2.490000009536743
2014-09-09,2.5199999809265137
2014-09-10,2.4700000286102295
2014-09-11,2.4800000190734863
2014-09-12,2.450000047683716
2014-09-15,2.4700000286102295
2014-09-16,2.390000104904175
2014-09-17,2.3399999141693115
2014-09-18,2.3299999237060547
2014-09-19,2.450000047683716
2014-09-22,2.369999885559082
2014-09-23,2.4700000286102295
2014-09-24,2.430000066757202
2014-09-25,2.4700000286102295
2014-09-26,2.390000104904175
2014-09-29,2.4200000762939453
2014-09-30,2.450000047683716
2014-10-01,2.4800000190734863
2014-10-02,2.5799999237060547
2014-10-03,2.609999895095825
2014-10-06,2.6600000858306885
2014-10-07,2.75
2014-10-08,2.799999952316284
2014-10-09,2.759999990463257
2014-10-10,3.180000066757202
2014-10-13,3.2699999809265137
2014-10-14,3.1700000762939453
2014-10-15,3.009999990463257
2014-10-16,2.950000047683716
2014-10-17,2.7799999713897705
2014-10-20,2.6700000762939453
2014-10-21,2.5999999046325684
2014-10-22,2.509999990463257
2014-10-23,2.5799999237060547
2014-10-24,2.549999952316284
2014-10-27,2.6600000858306885
2014-10-28,2.9000000953674316
2014-10-29,2.9700000286102295
2014-10-30,2.799999952316284
2014-10-31,2.859999895095825
2014-11-03,2.880000114440918
2014-11-04,2.990000009536743
2014-11-05,2.940000057220459
2014-11-06,2.9700000286102295
2014-11-07,2.9800000190734863
2014-11-10,2.8499999046325684
2014-11-11,2.799999952316284
2014-11-12,2.5999999046325684
2014-11-13,2.6500000953674316
2014-11-14,2.9800000190734863
2014-11-17,2.690000057220459
2014-11-18,2.799999952316284
2014-11-19,2.7799999713897705
2014-11-20,2.740000009536743
2014-11-21,2.8399999141693115
2014-11-24,2.799999952316284
2014-11-25,2.9700000286102295
2014-11-26,3.0
2014-11-28,3.0999999046325684
2014-12-01,3.0799999237060547
2014-12-02,3.009999990463257
2014-12-03,3.0999999046325684
2014-12-04,3.299999952316284
2014-12-05,3.450000047683716
2014-12-08,3.5
2014-12-09,3.3499999046325684
2014-12-10,3.3499999046325684
2014-12-11,3.3499999046325684
2014-12-12,3.4000000953674316
2014-12-15,3.359999895095825
2014-12-16,3.180000066757202
2014-12-17,3.390000104904175
2014-12-18,3.549999952316284
2014-12-19,3.559999942779541
2014-12-22,3.569999933242798
2014-12-23,3.680000066757202
2014-12-24,3.8499999046325684
2014-12-26,3.8399999141693115
2014-12-29,3.7100000381469727
2014-12-30,3.75
2014-12-31,3.609999895095825
2015-01-02,3.619999885559082
2015-01-05,3.700000047683716
2015-01-06,3.740000009536743
2015-01-07,4.150000095367432
2015-01-08,4.239999771118164
2015-01-09,4.130000114440918
2015-01-12,4.079999923706055
2015-01-13,4.050000190734863
2015-01-14,3.990000009536743
2015-01-15,3.940000057220459
2015-01-16,3.5999999046325684
2015-01-20,3.5399999618530273
2015-01-21,3.4700000286102295
2015-01-22,3.5199999809265137
2015-01-23,3.690000057220459
2015-01-26,3.799999952316284
2015-01-27,3.859999895095825
2015-01-28,3.7200000286102295
2015-01-29,3.440000057220459
2015-01-30,3.450000047683716
2015-02-02,3.440000057220459
2015-02-03,3.450000047683716
2015-02-04,3.509999990463257
2015-02-05,3.190000057220459
2015-02-06,3.25
2015-02-09,3.390000104904175
2015-02-10,3.299999952316284
2015-02-11,3.390000104904175
2015-02-12,3.6500000953674316
2015-02-13,3.5
2015-02-17,3.4800000190734863
2015-02-18,3.430000066757202
2015-02-19,3.319999933242798
2015-02-20,3.25
2015-02-23,3.259999990463257
2015-02-24,3.319999933242798
2015-02-25,3.390000104904175
2015-02-26,3.3499999046325684
2015-02-27,3.259999990463257
2015-03-02,3.25
2015-03-03,3.240000009536743
2015-03-04,3.2200000286102295
2015-03-05,3.380000114440918
2015-03-06,3.4000000953674316
2015-03-09,3.359999895095825
2015-03-10,3.359999895095825
2015-03-11,3.299999952316284
2015-03-12,3.4000000953674316
2015-03-13,3.299999952316284
2015-03-16,3.390000104904175
2015-03-17,3.380000114440918
2015-03-18,3.390000104904175
2015-03-19,3.4000000953674316
2015-03-20,3.6700000762939453
2015-03-23,3.5999999046325684
2015-03-24,3.5999999046325684
2015-03-25,3.509999990463257
2015-03-26,3.430000066757202
2015-03-27,3.6500000953674316
2015-03-30,3.619999885559082
2015-03-31,3.509999990463257
2015-04-01,3.5
2015-04-02,3.2799999713897705
2015-04-06,3.200000047683716
2015-04-07,3.2899999618530273
2015-04-08,3.2799999713897705
2015-04-09,3.490000009536743
2015-04-10,3.4000000953674316
2015-04-13,3.4000000953674316
2015-04-14,3.4800000190734863
2015-04-15,3.490000009536743
2015-04-16,3.5899999141693115
2015-04-17,3.5899999141693115
2015-04-20,3.4800000190734863
2015-04-21,3.5
2015-04-22,3.4700000286102295
2015-04-23,3.4600000381469727
2015-04-24,3.380000114440918
2015-04-27,3.450000047683716
2015-04-28,3.440000057220459
2015-04-29,3.430000066757202
2015-04-30,3.4000000953674316
2015-05-01,3.3299999237060547
2015-05-04,3.259999990463257
2015-05-05,3.3499999046325684
2015-05-06,3.3499999046325684
2015-05-07,3.299999952316284
2015-05-08,3.299999952316284
2015-05-11,3.2100000381469727
2015-05-12,3.190000057220459
2015-05-13,3.1600000858306885
2015-05-14,3.180000066757202
2015-05-15,3.1500000953674316
2015-05-18,3.1500000953674316
2015-05-19,3.1600000858306885
2015-05-20,3.190000057220459
2015-05-21,3.119999885559082
2015-05-22,3.059999942779541
2015-05-26,3.190000057220459
2015-05-27,3.1700000762939453
2015-05-28,3.1500000953674316
2015-05-29,3.0999999046325684
2015-06-01,3.0999999046325684
2015-06-02,3.0999999046325684
2015-06-03,3.109999895095825
2015-06-04,3.109999895095825
2015-06-05,3.1600000858306885
2015-06-08,3.490000009536743
2015-06-09,3.3399999141693115
2015-06-10,3.319999933242798
2015-06-11,3.259999990463257
2015-06-12,3.190000057220459
2015-06-15,3.180000066757202
2015-06-16,3.4000000953674316
2015-06-17,3.4600000381469727
2015-06-18,3.4200000762939453
2015-06-19,3.3299999237060547
2015-06-22,3.430000066757202
2015-06-23,3.2100000381469727
2015-06-24,3.180000066757202
2015-06-25,3.25
2015-06-26,3.2699999809265137
2015-06-29,3.2100000381469727
2015-06-30,3.25
2015-07-01,3.2300000190734863
2015-07-02,3.2899999618530273
2015-07-06,3.200000047683716
2015-07-07,3.2200000286102295
2015-07-08,3.2200000286102295
2015-07-09,3.390000104904175
2015-07-10,3.3299999237060547
2015-07-13,3.319999933242798
2015-07-14,3.3499999046325684
2015-07-15,3.3499999046325684
2015-07-16,3.490000009536743
2015-07-17,3.4600000381469727
2015-07-20,3.450000047683716
2015-07-21,3.450000047683716
2015-07-22,3.450000047683716
2015-07-23,3.5199999809265137
2015-07-24,3.5
2015-07-27,3.440000057220459
2015-07-28,3.4100000858306885
2015-07-29,3.4700000286102295
2015-07-30,3.4800000190734863
2015-07-31,3.4600000381469727
2015-08-03,3.4700000286102295
2015-08-04,3.4100000858306885
2015-08-05,3.359999895095825
2015-08-06,3.359999895095825
2015-08-07,3.5999999046325684
2015-08-10,3.5999999046325684
2015-08-11,4.0
2015-08-12,4.0
2015-08-13,4.0
2015-08-14,3.819999933242798
2015-08-17,3.950000047683716
2015-08-18,3.9600000381469727
2015-08-19,3.9600000381469727
2015-08-20,3.9600000381469727
2015-08-21,3.9600000381469727
2015-08-24,3.950000047683716
2015-08-25,3.9600000381469727
2015-08-26,3.809999942779541
2015-08-27,4.369999885559082
2015-08-28,5.079999923706055
2015-08-31,5.25
2015-09-01,4.889999866485596
2015-09-02,4.960000038146973
2015-09-03,4.920000076293945
2015-09-04,4.800000190734863
2015-09-08,4.949999809265137
2015-09-09,4.989999771118164
2015-09-10,4.949999809265137
2015-09-11,4.949999809265137
2015-09-14,4.960000038146973
2015-09-15,5.739999771118164
2015-09-16,5.699999809265137
2015-09-17,5.650000095367432
2015-09-18,5.650000095367432
2015-09-21,5.599999904632568
2015-09-22,5.260000228881836
2015-09-23,5.199999809265137
2015-09-24,5.010000228881836
2015-09-25,4.71999979019165
2015-09-28,4.329999923706055
2015-09-29,4.369999885559082
2015-09-30,4.300000190734863
2015-10-01,4.579999923706055
2015-10-02,4.300000190734863
2015-10-05,4.130000114440918
2015-10-06,4.579999923706055
2015-10-07,4.869999885559082
2015-10-08,4.940000057220459
2015-10-09,4.949999809265137
2015-10-12,4.739999771118164
2015-10-13,4.590000152587891
2015-10-14,4.570000171661377
2015-10-15,4.889999866485596
2015-10-16,4.900000095367432
2015-10-19,4.840000152587891
2015-10-20,4.679999828338623
2015-10-21,4.570000171661377
2015-10-22,4.539999961853027
2015-10-23,4.670000076293945
2015-10-26,4.5
2015-10-27,4.460000038146973
2015-10-28,4.5
2015-10-29,4.659999847412109
2015-10-30,4.650000095367432
2015-11-02,4.920000076293945
2015-11-03,4.900000095367432
2015-11-04,4.940000057220459
2015-11-05,4.949999809265137
2015-11-06,5.889999866485596
2015-11-09,5.949999809265137
2015-11-10,5.570000171661377
2015-11-11,5.78000020980835
2015-11-12,5.539999961853027
2015-11-13,5.590000152587891
2015-11-16,5.340000152587891
2015-11-17,5.659999847412109
2015-11-18,5.559999942779541
2015-11-19,5.369999885559082
2015-11-20,5.369999885559082
2015-11-23,5.340000152587891
2015-11-24,5.5
2015-11-25,5.690000057220459
2015-11-27,5.639999866485596
2015-11-30,5.630000114440918
2015-12-01,5.630000114440918
2015-12-02,5.5
2015-12-03,5.409999847412109
2015-12-04,5.329999923706055
2015-12-07,5.349999904632568
2015-12-08,5.21999979019165
2015-12-09,5.050000190734863
2015-12-10,4.989999771118164
2015-12-11,5.059999942779541
2015-12-14,4.960000038146973
2015-12-15,4.989999771118164
2015-12-16,5.03000020980835
2015-12-17,5.25
2015-12-18,5.28000020980835
2015-12-21,5.239999771118164
2015-12-22,5.159999847412109
2015-12-23,5.139999866485596
2015-12-24,5.090000152587891
2015-12-28,5.159999847412109
2015-12-29,5.159999847412109
2015-12-30,5.119999885559082
2015-12-31,5.070000171661377
2016-01-04,5.110000133514404
2016-01-05,5.050000190734863
2016-01-06,5.050000190734863
2016-01-07,5.110000133514404
2016-01-08,5.050000190734863
2016-01-11,5.010000228881836
2016-01-12,5.039999961853027
2016-01-13,4.900000095367432
2016-01-14,4.869999885559082
2016-01-15,4.710000038146973
2016-01-19,4.860000133514404
2016-01-20,5.050000190734863
2016-01-21,5.190000057220459
2016-01-22,5.130000114440918
2016-01-25,4.989999771118164
2016-01-26,5.099999904632568
2016-01-27,5.019999980926514
2016-01-28,4.840000152587891
2016-01-29,5.0
2016-02-01,5.099999904632568
2016-02-02,5.099999904632568
2016-02-03,5.059999942779541
2016-02-04,5.070000171661377
2016-02-05,5.070000171661377
2016-02-08,5.059999942779541
2016-02-09,4.960000038146973
2016-02-10,4.949999809265137
2016-02-11,5.059999942779541
2016-02-12,5.0
2016-02-16,4.929999828338623
2016-02-17,4.980000019073486
2016-02-18,5.0
2016-02-19,5.050000190734863
2016-02-22,5.099999904632568
2016-02-23,5.289999961853027
2016-02-24,5.28000020980835
2016-02-25,5.300000190734863
2016-02-26,5.369999885559082
2016-02-29,5.320000171661377
2016-03-01,5.5
2016-03-02,5.150000095367432
2016-03-03,5.380000114440918
2016-03-04,5.420000076293945
2016-03-07,5.239999771118164
2016-03-08,5.179999828338623
2016-03-09,5.199999809265137
2016-03-10,5.349999904632568
2016-03-11,5.349999904632568
2016-03-14,5.349999904632568
2016-03-15,5.340000152587891
2016-03-16,5.210000038146973
2016-03-17,5.230000019073486
2016-03-18,5.369999885559082
2016-03-21,5.289999961853027
2016-03-22,5.21999979019165
2016-03-23,5.309999942779541
2016-03-24,5.599999904632568
2016-03-28,5.579999923706055
2016-03-29,5.409999847412109
2016-03-30,5.420000076293945
2016-03-31,5.510000228881836
2016-04-01,5.460000038146973
2016-04-04,5.440000057220459
2016-04-05,5.300000190734863
2016-04-06,5.28000020980835
2016-04-07,5.309999942779541
2016-04-08,5.539999961853027
2016-04-11,5.349999904632568
2016-04-12,5.300000190734863
2016-04-13,5.380000114440918
2016-04-14,5.489999771118164
2016-04-15,5.460000038146973
2016-04-18,5.460000038146973
2016-04-19,5.670000076293945
2016-04-20,5.730000019073486
2016-04-21,5.610000133514404
2016-04-22,5.679999828338623
2016-04-25,5.539999961853027
2016-04-26,5.539999961853027
2016-04-27,5.579999923706055
2016-04-28,5.929999828338623
2016-04-29,6.079999923706055
2016-05-02,6.019999980926514
2016-05-03,5.739999771118164
2016-05-04,5.849999904632568
2016-05-05,5.949999809265137
2016-05-06,5.800000190734863
2016-05-09,5.889999866485596
2016-05-10,5.849999904632568
2016-05-11,5.760000228881836
2016-05-12,5.679999828338623
2016-05-13,5.539999961853027
2016-05-16,5.480000019073486
2016-05-17,5.460000038146973
2016-05-18,5.400000095367432
2016-05-19,5.420000076293945
2016-05-20,5.5
2016-05-23,5.46999979019165
2016-05-24,5.489999771118164
2016-05-25,5.53000020980835
2016-05-26,5.5
2016-05-27,5.610000133514404
2016-05-31,5.690000057220459
2016-06-01,5.75
2016-06-02,5.75
2016-06-03,5.800000190734863
2016-06-06,5.889999866485596
2016-06-07,5.880000114440918
2016-06-08,5.889999866485596
2016-06-09,5.869999885559082
2016-06-10,5.860000133514404
2016-06-13,5.880000114440918
2016-06-14,5.670000076293945
2016-06-15,5.679999828338623
2016-06-16,5.670000076293945
2016-06-17,5.900000095367432
2016-06-20,6.260000228881836
2016-06-21,6.329999923706055
2016-06-22,6.400000095367432
2016-06-23,6.400000095367432
2016-06-24,6.320000171661377
2016-06-27,6.349999904632568
2016-06-28,6.829999923706055
2016-06-29,6.78000020980835
2016-06-30,6.880000114440918
2016-07-01,7.0
2016-07-05,7.25
2016-07-06,7.179999828338623
2016-07-07,7.349999904632568
2016-07-08,7.659999847412109
2016-07-11,7.96999979019165
2016-07-12,7.949999809265137
2016-07-13,7.809999942779541
2016-07-14,7.889999866485596
2016-07-15,7.679999828338623
2016-07-18,6.989999771118164
2016-07-19,6.920000076293945
2016-07-20,7.019999980926514
2016-07-21,7.03000020980835
2016-07-22,6.710000038146973
2016-07-25,6.679999828338623
2016-07-26,6.670000076293945
2016-07-27,6.800000190734863
2016-07-28,6.760000228881836
2016-07-29,6.849999904632568
2016-08-01,6.769999980926514
2016-08-02,6.760000228881836
2016-08-03,7.210000038146973
2016-08-04,8.949999809265137
2016-08-05,8.699999809265137
2016-08-08,8.75
2016-08-09,8.5
2016-08-10,8.420000076293945
2016-08-11,9.100000381469727
2016-08-12,9.15999984741211
2016-08-15,9.239999771118164
2016-08-16,8.979999542236328
2016-08-17,9.0
2016-08-18,8.970000267028809
2016-08-19,9.180000305175781
2016-08-22,9.170000076293945
2016-08-23,9.050000190734863
2016-08-24,9.050000190734863
2016-08-25,8.880000114440918
2016-08-26,8.970000267028809
2016-08-29,8.989999771118164
2016-08-30,9.199999809265137
2016-08-31,9.170000076293945
2016-09-01,9.029999732971191
2016-09-02,9.100000381469727
2016-09-06,9.050000190734863
2016-09-07,9.149999618530273
2016-09-08,9.880000114440918
2016-09-09,9.329999923706055
2016-09-12,8.489999771118164
2016-09-13,8.479999542236328
2016-09-14,8.359999656677246
2016-09-15,8.510000228881836
2016-09-16,8.619999885559082
2016-09-19,8.729999542236328
2016-09-20,8.619999885559082
2016-09-21,8.640000343322754
2016-09-22,9.210000038146973
2016-09-23,9.1899995803833
2016-09-26,8.829999923706055
2016-09-27,8.960000038146973
2016-09-28,8.930000305175781
2016-09-29,8.859999656677246
2016-09-30,9.130000114440918
2016-10-03,9.029999732971191
2016-10-04,8.979999542236328
2016-10-05,8.699999809265137
2016-10-06,8.489999771118164
2016-10-07,9.279999732971191
2016-10-10,9.25
2016-10-11,9.050000190734863
2016-10-12,8.729999542236328
2016-10-13,8.720000267028809
2016-10-14,8.75
2016-10-17,8.75
2016-10-18,8.850000381469727
2016-10-19,8.949999809265137
2016-10-20,9.100000381469727
2016-10-21,9.0
2016-10-24,9.100000381469727
2016-10-25,9.0
2016-10-26,9.0
2016-10-27,8.899999618530273
2016-10-28,9.0
2016-10-31,9.079999923706055
2016-11-01,8.899999618530273
2016-11-02,9.199999809265137
2016-11-03,9.15999984741211
2016-11-04,8.350000381469727
2016-11-07,8.149999618530273
2016-11-08,7.949999809265137
2016-11-09,8.199999809265137
2016-11-10,8.449999809265137
2016-11-11,8.649999618530273
2016-11-14,8.649999618530273
2016-11-15,8.649999618530273
2016-11-16,8.649999618530273
2016-11-17,8.800000190734863
2016-11-18,8.899999618530273
2016-11-21,8.949999809265137
2016-11-22,9.0
2016-11-23,8.899999618530273
2016-11-25,8.899999618530273
2016-11-28,8.899999618530273
2016-11-29,8.630000114440918
2016-11-30,8.550000190734863
2016-12-01,8.5
2016-12-02,8.399999618530273
2016-12-05,8.5
2016-12-06,8.5
2016-12-07,8.430000305175781
2016-12-08,8.550000190734863
2016-12-09,8.550000190734863
2016-12-12,8.550000190734863
2016-12-13,8.930000305175781
2016-12-14,8.949999809265137
2016-12-15,8.899999618530273
2016-12-16,9.100000381469727
2016-12-19,8.850000381469727
2016-12-20,8.699999809265137
2016-12-21,8.75
2016-12-22,8.75
2016-12-23,8.649999618530273
2016-12-27,8.600000381469727
2016-12-28,8.600000381469727
2016-12-29,9.050000190734863
2016-12-30,9.050000190734863
2017-01-03,9.100000381469727
2017-01-04,9.0
2017-01-05,8.949999809265137
2017-01-06,9.300000190734863
2017-01-09,10.449999809265137
2017-01-10,10.5
2017-01-11,10.399999618530273
2017-01-12,10.399999618530273
2017-01-13,10.449999809265137
2017-01-17,10.649999618530273
2017-01-18,10.399999618530273
2017-01-19,10.010000228881836
2017-01-20,10.0
2017-01-23,10.149999618530273
2017-01-24,10.149999618530273
2017-01-25,10.300000190734863
2017-01-26,10.100000381469727
2017-01-27,10.399999618530273
2017-01-30,10.550000190734863
2017-01-31,11.0
2017-02-01,11.25
2017-02-02,10.850000381469727
2017-02-03,10.75
2017-02-06,10.649999618530273
2017-02-07,10.600000381469727
2017-02-08,10.550000190734863
2017-02-09,10.699999809265137
2017-02-10,10.800000190734863
2017-02-13,10.850000381469727
2017-02-14,10.600000381469727
2017-02-15,10.899999618530273
2017-02-16,10.899999618530273
2017-02-17,10.899999618530273
2017-02-21,10.949999809265137
2017-02-22,10.649999618530273
2017-02-23,10.649999618530273
2017-02-24,10.699999809265137
2017-02-27,11.199999809265137
2017-02-28,10.600000381469727
2017-03-01,10.75
2017-03-02,10.649999618530273
2017-03-03,10.449999809265137
2017-03-06,10.149999618530273
2017-03-07,9.899999618530273
2017-03-08,10.100000381469727
2017-03-09,10.100000381469727
2017-03-10,10.100000381469727
2017-03-13,10.100000381469727
2017-03-14,9.949999809265137
2017-03-15,10.050000190734863
2017-03-16,10.050000190734863
2017-03-17,10.199999809265137
2017-03-20,10.25
2017-03-21,10.300000190734863
2017-03-22,10.25
2017-03-23,10.100000381469727
2017-03-24,10.199999809265137
2017-03-27,10.15999984741211
2017-03-28,10.300000190734863
2017-03-29,10.25
2017-03-30,10.300000190734863
2017-03-31,10.600000381469727
2017-04-03,10.699999809265137
2017-04-04,10.300000190734863
2017-04-05,10.5
2017-04-06,10.600000381469727
2017-04-07,10.949999809265137
2017-04-10,10.949999809265137
2017-04-11,10.949999809265137
2017-04-12,11.449999809265137
2017-04-13,11.699999809265137
2017-04-17,11.699999809265137
2017-04-18,11.850000381469727
2017-04-19,11.649999618530273
2017-04-20,11.75
2017-04-21,11.699999809265137
2017-04-24,11.600000381469727
2017-04-25,12.279999732971191
2017-04-26,12.0
2017-04-27,12.300000190734863
2017-04-28,12.399999618530273
2017-05-01,12.850000381469727
2017-05-02,12.899999618530273
2017-05-03,12.649999618530273
2017-05-04,12.350000381469727
2017-05-05,12.949999809265137
2017-05-08,12.949999809265137
2017-05-09,12.800000190734863
2017-05-10,12.949999809265137
2017-05-11,12.800000190734863
2017-05-12,13.300000190734863
2017-05-15,13.649999618530273
2017-05-16,14.100000381469727
2017-05-17,14.350000381469727
2017-05-18,14.300000190734863
2017-05-19,15.119999885559082
2017-05-22,16.0
2017-05-23,15.449999809265137
2017-05-24,15.25
2017-05-25,15.649999618530273
2017-05-26,15.449999809265137
2017-05-30,15.350000381469727
2017-05-31,15.0
2017-06-01,14.949999809265137
2017-06-02,15.5
2017-06-05,15.649999618530273
2017-06-06,15.149999618530273
2017-06-07,15.25
2017-06-08,16.0
2017-06-09,15.949999809265137
2017-06-12,15.329999923706055
2017-06-13,14.850000381469727
2017-06-14,15.100000381469727
2017-06-15,14.850000381469727
2017-06-16,14.850000381469727
2017-06-19,15.199999809265137
2017-06-20,15.649999618530273
2017-06-21,15.600000381469727
2017-06-22,15.350000381469727
2017-06-23,15.399999618530273
2017-06-26,15.350000381469727
2017-06-27,15.199999809265137
2017-06-28,15.5
2017-06-29,15.5
2017-06-30,16.899999618530273
2017-07-03,16.75
2017-07-05,16.700000762939453
2017-07-06,16.700000762939453
2017-07-07,16.600000381469727
2017-07-10,16.600000381469727
2017-07-11,16.5
2017-07-12,16.600000381469727
2017-07-13,16.450000762939453
2017-07-14,17.25
2017-07-17,17.100000381469727
2017-07-18,17.200000762939453
2017-07-19,17.149999618530273
2017-07-20,17.049999237060547
2017-07-21,17.25
2017-07-24,16.950000762939453
2017-07-25,16.950000762939453
2017-07-26,16.75
2017-07-27,16.299999237060547
2017-07-28,15.649999618530273
2017-07-31,16.450000762939453
2017-08-01,15.899999618530273
2017-08-02,15.600000381469727
2017-08-03,16.950000762939453
2017-08-04,14.949999809265137
2017-08-07,14.800000190734863
2017-08-08,15.600000381469727
2017-08-09,15.350000381469727
2017-08-10,15.25
2017-08-11,15.550000190734863
2017-08-14,15.800000190734863
2017-08-15,15.800000190734863
2017-08-16,15.5
2017-08-17,15.899999618530273
2017-08-18,15.649999618530273
2017-08-21,15.699999809265137
2017-08-22,15.899999618530273
2017-08-23,15.979999542236328
2017-08-24,16.68000030517578
2017-08-25,16.75
2017-08-28,16.799999237060547
2017-08-29,17.149999618530273
2017-08-30,17.450000762939453
2017-08-31,17.899999618530273
2017-09-01,17.950000762939453
2017-09-05,18.1299991607666
2017-09-06,18.25
2017-09-07,18.25
2017-09-08,18.5
2017-09-11,18.399999618530273
2017-09-12,18.75
2017-09-13,18.450000762939453
2017-09-14,18.399999618530273
2017-09-15,18.5
2017-09-18,19.200000762939453
2017-09-19,19.0
2017-09-20,18.75
2017-09-21,18.700000762939453
2017-09-22,18.850000381469727
2017-09-25,19.100000381469727
2017-09-26,19.100000381469727
2017-09-27,19.25
2017-09-28,19.200000762939453
2017-09-29,19.450000762939453
2017-10-02,19.450000762939453
2017-10-03,19.0
2017-10-04,18.850000381469727
2017-10-05,18.799999237060547
2017-10-06,18.799999237060547
2017-10-09,19.110000610351562
2017-10-10,18.899999618530273
2017-10-11,18.860000610351562
2017-10-12,18.950000762939453
2017-10-13,19.719999313354492
2017-10-16,19.700000762939453
2017-10-17,19.649999618530273
2017-10-18,19.899999618530273
2017-10-19,19.950000762939453
2017-10-20,20.399999618530273
2017-10-23,20.25
2017-10-24,20.350000381469727
2017-10-25,20.25
2017-10-26,20.399999618530273
2017-10-27,20.299999237060547
2017-10-30,20.299999237060547
2017-10-31,20.75
2017-11-01,21.149999618530273
2017-11-02,23.799999237060547
2017-11-03,24.899999618530273
2017-11-06,24.950000762939453
2017-11-07,24.100000381469727
2017-11-08,24.200000762939453
2017-11-09,25.0
2017-11-10,25.149999618530273
2017-11-13,25.149999618530273
2017-11-14,25.049999237060547
2017-11-15,25.0
2017-11-16,23.200000762939453
2017-11-17,24.399999618530273
2017-11-20,24.600000381469727
2017-11-21,26.350000381469727
2017-11-22,26.450000762939453
2017-11-24,26.399999618530273
2017-11-27,26.5
2017-11-28,26.0
2017-11-29,26.299999237060547
2017-11-30,27.0
2017-12-01,27.600000381469727
2017-12-04,27.5
2017-12-05,26.899999618530273
2017-12-06,27.100000381469727
2017-12-07,26.950000762939453
2017-12-08,26.799999237060547
2017-12-11,26.649999618530273
2017-12-12,26.950000762939453
2017-12-13,27.100000381469727
2017-12-14,27.200000762939453
2017-12-15,27.75
2017-12-18,27.75
2017-12-19,27.549999237060547
2017-12-20,28.700000762939453
2017-12-21,28.5
2017-12-22,28.18000030517578
2017-12-26,28.200000762939453
2017-12-27,28.850000381469727
2017-12-28,28.899999618530273
2017-12-29,28.850000381469727
2018-01-02,28.5
2018-01-03,28.450000762939453
2018-01-04,28.700000762939453
2018-01-05,31.149999618530273
2018-01-08,31.700000762939453
2018-01-09,29.549999237060547
2018-01-10,28.0
2018-01-11,28.149999618530273
2018-01-12,28.049999237060547
2018-01-16,28.399999618530273
2018-01-17,27.649999618530273
2018-01-18,27.56999969482422
2018-01-19,28.100000381469727
2018-01-22,28.450000762939453
2018-01-23,28.600000381469727
2018-01-24,28.600000381469727
2018-01-25,28.149999618530273
2018-01-26,28.530000686645508
2018-01-29,28.450000762939453
2018-01-30,27.639999389648438
2018-01-31,28.5
2018-02-01,28.200000762939453
2018-02-02,28.25
2018-02-05,27.299999237060547
2018-02-06,26.600000381469727
2018-02-07,26.350000381469727
2018-02-08,25.899999618530273
2018-02-09,25.200000762939453
2018-02-12,26.75
2018-02-13,26.600000381469727
2018-02-14,27.049999237060547
2018-02-15,27.399999618530273
2018-02-16,27.799999237060547
2018-02-20,28.25
2018-02-21,28.75
2018-02-22,28.950000762939453
2018-02-23,29.0
2018-02-26,29.649999618530273
2018-02-27,31.75
2018-02-28,31.5
2018-03-01,35.400001525878906
2018-03-02,34.20000076293945
2018-03-05,33.099998474121094
2018-03-06,33.20000076293945
2018-03-07,34.75
2018-03-08,35.0
2018-03-09,35.349998474121094
2018-03-12,35.41999816894531
2018-03-13,35.45000076293945
2018-03-14,36.150001525878906
2018-03-15,37.150001525878906
2018-03-16,37.70000076293945
2018-03-19,39.099998474121094
2018-03-20,38.849998474121094
2018-03-21,39.599998474121094
2018-03-22,39.95000076293945
2018-03-23,39.900001525878906
2018-03-26,40.29999923706055
2018-03-27,40.95000076293945
2018-03-28,39.54999923706055
2018-03-29,37.400001525878906
2018-04-02,37.900001525878906
2018-04-03,36.20000076293945
2018-04-04,36.849998474121094
2018-04-05,38.0
2018-04-06,37.70000076293945
2018-04-09,38.150001525878906
2018-04-10,38.900001525878906
2018-04-11,38.70000076293945
2018-04-12,38.849998474121094
2018-04-13,38.599998474121094
2018-04-16,39.099998474121094
2018-04-17,39.900001525878906
2018-04-18,40.70000076293945
2018-04-19,41.0
2018-04-20,41.72999954223633
2018-04-23,40.79999923706055
2018-04-24,39.150001525878906
2018-04-25,39.25
2018-04-26,40.95000076293945
2018-04-27,40.95000076293945
2018-04-30,41.439998626708984
2018-05-01,38.95000076293945
2018-05-02,39.349998474121094
2018-05-03,41.77000045776367
2018-05-04,43.25
2018-05-07,43.5
2018-05-08,43.959999084472656
2018-05-09,43.150001525878906
2018-05-10,44.900001525878906
2018-05-11,44.79999923706055
2018-05-14,46.0
2018-05-15,44.400001525878906
2018-05-16,44.599998474121094
2018-05-17,44.400001525878906
2018-05-18,44.529998779296875
2018-05-21,45.45000076293945
2018-05-22,43.900001525878906
2018-05-23,45.349998474121094
2018-05-24,46.400001525878906
2018-05-25,46.900001525878906
2018-05-29,45.650001525878906
2018-05-30,46.5
2018-05-31,49.810001373291016
2018-06-01,50.459999084472656
2018-06-04,51.70000076293945
2018-06-05,50.5
2018-06-06,50.599998474121094
2018-06-07,49.900001525878906
2018-06-08,49.04999923706055
2018-06-11,49.70000076293945
2018-06-12,49.79999923706055
2018-06-13,51.099998474121094
2018-06-14,50.900001525878906
2018-06-15,50.849998474121094
2018-06-18,50.849998474121094
2018-06-19,51.400001525878906
2018-06-20,52.689998626708984
2018-06-21,53.95000076293945
2018-06-22,53.099998474121094
2018-06-25,52.130001068115234
2018-06-26,52.20000076293945
2018-06-27,51.529998779296875
2018-06-28,52.029998779296875
2018-06-29,51.849998474121094
2018-07-02,50.68000030517578
2018-07-03,51.75
2018-07-05,53.45000076293945
2018-07-06,55.54999923706055
2018-07-09,55.099998474121094
2018-07-10,54.849998474121094
2018-07-11,53.099998474121094
2018-07-12,52.529998779296875
2018-07-13,52.95000076293945
2018-07-16,54.150001525878906
2018-07-17,56.0
2018-07-18,55.31999969482422
2018-07-19,56.400001525878906
2018-07-20,55.54999923706055
2018-07-23,56.400001525878906
2018-07-24,56.849998474121094
2018-07-25,56.0
2018-07-26,55.849998474121094
2018-07-27,55.06999969482422
2018-07-30,49.349998474121094
2018-07-31,47.0
2018-08-01,46.70000076293945
2018-08-02,40.560001373291016
2018-08-03,39.22999954223633
2018-08-06,39.75
2018-08-07,39.5
2018-08-08,39.70000076293945
2018-08-09,40.29999923706055
2018-08-10,39.79999923706055
2018-08-13,39.099998474121094
2018-08-14,37.25
2018-08-15,36.900001525878906
2018-08-16,37.130001068115234
2018-08-17,38.650001525878906
2018-08-20,38.72999954223633
2018-08-21,40.599998474121094
2018-08-22,40.45000076293945
2018-08-23,41.599998474121094
2018-08-24,41.880001068115234
2018-08-27,42.47999954223633
2018-08-28,44.04999923706055
2018-08-29,44.25
2018-08-30,45.650001525878906
2018-08-31,46.25
2018-09-04,45.29999923706055
2018-09-05,44.70000076293945
2018-09-06,44.54999923706055
2018-09-07,43.79999923706055
2018-09-10,41.150001525878906
2018-09-11,41.5
2018-09-12,40.599998474121094
2018-09-13,38.0
2018-09-14,36.150001525878906
2018-09-17,35.70000076293945
2018-09-18,36.04999923706055
2018-09-19,36.54999923706055
2018-09-20,36.5
2018-09-21,36.2599983215332
2018-09-24,36.650001525878906
2018-09-25,38.349998474121094
2018-09-26,37.650001525878906
2018-09-27,36.54999923706055
2018-09-28,37.849998474121094
2018-10-01,37.38999938964844
2018-10-02,36.77000045776367
2018-10-03,37.599998474121094
2018-10-04,37.880001068115234
2018-10-05,37.04999923706055
2018-10-08,36.380001068115234
2018-10-09,35.86000061035156
2018-10-10,34.349998474121094
2018-10-11,33.900001525878906
2018-10-12,34.439998626708984
2018-10-15,34.97999954223633
2018-10-16,35.79999923706055
2018-10-17,35.88999938964844
2018-10-18,36.63999938964844
2018-10-19,36.0
2018-10-22,34.630001068115234
2018-10-23,33.689998626708984
2018-10-24,34.15999984741211
2018-10-25,34.209999084472656
2018-10-26,34.0
2018-10-29,33.869998931884766
2018-10-30,36.83000183105469
2018-10-31,37.939998626708984
2018-11-01,38.4900016784668
2018-11-02,39.33000183105469
2018-11-05,37.54999923706055
2018-11-06,36.459999084472656
2018-11-07,37.599998474121094
2018-11-08,37.790000915527344
2018-11-09,37.47999954223633
2018-11-12,36.689998626708984
2018-11-13,34.40999984741211
2018-11-14,33.52000045776367
2018-11-15,33.150001525878906
2018-11-16,32.90999984741211
2018-11-19,32.0099983215332
2018-11-20,29.790000915527344
2018-11-21,31.270000457763672
2018-11-23,31.6299991607666
2018-11-26,32.08000183105469
2018-11-27,30.889999389648438
2018-11-28,32.29999923706055
2018-11-29,32.709999084472656
2018-11-30,33.52000045776367
2018-12-03,35.11000061035156
2018-12-04,34.47999954223633
2018-12-06,31.989999771118164
2018-12-07,31.31999969482422
2018-12-10,30.40999984741211
2018-12-11,30.969999313354492
2018-12-12,30.950000762939453
2018-12-13,30.809999465942383
2018-12-14,29.59000015258789
2018-12-17,28.780000686645508
2018-12-18,27.950000762939453
2018-12-19,21.5
2018-12-20,19.719999313354492
2018-12-21,18.940000534057617
2018-12-24,17.729999542236328
2018-12-26,18.75
2018-12-27,19.170000076293945
2018-12-28,19.719999313354492
2018-12-31,20.90999984741211
2019-01-02,21.100000381469727
2019-01-03,20.950000762939453
2019-01-04,21.649999618530273
2019-01-07,21.0
2019-01-08,16.90999984741211
2019-01-09,15.960000038146973
2019-01-10,16.290000915527344
2019-01-11,16.520000457763672
2019-01-14,16.979999542236328
2019-01-15,16.959999084472656
2019-01-16,16.440000534057617
2019-01-17,15.489999771118164
2019-01-18,16.59000015258789
2019-01-22,16.690000534057617
2019-01-23,16.899999618530273
2019-01-24,16.579999923706055
2019-01-25,17.110000610351562
2019-01-28,16.860000610351562
2019-01-29,16.690000534057617
2019-01-30,16.68000030517578
2019-01-31,17.09000015258789
2019-02-01,16.530000686645508
2019-02-04,16.799999237060547
2019-02-05,17.209999084472656
2019-02-06,17.100000381469727
2019-02-07,16.940000534057617
2019-02-08,16.1200008392334
2019-02-11,18.559999465942383
2019-02-12,18.40999984741211
2019-02-13,18.280000686645508
2019-02-14,18.139999389648438
2019-02-15,18.25
2019-02-19,17.709999084472656
2019-02-20,18.030000686645508
2019-02-21,18.350000381469727
2019-02-22,18.389999389648438
2019-02-25,18.5
2019-02-26,18.280000686645508
2019-02-27,19.170000076293945
2019-02-28,18.690000534057617
2019-03-01,20.100000381469727
2019-03-04,20.399999618530273
2019-03-05,22.0
2019-03-06,22.0
2019-03-07,21.15999984741211
2019-03-08,20.350000381469727
2019-03-11,19.649999618530273
2019-03-12,19.579999923706055
2019-03-13,20.520000457763672
2019-03-14,20.15999984741211
2019-03-15,20.899999618530273
2019-03-18,21.889999389648438
2019-03-19,21.81999969482422
2019-03-20,20.920000076293945
2019-03-21,22.18000030517578
2019-03-22,21.940000534057617
2019-03-25,21.780000686645508
2019-03-26,21.760000228881836
2019-03-27,21.700000762939453
2019-03-28,21.010000228881836
2019-03-29,21.18000030517578
2019-04-01,21.600000381469727
2019-04-02,21.239999771118164
2019-04-03,21.139999389648438
2019-04-04,20.920000076293945
2019-04-05,22.100000381469727
2019-04-08,22.299999237060547
2019-04-09,21.530000686645508
2019-04-10,22.350000381469727
2019-04-11,22.0
2019-04-12,22.219999313354492
2019-04-15,21.670000076293945
2019-04-16,22.260000228881836
2019-04-17,22.200000762939453
2019-04-18,21.110000610351562
2019-04-22,21.579999923706055
2019-04-23,20.989999771118164
2019-04-24,21.329999923706055
2019-04-25,21.6200008392334
2019-04-26,22.15999984741211
2019-04-29,21.989999771118164
2019-04-30,23.520000457763672
2019-05-01,24.770000457763672
2019-05-02,24.780000686645508
2019-05-03,25.84000015258789
2019-05-06,25.34000015258789
2019-05-07,25.15999984741211
2019-05-08,24.270000457763672
2019-05-09,24.969999313354492
2019-05-10,24.149999618530273
2019-05-13,23.479999542236328
2019-05-14,23.489999771118164
2019-05-15,23.459999084472656
2019-05-16,23.290000915527344
2019-05-17,22.15999984741211
2019-05-20,20.65999984741211
2019-05-21,21.75
2019-05-22,21.84000015258789
2019-05-23,21.360000610351562
2019-05-24,21.84000015258789
2019-05-28,21.31999969482422
2019-05-29,21.65999984741211
2019-05-30,21.950000762939453
2019-05-31,21.389999389648438
2019-06-03,21.719999313354492
2019-06-04,22.15999984741211
2019-06-05,22.940000534057617
2019-06-06,22.239999771118164
2019-06-07,21.40999984741211
2019-06-10,20.889999389648438
2019-06-11,19.520000457763672
2019-06-12,19.969999313354492
2019-06-13,20.299999237060547
2019-06-14,20.440000534057617
2019-06-17,21.0
2019-06-18,21.469999313354492
2019-06-19,20.170000076293945
2019-06-20,20.350000381469727
2019-06-21,19.780000686645508
2019-06-24,19.75
2019-06-25,19.75
2019-06-26,20.0
2019-06-27,20.1200008392334
2019-06-28,19.899999618530273
2019-07-01,20.170000076293945
2019-07-02,20.09000015258789
2019-07-03,20.329999923706055
2019-07-05,19.93000030517578
2019-07-08,20.049999237060547
2019-07-09,20.200000762939453
2019-07-10,20.18000030517578
2019-07-11,20.260000228881836
2019-07-12,22.100000381469727
2019-07-15,20.59000015258789
2019-07-16,19.8700008392334
2019-07-17,20.299999237060547
2019-07-18,20.479999542236328
2019-07-19,20.600000381469727
2019-07-22,19.510000228881836
2019-07-23,18.920000076293945
2019-07-24,18.799999237060547
2019-07-25,18.329999923706055
2019-07-26,18.09000015258789
2019-07-29,17.729999542236328
2019-07-30,18.260000228881836
2019-07-31,18.670000076293945
2019-08-01,18.40999984741211
2019-08-02,17.709999084472656
2019-08-05,17.450000762939453
2019-08-06,17.979999542236328
2019-08-07,14.529999732971191
2019-08-08,13.65999984741211
2019-08-09,13.75
2019-08-12,14.720000267028809
2019-08-13,16.239999771118164
2019-08-14,15.470000267028809
2019-08-15,15.289999961853027
2019-08-16,15.430000305175781
2019-08-19,15.859999656677246
2019-08-20,16.540000915527344
2019-08-21,16.700000762939453
2019-08-22,16.799999237060547
2019-08-23,16.760000228881836
2019-08-26,16.610000610351562
2019-08-27,16.56999969482422
2019-08-28,15.979999542236328
2019-08-29,15.649999618530273
2019-08-30,15.9399995803833
2019-09-03,15.9399995803833
2019-09-04,15.9399995803833
2019-09-05,16.34000015258789
2019-09-06,16.65999984741211
2019-09-09,16.5
2019-09-10,15.619999885559082
2019-09-11,15.470000267028809
2019-09-12,15.0600004196167
2019-09-13,14.59000015258789
2019-09-16,14.5
2019-09-17,14.65999984741211
2019-09-18,14.34000015258789
2019-09-19,14.460000038146973
2019-09-20,14.420000076293945
2019-09-23,14.15999984741211
2019-09-24,14.170000076293945
2019-09-25,14.010000228881836
2019-09-26,14.0
2019-09-27,13.75
2019-09-30,12.630000114440918
2019-10-01,12.829999923706055
2019-10-02,11.75
2019-10-03,12.020000457763672
2019-10-04,12.369999885559082
2019-10-07,12.229999542236328
2019-10-08,11.890000343322754
2019-10-09,11.739999771118164
2019-10-10,11.670000076293945
2019-10-11,11.880000114440918
2019-10-14,11.75
2019-10-15,12.050000190734863
2019-10-16,12.59000015258789
2019-10-17,12.760000228881836
2019-10-18,12.529999732971191
2019-10-21,12.8100004196167
2019-10-22,12.680000305175781
2019-10-23,12.109999656677246
2019-10-24,12.079999923706055
2019-10-25,12.050000190734863
2019-10-28,12.279999732971191
2019-10-29,13.0
2019-10-30,12.949999809265137
2019-10-31,12.960000038146973
2019-11-01,13.289999961853027
2019-11-04,14.119999885559082
2019-11-05,13.949999809265137
2019-11-06,13.630000114440918
2019-11-07,15.84000015258789
2019-11-08,15.640000343322754
2019-11-11,15.350000381469727
2019-11-12,15.880000114440918
2019-11-13,15.399999618530273
2019-11-14,15.720000267028809
2019-11-15,16.25
2019-11-18,16.450000762939453
2019-11-19,16.110000610351562
2019-11-20,15.59000015258789
2019-11-21,15.739999771118164
2019-11-22,16.31999969482422
2019-11-25,17.110000610351562
2019-11-26,17.1200008392334
2019-11-27,17.389999389648438
2019-11-29,17.469999313354492
2019-12-02,17.709999084472656
2019-12-03,17.25
2019-12-04,17.239999771118164
2019-12-05,16.899999618530273
2019-12-06,17.0
2019-12-09,17.110000610351562
2019-12-10,16.540000915527344
2019-12-11,16.8799991607666
2019-12-12,17.06999969482422
2019-12-13,17.09000015258789
2019-12-16,17.200000762939453
2019-12-17,17.020000457763672
2019-12-18,16.950000762939453
2019-12-19,17.18000030517578
2019-12-20,17.5
2019-12-23,18.350000381469727
2019-12-24,18.440000534057617
2019-12-26,18.459999084472656
2019-12-27,18.84000015258789
2019-12-30,18.719999313354492
2019-12-31,18.329999923706055
2020-01-02,17.989999771118164
2020-01-03,17.290000915527344
2020-01-06,16.3799991607666
2020-01-07,16.280000686645508
2020-01-08,16.459999084472656
2020-01-09,16.530000686645508
2020-01-10,16.3700008392334
2020-01-13,15.0
2020-01-14,14.710000038146973
2020-01-15,15.300000190734863
2020-01-16,15.1899995803833
2020-01-17,15.130000114440918
2020-01-21,14.399999618530273
2020-01-22,13.199999809265137
2020-01-23,12.949999809265137
2020-01-24,12.819999694824219
2020-01-27,12.470000267028809
2020-01-28,12.890000343322754
2020-01-29,13.050000190734863
2020-01-30,12.850000381469727
2020-01-31,12.770000457763672
2020-02-03,12.760000228881836
2020-02-04,14.229999542236328
2020-02-05,14.140000343322754
2020-02-06,14.449999809265137
2020-02-07,14.039999961853027
2020-02-10,14.130000114440918
2020-02-11,14.170000076293945
2020-02-12,13.920000076293945
2020-02-13,13.5600004196167
2020-02-14,14.100000381469727
2020-02-18,14.6899995803833
2020-02-19,15.069999694824219
2020-02-20,15.0600004196167
2020-02-21,14.930000305175781
2020-02-24,14.930000305175781
2020-02-25,14.640000343322754
2020-02-26,13.520000457763672
2020-02-27,13.75
2020-02-28,13.130000114440918
2020-03-02,12.460000038146973
2020-03-03,12.460000038146973
2020-03-04,12.869999885559082
2020-03-05,12.720000267028809
2020-03-06,12.369999885559082
2020-03-09,11.779999732971191
2020-03-10,11.859999656677246
2020-03-11,11.130000114440918
2020-03-12,11.170000076293945
2020-03-13,10.670000076293945
2020-03-16,9.039999961853027
2020-03-17,10.460000038146973
2020-03-18,10.050000190734863
2020-03-19,11.220000267028809
2020-03-20,10.130000114440918
2020-03-23,9.5600004196167
2020-03-24,10.010000228881836
2020-03-25,10.239999771118164
2020-03-26,9.850000381469727
2020-03-27,10.15999984741211
2020-03-30,10.3100004196167
2020-03-31,10.710000038146973
2020-04-01,10.130000114440918
2020-04-02,8.539999961853027
2020-04-03,8.25
2020-04-06,8.649999618530273
2020-04-07,8.5
2020-04-08,8.5
2020-04-09,8.369999885559082
2020-04-13,8.220000267028809
2020-04-14,8.6899995803833
2020-04-15,8.180000305175781
2020-04-16,8.130000114440918
2020-04-17,8.0
2020-04-20,8.109999656677246
2020-04-21,7.75
2020-04-22,8.470000267028809
2020-04-23,8.539999961853027
2020-04-24,8.4399995803833
2020-04-27,8.880000114440918
2020-04-28,9.350000381469727
2020-04-29,10.25
2020-04-30,10.279999732971191
2020-05-01,9.90999984741211
2020-05-04,9.970000267028809
2020-05-05,10.170000076293945
2020-05-06,10.319999694824219
2020-05-07,9.489999771118164
2020-05-08,9.300000190734863
2020-05-11,9.09000015258789
2020-05-12,8.859999656677246
2020-05-13,8.779999732971191
2020-05-14,8.300000190734863
2020-05-15,8.449999809265137
2020-05-18,8.569999694824219
2020-05-19,8.34000015258789
2020-05-20,8.470000267028809
2020-05-21,8.380000114440918
2020-05-22,8.100000381469727
2020-05-26,9.399999618530273
2020-05-27,9.739999771118164
2020-05-28,9.800000190734863
2020-05-29,9.779999732971191
2020-06-01,9.84000015258789
2020-06-02,9.899999618530273
2020-06-03,10.479999542236328
2020-06-04,10.5600004196167
2020-06-05,10.979999542236328
2020-06-08,11.319999694824219
2020-06-09,10.699999809265137
2020-06-10,10.300000190734863
2020-06-11,9.850000381469727
2020-06-12,9.6899995803833
2020-06-15,9.989999771118164
2020-06-16,10.609999656677246
2020-06-17,10.130000114440918
2020-06-18,10.010000228881836
2020-06-19,10.0
2020-06-22,9.640000343322754
2020-06-23,9.949999809265137
2020-06-24,9.84000015258789
2020-06-25,9.3100004196167
2020-06-26,9.359999656677246
2020-06-29,9.25
2020-06-30,9.3100004196167
2020-07-01,12.720000267028809
2020-07-02,11.899999618530273
2020-07-06,11.680000305175781
2020-07-07,11.390000343322754
2020-07-08,11.350000381469727
2020-07-09,11.289999961853027
2020-07-10,10.989999771118164
2020-07-13,11.369999885559082
2020-07-14,11.220000267028809
2020-07-15,12.050000190734863
2020-07-16,12.170000076293945
2020-07-17,12.079999923706055
2020-07-20,12.149999618530273
2020-07-21,12.119999885559082
2020-07-22,12.680000305175781
2020-07-23,12.529999732971191
2020-07-24,12.149999618530273
2020-07-27,11.920000076293945
2020-07-28,11.609999656677246
2020-07-29,11.670000076293945
2020-07-30,11.529999732971191
2020-07-31,11.489999771118164
2020-08-03,11.699999809265137
2020-08-04,12.180000305175781
2020-08-05,12.59000015258789
2020-08-06,13.390000343322754
2020-08-07,12.380000114440918
2020-08-10,12.40999984741211
2020-08-11,11.890000343322754
2020-08-12,11.529999732971191
2020-08-13,11.84000015258789
2020-08-14,11.630000114440918
2020-08-17,11.8100004196167
2020-08-18,11.579999923706055
2020-08-19,11.539999961853027
2020-08-20,11.5
2020-08-21,11.010000228881836
2020-08-24,11.149999618530273
2020-08-25,11.020000457763672
2020-08-26,11.220000267028809
2020-08-27,11.6899995803833
2020-08-28,11.729999542236328
2020-08-31,12.199999809265137
2020-09-01,12.289999961853027
2020-09-02,12.479999542236328
2020-09-03,11.850000381469727
2020-09-04,11.930000305175781
2020-09-08,11.600000381469727
2020-09-09,11.649999618530273
2020-09-10,11.390000343322754
2020-09-11,11.449999809265137
2020-09-14,11.069999694824219
2020-09-15,10.979999542236328
2020-09-16,13.489999771118164
2020-09-17,12.920000076293945
2020-09-18,13.869999885559082
2020-09-21,12.899999618530273
2020-09-22,12.579999923706055
2020-09-23,12.729999542236328
2020-09-24,12.149999618530273
2020-09-25,11.9399995803833
2020-09-28,12.180000305175781
2020-09-29,12.029999732971191
2020-09-30,11.9399995803833
2020-10-01,11.739999771118164
2020-10-02,11.609999656677246
2020-10-05,12.329999923706055
2020-10-06,12.399999618530273
2020-10-07,12.470000267028809
2020-10-08,12.40999984741211
2020-10-09,13.039999961853027
2020-10-12,14.0
2020-10-13,14.039999961853027
2020-10-14,14.260000228881836
2020-10-15,13.890000343322754
2020-10-16,13.859999656677246
2020-10-19,13.960000038146973
2020-10-20,13.6899995803833
2020-10-21,13.539999961853027
2020-10-22,13.40999984741211
2020-10-23,13.989999771118164
2020-10-26,13.3100004196167
2020-10-27,13.180000305175781
2020-10-28,12.289999961853027
2020-10-29,12.84000015258789
2020-10-30,12.960000038146973
2020-11-02,13.029999732971191
2020-11-03,13.520000457763672
2020-11-04,13.720000267028809
2020-11-05,14.149999618530273
2020-11-06,14.109999656677246
2020-11-09,15.319999694824219
2020-11-10,14.760000228881836
2020-11-11,14.890000343322754
2020-11-12,14.779999732971191
2020-11-13,14.739999771118164
2020-11-16,15.109999656677246
2020-11-17,15.390000343322754
2020-11-18,15.550000190734863
2020-11-19,15.399999618530273
2020-11-20,14.779999732971191
2020-11-23,14.65999984741211
2020-11-24,14.649999618530273
2020-11-25,14.420000076293945
2020-11-27,14.880000114440918
2020-11-30,14.539999961853027
2020-12-01,14.880000114440918
2020-12-02,15.319999694824219
2020-12-03,15.9399995803833
2020-12-04,16.670000076293945
2020-12-07,17.489999771118164
2020-12-08,17.559999465942383
2020-12-09,16.8700008392334
2020-12-10,16.81999969482422
2020-12-11,16.56999969482422
2020-12-14,16.540000915527344
2020-12-15,16.6299991607666
2020-12-16,16.959999084472656
2020-12-17,17.190000534057617
2020-12-18,17.280000686645508
2020-12-21,17.09000015258789
2020-12-22,17.8700008392334
2020-12-23,18.43000030517578
2020-12-24,18.0
2020-12-28,18.15999984741211
2020-12-29,18.1299991607666
2020-12-30,18.049999237060547
2020-12-31,18.010000228881836
2021-01-04,18.200000762939453
2021-01-05,18.200000762939453
2021-01-06,18.81999969482422
2021-01-07,19.6299991607666
2021-01-08,20.829999923706055
2021-01-11,20.34000015258789
2021-01-12,20.270000457763672
2021-01-13,20.18000030517578
2021-01-14,20.09000015258789
2021-01-15,19.68000030517578
2021-01-19,19.450000762939453
2021-01-20,19.65999984741211
2021-01-21,19.440000534057617
2021-01-22,19.190000534057617
2021-01-25,18.950000762939453
2021-01-26,18.860000610351562
2021-01-27,18.229999542236328
2021-01-28,18.030000686645508
2021-01-29,17.760000228881836
2021-02-01,17.860000610351562
2021-02-02,18.690000534057617
2021-02-03,18.790000915527344
2021-02-04,19.34000015258789
2021-02-05,19.899999618530273
2021-02-08,20.15999984741211
2021-02-09,19.969999313354492
2021-02-10,19.950000762939453
2021-02-11,19.5
2021-02-12,19.59000015258789
2021-02-16,19.440000534057617
2021-02-17,19.770000457763672
2021-02-18,19.860000610351562
2021-02-19,21.149999618530273
2021-02-22,21.760000228881836
2021-02-23,22.889999389648438
2021-02-24,22.309999465942383
2021-02-25,22.780000686645508
2021-02-26,22.56999969482422
2021-03-01,22.81999969482422
2021-03-02,22.670000076293945
2021-03-03,22.709999084472656
2021-03-04,21.950000762939453
2021-03-05,20.389999389648438
2021-03-08,20.670000076293945
2021-03-09,20.829999923706055
2021-03-10,21.989999771118164
2021-03-11,21.979999542236328
2021-03-12,20.899999618530273
2021-03-15,20.479999542236328
2021-03-16,21.59000015258789
2021-03-17,21.5
2021-03-18,21.65999984741211
2021-03-19,21.75
2021-03-22,21.90999984741211
2021-03-23,20.6200008392334
2021-03-24,20.139999389648438
2021-03-25,19.290000915527344
2021-03-26,19.5
2021-03-29,19.530000686645508
2021-03-30,19.329999923706055
2021-03-31,20.360000610351562
2021-04-01,20.540000915527344
2021-04-05,20.350000381469727
2021-04-06,20.5
2021-04-07,20.010000228881836
2021-04-08,20.139999389648438
2021-04-09,20.1200008392334
2021-04-12,20.049999237060547
2021-04-13,20.010000228881836
2021-04-14,20.040000915527344
2021-04-15,19.610000610351562
2021-04-16,19.68000030517578
2021-04-19,18.700000762939453
2021-04-20,18.450000762939453
2021-04-21,20.040000915527344
2021-04-22,19.6200008392334
2021-04-23,19.540000915527344
2021-04-26,19.450000762939453
2021-04-27,19.290000915527344
2021-04-28,18.700000762939453
2021-04-29,18.889999389648438
2021-04-30,18.979999542236328
2021-05-03,19.510000228881836
2021-05-04,19.219999313354492
2021-05-05,19.90999984741211
2021-05-06,22.15999984741211
2021-05-07,23.940000534057617
2021-05-10,23.489999771118164
2021-05-11,22.219999313354492
2021-05-12,21.93000030517578
2021-05-13,21.389999389648438
2021-05-14,21.90999984741211
2021-05-17,21.959999084472656
2021-05-18,21.31999969482422
2021-05-19,20.889999389648438
2021-05-20,21.030000686645508
2021-05-21,21.59000015258789
2021-05-24,21.270000457763672
2021-05-25,21.260000228881836
2021-05-26,20.81999969482422
2021-05-27,20.420000076293945
2021-05-28,20.729999542236328
2021-06-01,20.459999084472656
2021-06-02,19.90999984741211
2021-06-03,19.09000015258789
2021-06-04,19.530000686645508
2021-06-07,19.75
2021-06-08,20.0
2021-06-09,21.0
2021-06-10,19.829999923706055
2021-06-11,20.56999969482422
2021-06-14,21.06999969482422
2021-06-15,20.899999618530273
2021-06-16,20.170000076293945
2021-06-17,21.0
2021-06-18,21.0
2021-06-21,21.709999084472656
2021-06-22,22.110000610351562
2021-06-23,22.049999237060547
2021-06-24,22.510000228881836
2021-06-25,22.81999969482422
2021-06-28,22.469999313354492
2021-06-29,22.420000076293945
2021-06-30,21.799999237060547
2021-07-01,22.100000381469727
2021-07-02,21.700000762939453
2021-07-06,21.639999389648438
2021-07-07,21.979999542236328
2021-07-08,21.100000381469727
2021-07-09,20.989999771118164
2021-07-12,21.65999984741211
2021-07-13,21.850000381469727
2021-07-14,21.600000381469727
2021-07-15,20.81999969482422
2021-07-16,20.700000762939453
2021-07-19,19.8799991607666
2021-07-20,20.350000381469727
2021-07-21,20.6299991607666
2021-07-22,20.649999618530273
2021-07-23,20.020000457763672
2021-07-26,20.170000076293945
2021-07-27,20.0
2021-07-28,20.200000762939453
2021-07-29,20.43000030517578
2021-07-30,20.399999618530273
2021-08-02,20.709999084472656
2021-08-03,20.510000228881836
2021-08-04,20.1200008392334
2021-08-05,19.93000030517578
2021-08-06,19.399999618530273
2021-08-09,18.940000534057617
2021-08-10,18.139999389648438
2021-08-11,16.219999313354492
2021-08-12,16.600000381469727
2021-08-13,16.3799991607666
2021-08-16,16.190000534057617
2021-08-17,15.859999656677246
2021-08-18,15.9399995803833
2021-08-19,15.449999809265137
2021-08-20,15.829999923706055
2021-08-23,16.3799991607666
2021-08-24,16.540000915527344
2021-08-25,16.329999923706055
2021-08-26,16.600000381469727
2021-08-27,17.049999237060547
2021-08-30,16.979999542236328
2021-08-31,17.09000015258789
2021-09-01,17.850000381469727
2021-09-02,17.700000762939453
2021-09-03,17.690000534057617
2021-09-07,17.959999084472656
2021-09-08,17.860000610351562
2021-09-09,17.989999771118164
2021-09-10,17.600000381469727
2021-09-13,16.780000686645508
2021-09-14,16.8799991607666
2021-09-15,16.489999771118164
2021-09-16,16.510000228881836
2021-09-17,16.770000457763672
2021-09-20,16.31999969482422
2021-09-21,16.34000015258789
2021-09-22,16.68000030517578
2021-09-23,16.530000686645508
2021-09-24,16.389999389648438
2021-09-27,16.739999771118164
2021-09-28,16.31999969482422
2021-09-29,16.40999984741211
2021-09-30,16.75
2021-10-01,16.270000457763672
2021-10-04,16.3799991607666
2021-10-05,15.6899995803833
2021-10-06,15.479999542236328
2021-10-07,15.850000381469727
2021-10-08,15.34000015258789
2021-10-11,14.800000190734863
2021-10-12,14.6899995803833
2021-10-13,14.300000190734863
2021-10-14,14.609999656677246
2021-10-15,14.050000190734863
2021-10-18,14.0600004196167
2021-10-19,14.5
2021-10-20,14.760000228881836
2021-10-21,14.979999542236328
2021-10-22,14.8100004196167
2021-10-25,14.579999923706055
2021-10-26,14.479999542236328
2021-10-27,14.829999923706055
2021-10-28,15.220000267028809
2021-10-29,15.350000381469727
2021-11-01,15.5
2021-11-02,15.800000190734863
2021-11-03,16.020000457763672
2021-11-04,14.649999618530273
2021-11-05,14.350000381469727
2021-11-08,14.59000015258789
2021-11-09,14.300000190734863
2021-11-10,13.539999961853027
2021-11-11,12.930000305175781
2021-11-12,12.930000305175781
2021-11-15,12.270000457763672
2021-11-16,11.789999961853027
2021-11-17,11.930000305175781
2021-11-18,11.149999618530273
2021-11-19,10.34000015258789
2021-11-22,10.289999961853027
2021-11-23,10.779999732971191
2021-11-24,10.569999694824219
2021-11-26,10.229999542236328
2021-11-29,10.050000190734863
2021-11-30,9.640000343322754
2021-12-01,10.149999618530273
2021-12-02,10.119999885559082
2021-12-03,10.109999656677246
2021-12-06,9.9399995803833
2021-12-07,10.550000190734863
2021-12-08,10.550000190734863
2021-12-09,10.34000015258789
2021-12-10,9.6899995803833
2021-12-13,9.779999732971191
2021-12-14,9.369999885559082
2021-12-15,8.90999984741211
2021-12-16,9.220000267028809
2021-12-17,10.739999771118164
2021-12-20,10.1899995803833
2021-12-21,9.640000343322754
2021-12-22,10.109999656677246
2021-12-23,10.020000457763672
2021-12-27,9.899999618530273
2021-12-28,9.800000190734863
2021-12-29,9.369999885559082
2021-12-30,9.4399995803833
2021-12-31,9.600000381469727
2022-01-03,10.109999656677246
2022-01-04,10.729999542236328
2022-01-05,10.640000343322754
2022-01-06,10.989999771118164
2022-01-07,10.6899995803833
2022-01-10,9.880000114440918
2022-01-11,10.149999618530273
2022-01-12,10.069999694824219
2022-01-13,9.479999542236328
2022-01-14,9.289999961853027
2022-01-18,8.960000038146973
2022-01-19,8.880000114440918
2022-01-20,9.09000015258789
2022-01-21,8.770000457763672
2022-01-24,8.770000457763672
2022-01-25,8.649999618530273
2022-01-26,8.59000015258789
2022-01-27,8.220000267028809
2022-01-28,7.960000038146973
2022-01-31,8.75
2022-02-01,8.880000114440918
2022-02-02,8.699999809265137
2022-02-03,8.369999885559082
2022-02-04,8.489999771118164
2022-02-07,8.579999923706055
2022-02-08,8.970000267028809
2022-02-09,9.210000038146973
2022-02-10,8.930000305175781
2022-02-11,8.779999732971191
2022-02-14,8.34000015258789
2022-02-15,8.619999885559082
2022-02-16,8.529999732971191
2022-02-17,8.600000381469727
2022-02-18,7.489999771118164
2022-02-22,7.46999979019165
2022-02-23,8.380000114440918
2022-02-24,9.0
2022-02-25,9.390000343322754
2022-02-28,9.8100004196167
2022-03-01,9.399999618530273
2022-03-02,9.630000114440918
2022-03-03,9.65999984741211
2022-03-04,9.569999694824219
2022-03-07,9.34000015258789
2022-03-08,8.8100004196167
2022-03-09,9.09000015258789
2022-03-10,8.729999542236328
2022-03-11,9.1899995803833
2022-03-14,8.399999618530273
2022-03-15,8.380000114440918
2022-03-16,8.329999923706055
2022-03-17,9.15999984741211
2022-03-18,9.430000305175781
2022-03-21,9.239999771118164
2022-03-22,8.649999618530273
2022-03-23,8.380000114440918
2022-03-24,7.929999828338623
2022-03-25,7.989999771118164
2022-03-28,7.900000095367432
2022-03-29,8.359999656677246
2022-03-30,8.3100004196167
2022-03-31,8.220000267028809
2022-04-01,8.180000305175781
2022-04-04,8.449999809265137
2022-04-05,8.3100004196167
2022-04-06,8.09000015258789
2022-04-07,7.800000190734863
2022-04-08,7.670000076293945
2022-04-11,7.349999904632568
2022-04-12,7.369999885559082
2022-04-13,7.590000152587891
2022-04-14,7.550000190734863
2022-04-18,7.320000171661377
2022-04-19,7.71999979019165
2022-04-20,7.800000190734863
2022-04-21,7.940000057220459
2022-04-22,7.650000095367432
2022-04-25,7.53000020980835
2022-04-26,7.340000152587891
2022-04-27,7.449999809265137
2022-04-28,7.619999885559082
2022-04-29,7.590000152587891
2022-05-02,7.800000190734863
2022-05-03,8.119999885559082
2022-05-04,8.529999732971191
2022-05-05,10.960000038146973
2022-05-06,9.789999961853027
2022-05-09,9.420000076293945
2022-05-10,10.039999961853027
2022-05-11,9.420000076293945
2022-05-12,8.989999771118164
2022-05-13,9.529999732971191
2022-05-16,9.619999885559082
2022-05-17,10.15999984741211
2022-05-18,10.020000457763672
2022-05-19,9.90999984741211
2022-05-20,10.0600004196167
2022-05-23,10.170000076293945
2022-05-24,9.729999542236328
2022-05-25,9.380000114440918
2022-05-26,9.630000114440918
2022-05-27,9.819999694824219
2022-05-31,10.020000457763672
2022-06-01,9.869999885559082
2022-06-02,9.930000305175781
2022-06-03,9.899999618530273
2022-06-06,9.380000114440918
2022-06-07,9.760000228881836
2022-06-08,9.829999923706055
2022-06-09,9.630000114440918
2022-06-10,9.350000381469727
2022-06-13,8.75
2022-06-14,8.289999961853027
2022-06-15,8.680000305175781
2022-06-16,8.430000305175781
2022-06-17,8.359999656677246
2022-06-21,8.430000305175781
2022-06-22,9.34000015258789
2022-06-23,9.5600004196167
2022-06-24,9.949999809265137
2022-06-27,9.569999694824219
2022-06-28,9.430000305175781
2022-06-29,8.800000190734863
2022-06-30,8.359999656677246
2022-07-01,8.270000457763672
2022-07-05,8.970000267028809
2022-07-06,9.15999984741211
2022-07-07,9.369999885559082
2022-07-08,8.960000038146973
2022-07-11,8.609999656677246
2022-07-12,8.609999656677246
2022-07-13,8.65999984741211
2022-07-14,8.470000267028809
2022-07-15,8.739999771118164
2022-07-18,8.970000267028809
2022-07-19,9.430000305175781
2022-07-20,9.430000305175781
2022-07-21,9.449999809265137
2022-07-22,9.460000038146973
2022-07-25,9.3100004196167
2022-07-26,9.380000114440918
2022-07-27,9.470000267028809
2022-07-28,9.420000076293945
2022-07-29,9.34000015258789
2022-08-01,9.850000381469727
2022-08-02,10.489999771118164
2022-08-03,10.5600004196167
2022-08-04,10.930000305175781
2022-08-05,11.029999732971191
2022-08-08,10.859999656677246
2022-08-09,10.369999885559082
2022-08-10,10.529999732971191
2022-08-11,10.489999771118164
2022-08-12,10.289999961853027
2022-08-15,11.220000267028809
2022-08-16,11.420000076293945
2022-08-17,11.119999885559082
2022-08-18,11.3100004196167
2022-08-19,10.319999694824219
2022-08-22,10.109999656677246
2022-08-23,9.9399995803833
2022-08-24,10.149999618530273
2022-08-25,10.319999694824219
2022-08-26,10.079999923706055
2022-08-29,9.510000228881836
2022-08-30,9.399999618530273
2022-08-31,9.489999771118164
2022-09-01,9.449999809265137
2022-09-02,9.649999618530273
2022-09-06,9.680000305175781
2022-09-07,9.770000457763672
2022-09-08,10.260000228881836
2022-09-09,11.739999771118164
2022-09-12,11.569999694824219
2022-09-13,11.329999923706055
2022-09-14,11.199999809265137
2022-09-15,11.84000015258789
2022-09-16,11.489999771118164
2022-09-19,11.369999885559082
2022-09-20,11.470000267028809
2022-09-21,12.100000381469727
2022-09-22,11.140000343322754
2022-09-23,11.0
2022-09-26,11.149999618530273
2022-09-27,11.5600004196167
2022-09-28,12.779999732971191
2022-09-29,12.270000457763672
2022-09-30,12.470000267028809
2022-10-03,12.229999542236328
2022-10-04,12.65999984741211
2022-10-05,12.25
2022-10-06,12.1899995803833
2022-10-07,11.710000038146973
2022-10-10,11.399999618530273
2022-10-11,11.09000015258789
2022-10-12,11.010000228881836
2022-10-13,11.569999694824219
2022-10-14,11.600000381469727
2022-10-17,11.609999656677246
2022-10-18,12.300000190734863
2022-10-19,11.739999771118164
2022-10-20,11.84000015258789
2022-10-21,11.630000114440918
2022-10-24,11.579999923706055
2022-10-25,11.489999771118164
2022-10-26,11.789999961853027
2022-10-27,11.630000114440918
2022-10-28,11.420000076293945
2022-10-31,11.479999542236328
2022-11-01,11.5600004196167
2022-11-02,11.260000228881836
2022-11-03,10.770000457763672
2022-11-04,11.050000190734863
2022-11-07,11.180000305175781
2022-11-08,12.729999542236328
2022-11-09,12.800000190734863
2022-11-10,13.65999984741211
2022-11-11,13.489999771118164
2022-11-14,13.069999694824219
2022-11-15,12.600000381469727
2022-11-16,12.260000228881836
2022-11-17,11.859999656677246
2022-11-18,12.079999923706055
2022-11-21,11.670000076293945
2022-11-22,11.09000015258789
2022-11-23,11.239999771118164
2022-11-25,11.239999771118164
2022-11-28,11.079999923706055
2022-11-29,11.020000457763672
2022-11-30,11.069999694824219
2022-12-01,11.350000381469727
2022-12-02,11.130000114440918
2022-12-05,11.079999923706055
2022-12-06,10.829999923706055
2022-12-07,10.829999923706055
2022-12-08,10.890000343322754
2022-12-09,10.979999542236328
2022-12-12,10.779999732971191
2022-12-13,11.130000114440918
2022-12-14,11.100000381469727
2022-12-15,11.199999809265137
2022-12-16,10.819999694824219
2022-12-19,10.600000381469727
2022-12-20,10.260000228881836
2022-12-21,10.550000190734863
2022-12-22,10.300000190734863
2022-12-23,10.3100004196167
2022-12-27,9.970000267028809
2022-12-28,9.890000343322754
2022-12-29,10.510000228881836
2022-12-30,10.199999809265137
2023-01-03,10.34000015258789
2023-01-04,10.010000228881836
2023-01-05,10.369999885559082
2023-01-06,10.880000114440918
2023-01-09,11.319999694824219
2023-01-10,11.020000457763672
2023-01-11,10.529999732971191
2023-01-12,9.819999694824219
2023-01-13,10.819999694824219
2023-01-17,10.880000114440918
2023-01-18,10.520000457763672
2023-01-19,10.220000267028809
2023-01-20,10.6899995803833
2023-01-23,11.050000190734863
2023-01-24,11.25
2023-01-25,10.760000228881836
2023-01-26,10.34000015258789
2023-01-27,10.359999656677246
2023-01-30,10.010000228881836
2023-01-31,9.819999694824219
2023-02-01,9.539999961853027
2023-02-02,9.760000228881836
2023-02-03,10.25
2023-02-06,10.020000457763672
2023-02-07,9.420000076293945
2023-02-08,9.34000015258789
2023-02-09,9.229999542236328
2023-02-10,9.109999656677246
2023-02-13,9.279999732971191
2023-02-14,9.149999618530273
2023-02-15,9.020000457763672
2023-02-16,8.949999809265137
2023-02-17,8.760000228881836
2023-02-21,8.649999618530273
2023-02-22,8.289999961853027
2023-02-23,8.1899995803833
2023-02-24,8.289999961853027
2023-02-27,8.470000267028809
2023-02-28,8.350000381469727
2023-03-01,8.34000015258789
2023-03-02,8.229999542236328
2023-03-03,8.5
2023-03-06,8.40999984741211
2023-03-07,8.350000381469727
2023-03-08,8.180000305175781
2023-03-09,8.300000190734863
2023-03-10,7.900000095367432
2023-03-13,7.710000038146973
2023-03-14,8.630000114440918
2023-03-15,8.699999809265137
2023-03-16,8.479999542236328
2023-03-17,8.34000015258789
2023-03-20,8.489999771118164
2023-03-21,9.039999961853027
2023-03-22,9.199999809265137
2023-03-23,8.920000076293945
2023-03-24,9.109999656677246
2023-03-27,9.420000076293945
2023-03-28,9.260000228881836
2023-03-29,9.180000305175781
2023-03-30,9.289999961853027
2023-03-31,9.569999694824219
2023-04-03,9.75
2023-04-04,9.739999771118164
2023-04-05,9.8100004196167
2023-04-06,9.90999984741211
2023-04-10,10.130000114440918
2023-04-11,10.489999771118164
2023-04-12,10.489999771118164
2023-04-13,10.5
2023-04-14,10.619999885559082
2023-04-17,10.4399995803833
2023-04-18,10.359999656677246
2023-04-19,10.15999984741211
2023-04-20,10.140000343322754
2023-04-21,10.460000038146973
2023-04-24,9.6899995803833
2023-04-25,9.460000038146973
2023-04-26,9.369999885559082
2023-04-27,9.260000228881836
2023-04-28,9.350000381469727
2023-05-01,9.289999961853027
2023-05-02,9.34000015258789
2023-05-03,9.180000305175781
2023-05-04,9.25
2023-05-05,9.779999732971191
2023-05-08,9.829999923706055
2023-05-09,10.0
2023-05-10,9.880000114440918
2023-05-11,9.65999984741211
2023-05-12,9.350000381469727
2023-05-15,9.390000343322754
2023-05-16,9.4399995803833
2023-05-17,9.380000114440918
2023-05-18,9.329999923706055
2023-05-19,9.510000228881836
2023-05-22,9.40999984741211
2023-05-23,9.550000190734863
2023-05-24,9.260000228881836
2023-05-25,9.170000076293945
2023-05-26,9.0600004196167
2023-05-30,8.979999542236328
2023-05-31,8.800000190734863
2023-06-01,8.829999923706055
2023-06-02,8.859999656677246
2023-06-05,8.920000076293945
2023-06-06,9.029999732971191
2023-06-07,9.430000305175781
2023-06-08,9.65999984741211
2023-06-09,9.800000190734863
2023-06-12,9.460000038146973
2023-06-13,9.449999809265137
2023-06-14,9.619999885559082
2023-06-15,9.779999732971191
2023-06-16,9.770000457763672
2023-06-20,9.229999542236328
2023-06-21,9.149999618530273
2023-06-22,9.15999984741211
2023-06-23,9.079999923706055
2023-06-26,9.039999961853027
2023-06-27,9.140000343322754
2023-06-28,9.109999656677246
2023-06-29,9.039999961853027
2023-06-30,9.229999542236328
2023-07-03,9.260000228881836
2023-07-05,8.829999923706055
2023-07-06,8.479999542236328
2023-07-07,8.25
2023-07-10,8.569999694824219
2023-07-11,8.5600004196167
2023-07-12,9.300000190734863
2023-07-13,9.380000114440918
2023-07-14,9.0600004196167
2023-07-17,8.880000114440918
2023-07-18,9.100000381469727
2023-07-19,9.069999694824219
2023-07-20,8.84000015258789
2023-07-21,8.920000076293945
2023-07-24,8.880000114440918
2023-07-25,8.710000038146973
2023-07-26,8.819999694824219
2023-07-27,8.930000305175781
2023-07-28,8.539999961853027
2023-07-31,8.75
2023-08-01,8.619999885559082
2023-08-02,8.460000038146973
2023-08-03,8.720000267028809
2023-08-04,8.619999885559082
2023-08-07,8.399999618530273
2023-08-08,8.119999885559082
2023-08-09,7.0
2023-08-10,6.900000095367432
2023-08-11,6.340000152587891
2023-08-14,6.309999942779541
2023-08-15,6.230000019073486
2023-08-16,6.190000057220459
2023-08-17,6.050000190734863
2023-08-18,6.190000057220459
2023-08-21,6.0
2023-08-22,6.409999847412109
2023-08-23,6.639999866485596
2023-08-24,6.46999979019165
2023-08-25,6.5
2023-08-28,6.610000133514404
2023-08-29,6.690000057220459
2023-08-30,6.659999847412109
2023-08-31,6.489999771118164
2023-09-01,6.400000095367432
2023-09-05,6.320000171661377
2023-09-06,6.269999980926514
2023-09-07,6.119999885559082
2023-09-08,5.880000114440918
2023-09-11,6.050000190734863
2023-09-12,5.820000171661377
2023-09-13,5.710000038146973
2023-09-14,5.670000076293945
2023-09-15,5.53000020980835
2023-09-18,5.480000019073486
2023-09-19,5.440000057220459
2023-09-20,5.409999847412109
2023-09-21,5.159999847412109
2023-09-22,5.010000228881836
2023-09-25,5.039999961853027
2023-09-26,5.019999980926514
2023-09-27,5.050000190734863
2023-09-28,5.150000095367432
2023-09-29,5.099999904632568
2023-10-02,5.010000228881836
2023-10-03,4.980000019073486
2023-10-04,4.929999828338623
2023-10-05,4.880000114440918
2023-10-06,4.75
2023-10-09,4.679999828338623
2023-10-10,4.619999885559082
2023-10-11,4.570000171661377
2023-10-12,4.329999923706055
2023-10-13,4.099999904632568
2023-10-16,4.199999809265137
2023-10-17,4.710000038146973
2023-10-18,4.289999961853027
2023-10-19,4.300000190734863
2023-10-20,4.170000076293945
2023-10-23,4.050000190734863
2023-10-24,4.019999980926514
2023-10-25,3.890000104904175
2023-10-26,3.7300000190734863
2023-10-27,3.75
2023-10-30,3.809999942779541
2023-10-31,3.8299999237060547
2023-11-01,3.759999990463257
2023-11-02,3.809999942779541
2023-11-03,4.179999828338623
2023-11-06,4.099999904632568
2023-11-07,5.5
2023-11-08,5.429999828338623
2023-11-09,5.559999942779541
2023-11-10,5.079999923706055
2023-11-13,5.269999980926514
2023-11-14,5.829999923706055
2023-11-15,5.989999771118164
2023-11-16,5.809999942779541
2023-11-17,5.989999771118164
2023-11-20,6.150000095367432
2023-11-21,6.019999980926514
2023-11-22,6.190000057220459
2023-11-24,6.039999961853027
2023-11-27,6.039999961853027
2023-11-28,6.309999942779541
2023-11-29,6.539999961853027
2023-11-30,6.630000114440918
2023-12-01,6.949999809265137
2023-12-04,7.170000076293945
2023-12-05,7.300000190734863
2023-12-06,7.369999885559082
2023-12-07,7.46999979019165
2023-12-08,7.659999847412109
2023-12-11,7.579999923706055
2023-12-12,7.539999961853027
2023-12-13,7.809999942779541
2023-12-14,8.180000305175781
2023-12-15,7.840000152587891
2023-12-18,7.5
2023-12-19,7.309999942779541
2023-12-20,7.360000133514404
2023-12-21,7.320000171661377
2023-12-22,7.360000133514404
2023-12-26,7.21999979019165
2023-12-27,7.340000152587891
2023-12-28,7.03000020980835
2023-12-29,6.940000057220459
2024-01-02,6.96999979019165
2024-01-03,7.090000152587891
2024-01-04,6.769999980926514
2024-01-05,8.739999771118164
2024-01-08,9.25
2024-01-09,8.770000457763672
2024-01-10,8.619999885559082
2024-01-11,8.180000305175781
2024-01-12,8.270000457763672
2024-01-16,7.960000038146973
2024-01-17,7.900000095367432
2024-01-18,8.329999923706055
2024-01-19,8.800000190734863
2024-01-22,9.0600004196167
2024-01-23,9.319999694824219
2024-01-24,9.430000305175781
2024-01-25,9.539999961853027
2024-01-26,9.649999618530273
2024-01-29,9.84000015258789
2024-01-30,9.619999885559082
2024-01-31,9.930000305175781
2024-02-01,9.84000015258789
2024-02-02,9.729999542236328
2024-02-05,9.670000076293945
2024-02-06,9.869999885559082
2024-02-07,9.930000305175781
2024-02-08,9.920000076293945
2024-02-09,10.050000190734863
2024-02-12,10.0600004196167
2024-02-13,9.770000457763672
2024-02-14,10.100000381469727
2024-02-15,10.5
2024-02-16,10.649999618530273
2024-02-20,10.5
2024-02-21,10.529999732971191
2024-02-22,10.550000190734863
2024-02-23,10.649999618530273
2024-02-26,10.600000381469727
2024-02-27,10.829999923706055
2024-02-28,10.6899995803833
2024-02-29,10.710000038146973
2024-03-01,10.760000228881836
2024-03-04,10.829999923706055
2024-03-05,9.899999618530273
2024-03-06,9.3100004196167
2024-03-07,9.149999618530273
2024-03-08,9.279999732971191
2024-03-11,8.819999694824219
2024-03-12,8.470000267028809
2024-03-13,8.34000015258789
2024-03-14,8.0600004196167
2024-03-15,7.849999904632568
2024-03-18,7.880000114440918
2024-03-19,7.800000190734863
2024-03-20,7.820000171661377
2024-03-21,7.880000114440918
2024-03-22,7.710000038146973
2024-03-25,7.480000019073486
2024-03-26,7.599999904632568
2024-03-27,7.800000190734863
2024-03-28,8.109999656677246
2024-04-01,8.109999656677246
2024-04-02,7.849999904632568
2024-04-03,8.0600004196167
2024-04-04,8.25
2024-04-05,7.909999847412109
2024-04-08,7.980000019073486
2024-04-09,8.079999923706055
2024-04-10,7.860000133514404
2024-04-11,7.619999885559082
2024-04-12,7.28000020980835
2024-04-15,7.239999771118164
2024-04-16,7.130000114440918
2024-04-17,7.150000095367432
2024-04-18,6.949999809265137
2024-04-19,6.599999904632568
2024-04-22,6.869999885559082
2024-04-23,7.150000095367432
2024-04-24,6.980000019073486
2024-04-25,6.869999885559082
2024-04-26,6.699999809265137
2024-04-29,6.869999885559082
2024-04-30,6.659999847412109
2024-05-01,6.769999980926514
2024-05-02,7.079999923706055
2024-05-03,6.179999828338623
2024-05-06,6.010000228881836
2024-05-07,6.0
2024-05-08,6.079999923706055
2024-05-09,6.079999923706055
2024-05-10,6.0
2024-05-13,5.900000095367432
2024-05-14,5.929999828338623
2024-05-15,6.03000020980835
2024-05-16,6.059999942779541
2024-05-17,6.079999923706055
2024-05-20,6.320000171661377
2024-05-21,6.199999809265137
2024-05-22,6.210000038146973
2024-05-23,6.210000038146973
2024-05-24,6.28000020980835
2024-05-28,6.739999771118164
2024-05-29,6.78000020980835
2024-05-30,7.03000020980835
2024-05-31,7.099999904632568
2024-06-03,6.900000095367432
2024-06-04,6.880000114440918
2024-06-05,7.03000020980835
2024-06-06,7.099999904632568
2024-06-07,7.199999809265137
2024-06-10,7.019999980926514
2024-06-11,7.46999979019165
2024-06-12,8.220000267028809
2024-06-13,8.109999656677246
2024-06-14,7.75
2024-06-17,7.590000152587891
2024-06-18,7.400000095367432
2024-06-20,7.090000152587891
2024-06-21,7.039999961853027
2024-06-24,7.260000228881836
2024-06-25,7.300000190734863
2024-06-26,7.650000095367432
2024-06-27,7.53000020980835
2024-06-28,7.349999904632568
2024-07-01,8.069999694824219
2024-07-02,7.650000095367432
2024-07-03,7.659999847412109
2024-07-05,7.710000038146973
2024-07-08,7.78000020980835
2024-07-09,7.71999979019165
2024-07-10,7.829999923706055
2024-07-11,8.460000038146973
2024-07-12,8.529999732971191
2024-07-15,8.84000015258789
2024-07-16,9.329999923706055
2024-07-17,9.479999542236328
2024-07-18,9.539999961853027
2024-07-19,9.300000190734863
2024-07-22,9.359999656677246
2024-07-23,9.550000190734863
2024-07-24,9.569999694824219
2024-07-25,9.600000381469727
2024-07-26,9.619999885559082
2024-07-29,9.210000038146973
2024-07-30,9.119999885559082
2024-07-31,9.0
2024-08-01,8.949999809265137
2024-08-02,8.180000305175781
2024-08-05,7.860000133514404
2024-08-06,7.929999828338623
2024-08-07,8.109999656677246
2024-08-08,10.859999656677246
2024-08-09,11.149999618530273
2024-08-12,11.420000076293945
2024-08-13,11.369999885559082
2024-08-14,11.350000381469727
2024-08-15,11.279999732971191
2024-08-16,11.760000228881836
2024-08-19,12.3100004196167
2024-08-20,12.569999694824219
2024-08-21,13.020000457763672
2024-08-22,13.029999732971191
2024-08-23,12.680000305175781
2024-08-26,12.729999542236328
2024-08-27,12.859999656677246
2024-08-28,12.710000038146973
2024-08-29,13.199999809265137
2024-08-30,13.1899995803833
2024-09-03,13.329999923706055
2024-09-04,13.270000457763672
2024-09-05,13.260000228881836
2024-09-06,13.350000381469727
2024-09-09,13.229999542236328
2024-09-10,13.25
2024-09-11,13.420000076293945
2024-09-12,13.789999961853027
2024-09-13,13.8100004196167
2024-09-16,14.5
2024-09-17,14.880000114440918
2024-09-18,15.079999923706055
2024-09-19,15.050000190734863
2024-09-20,14.65999984741211
2024-09-23,14.260000228881836
2024-09-24,14.460000038146973
2024-09-25,14.4399995803833
2024-09-26,14.479999542236328
2024-09-27,14.0600004196167
2024-09-30,14.199999809265137
2024-10-01,14.359999656677246
2024-10-02,14.390000343322754
2024-10-03,14.100000381469727
2024-10-04,13.8100004196167
2024-10-07,13.989999771118164
2024-10-08,13.930000305175781
2024-10-09,13.770000457763672
2024-10-10,13.680000305175781
2024-10-11,15.020000457763672
2024-10-14,14.890000343322754
2024-10-15,14.649999618530273
2024-10-16,15.229999542236328
2024-10-17,14.430000305175781
2024-10-18,13.550000190734863
2024-10-21,13.180000305175781
2024-10-22,13.350000381469727
2024-10-23,13.329999923706055
2024-10-24,13.430000305175781
2024-10-25,13.720000267028809
2024-10-28,14.029999732971191
2024-10-29,14.050000190734863
2024-10-30,14.569999694824219
2024-10-31,14.489999771118164
2024-11-01,14.239999771118164
2024-11-04,14.75
2024-11-05,15.369999885559082
2024-11-06,15.899999618530273
2024-11-07,14.930000305175781
2024-11-08,13.369999885559082
2024-11-11,14.170000076293945
2024-11-12,14.149999618530273
2024-11-13,13.380000114440918
2024-11-14,12.649999618530273
2024-11-15,12.680000305175781
2024-11-18,13.010000228881836
2024-11-19,12.899999618530273
2024-11-20,12.979999542236328
2024-11-21,13.1899995803833
2024-11-22,13.399999618530273
2024-11-25,13.729999542236328
2024-11-26,13.710000038146973
2024-11-27,14.109999656677246
2024-11-29,14.199999809265137
2024-12-02,14.59000015258789
2024-12-03,14.640000343322754
2024-12-04,14.859999656677246
2024-12-05,14.920000076293945
2024-12-06,14.979999542236328
2024-12-09,15.25
2024-12-10,15.100000381469727
2024-12-11,15.029999732971191
2024-12-12,15.0
2024-12-13,14.319999694824219
2024-12-16,14.619999885559082
2024-12-17,14.800000190734863
2024-12-18,14.930000305175781
2024-12-19,14.890000343322754
2024-12-20,15.890000343322754
2024-12-23,17.229999542236328
2024-12-24,17.09000015258789
2024-12-26,17.209999084472656
2024-12-27,16.809999465942383
2024-12-30,16.65999984741211
2024-12-31,16.760000228881836
2025-01-02,17.139999389648438
2025-01-03,16.600000381469727
2025-01-06,16.18000030517578
2025-01-07,14.850000381469727
2025-01-08,15.279999732971191
2025-01-10,18.399999618530273
2025-01-13,18.489999771118164
2025-01-14,18.43000030517578
2025-01-15,18.75
2025-01-16,18.959999084472656
2025-01-17,18.68000030517578
2025-01-21,19.0
2025-01-22,19.030000686645508
2025-01-23,19.059999465942383
2025-01-24,18.709999084472656
2025-01-27,18.34000015258789
2025-01-28,18.6299991607666
2025-01-29,18.75
2025-01-30,18.75
2025-01-31,18.739999771118164
2025-02-03,18.549999237060547
2025-02-04,18.399999618530273
2025-02-05,18.90999984741211
2025-02-06,19.18000030517578
2025-02-07,18.540000915527344
2025-02-10,18.0
2025-02-11,17.829999923706055
2025-02-12,17.969999313354492
2025-02-13,18.139999389648438
2025-02-14,18.420000076293945
2025-02-18,18.479999542236328
2025-02-19,18.799999237060547
2025-02-20,18.760000228881836
2025-02-21,19.190000534057617
2025-02-24,18.610000610351562
2025-02-25,21.0
2025-02-26,20.68000030517578
2025-02-27,19.639999389648438
2025-02-28,20.059999465942383
2025-03-03,20.389999389648438
2025-03-04,19.079999923706055
2025-03-05,18.719999313354492
2025-03-06,18.399999618530273
2025-03-07,18.280000686645508
2025-03-10,17.559999465942383
2025-03-11,17.610000610351562
2025-03-12,17.649999618530273
2025-03-13,17.649999618530273
2025-03-14,18.0
2025-03-17,18.43000030517578
2025-03-18,18.06999969482422
2025-03-19,17.899999618530273
2025-03-20,18.290000915527344
2025-03-21,18.229999542236328
2025-03-24,18.559999465942383
2025-03-25,19.40999984741211
2025-03-26,19.450000762939453
2025-03-27,19.329999923706055
2025-03-28,19.15999984741211
2025-03-31,18.670000076293945
2025-04-01,18.6299991607666
2025-04-02,17.940000534057617
2025-04-03,17.280000686645508
2025-04-04,16.610000610351562
2025-04-07,17.200000762939453
2025-04-08,17.31999969482422
2025-04-09,17.170000076293945
2025-04-10,16.65999984741211
2025-04-11,16.219999313354492
2025-04-14,16.280000686645508
2025-04-15,16.309999465942383
2025-04-16,15.739999771118164
2025-04-17,15.800000190734863
2025-04-21,15.479999542236328
2025-04-22,15.649999618530273
2025-04-23,16.280000686645508
2025-04-24,16.43000030517578
2025-04-25,16.549999237060547
2025-04-28,16.6299991607666
2025-04-29,16.530000686645508
2025-04-30,16.43000030517578
2025-05-01,17.260000228881836
2025-05-02,17.170000076293945
2025-05-05,17.1200008392334
2025-05-06,16.690000534057617
2025-05-07,16.799999237060547
2025-05-08,13.920000076293945
2025-05-09,12.9399995803833
2025-05-12,11.90999984741211
2025-05-13,11.5
2025-05-14,11.949999809265137
2025-05-15,12.0
2025-05-16,12.109999656677246
2025-05-19,11.829999923706055
2025-05-20,11.8100004196167
2025-05-21,11.819999694824219
2025-05-22,11.489999771118164
2025-05-23,11.239999771118164
2025-05-27,11.579999923706055
2025-05-28,11.350000381469727
2025-05-29,11.149999618530273
2025-05-30,11.010000228881836
2025-06-02,11.149999618530273
2025-06-03,11.460000038146973
2025-06-04,11.470000267028809
2025-06-05,11.050000190734863
2025-06-06,11.239999771118164
2025-06-09,11.039999961853027
2025-06-10,10.859999656677246
2025-06-11,10.789999961853027
2025-06-12,10.279999732971191
2025-06-13,10.0
2025-06-16,9.979999542236328
2025-06-17,9.720000267028809
2025-06-18,9.600000381469727
2025-06-20,9.930000305175781
2025-06-23,9.800000190734863
2025-06-24,10.399999618530273
2025-06-25,10.329999923706055
2025-06-26,10.739999771118164
2025-06-27,10.619999885559082
2025-06-30,11.109999656677246
2025-07-01,11.109999656677246
2025-07-02,11.1899995803833
2025-07-03,11.180000305175781
2025-07-07,11.40999984741211
2025-07-08,11.699999809265137
2025-07-09,11.90999984741211
2025-07-10,12.279999732971191
2025-07-11,12.220000267028809
2025-07-14,12.210000038146973
2025-07-15,12.210000038146973
2025-07-16,11.979999542236328
2025-07-17,11.960000038146973
2025-07-18,11.819999694824219
2025-07-21,11.770000457763672
2025-07-22,12.75
2025-07-23,13.649999618530273
2025-07-24,13.619999885559082
2025-07-25,13.640000343322754
2025-07-28,13.859999656677246
2025-07-29,14.390000343322754
2025-07-30,13.729999542236328
2025-07-31,13.899999618530273
2025-08-01,13.34000015258789
2025-08-04,12.930000305175781
2025-08-05,14.920000076293945
2025-08-06,14.4399995803833
2025-08-07,14.479999542236328
2025-08-08,14.489999771118164
2025-08-11,14.34000015258789
2025-08-12,14.329999923706055
2025-08-13,14.760000228881836
2025-08-14,14.949999809265137
2025-08-15,15.109999656677246
2025-08-18,15.539999961853027
2025-08-19,15.789999961853027
2025-08-20,15.680000305175781
2025-08-21,15.920000076293945
2025-08-22,16.450000762939453
2025-08-25,15.0
2025-08-26,16.239999771118164
2025-08-27,16.290000915527344
2025-08-28,16.540000915527344
2025-08-29,16.469999313354492
2025-09-02,16.260000228881836
2025-09-03,15.619999885559082
2025-09-04,15.819999694824219
2025-09-05,16.020000457763672
2025-09-08,16.350000381469727
2025-09-09,16.459999084472656
2025-09-10,16.450000762939453
2025-09-11,17.0
2025-09-12,16.829999923706055
2025-09-15,16.559999465942383
2025-09-16,16.790000915527344
2025-09-17,17.1200008392334
2025-09-18,17.329999923706055
2025-09-19,17.5
2025-09-22,17.799999237060547
2025-09-23,17.959999084472656
2025-09-24,17.579999923706055
2025-09-25,17.40999984741211
2025-09-26,17.260000228881836
2025-09-29,17.299999237060547
2025-09-30,17.93000030517578
2025-10-01,17.950000762939453
2025-10-02,18.040000915527344
2025-10-03,18.639999389648438
2025-10-06,18.040000915527344
2025-10-07,17.5
2025-10-08,17.309999465942383
2025-10-09,17.260000228881836
2025-10-10,16.489999771118164
2025-10-13,16.350000381469727
2025-10-14,16.06999969482422
2025-10-15,16.43000030517578
2025-10-16,17.100000381469727
2025-10-17,16.780000686645508
2025-10-20,17.170000076293945
2025-10-21,17.770000457763672
2025-10-22,18.059999465942383
2025-10-23,18.09000015258789
2025-10-24,18.350000381469727
2025-10-27,18.239999771118164
2025-10-28,18.110000610351562
2025-10-29,22.950000762939453
2025-10-30,23.139999389648438
2025-10-31,22.989999771118164
2025-11-03,23.420000076293945
2025-11-04,23.829999923706055
2025-11-05,24.25
2025-11-06,24.059999465942383
2025-11-07,24.170000076293945
2025-11-10,24.100000381469727
2025-11-11,24.920000076293945
2025-11-12,24.6299991607666
2025-11-13,24.190000534057617
2025-11-14,24.190000534057617
2025-11-17,24.040000915527344
2025-11-18,24.260000228881836
2025-11-19,25.829999923706055
2025-11-20,26.610000610351562
2025-11-21,27.690000534057617
2025-11-24,28.920000076293945
2025-11-25,28.739999771118164
2025-11-26,28.719999313354492
2025-11-28,28.989999771118164
2025-12-01,29.31999969482422
2025-12-02,28.760000228881836
2025-12-03,28.75
2025-12-04,34.2400016784668
2025-12-05,33.91999816894531
2025-12-08,33.13999938964844
2025-12-09,31.649999618530273
2025-12-10,31.25
2025-12-11,30.280000686645508
2025-12-12,30.760000228881836
2025-12-15,30.540000915527344
2025-12-16,30.040000915527344
2025-12-17,31.729999542236328
2025-12-18,32.77000045776367
2025-12-19,32.56999969482422
2025-12-22,33.150001525878906
2025-12-23,33.0099983215332
2025-12-24,33.119998931884766
2025-12-26,33.0
2025-12-29,33.540000915527344
2025-12-30,33.84000015258789
2025-12-31,33.34000015258789
2026-01-02,32.880001068115234
2026-01-05,31.8799991607666
2026-01-06,32.470001220703125
2026-01-07,33.720001220703125
2026-01-08,34.709999084472656
2026-01-09,34.52000045776367
2026-01-12,33.619998931884766
2026-01-13,31.75
2026-01-14,31.25
2026-01-15,32.060001373291016
2026-01-16,31.649999618530273
2026-01-20,31.979999542236328
2026-01-21,33.56999969482422
2026-01-22,33.25
2026-01-23,33.0099983215332
2026-01-26,34.9900016784668
2026-01-27,35.5
2026-01-28,34.790000915527344
2026-01-29,34.45000076293945
2026-01-30,35.09000015258789
2026-02-02,36.0
2026-02-03,35.93000030517578
2026-02-04,35.400001525878906
2026-02-05,35.36000061035156
2026-02-06,35.650001525878906
2026-02-09,35.04999923706055
2026-02-10,34.900001525878906
2026-02-11,34.7400016784668
2026-02-12,34.58000183105469
2026-02-13,34.189998626708984
2026-02-17,35.4900016784668
2026-02-18,35.65999984741211
2026-02-19,35.88999938964844
2026-02-20,35.79999923706055
2026-02-23,35.88999938964844
2026-02-24,35.25
2026-02-25,32.45000076293945
2026-02-26,32.099998474121094
2026-02-27,31.790000915527344
2026-03-02,31.3700008392334
2026-03-03,30.520000457763672
2026-03-04,30.489999771118164
2026-03-05,29.219999313354492
2026-03-06,29.5
2026-03-09,29.489999771118164
2026-03-10,30.739999771118164
2026-03-11,32.290000915527344
2026-03-12,32.75
2026-03-13,33.880001068115234
2026-03-16,34.220001220703125
2026-03-17,33.34000015258789
2026-03-18,32.7599983215332
2026-03-19,31.610000610351562
2026-03-20,31.469999313354492
2026-03-23,32.0
2026-03-24,32.939998626708984
2026-03-25,33.59000015258789
2026-03-26,33.400001525878906
2026-03-27,32.0
