Date,close
2000-01-03,5.053229808807373
2000-01-04,4.888702392578125
2000-01-05,4.876952648162842
2000-01-06,4.888702392578125
2000-01-07,4.900454044342041
2000-01-10,4.888702392578125
2000-01-11,4.853447437286377
2000-01-12,4.79469108581543
2000-01-13,4.888702392578125
2000-01-14,4.677176475524902
2000-01-18,4.700676441192627
2000-01-19,4.3833818435668945
2000-01-20,4.113090991973877
2000-01-21,4.124845504760742
2000-01-24,4.15422248840332
2000-01-25,4.183603286743164
2000-01-26,4.1953558921813965
2000-01-27,4.301119804382324
2000-01-28,4.336764335632324
2000-01-31,4.336764335632324
2000-02-01,4.396169185638428
2000-02-02,4.396169185638428
2000-02-03,4.4674601554870605
2000-02-04,4.396169185638428
2000-02-07,4.188243865966797
2000-02-08,4.146658420562744
2000-02-09,3.9684360027313232
2000-02-10,3.861501693725586
2000-02-11,3.8377392292022705
2000-02-14,3.897146463394165
2000-02-15,3.8258554935455322
2000-02-16,3.8258554935455322
2000-02-17,3.885266065597534
2000-02-18,3.8139753341674805
2000-02-22,3.730804920196533
2000-02-23,3.6773386001586914
2000-02-24,3.6357526779174805
2000-02-25,3.600107431411743
2000-02-28,3.766450881958008
2000-02-29,3.611989974975586
2000-03-01,3.683278799057007
2000-03-02,3.552582025527954
2000-03-03,3.7783308029174805
2000-03-06,3.8020946979522705
2000-03-07,3.790213108062744
2000-03-08,3.742687225341797
2000-03-09,3.6357526779174805
2000-03-10,3.564465045928955
2000-03-13,3.3862411975860596
2000-03-14,3.374359130859375
2000-03-15,3.730804920196533
2000-03-16,3.7545676231384277
2000-03-17,3.9209084510803223
2000-03-20,3.683278799057007
2000-03-21,3.8020946979522705
2000-03-22,3.897146463394165
2000-03-23,3.7070417404174805
2000-03-24,3.718923807144165
2000-03-27,3.6713972091674805
2000-03-28,3.4575307369232178
2000-03-29,3.481294870376587
2000-03-30,3.4337666034698486
2000-03-31,3.4337666034698486
2000-04-03,3.588226318359375
2000-04-04,3.623870849609375
2000-04-05,3.6713972091674805
2000-04-06,3.6357526779174805
2000-04-07,3.600107431411743
2000-04-10,3.5288169384002686
2000-04-11,3.718923807144165
2000-04-12,3.9327902793884277
2000-04-13,3.885266065597534
2000-04-14,3.730804920196533
2000-04-17,3.7070417404174805
2000-04-18,3.742687225341797
2000-04-19,3.885266065597534
2000-04-20,3.861501693725586
2000-04-24,3.861501693725586
2000-04-25,3.897146463394165
2000-04-26,3.897146463394165
2000-04-27,3.8971474170684814
2000-04-28,3.9091763496398926
2000-05-01,3.9091763496398926
2000-05-02,3.849034309387207
2000-05-03,3.824977159500122
2000-05-04,3.7407801151275635
2000-05-05,3.7648370265960693
2000-05-08,3.7407801151275635
2000-05-09,3.6445541381835938
2000-05-10,3.6565823554992676
2000-05-11,3.7528088092803955
2000-05-12,3.6445541381835938
2000-05-15,3.6806397438049316
2000-05-16,3.6565823554992676
2000-05-17,3.5844132900238037
2000-05-18,3.536298990249634
2000-05-19,3.5122435092926025
2000-05-22,3.560356616973877
2000-05-23,3.4761600494384766
2000-05-24,3.632524251937866
2000-05-25,3.4761600494384766
2000-05-26,3.488187551498413
2000-05-30,3.824977159500122
2000-05-31,3.8009207248687744
2000-06-01,3.7407801151275635
2000-06-02,3.7888925075531006
2000-06-05,3.7888925075531006
2000-06-06,3.632524251937866
2000-06-07,3.596440315246582
2000-06-08,3.608471155166626
2000-06-09,3.560356616973877
2000-06-12,3.5483286380767822
2000-06-13,3.500215530395508
2000-06-14,3.488187551498413
2000-06-15,3.572383403778076
2000-06-16,3.6565823554992676
2000-06-19,3.6806397438049316
2000-06-20,3.608471155166626
2000-06-21,3.596440315246582
2000-06-22,3.4521021842956543
2000-06-23,3.494201421737671
2000-06-26,3.560356616973877
2000-06-27,3.488187551498413
2000-06-28,3.560356616973877
2000-06-29,3.5844132900238037
2000-06-30,3.5483286380767822
2000-07-03,3.608471155166626
2000-07-05,3.596440315246582
2000-07-06,3.6565823554992676
2000-07-07,3.6445541381835938
2000-07-10,3.668610095977783
2000-07-11,3.776864767074585
2000-07-12,3.921203851699829
2000-07-13,3.9332311153411865
2000-07-14,3.7888925075531006
2000-07-17,3.873090982437134
2000-07-18,3.8610622882843018
2000-07-19,3.9091763496398926
2000-07-20,4.1136555671691895
2000-07-21,4.197852611541748
2000-07-24,4.318134784698486
2000-07-25,4.330162048339844
2000-07-26,4.3061065673828125
2000-07-27,4.402332782745361
2000-07-28,4.42665433883667
2000-07-31,4.499621391296387
2000-08-01,4.463138103485107
2000-08-02,4.463138103485107
2000-08-03,4.475298881530762
2000-08-04,4.499621391296387
2000-08-07,4.52394437789917
2000-08-08,4.5482683181762695
2000-08-09,4.560429096221924
2000-08-10,4.5482683181762695
2000-08-11,4.584751129150391
2000-08-14,4.5969109535217285
2000-08-15,4.66987943649292
2000-08-16,4.730682849884033
2000-08-17,4.827973365783691
2000-08-18,4.925259590148926
2000-08-21,4.986067771911621
2000-08-22,5.010389804840088
2000-08-23,5.034712314605713
2000-08-24,5.192806720733643
2000-08-25,5.180644512176514
2000-08-28,5.168483734130859
2000-08-29,5.119837760925293
2000-08-30,5.107680320739746
2000-08-31,5.132001876831055
2000-09-01,5.119837760925293
2000-09-05,5.132001876831055
2000-09-06,5.156324863433838
2000-09-07,5.144161224365234
2000-09-08,5.2292914390563965
2000-09-11,5.436029434204102
2000-09-12,5.460351943969727
2000-09-13,5.496834754943848
2000-09-14,5.48467493057251
2000-09-15,5.545480728149414
2000-09-18,5.4481916427612305
2000-09-19,5.399545669555664
2000-09-20,5.277934551239014
2000-09-21,5.107680320739746
2000-09-22,5.277934551239014
2000-09-25,5.338740348815918
2000-09-26,5.338740348815918
2000-09-27,5.399545669555664
2000-09-28,5.521156311035156
2000-09-29,5.618442535400391
2000-10-02,5.48467493057251
2000-10-03,5.545480728149414
2000-10-04,5.48467493057251
2000-10-05,5.496834754943848
2000-10-06,5.521156311035156
2000-10-09,5.460351943969727
2000-10-10,5.3873820304870605
2000-10-11,5.363062381744385
2000-10-12,5.265771865844727
2000-10-13,5.314416885375977
2000-10-16,5.277934551239014
2000-10-17,5.204967498779297
2000-10-18,5.2292914390563965
2000-10-19,5.290096282958984
2000-10-20,5.265771865844727
2000-10-23,5.253612518310547
2000-10-24,5.132001876831055
2000-10-25,5.132001876831055
2000-10-26,5.119837760925293
2000-10-27,5.253612518310547
2000-10-30,5.314984321594238
2000-10-31,5.499107837677002
2000-11-01,5.4868340492248535
2000-11-02,5.535933971405029
2000-11-03,5.548209190368652
2000-11-06,5.474558353424072
2000-11-07,5.462283611297607
2000-11-08,5.560481071472168
2000-11-09,5.425458908081055
2000-11-10,5.548209190368652
2000-11-13,5.462283611297607
2000-11-14,5.523656368255615
2000-11-15,5.535933971405029
2000-11-16,5.4868340492248535
2000-11-17,5.548209190368652
2000-11-20,5.560481071472168
2000-11-21,5.523656368255615
2000-11-22,5.437732696533203
2000-11-24,5.462283611297607
2000-11-27,5.585031986236572
2000-11-28,5.597309112548828
2000-11-29,5.781428813934326
2000-11-30,6.076023101806641
2000-12-01,6.076023101806641
2000-12-04,6.1619486808776855
2000-12-05,6.112846851348877
2000-12-06,5.89190149307251
2000-12-07,5.928723335266113
2000-12-08,6.223321437835693
2000-12-11,6.296971797943115
2000-12-12,6.137396335601807
2000-12-13,6.260144233703613
2000-12-14,6.260144233703613
2000-12-15,6.235596656799316
2000-12-18,6.309244632720947
2000-12-19,6.579287052154541
2000-12-20,6.579287052154541
2000-12-21,6.726590633392334
2000-12-22,6.824785232543945
2000-12-26,7.008906841278076
2000-12-27,7.340327739715576
2000-12-28,7.364878177642822
2000-12-29,7.217578887939453
2001-01-02,7.0948357582092285
2001-01-03,6.972082138061523
2001-01-04,6.935262203216553
2001-01-05,6.751138687133789
2001-01-08,6.616110801696777
2001-01-09,6.763411521911621
2001-01-10,6.837057590484619
2001-01-11,6.809444427490234
2001-01-12,6.8125104904174805
2001-01-16,6.824785232543945
2001-01-17,6.80023717880249
2001-01-18,6.787961483001709
2001-01-19,6.738864898681641
2001-01-22,6.702040672302246
2001-01-23,6.775688171386719
2001-01-24,6.910712718963623
2001-01-25,7.021179676055908
2001-01-26,7.266679286956787
2001-01-29,7.40170431137085
2001-01-30,7.475351333618164
2001-01-31,7.475351333618164
2001-02-01,7.586555480957031
2001-02-02,7.623619079589844
2001-02-05,7.895452499389648
2001-02-06,7.710114479064941
2001-02-07,8.105501174926758
2001-02-08,8.24141788482666
2001-02-09,8.253774642944336
2001-02-12,8.278489112854004
2001-02-13,8.315553665161133
2001-02-14,8.24141788482666
2001-02-15,8.191996574401855
2001-02-16,7.9572343826293945
2001-02-20,7.920165538787842
2001-02-21,7.63598108291626
2001-02-22,7.462993621826172
2001-02-23,7.710114479064941
2001-02-26,7.796605110168457
2001-02-27,7.82131290435791
2001-02-28,7.747176170349121
2001-03-01,7.747176170349121
2001-03-02,7.796605110168457
2001-03-05,7.722471714019775
2001-03-06,7.796605110168457
2001-03-07,7.722471714019775
2001-03-08,7.734830379486084
2001-03-09,7.759537696838379
2001-03-12,7.759537696838379
2001-03-13,8.068435668945312
2001-03-14,7.694667816162109
2001-03-15,7.747176170349121
2001-03-16,7.920165538787842
2001-03-19,7.932519912719727
2001-03-20,7.9572343826293945
2001-03-21,7.642156600952148
2001-03-22,7.5742011070251465
2001-03-23,7.889277458190918
2001-03-26,8.065960884094238
2001-03-27,8.115391731262207
2001-03-28,8.362510681152344
2001-03-29,8.421815872192383
2001-03-30,8.599742889404297
2001-04-02,8.718358039855957
2001-04-03,8.739116668701172
2001-04-04,8.691671371459961
2001-04-05,8.881461143493652
2001-04-06,8.789527893066406
2001-04-09,8.979316711425781
2001-04-10,9.103861808776855
2001-04-11,8.997106552124023
2001-04-12,8.943731307983398
2001-04-16,8.706496238708496
2001-04-17,8.733187675476074
2001-04-18,9.014904022216797
2001-04-19,9.163178443908691
2001-04-20,9.112760543823242
2001-04-23,9.189861297607422
2001-04-24,9.225449562072754
2001-04-25,9.480473518371582
2001-04-26,9.670256614685059
2001-04-27,9.741432189941406
2001-04-30,10.008318901062012
2001-05-01,9.937151908874512
2001-05-02,9.981632232666016
2001-05-03,9.99952507019043
2001-05-04,9.913020133972168
2001-05-07,10.089024543762207
2001-05-08,10.109907150268555
2001-05-09,10.083064079284668
2001-05-10,10.142723083496094
2001-05-11,10.02041244506836
2001-05-14,10.05919361114502
2001-05-15,9.904065132141113
2001-05-16,10.008480072021484
2001-05-17,9.904065132141113
2001-05-18,9.904065132141113
2001-05-21,9.918984413146973
2001-05-22,9.844404220581055
2001-05-23,9.790705680847168
2001-05-24,9.823529243469238
2001-05-25,9.805619239807129
2001-05-29,9.769829750061035
2001-05-30,9.88318920135498
2001-05-31,9.856338500976562
2001-06-01,9.868270874023438
2001-06-04,9.874238014221191
2001-06-05,10.172550201416016
2001-06-06,10.065159797668457
2001-06-07,10.184490203857422
2001-06-08,10.190449714660645
2001-06-11,10.276959419250488
2001-06-12,10.336629867553711
2001-06-13,10.408226013183594
2001-06-14,10.309778213500977
2001-06-15,10.327677726745605
2001-06-18,10.536497116088867
2001-06-19,10.873594284057617
2001-06-20,10.995905876159668
2001-06-21,11.055569648742676
2001-06-22,11.124181747436523
2001-06-25,10.81095027923584
2001-06-26,11.00783634185791
2001-06-27,10.879563331604004
2001-06-28,10.927289009094238
2001-06-29,11.231571197509766
2001-07-02,11.070476531982422
2001-07-03,11.034685134887695
2001-07-05,10.903425216674805
2001-07-06,10.903425216674805
2001-07-09,10.855698585510254
2001-07-10,10.9481782913208
2001-07-11,11.082411766052246
2001-07-12,11.571650505065918
2001-07-13,11.822240829467773
2001-07-16,11.658163070678711
2001-07-17,11.950510025024414
2001-07-18,12.120550155639648
2001-07-19,12.013158798217773
2001-07-20,11.980339050292969
2001-07-23,11.986309051513672
2001-07-24,11.893832206726074
2001-07-25,12.111600875854492
2001-07-26,12.3174409866333
2001-07-27,12.371134757995605
2001-07-30,12.484496116638184
2001-07-31,12.687356948852539
2001-08-01,12.645585060119629
2001-08-02,12.507706642150879
2001-08-03,12.504714965820312
2001-08-06,12.513705253601074
2001-08-07,12.74449634552002
2001-08-08,12.813435554504395
2001-08-09,13.011260032653809
2001-08-10,13.062211036682129
2001-08-13,13.415888786315918
2001-08-14,13.565754890441895
2001-08-15,13.78756332397461
2001-08-16,14.102272033691406
2001-08-17,13.934425354003906
2001-08-20,13.826518058776855
2001-08-21,14.039328575134277
2001-08-22,13.916441917419434
2001-08-23,13.337955474853516
2001-08-24,11.65648365020752
2001-08-27,11.066015243530273
2001-08-28,11.59653091430664
2001-08-29,11.323783874511719
2001-08-30,11.350756645202637
2001-08-31,11.128955841064453
2001-09-04,10.92214298248291
2001-09-05,10.070907592773438
2001-09-06,9.980993270874023
2001-09-07,9.980993270874023
2001-09-10,9.885076522827148
2001-09-17,9.980993270874023
2001-09-18,10.349654197692871
2001-09-19,9.825128555297852
2001-09-20,9.366545677185059
2001-09-21,8.596242904663086
2001-09-24,9.054825782775879
2001-09-25,9.198699951171875
2001-09-26,9.40551471710205
2001-09-27,9.936029434204102
2001-09-28,10.435086250305176
2001-10-01,10.81274127960205
2001-10-02,11.388218879699707
2001-10-03,11.990681648254395
2001-10-04,11.262336730957031
2001-10-05,11.397215843200684
2001-10-08,11.127458572387695
2001-10-09,11.44217300415039
2001-10-10,11.689449310302734
2001-10-11,11.595027923583984
2001-10-12,11.783867835998535
2001-10-15,12.228960990905762
2001-10-16,12.772972106933594
2001-10-17,11.666970252990723
2001-10-18,11.172419548034668
2001-10-19,11.0375394821167
2001-10-22,11.176913261413574
2001-10-23,11.25334358215332
2001-10-24,11.464658737182617
2001-10-25,11.622014045715332
2001-10-26,11.734405517578125
2001-10-29,11.3567533493042
2001-10-30,11.271329879760742
2001-10-31,11.271329879760742
2001-11-01,11.140107154846191
2001-11-02,10.97269344329834
2001-11-05,11.35729694366455
2001-11-06,11.583541870117188
2001-11-07,11.43874454498291
2001-11-08,11.271332740783691
2001-11-09,11.434220314025879
2001-11-12,11.447796821594238
2001-11-13,11.3256254196167
2001-11-14,11.36182689666748
2001-11-15,11.470420837402344
2001-11-16,11.447796821594238
2001-11-19,11.334677696228027
2001-11-20,11.049607276916504
2001-11-21,10.841468811035156
2001-11-23,10.927444458007812
2001-11-26,10.782648086547852
2001-11-27,10.411611557006836
2001-11-28,10.474958419799805
2001-11-29,10.642374038696289
2001-11-30,10.36184024810791
2001-12-03,10.388985633850098
2001-12-04,10.529254913330078
2001-12-05,10.551877975463867
2001-12-06,10.438763618469238
2001-12-07,10.592605590820312
2001-12-10,10.470436096191406
2001-12-11,10.398039817810059
2001-12-12,10.33920955657959
2001-12-13,10.330162048339844
2001-12-14,10.303017616271973
2001-12-17,10.411611557006836
2001-12-18,10.321114540100098
2001-12-19,10.33920955657959
2001-12-20,10.248723030090332
2001-12-21,9.877678871154785
2001-12-24,10.090346336364746
2001-12-26,10.16274642944336
2001-12-27,10.226090431213379
2001-12-28,10.253242492675781
2001-12-31,10.348262786865234
2002-01-02,10.438763618469238
2002-01-03,10.7871732711792
2002-01-04,10.941017150878906
2002-01-07,10.79169750213623
2002-01-08,10.764544486999512
2002-01-09,11.153681755065918
2002-01-10,11.312053680419922
2002-01-11,11.180830001831055
2002-01-14,10.868611335754395
2002-01-15,11.112956047058105
2002-01-16,11.026985168457031
2002-01-17,11.244180679321289
2002-01-18,11.221549987792969
2002-01-22,11.321101188659668
2002-01-23,12.280355453491211
2002-01-24,12.429680824279785
2002-01-25,12.33013916015625
2002-01-28,12.275835037231445
2002-01-29,12.180819511413574
2002-01-30,12.626898765563965
2002-01-31,12.535858154296875
2002-02-01,12.558619499206543
2002-02-04,12.230891227722168
2002-02-05,12.33558177947998
2002-02-06,12.262754440307617
2002-02-07,12.353780746459961
2002-02-08,12.645109176635742
2002-02-11,12.868146896362305
2002-02-12,12.89090347290039
2002-02-13,12.981942176818848
2002-02-14,12.986493110656738
2002-02-15,12.940978050231934
2002-02-19,12.786212921142578
2002-02-20,13.082085609436035
2002-02-21,12.704277992248535
2002-02-22,12.722489356994629
2002-02-25,12.881800651550293
2002-02-26,12.931873321533203
2002-02-27,13.063874244689941
2002-02-28,13.35519790649414
2002-03-01,13.405272483825684
2002-03-04,13.409826278686523
2002-03-05,13.377962112426758
2002-03-06,13.496306419372559
2002-03-07,13.2869234085083
2002-03-08,12.772558212280273
2002-03-11,12.717937469482422
2002-03-12,12.695178985595703
2002-03-13,12.645109176635742
2002-03-14,12.636004447937012
2002-03-15,12.93642807006836
2002-03-18,12.986493110656738
2002-03-19,12.804422378540039
2002-03-20,12.554068565368652
2002-03-21,12.563175201416016
2002-03-22,12.6724214553833
2002-03-25,12.294611930847168
2002-03-26,12.280956268310547
2002-03-27,12.704277992248535
2002-03-28,12.585932731628418
2002-04-01,12.513100624084473
2002-04-02,12.481240272521973
2002-04-03,12.412959098815918
2002-04-04,12.654207229614258
2002-04-05,12.631454467773438
2002-04-08,12.790767669677734
2002-04-09,12.717937469482422
2002-04-10,12.950087547302246
2002-04-11,12.904560089111328
2002-04-12,13.38706111907959
2002-04-15,13.195879936218262
2002-04-16,13.48720932006836
2002-04-17,13.291472434997559
2002-04-18,13.232301712036133
2002-04-19,13.423474311828613
2002-04-22,12.986493110656738
2002-04-23,12.981942176818848
2002-04-24,13.10939884185791
2002-04-25,13.396159172058105
2002-04-26,13.38706111907959
2002-04-29,13.519970893859863
2002-04-30,13.593297004699707
2002-05-01,13.519970893859863
2002-05-02,13.607047080993652
2002-05-03,13.790367126464844
2002-05-06,13.602463722229004
2002-05-07,13.684962272644043
2002-05-08,13.501641273498535
2002-05-09,13.804120063781738
2002-05-10,13.538302421569824
2002-05-13,13.565802574157715
2002-05-14,13.65288257598877
2002-05-15,13.625380516052246
2002-05-16,13.602463722229004
2002-05-17,13.65288257598877
2002-05-20,13.565802574157715
2002-05-21,13.414559364318848
2002-05-22,13.28623104095459
2002-05-23,13.29082202911377
2002-05-24,13.015836715698242
2002-05-28,12.786685943603516
2002-05-29,12.873760223388672
2002-05-30,12.937928199768066
2002-05-31,13.020418167114258
2002-06-03,12.832517623901367
2002-06-04,12.507121086120605
2002-06-05,12.534614562988281
2002-06-06,12.232131958007812
2002-06-07,12.534614562988281
2002-06-10,12.397123336791992
2002-06-11,12.204643249511719
2002-06-12,11.957159042358398
2002-06-13,11.540095329284668
2002-06-14,12.287130355834961
2002-06-17,12.800435066223145
2002-06-18,12.71794319152832
2002-06-19,12.695026397705078
2002-06-20,12.78210163116455
2002-06-21,12.520869255065918
2002-06-24,12.250473022460938
2002-06-25,12.145059585571289
2002-06-26,12.172557830810547
2002-06-27,11.943402290344238
2002-06-28,12.22754955291748
2002-07-01,12.649194717407227
2002-07-02,12.22754955291748
2002-07-03,11.938819885253906
2002-07-05,12.31463623046875
2002-07-08,12.511700630187988
2002-07-09,12.328378677368164
2002-07-10,12.18172550201416
2002-07-11,12.21380615234375
2002-07-12,12.245882987976074
2002-07-15,12.218381881713867
2002-07-16,12.60794448852539
2002-07-17,12.56669807434082
2002-07-18,11.82424259185791
2002-07-19,11.911319732666016
2002-07-22,12.030486106872559
2002-07-23,11.361358642578125
2002-07-24,12.067152976989746
2002-07-25,12.29629898071289
2002-07-26,12.374211311340332
2002-07-29,13.185403823852539
2002-07-30,12.9975004196167
2002-07-31,13.199159622192383
2002-08-01,12.936098098754883
2002-08-02,12.696109771728516
2002-08-05,12.520739555358887
2002-08-06,13.153006553649902
2002-08-07,13.605283737182617
2002-08-08,14.265242576599121
2002-08-09,14.279094696044922
2002-08-12,14.385232925415039
2002-08-13,14.048336029052734
2002-08-14,14.657522201538086
2002-08-15,14.385232925415039
2002-08-16,14.408309936523438
2002-08-19,14.759056091308594
2002-08-20,14.385232925415039
2002-08-21,14.514459609985352
2002-08-22,14.362163543701172
2002-08-23,14.020649909973145
2002-08-26,14.329852104187012
2002-08-27,14.325239181518555
2002-08-28,14.306778907775879
2002-08-29,14.652910232543945
2002-08-30,14.403703689575195
2002-09-03,13.92834186553955
2002-09-04,14.145251274108887
2002-09-05,13.979110717773438
2002-09-06,14.325239181518555
2002-09-09,14.00680160522461
2002-09-10,13.522214889526367
2002-09-11,13.356071472167969
2002-09-12,12.737648010253906
2002-09-13,12.991486549377441
2002-09-16,12.945328712463379
2002-09-17,12.81148910522461
2002-09-18,12.742262840270996
2002-09-19,12.469969749450684
2002-09-20,12.926863670349121
2002-09-23,12.760722160339355
2002-09-24,12.566889762878418
2002-09-25,12.765342712402344
2002-09-26,13.116087913513184
2002-09-27,12.945328712463379
2002-09-30,13.000710487365723
2002-10-01,13.480677604675293
2002-10-02,12.954565048217773
2002-10-03,12.46074104309082
2002-10-04,12.17460823059082
2002-10-07,11.606951713562012
2002-10-08,11.976158142089844
2002-10-09,11.653103828430176
2002-10-10,12.086921691894531
2002-10-11,12.719182968139648
2002-10-14,13.213006019592285
2002-10-15,13.397602081298828
2002-10-16,13.406839370727539
2002-10-17,13.743736267089844
2002-10-18,13.785273551940918
2002-10-21,13.743736267089844
2002-10-22,13.688353538513184
2002-10-23,13.822199821472168
2002-10-24,13.531437873840332
2002-10-25,13.845264434814453
2002-10-28,12.945328712463379
2002-10-29,13.268386840820312
2002-10-30,13.328383445739746
2002-10-31,13.41145133972168
2002-11-01,13.708868980407715
2002-11-04,13.34640121459961
2002-11-05,13.527626991271973
2002-11-06,13.304564476013184
2002-11-07,12.821271896362305
2002-11-08,12.751568794250488
2002-11-11,12.351923942565918
2002-11-12,12.616800308227539
2002-11-13,12.67721176147461
2002-11-14,13.090811729431152
2002-11-15,13.16980266571045
2002-11-18,12.923513412475586
2002-11-19,12.960684776306152
2002-11-20,13.183746337890625
2002-11-21,13.476508140563965
2002-11-22,13.546217918395996
2002-11-25,13.430037498474121
2002-11-26,13.118688583374023
2002-11-27,13.197680473327637
2002-11-29,12.956038475036621
2002-12-02,12.867745399475098
2002-12-03,12.612152099609375
2002-12-04,12.835210800170898
2002-12-05,12.779450416564941
2002-12-06,13.10009479522705
2002-12-09,12.932802200317383
2002-12-10,13.267389297485352
2002-12-11,13.290632247924805
2002-12-12,13.225569725036621
2002-12-13,13.151219367980957
2002-12-16,13.383573532104492
2002-12-17,13.481159210205078
2002-12-18,13.197680473327637
2002-12-19,13.17445182800293
2002-12-20,13.708868980407715
2002-12-23,13.578746795654297
2002-12-24,13.481159210205078
2002-12-26,13.383573532104492
2002-12-27,13.304564476013184
2002-12-30,13.476508140563965
2002-12-31,13.420748710632324
2003-01-02,13.708868980407715
2003-01-03,13.62056827545166
2003-01-06,13.862210273742676
2003-01-07,13.778573989868164
2003-01-08,13.439334869384766
2003-01-09,13.606637001037598
2003-01-10,13.44398021697998
2003-01-13,13.448629379272461
2003-01-14,13.47186279296875
2003-01-15,13.383573532104492
2003-01-16,13.383573532104492
2003-01-17,13.341743469238281
2003-01-21,13.220918655395508
2003-01-22,13.313863754272461
2003-01-23,13.592691421508789
2003-01-24,13.504393577575684
2003-01-27,13.564802169799805
2003-01-28,13.583394050598145
2003-01-29,13.727453231811523
2003-01-30,13.591535568237305
2003-01-31,13.835250854492188
2003-02-03,13.882113456726074
2003-02-04,13.825878143310547
2003-02-05,13.694646835327148
2003-02-06,13.802438735961914
2003-02-07,13.71338939666748
2003-02-10,13.928977966308594
2003-02-11,13.872740745544434
2003-02-12,13.736823081970215
2003-02-13,13.643091201782227
2003-02-14,13.708708763122559
2003-02-18,13.910229682922363
2003-02-19,13.779008865356445
2003-02-20,13.610289573669434
2003-02-21,13.708708763122559
2003-02-24,13.446253776550293
2003-02-25,13.521236419677734
2003-02-26,13.249405860900879
2003-02-27,13.390005111694336
2003-02-28,13.4087553024292
2003-03-03,13.28689956665039
2003-03-04,13.207221984863281
2003-03-05,13.258785247802734
2003-03-06,13.174412727355957
2003-03-07,13.310325622558594
2003-03-10,13.024443626403809
2003-03-11,12.888526916503906
2003-03-12,12.855720520019531
2003-03-13,13.263468742370605
2003-03-14,13.165042877197266
2003-03-17,13.469680786132812
2003-03-18,13.427501678466797
2003-03-19,13.516544342041016
2003-03-20,13.64777946472168
2003-03-21,14.0274019241333
2003-03-24,13.76494312286377
2003-03-25,13.835250854492188
2003-03-26,13.793066024780273
2003-03-27,13.825878143310547
2003-03-28,13.989911079406738
2003-03-31,13.966483116149902
2003-04-01,13.886804580688477
2003-04-02,14.271117210388184
2003-04-03,14.332038879394531
2003-04-04,14.678858757019043
2003-04-07,14.753849983215332
2003-04-08,14.739787101745605
2003-04-09,14.669485092163086
2003-04-10,14.781963348388672
2003-04-11,14.786656379699707
2003-04-14,14.922571182250977
2003-04-15,15.12409782409668
2003-04-16,15.419363021850586
2003-04-17,15.288134574890137
2003-04-21,15.569342613220215
2003-04-22,15.864608764648438
2003-04-23,16.038007736206055
2003-04-24,15.883352279663086
2003-04-25,15.873981475830078
2003-04-28,16.0098934173584
2003-04-29,16.202054977416992
2003-04-30,16.27235221862793
2003-05-01,16.262907028198242
2003-05-02,16.58418846130371
2003-05-05,16.574739456176758
2003-05-06,16.603099822998047
2003-05-07,16.489688873291016
2003-05-08,16.475513458251953
2003-05-09,16.65978240966797
2003-05-12,16.555845260620117
2003-05-13,16.588916778564453
2003-05-14,16.631437301635742
2003-05-15,16.669239044189453
2003-05-16,16.62198829650879
2003-05-19,16.536937713623047
2003-05-20,16.669239044189453
2003-05-21,16.48024559020996
2003-05-22,16.7889347076416
2003-05-23,16.738536834716797
2003-05-27,16.79523468017578
2003-05-28,16.946435928344727
2003-05-29,17.255115509033203
2003-05-30,17.45041275024414
2003-06-02,17.362207412719727
2003-06-03,17.41261100769043
2003-06-04,17.51340675354004
2003-06-05,17.78429412841797
2003-06-06,17.777996063232422
2003-06-09,17.362207412719727
2003-06-10,17.551212310791016
2003-06-11,17.828397750854492
2003-06-12,18.16229248046875
2003-06-13,17.79690170288086
2003-06-16,17.979597091674805
2003-06-17,17.822105407714844
2003-06-18,17.76540184020996
2003-06-19,17.229917526245117
2003-06-20,17.324417114257812
2003-06-23,17.192121505737305
2003-06-24,17.08502769470215
2003-06-25,17.519702911376953
2003-06-26,17.072423934936523
2003-06-27,18.319782257080078
2003-06-30,18.326086044311523
2003-07-01,18.307188034057617
2003-07-02,19.05055809020996
2003-07-03,19.302553176879883
2003-07-07,19.460041046142578
2003-07-08,20.083721160888672
2003-07-09,19.89472770690918
2003-07-10,19.80022621154785
2003-07-11,20.102628707885742
2003-07-14,20.644393920898438
2003-07-15,20.442806243896484
2003-07-16,19.667932510375977
2003-07-17,19.516725540161133
2003-07-18,19.523035049438477
2003-07-21,19.4852352142334
2003-07-22,19.277347564697266
2003-07-23,19.21434783935547
2003-07-24,19.094648361206055
2003-07-25,19.23326301574707
2003-07-28,19.258453369140625
2003-07-29,19.208051681518555
2003-07-30,19.056867599487305
2003-07-31,18.836374282836914
2003-08-01,18.328472137451172
2003-08-04,18.391965866088867
2003-08-05,18.423696517944336
2003-08-06,18.72844696044922
2003-08-07,18.93158721923828
2003-08-08,19.280771255493164
2003-08-11,19.255369186401367
2003-08-12,19.2998104095459
2003-08-13,19.249032974243164
2003-08-14,19.477582931518555
2003-08-15,19.712467193603516
2003-08-18,19.763259887695312
2003-08-19,19.66802215576172
2003-08-20,19.57915496826172
2003-08-21,19.57915496826172
2003-08-22,19.509323120117188
2003-08-25,19.560110092163086
2003-08-26,19.420438766479492
2003-08-27,19.26807403564453
2003-08-28,19.39504623413086
2003-08-29,19.528358459472656
2003-09-02,19.66802215576172
2003-09-03,19.737869262695312
2003-09-04,19.731525421142578
2003-09-05,19.61724281311035
2003-09-08,19.655336380004883
2003-09-09,19.718826293945312
2003-09-10,19.26807403564453
2003-09-11,19.20458984375
2003-09-12,19.553756713867188
2003-09-15,19.636287689208984
2003-09-16,20.08704948425293
2003-09-17,19.966419219970703
2003-09-18,20.34099006652832
2003-09-19,20.31559181213379
2003-09-22,20.30290412902832
2003-09-23,21.077428817749023
2003-09-24,20.633020401000977
2003-09-25,20.283855438232422
2003-09-26,20.207666397094727
2003-09-29,20.099750518798828
2003-09-30,20.004507064819336
2003-10-01,20.258466720581055
2003-10-02,20.25210952758789
2003-10-03,20.37908363342285
2003-10-06,20.683813095092773
2003-10-07,20.8234920501709
2003-10-08,20.785400390625
2003-10-09,20.537792205810547
2003-10-10,20.537792205810547
2003-10-13,20.912370681762695
2003-10-14,21.058378219604492
2003-10-15,20.89966583251953
2003-10-16,21.19171142578125
2003-10-17,20.588584899902344
2003-10-20,20.829835891723633
2003-10-21,21.045679092407227
2003-10-22,20.817136764526367
2003-10-23,21.598003387451172
2003-10-24,21.769426345825195
2003-10-27,22.461435317993164
2003-10-28,22.645530700683594
2003-10-29,22.543962478637695
2003-10-30,22.728065490722656
2003-10-31,22.982023239135742
2003-11-03,23.10899543762207
2003-11-04,23.134387969970703
2003-11-05,23.82002830505371
2003-11-06,23.858125686645508
2003-11-07,23.870908737182617
2003-11-10,23.468273162841797
2003-11-11,23.308483123779297
2003-11-12,23.538572311401367
2003-11-13,23.32766342163086
2003-11-14,23.647207260131836
2003-11-17,23.34044647216797
2003-11-18,23.008100509643555
2003-11-19,23.103981018066406
2003-11-20,22.752456665039062
2003-11-21,22.93140411376953
2003-11-24,23.32766342163086
2003-11-25,24.14573097229004
2003-11-26,24.695362091064453
2003-11-28,24.829580307006836
2003-12-01,25.02131462097168
2003-12-02,25.091617584228516
2003-12-03,24.695362091064453
2003-12-04,24.47166633605957
2003-12-05,24.190460205078125
2003-12-08,24.5100154876709
2003-12-09,24.030685424804688
2003-12-10,23.570524215698242
2003-12-11,23.647207260131836
2003-12-12,23.7750301361084
2003-12-15,23.685562133789062
2003-12-16,23.845348358154297
2003-12-17,24.088199615478516
2003-12-18,24.113765716552734
2003-12-19,23.934812545776367
2003-12-22,23.685562133789062
2003-12-23,23.838953018188477
2003-12-24,23.902862548828125
2003-12-26,24.030685424804688
2003-12-29,24.260772705078125
2003-12-30,24.254377365112305
2003-12-31,24.31828498840332
2004-01-02,23.95399284362793
2004-01-05,23.838953018188477
2004-01-06,24.030685424804688
2004-01-07,24.030685424804688
2004-01-08,24.15850257873535
2004-01-09,24.08181381225586
2004-01-12,24.32468032836914
2004-01-13,24.35662841796875
2004-01-14,25.18108558654785
2004-01-15,25.360036849975586
2004-01-16,25.54538345336914
2004-01-20,25.62847328186035
2004-01-21,25.928857803344727
2004-01-22,25.801036834716797
2004-01-23,26.21645736694336
2004-01-26,26.529624938964844
2004-01-27,26.401803970336914
2004-01-28,25.839385986328125
2004-01-29,25.626998901367188
2004-01-30,26.54730987548828
2004-02-02,26.740367889404297
2004-02-03,26.70819854736328
2004-02-04,26.2126407623291
2004-02-05,26.064632415771484
2004-02-06,27.004236221313477
2004-02-09,27.0428466796875
2004-02-10,27.261672973632812
2004-02-11,27.930973052978516
2004-02-12,27.89236831665039
2004-02-13,27.911672592163086
2004-02-17,28.426530838012695
2004-02-18,28.531658172607422
2004-02-19,28.480154037475586
2004-02-20,28.317136764526367
2004-02-23,28.317136764526367
2004-02-24,28.8148250579834
2004-02-25,28.76332664489746
2004-02-26,28.96070098876953
2004-02-27,30.136289596557617
2004-03-01,29.90460968017578
2004-03-02,28.36004066467285
2004-03-03,28.076862335205078
2004-03-04,27.673553466796875
2004-03-05,28.36004066467285
2004-03-08,28.61746597290039
2004-03-09,28.394363403320312
2004-03-10,28.12834358215332
2004-03-11,27.58774757385254
2004-03-12,27.930973052978516
2004-03-15,27.33031463623047
2004-03-16,27.459022521972656
2004-03-17,27.476181030273438
2004-03-18,27.49335479736328
2004-03-19,27.30455780029297
2004-03-22,27.287412643432617
2004-03-23,27.716466903686523
2004-03-24,27.501928329467773
2004-03-25,27.9395694732666
2004-03-26,28.5230655670166
2004-03-29,28.8148250579834
2004-03-30,29.08940315246582
2004-03-31,29.415496826171875
2004-04-01,29.269615173339844
2004-04-02,27.141521453857422
2004-04-05,26.626686096191406
2004-04-06,27.115800857543945
2004-04-07,27.16727638244629
2004-04-08,26.600942611694336
2004-04-12,25.974525451660156
2004-04-13,25.185070037841797
2004-04-14,24.498607635498047
2004-04-15,24.859010696411133
2004-04-16,25.313785552978516
2004-04-19,25.51974105834961
2004-04-20,24.859010696411133
2004-04-21,22.550731658935547
2004-04-22,22.816743850708008
2004-04-23,22.50782585144043
2004-04-26,22.267559051513672
2004-04-27,22.17316246032715
2004-04-28,21.409469604492188
2004-04-29,21.47013282775879
2004-04-30,21.730180740356445
2004-05-03,21.68683433532715
2004-05-04,21.80818748474121
2004-05-05,22.449594497680664
2004-05-06,21.582820892333984
2004-05-07,20.9154052734375
2004-05-10,19.762582778930664
2004-05-11,20.62936019897461
2004-05-12,19.979276657104492
2004-05-13,20.768047332763672
2004-05-14,20.456005096435547
2004-05-17,19.493879318237305
2004-05-18,19.528549194335938
2004-05-19,19.216514587402344
2004-05-20,18.791784286499023
2004-05-21,19.138486862182617
2004-05-24,19.554555892944336
2004-05-25,19.762582778930664
2004-05-26,20.247982025146484
2004-05-27,20.82872200012207
2004-05-28,20.29998779296875
2004-06-01,20.057283401489258
2004-06-02,20.00527000427246
2004-06-03,19.329187393188477
2004-06-04,19.12983512878418
2004-06-07,19.441869735717773
2004-06-08,19.389873504638672
2004-06-09,19.069150924682617
2004-06-10,18.47109031677246
2004-06-14,17.292259216308594
2004-06-15,17.49162483215332
2004-06-16,17.248926162719727
2004-06-17,16.9282169342041
2004-06-18,16.867536544799805
2004-06-21,16.988895416259766
2004-06-22,16.642173767089844
2004-06-23,17.74298095703125
2004-06-24,18.202381134033203
2004-06-25,17.664974212646484
2004-06-28,16.9282169342041
2004-06-29,16.91954803466797
2004-06-30,17.014894485473633
2004-07-01,16.668182373046875
2004-07-02,16.312795639038086
2004-07-06,16.070100784301758
2004-07-07,15.853404998779297
2004-07-08,15.75805950164795
2004-07-09,15.662714958190918
2004-07-12,15.87940788269043
2004-07-13,15.645373344421387
2004-07-14,15.81873607635498
2004-07-15,15.853404998779297
2004-07-16,15.524029731750488
2004-07-19,15.498022079467773
2004-07-20,15.645373344421387
2004-07-21,16.000761032104492
2004-07-22,15.931419372558594
2004-07-23,16.044090270996094
2004-07-26,16.46882438659668
2004-07-27,16.81552505493164
2004-07-28,16.63350486755371
2004-07-29,16.884862899780273
2004-07-30,16.67684555053711
2004-08-02,16.72885513305664
2004-08-03,16.570775985717773
2004-08-04,16.720073699951172
2004-08-05,16.72885513305664
2004-08-06,17.009864807128906
2004-08-09,17.150375366210938
2004-08-10,17.1240234375
2004-08-11,17.387468338012695
2004-08-12,17.211837768554688
2004-08-13,17.18549346923828
2004-08-16,17.299650192260742
2004-08-17,17.46649932861328
2004-08-18,17.905576705932617
2004-08-19,17.747512817382812
2004-08-20,17.861677169799805
2004-08-23,17.563106536865234
2004-08-24,17.80898666381836
2004-08-25,18.30952262878418
2004-08-26,18.36222267150879
2004-08-27,18.397348403930664
2004-08-30,18.239273071289062
2004-08-31,18.748607635498047
2004-09-01,19.10865020751953
2004-09-02,19.319406509399414
2004-09-03,19.319406509399414
2004-09-07,19.205249786376953
2004-09-08,18.959362030029297
2004-09-09,18.880334854125977
2004-09-10,18.950578689575195
2004-09-13,19.178911209106445
2004-09-14,19.134992599487305
2004-09-15,18.792510986328125
2004-09-16,19.24915885925293
2004-09-17,18.985719680786133
2004-09-20,18.564193725585938
2004-09-21,18.36222267150879
2004-09-22,17.800193786621094
2004-09-23,17.72116470336914
2004-09-24,17.659690856933594
2004-09-27,17.238183975219727
2004-09-28,17.598222732543945
2004-09-29,17.817764282226562
2004-09-30,18.03729820251465
2004-10-01,18.063644409179688
2004-10-04,18.107559204101562
2004-10-05,18.265623092651367
2004-10-06,18.265623092651367
2004-10-07,18.16023826599121
2004-10-08,18.019739151000977
2004-10-11,18.34465789794922
2004-10-12,18.48516273498535
2004-10-13,18.256837844848633
2004-10-14,17.65091896057129
2004-10-15,17.571889877319336
2004-10-18,18.03729820251465
2004-10-19,17.870452880859375
2004-10-20,16.570775985717773
2004-10-21,16.061452865600586
2004-10-22,15.885823249816895
2004-10-25,15.850690841674805
2004-10-26,15.93851375579834
2004-10-27,16.298561096191406
2004-10-28,16.369768142700195
2004-10-29,16.34306526184082
2004-11-01,16.191736221313477
2004-11-02,16.236242294311523
2004-11-03,16.369768142700195
2004-11-04,16.708024978637695
2004-11-05,16.34306526184082
2004-11-08,16.289657592773438
2004-11-09,16.227346420288086
2004-11-10,16.494386672973633
2004-11-11,16.619009017944336
2004-11-12,17.11748504638672
2004-11-15,17.02847671508789
2004-11-16,17.197599411010742
2004-11-17,17.33113670349121
2004-11-18,17.224315643310547
2004-11-19,17.144193649291992
2004-11-22,17.313318252563477
2004-11-23,17.27772331237793
2004-11-24,17.224315643310547
2004-11-26,17.224315643310547
2004-11-29,17.731691360473633
2004-11-30,17.607072830200195
2004-12-01,17.802907943725586
2004-12-02,17.802907943725586
2004-12-03,17.500253677368164
2004-12-06,17.33113670349121
2004-12-07,17.179800033569336
2004-12-08,17.384540557861328
2004-12-09,17.731691360473633
2004-12-10,17.811811447143555
2004-12-13,18.06104278564453
2004-12-14,18.203462600708008
2004-12-15,17.802907943725586
2004-12-16,17.802907943725586
2004-12-17,17.963125228881836
2004-12-20,17.75839614868164
2004-12-21,17.491352081298828
2004-12-22,17.660470962524414
2004-12-23,17.75839614868164
2004-12-27,17.75839614868164
2004-12-28,17.847410202026367
2004-12-29,18.016529083251953
2004-12-30,18.488306045532227
2004-12-31,18.310283660888672
2005-01-03,18.15895652770996
2005-01-04,17.91861915588379
2005-01-05,17.259906768798828
2005-01-06,16.983963012695312
2005-01-07,16.690216064453125
2005-01-10,16.574504852294922
2005-01-11,16.690216064453125
2005-01-12,16.494386672973633
2005-01-13,16.254045486450195
2005-01-14,16.111621856689453
2005-01-18,16.35196876525879
2005-01-19,16.262958526611328
2005-01-20,16.040416717529297
2005-01-21,15.99591064453125
2005-01-24,16.058216094970703
2005-01-25,16.004806518554688
2005-01-26,16.262958526611328
2005-01-27,16.254045486450195
2005-01-28,15.844575881958008
2005-01-31,15.871293067932129
2005-02-01,16.20954704284668
2005-02-02,16.06513214111328
2005-02-03,16.083189010620117
2005-02-04,15.695101737976074
2005-02-07,16.1553897857666
2005-02-08,16.44420623779297
2005-02-09,16.029033660888672
2005-02-10,16.05611228942871
2005-02-11,16.25467300415039
2005-02-14,16.227588653564453
2005-02-15,16.308822631835938
2005-02-16,16.335895538330078
2005-02-17,16.200511932373047
2005-02-18,15.974882125854492
2005-02-22,16.164405822753906
2005-02-23,16.426145553588867
2005-02-24,16.561527252197266
2005-02-25,16.642763137817383
2005-02-28,16.570560455322266
2005-03-01,16.480302810668945
2005-03-02,16.245651245117188
2005-03-03,16.218570709228516
2005-03-04,17.048898696899414
2005-03-07,17.355762481689453
2005-03-08,17.57236671447754
2005-03-09,17.112075805664062
2005-03-10,17.175254821777344
2005-03-11,16.91351890563965
2005-03-14,17.1301326751709
2005-03-15,16.922550201416016
2005-03-16,16.81423568725586
2005-03-17,16.91351890563965
2005-03-18,16.62470817565918
2005-03-21,16.471281051635742
2005-03-22,16.37199592590332
2005-03-23,16.41712760925293
2005-03-24,16.335895538330078
2005-03-28,16.173437118530273
2005-03-29,16.137332916259766
2005-03-30,16.480302810668945
2005-03-31,16.390047073364258
2005-04-01,16.263696670532227
2005-04-04,16.552507400512695
2005-04-05,16.218570709228516
2005-04-06,16.353954315185547
2005-04-07,16.290761947631836
2005-04-08,16.1553897857666
2005-04-11,16.128318786621094
2005-04-12,16.31784439086914
2005-04-13,16.119295120239258
2005-04-14,16.0019588470459
2005-04-15,15.812421798706055
2005-04-18,15.920726776123047
2005-04-19,15.965858459472656
2005-04-20,16.010984420776367
2005-04-21,16.245651245117188
2005-04-22,16.1553897857666
2005-04-25,16.362972259521484
2005-04-26,16.20954704284668
2005-04-27,16.25467300415039
2005-04-28,15.897720336914062
2005-04-29,16.19975471496582
2005-05-02,16.291275024414062
2005-05-03,16.080774307250977
2005-05-04,16.291275024414062
2005-05-05,16.300432205200195
2005-05-06,16.071619033813477
2005-05-09,16.071619033813477
2005-05-10,16.03500747680664
2005-05-11,16.163148880004883
2005-05-12,16.03500747680664
2005-05-13,16.03500747680664
2005-05-16,16.117380142211914
2005-05-17,16.309585571289062
2005-05-18,16.620763778686523
2005-05-19,16.43772315979004
2005-05-20,16.748899459838867
2005-05-23,16.97771644592285
2005-05-24,16.95024871826172
2005-05-25,16.648225784301758
2005-05-26,16.66652488708496
2005-05-27,16.941097259521484
2005-05-31,16.675683975219727
2005-06-01,16.611608505249023
2005-06-02,16.44687271118164
2005-06-03,16.391944885253906
2005-06-06,16.254667282104492
2005-06-07,15.970940589904785
2005-06-08,16.007551193237305
2005-06-09,15.85196304321289
2005-06-10,16.025854110717773
2005-06-13,16.06246566772461
2005-06-14,16.153995513916016
2005-06-15,16.272974014282227
2005-06-16,16.410255432128906
2005-06-17,16.52008056640625
2005-06-20,16.51093101501465
2005-06-21,16.629919052124023
2005-06-22,16.712289810180664
2005-06-23,16.483484268188477
2005-06-24,16.456018447875977
2005-06-27,16.410255432128906
2005-06-28,16.43772315979004
2005-06-29,16.593307495117188
2005-06-30,16.58416175842285
2005-07-01,16.812969207763672
2005-07-05,16.886188507080078
2005-07-06,16.886188507080078
2005-07-07,16.840423583984375
2005-07-08,16.904491424560547
2005-07-11,16.89533805847168
2005-07-12,16.89533805847168
2005-07-13,16.95024871826172
2005-07-14,17.060089111328125
2005-07-15,16.858728408813477
2005-07-18,16.877037048339844
2005-07-19,16.602458953857422
2005-07-20,16.675683975219727
2005-07-21,16.410255432128906
2005-07-22,16.52008056640625
2005-07-25,16.748899459838867
2005-07-26,17.34380340576172
2005-07-27,17.114994049072266
2005-07-28,17.152109146118164
2005-07-29,17.03151512145996
2005-08-01,17.133544921875
2005-08-02,16.994401931762695
2005-08-03,16.827430725097656
2005-08-04,16.604793548583984
2005-08-05,16.512022018432617
2005-08-08,16.372880935668945
2005-08-09,16.539859771728516
2005-08-10,16.521303176879883
2005-08-11,16.54912757873535
2005-08-12,16.57696533203125
2005-08-15,16.688278198242188
2005-08-16,16.50275421142578
2005-08-17,16.512022018432617
2005-08-18,16.54912757873535
2005-08-19,16.743932723999023
2005-08-22,16.66044807434082
2005-08-23,16.623342514038086
2005-08-24,16.54912757873535
2005-08-25,16.55840301513672
2005-08-26,16.34505271911621
2005-08-29,16.391437530517578
2005-08-30,16.233734130859375
2005-08-31,16.307950973510742
2005-09-01,16.280122756958008
2005-09-02,16.28939437866211
2005-09-06,16.280122756958008
2005-09-07,16.150251388549805
2005-09-08,16.140972137451172
2005-09-09,16.178075790405273
2005-09-12,16.0945987701416
2005-09-13,16.029653549194336
2005-09-14,16.048194885253906
2005-09-15,16.05748748779297
2005-09-16,16.233734130859375
2005-09-19,15.955435752868652
2005-09-20,15.834845542907715
2005-09-21,15.55655288696289
2005-09-22,15.55655288696289
2005-09-23,15.445240020751953
2005-09-26,15.389581680297852
2005-09-27,14.981415748596191
2005-09-28,14.749513626098633
2005-09-29,15.111288070678711
2005-09-30,15.213324546813965
2005-10-03,15.204049110412598
2005-10-04,15.25043773651123
2005-10-05,15.176215171813965
2005-10-06,15.083457946777344
2005-10-07,15.278266906738281
2005-10-10,14.619627952575684
2005-10-11,14.740230560302734
2005-10-12,14.851546287536621
2005-10-13,15.157666206359863
2005-10-14,15.445240020751953
2005-10-17,15.463788986206055
2005-10-18,15.482344627380371
2005-10-19,15.491620063781738
2005-10-20,15.027801513671875
2005-10-21,15.074182510375977
2005-10-24,15.55655288696289
2005-10-25,15.306085586547852
2005-10-26,15.231882095336914
2005-10-27,15.176215171813965
2005-10-28,15.439998626708984
2005-10-31,15.232743263244629
2005-11-01,15.232743263244629
2005-11-02,15.421154975891113
2005-11-03,15.185647010803223
2005-11-04,15.213906288146973
2005-11-07,15.289261817932129
2005-11-08,15.213906288146973
2005-11-09,15.223326683044434
2005-11-10,15.43056583404541
2005-11-11,15.421154975891113
2005-11-14,15.326953887939453
2005-11-15,15.656665802001953
2005-11-16,15.779130935668945
2005-11-17,15.807385444641113
2005-11-18,15.920437812805176
2005-11-21,15.892169952392578
2005-11-22,16.061738967895508
2005-11-23,16.033475875854492
2005-11-25,16.05232048034668
2005-11-28,15.94869613647461
2005-11-29,15.958117485046387
2005-11-30,15.684927940368652
2005-12-01,15.722599983215332
2005-12-02,15.694339752197266
2005-12-05,15.628398895263672
2005-12-06,15.666080474853516
2005-12-07,15.590718269348145
2005-12-08,15.477675437927246
2005-12-09,15.543622016906738
2005-12-12,15.298687934875488
2005-12-13,15.30810832977295
2005-12-14,16.155942916870117
2005-12-15,16.11825942993164
2005-12-16,16.250152587890625
2005-12-19,16.080575942993164
2005-12-20,16.080575942993164
2005-12-21,16.033475875854492
2005-12-22,16.127676010131836
2005-12-23,16.061738967895508
2005-12-27,15.83564281463623
2005-12-28,15.845076560974121
2005-12-29,15.67549991607666
2005-12-30,15.562466621398926
2006-01-03,15.67549991607666
2006-01-04,15.920437812805176
2006-01-05,16.108840942382812
2006-01-06,16.014633178710938
2006-01-09,16.155942916870117
2006-01-10,16.165369033813477
2006-01-11,16.193622589111328
2006-01-12,16.108840942382812
2006-01-13,16.146522521972656
2006-01-17,15.901590347290039
2006-01-18,15.929851531982422
2006-01-19,15.892169952392578
2006-01-20,15.67549991607666
2006-01-23,15.67549991607666
2006-01-24,15.524776458740234
2006-01-25,15.967535972595215
2006-01-26,15.91101360321045
2006-01-27,16.137100219726562
2006-01-30,16.014633178710938
2006-01-31,16.07115936279297
2006-02-01,15.995797157287598
2006-02-02,15.833255767822266
2006-02-03,15.708959579467773
2006-02-06,15.909746170043945
2006-02-07,15.995793342590332
2006-02-08,16.100967407226562
2006-02-09,16.187021255493164
2006-02-10,16.110532760620117
2006-02-13,16.05315589904785
2006-02-14,16.349557876586914
2006-02-15,16.282625198364258
2006-02-16,16.38780975341797
2006-02-17,16.26350975036621
2006-02-21,16.04360008239746
2006-02-22,16.320873260498047
2006-02-23,16.139211654663086
2006-02-24,16.244386672973633
2006-02-27,16.244386672973633
2006-02-28,16.129650115966797
2006-03-01,16.435609817504883
2006-03-02,16.311317443847656
2006-03-03,16.23482322692871
2006-03-06,16.34000015258789
2006-03-07,16.25394630432129
2006-03-08,16.15833854675293
2006-03-09,16.14876937866211
2006-03-10,16.20614242553711
2006-03-13,16.61726188659668
2006-03-14,16.6842041015625
2006-03-15,17.171815872192383
2006-03-16,17.200502395629883
2006-03-17,16.8945369720459
2006-03-20,17.09532356262207
2006-03-21,16.999713897705078
2006-03-22,17.219623565673828
2006-03-23,17.05708122253418
2006-03-24,16.990156173706055
2006-03-27,17.02839469909668
2006-03-28,16.827617645263672
2006-03-29,16.74156379699707
2006-03-30,16.712881088256836
2006-03-31,16.75111961364746
2006-04-03,16.712881088256836
2006-04-04,16.760684967041016
2006-04-05,16.74156379699707
2006-04-06,16.827617645263672
2006-04-07,16.84674072265625
2006-04-10,16.85628890991211
2006-04-11,16.626834869384766
2006-04-12,16.05315589904785
2006-04-13,16.014917373657227
2006-04-17,15.938431739807129
2006-04-18,16.120088577270508
2006-04-19,15.871495246887207
2006-04-20,15.785451889038086
2006-04-21,15.785451889038086
2006-04-24,15.613350868225098
2006-04-25,15.823698997497559
2006-04-26,15.967110633850098
2006-04-27,16.04360008239746
2006-04-28,16.45473289489746
2006-05-01,16.244386672973633
2006-05-02,16.29218864440918
2006-05-03,16.350418090820312
2006-05-04,16.360111236572266
2006-05-05,16.457151412963867
2006-05-08,16.486268997192383
2006-05-09,16.631813049316406
2006-05-10,16.66092300415039
2006-05-11,16.52507209777832
2006-05-12,16.44744300842285
2006-05-15,16.573589324951172
2006-05-16,16.457151412963867
2006-05-17,16.263078689575195
2006-05-18,16.03019905090332
2006-05-19,16.08841896057129
2006-05-22,16.263078689575195
2006-05-23,16.08841896057129
2006-05-24,16.02049446105957
2006-05-25,16.19515609741211
2006-05-26,16.331008911132812
2006-05-30,16.02049446105957
2006-05-31,16.166044235229492
2006-06-01,16.350418090820312
2006-06-02,16.272794723510742
2006-06-05,16.117525100708008
2006-06-06,16.039897918701172
2006-06-07,16.05931282043457
2006-06-08,16.001083374023438
2006-06-09,16.136938095092773
2006-06-12,16.08841896057129
2006-06-13,15.913750648498535
2006-06-14,16.05931282043457
2006-06-15,16.360111236572266
2006-06-16,16.29218864440918
2006-06-19,15.894342422485352
2006-06-20,15.904053688049316
2006-06-21,15.80702018737793
2006-06-22,15.700286865234375
2006-06-23,15.583830833435059
2006-06-26,15.768203735351562
2006-06-27,15.700286865234375
2006-06-28,15.729393005371094
2006-06-29,16.010791778564453
2006-06-30,16.02049446105957
2006-07-03,16.204856872558594
2006-07-05,15.816722869873047
2006-07-06,15.913750648498535
2006-07-07,15.826417922973633
2006-07-10,16.069007873535156
2006-07-11,16.18545150756836
2006-07-12,16.08841896057129
2006-07-13,15.98167896270752
2006-07-14,16.02049446105957
2006-07-17,15.952570915222168
2006-07-18,16.039897918701172
2006-07-19,16.204856872558594
2006-07-20,16.282482147216797
2006-07-21,16.001083374023438
2006-07-24,16.08841896057129
2006-07-25,16.136938095092773
2006-07-26,15.962264060974121
2006-07-27,15.719679832458496
2006-07-28,15.904053688049316
2006-07-31,15.845829010009766
2006-08-01,15.739091873168945
2006-08-02,15.936203956604004
2006-08-03,15.926346778869629
2006-08-04,16.133312225341797
2006-08-07,16.00518798828125
2006-08-08,16.113590240478516
2006-08-09,15.98547649383545
2006-08-10,15.975617408752441
2006-08-11,16.00518798828125
2006-08-14,16.064319610595703
2006-08-15,16.24172019958496
2006-08-16,16.39940071105957
2006-08-17,16.576805114746094
2006-08-18,16.497957229614258
2006-08-21,16.26142692565918
2006-08-22,16.47825050354004
2006-08-23,16.2811336517334
2006-08-24,16.162874221801758
2006-08-25,16.01504135131836
2006-08-28,16.133312225341797
2006-08-29,15.98547649383545
2006-08-30,16.084033966064453
2006-08-31,16.172725677490234
2006-09-01,16.054468154907227
2006-09-05,16.123451232910156
2006-09-06,16.153018951416016
2006-09-07,16.153018951416016
2006-09-08,16.14316177368164
2006-09-11,16.113590240478516
2006-09-12,16.25157356262207
2006-09-13,16.30084991455078
2006-09-14,16.24172019958496
2006-09-15,16.34026527404785
2006-09-18,16.24172019958496
2006-09-19,16.25157356262207
2006-09-20,16.428964614868164
2006-09-21,16.350120544433594
2006-09-22,16.084033966064453
2006-09-25,16.29098892211914
2006-09-26,16.45853042602539
2006-09-27,16.34026527404785
2006-09-28,16.19243621826172
2006-09-29,16.14316177368164
2006-10-02,16.162874221801758
2006-10-03,16.162874221801758
2006-10-04,16.38954734802246
2006-10-05,16.5078125
2006-10-06,16.55708885192871
2006-10-09,16.606367111206055
2006-10-10,16.586658477783203
2006-10-11,16.5078125
2006-10-12,16.517667770385742
2006-10-13,16.497957229614258
2006-10-16,16.25157356262207
2006-10-17,16.29098892211914
2006-10-18,16.34026527404785
2006-10-19,16.172725677490234
2006-10-20,15.896775245666504
2006-10-23,15.955911636352539
2006-10-24,16.10373878479004
2006-10-25,16.00518798828125
2006-10-26,16.03475570678711
2006-10-27,15.995325088500977
2006-10-30,16.064319610595703
2006-10-31,16.113590240478516
2006-11-01,16.083572387695312
2006-11-02,15.973478317260742
2006-11-03,15.873394966125488
2006-11-06,15.863386154174805
2006-11-07,15.873394966125488
2006-11-08,16.053546905517578
2006-11-09,16.053546905517578
2006-11-10,16.09358024597168
2006-11-13,16.25371742248535
2006-11-14,16.233694076538086
2006-11-15,16.283740997314453
2006-11-16,16.363801956176758
2006-11-17,16.39382553100586
2006-11-20,16.423856735229492
2006-11-21,16.423856735229492
2006-11-22,16.43385887145996
2006-11-24,16.313762664794922
2006-11-27,16.21367835998535
2006-11-28,16.103586196899414
2006-11-29,16.193662643432617
2006-11-30,16.17365264892578
2006-12-01,16.193662643432617
2006-12-04,16.343795776367188
2006-12-05,16.493921279907227
2006-12-06,16.513935089111328
2006-12-07,16.413846969604492
2006-12-08,16.353801727294922
2006-12-11,16.383825302124023
2006-12-12,16.373817443847656
2006-12-13,16.323776245117188
2006-12-14,16.413846969604492
2006-12-15,16.403837203979492
2006-12-18,16.16364097595215
2006-12-19,16.143619537353516
2006-12-20,16.21367835998535
2006-12-21,16.133617401123047
2006-12-22,16.153627395629883
2006-12-26,16.243698120117188
2006-12-27,16.363801956176758
2006-12-28,16.293743133544922
2006-12-29,16.113590240478516
2007-01-03,16.21367835998535
2007-01-04,16.283740997314453
2007-01-05,16.25371742248535
2007-01-08,16.25371742248535
2007-01-09,16.363801956176758
2007-01-10,16.413846969604492
2007-01-11,16.493921279907227
2007-01-12,16.50392723083496
2007-01-16,16.423856735229492
2007-01-17,16.22368812561035
2007-01-18,16.283740997314453
2007-01-19,16.39382553100586
2007-01-22,16.423856735229492
2007-01-23,16.333782196044922
2007-01-24,16.56397819519043
2007-01-25,16.343795776367188
2007-01-26,16.413846969604492
2007-01-29,16.533945083618164
2007-01-30,16.493921279907227
2007-01-31,16.904254913330078
2007-02-01,17.17855453491211
2007-02-02,17.53411102294922
2007-02-05,17.19887351989746
2007-02-06,17.30045509338379
2007-02-07,17.330936431884766
2007-02-08,17.168392181396484
2007-02-09,17.026165008544922
2007-02-12,17.06679916381836
2007-02-13,17.31061553955078
2007-02-14,17.473155975341797
2007-02-15,17.473155975341797
2007-02-16,17.564584732055664
2007-02-20,17.615379333496094
2007-02-21,17.635696411132812
2007-02-22,17.493473052978516
2007-02-23,17.31061553955078
2007-02-26,17.168392181396484
2007-02-27,16.975378036499023
2007-02-28,17.005849838256836
2007-03-01,17.1887149810791
2007-03-02,17.03632926940918
2007-03-05,16.853469848632812
2007-03-06,17.03632926940918
2007-03-07,17.046489715576172
2007-03-08,17.209028244018555
2007-03-09,17.158231735229492
2007-03-12,17.19887351989746
2007-03-13,17.026165008544922
2007-03-14,17.01601219177246
2007-03-15,17.30045509338379
2007-03-16,17.36141014099121
2007-03-19,17.371562957763672
2007-03-20,17.523954391479492
2007-03-21,17.82870864868164
2007-03-22,17.849029541015625
2007-03-23,17.777915954589844
2007-03-26,17.71697425842285
2007-03-27,17.605220794677734
2007-03-28,17.554433822631836
2007-03-29,17.727127075195312
2007-03-30,17.869348526000977
2007-04-02,17.82870864868164
2007-04-03,17.97093963623047
2007-04-04,18.052215576171875
2007-04-05,18.072526931762695
2007-04-09,18.06237030029297
2007-04-10,17.777915954589844
2007-04-11,17.727127075195312
2007-04-12,17.68649673461914
2007-04-13,17.849029541015625
2007-04-16,18.184267044067383
2007-04-17,18.13347816467285
2007-04-18,18.194440841674805
2007-04-19,18.113161087036133
2007-04-20,18.08268928527832
2007-04-23,17.94046401977539
2007-04-24,17.94046401977539
2007-04-25,18.13347816467285
2007-04-26,17.92014503479004
2007-04-27,17.92014503479004
2007-04-30,17.737281799316406
2007-05-01,17.737281799316406
2007-05-02,17.994935989379883
2007-05-03,17.93310546875
2007-05-04,17.95372200012207
2007-05-07,17.93310546875
2007-05-08,18.128921508789062
2007-05-09,18.190765380859375
2007-05-10,18.02587127685547
2007-05-11,18.27322769165039
2007-05-14,17.95372200012207
2007-05-15,18.005252838134766
2007-05-16,18.046476364135742
2007-05-17,17.90219497680664
2007-05-18,17.922801971435547
2007-05-21,18.046476364135742
2007-05-22,18.108314514160156
2007-05-23,18.06709098815918
2007-05-24,17.984642028808594
2007-05-25,18.077402114868164
2007-05-29,18.087696075439453
2007-05-30,18.087696075439453
2007-05-31,18.01555824279785
2007-06-01,18.139240264892578
2007-06-04,18.355663299560547
2007-06-05,18.386587142944336
2007-06-06,18.448421478271484
2007-06-07,18.056787490844727
2007-06-08,18.365968704223633
2007-06-11,18.14954948425293
2007-06-12,18.036169052124023
2007-06-13,18.036169052124023
2007-06-14,18.170156478881836
2007-06-15,18.283527374267578
2007-06-18,18.27322769165039
2007-06-19,18.293825149536133
2007-06-20,17.964033126831055
2007-06-21,17.788820266723633
2007-06-22,17.77851676940918
2007-06-25,17.77851676940918
2007-06-26,17.644527435302734
2007-06-27,17.654836654663086
2007-06-28,17.716676712036133
2007-06-29,17.541460037231445
2007-07-02,17.840351104736328
2007-07-03,17.77851676940918
2007-07-05,17.93310546875
2007-07-06,18.14954948425293
2007-07-09,18.128921508789062
2007-07-10,17.696054458618164
2007-07-11,17.603300094604492
2007-07-12,18.09800910949707
2007-07-13,18.27322769165039
2007-07-16,18.27322769165039
2007-07-17,18.304136276245117
2007-07-18,18.01555824279785
2007-07-19,18.005252838134766
2007-07-20,17.90219497680664
2007-07-23,17.85065460205078
2007-07-24,17.201358795166016
2007-07-25,17.345640182495117
2007-07-26,16.727256774902344
2007-07-27,16.582975387573242
2007-07-30,16.716957092285156
2007-07-31,16.727256774902344
2007-08-01,16.75818634033203
2007-08-02,16.936128616333008
2007-08-03,16.643043518066406
2007-08-06,17.752582550048828
2007-08-07,17.8781795501709
2007-08-08,18.631832122802734
2007-08-09,18.82023811340332
2007-08-10,17.94098663330078
2007-08-13,17.480426788330078
2007-08-14,17.480426788330078
2007-08-15,17.637434005737305
2007-08-16,18.150333404541016
2007-08-17,18.945850372314453
2007-08-20,18.57948875427246
2007-08-21,18.924907684326172
2007-08-22,18.9667911529541
2007-08-23,18.6737003326416
2007-08-24,18.799312591552734
2007-08-27,18.48528480529785
2007-08-28,17.94098663330078
2007-08-29,18.422489166259766
2007-08-30,18.223602294921875
2007-08-31,18.516693115234375
2007-09-04,18.64229393005371
2007-09-05,18.736499786376953
2007-09-06,18.757436752319336
2007-09-07,19.270341873168945
2007-09-10,19.542490005493164
2007-09-11,19.626218795776367
2007-09-12,19.322677612304688
2007-09-13,19.218000411987305
2007-09-14,19.41689109802246
2007-09-17,19.59482765197754
2007-09-18,20.19146156311035
2007-09-19,20.044925689697266
2007-09-20,19.887903213500977
2007-09-21,19.982118606567383
2007-09-24,19.8355712890625
2007-09-25,19.908843994140625
2007-09-26,19.67856216430664
2007-09-27,19.762298583984375
2007-09-28,19.940244674682617
2007-10-01,20.02397346496582
2007-10-02,20.22286605834961
2007-10-03,20.24379539489746
2007-10-04,20.25425910949707
2007-10-05,20.25425910949707
2007-10-08,20.180994033813477
2007-10-09,20.32754135131836
2007-10-10,19.887903213500977
2007-10-11,19.793710708618164
2007-10-12,19.59482765197754
2007-10-15,19.406408309936523
2007-10-16,19.04006004333496
2007-10-17,19.155195236206055
2007-10-18,19.102855682373047
2007-10-19,19.019123077392578
2007-10-22,18.705095291137695
2007-10-23,18.903980255126953
2007-10-24,18.778371810913086
2007-10-25,18.91444969177246
2007-10-26,19.25986671447754
2007-10-29,19.30173683166504
2007-10-30,19.41689109802246
2007-10-31,19.479686737060547
2007-11-01,18.76790428161621
2007-11-02,18.513141632080078
2007-11-05,18.502521514892578
2007-11-06,18.576826095581055
2007-11-07,18.07790756225586
2007-11-08,18.576826095581055
2007-11-09,19.171295166015625
2007-11-12,19.35175132751465
2007-11-13,19.956819534301758
2007-11-14,20.179744720458984
2007-11-15,19.35175132751465
2007-11-16,18.96959114074707
2007-11-19,18.619300842285156
2007-11-20,18.576826095581055
2007-11-21,18.035446166992188
2007-11-23,18.449447631835938
2007-11-26,17.78067970275879
2007-11-27,18.1416015625
2007-11-28,19.288053512573242
2007-11-29,19.203136444091797
2007-11-30,19.75513458251953
2007-12-03,19.53221321105957
2007-12-04,19.35175132751465
2007-12-05,19.7657470703125
2007-12-06,20.06298065185547
2007-12-07,19.808210372924805
2007-12-10,20.14790153503418
2007-12-11,19.277437210083008
2007-12-12,18.863441467285156
2007-12-13,19.096981048583984
2007-12-14,18.29021453857422
2007-12-17,18.05668067932129
2007-12-18,18.173446655273438
2007-12-19,18.322059631347656
2007-12-20,18.608673095703125
2007-12-21,18.990835189819336
2007-12-24,18.799753189086914
2007-12-26,18.77852439880371
2007-12-27,18.651138305664062
2007-12-28,18.428220748901367
2007-12-31,18.6617488861084
2008-01-02,18.385751724243164
2008-01-03,17.8762149810791
2008-01-04,17.494070053100586
2008-01-07,17.685134887695312
2008-01-08,17.21807289123535
2008-01-09,16.87837791442871
2008-01-10,17.090681076049805
2008-01-11,17.19683837890625
2008-01-14,16.7934513092041
2008-01-15,16.5493106842041
2008-01-16,16.63422393798828
2008-01-17,16.08222770690918
2008-01-18,15.986689567565918
2008-01-22,16.825305938720703
2008-01-23,18.067298889160156
2008-01-24,18.438831329345703
2008-01-25,18.36452293395996
2008-01-28,18.874061584472656
2008-01-29,18.73605728149414
2008-01-30,19.086362838745117
2008-01-31,19.691442489624023
2008-02-01,19.702056884765625
2008-02-04,18.95960235595703
2008-02-05,18.798189163208008
2008-02-06,18.71211051940918
2008-02-07,18.97035789489746
2008-02-08,18.626022338867188
2008-02-11,18.755151748657227
2008-02-12,19.002635955810547
2008-02-13,18.95960235595703
2008-02-14,18.744388580322266
2008-02-15,18.77667999267578
2008-02-19,18.572219848632812
2008-02-20,18.905794143676758
2008-02-21,18.58298110961914
2008-02-22,18.496902465820312
2008-02-25,18.48615074157715
2008-02-26,18.453861236572266
2008-02-27,18.539939880371094
2008-02-28,18.03421401977539
2008-02-29,17.571521759033203
2008-03-03,17.46391487121582
2008-03-04,17.356319427490234
2008-03-05,17.216434478759766
2008-03-06,16.9259033203125
2008-03-07,17.1411075592041
2008-03-10,17.13034439086914
2008-03-11,18.04497718811035
2008-03-12,17.47467613220215
2008-03-13,18.163330078125
2008-03-14,18.270933151245117
2008-03-17,18.389299392700195
2008-03-18,19.637487411499023
2008-03-19,19.282400131225586
2008-03-20,20.422992706298828
2008-03-24,19.852693557739258
2008-03-25,20.1217041015625
2008-03-26,19.615976333618164
2008-03-27,19.680538177490234
2008-03-28,19.433055877685547
2008-03-31,19.605209350585938
2008-04-01,20.08941650390625
2008-04-02,20.20779037475586
2008-04-03,20.143230438232422
2008-04-04,19.841938018798828
2008-04-07,20.20779037475586
2008-04-08,20.21854591369629
2008-04-09,19.626737594604492
2008-04-10,19.465328216552734
2008-04-11,19.22859764099121
2008-04-14,18.572219848632812
2008-04-15,19.110244750976562
2008-04-16,19.72357749938965
2008-04-17,19.960298538208008
2008-04-18,19.809663772583008
2008-04-21,19.562175750732422
2008-04-22,20.27234649658203
2008-04-23,19.626737594604492
2008-04-24,20.67048454284668
2008-04-25,20.648962020874023
2008-04-28,20.197021484375
2008-04-29,20.240070343017578
2008-04-30,20.08941650390625
2008-05-01,20.756563186645508
2008-05-02,20.379953384399414
2008-05-05,20.325428009033203
2008-05-06,20.51080322265625
2008-05-07,20.118249893188477
2008-05-08,20.36904525756836
2008-05-09,20.55441665649414
2008-05-12,20.717979431152344
2008-05-13,20.750696182250977
2008-05-14,20.837923049926758
2008-05-15,21.186861038208008
2008-05-16,21.470375061035156
2008-05-19,21.470375061035156
2008-05-20,21.32861328125
2008-05-21,21.535789489746094
2008-05-22,22.015583038330078
2008-05-23,22.091915130615234
2008-05-27,22.45174789428711
2008-05-28,21.873828887939453
2008-05-29,22.28818130493164
2008-05-30,22.375417709350586
2008-06-02,22.342714309692383
2008-06-03,21.786588668823242
2008-06-04,22.190052032470703
2008-06-05,22.353605270385742
2008-06-06,21.732080459594727
2008-06-09,21.524898529052734
2008-06-10,21.535789489746094
2008-06-11,21.154151916503906
2008-06-12,21.285003662109375
2008-06-13,21.830211639404297
2008-06-16,21.85201072692871
2008-06-17,21.81931495666504
2008-06-18,21.917442321777344
2008-06-19,21.39404296875
2008-06-20,21.633935928344727
2008-06-23,21.306806564331055
2008-06-24,21.306806564331055
2008-06-25,21.012388229370117
2008-06-26,20.685264587402344
2008-06-27,20.172780990600586
2008-06-30,19.45309829711914
2008-07-01,19.344053268432617
2008-07-02,19.49671173095703
2008-07-03,18.89698028564453
2008-07-07,18.199111938476562
2008-07-08,19.48580551147461
2008-07-09,19.24591064453125
2008-07-10,19.09325408935547
2008-07-11,18.68979263305664
2008-07-14,17.62118911743164
2008-07-15,17.23954200744629
2008-07-16,18.75522232055664
2008-07-17,19.605749130249023
2008-07-18,20.07464027404785
2008-07-21,20.04191780090332
2008-07-22,20.772499084472656
2008-07-23,19.1914005279541
2008-07-24,17.43581199645996
2008-07-25,17.67570686340332
2008-07-28,17.250444412231445
2008-07-29,18.068256378173828
2008-07-30,18.231821060180664
2008-07-31,18.12278175354004
2008-08-01,18.373580932617188
2008-08-04,17.831228256225586
2008-08-05,18.229686737060547
2008-08-06,18.207548141479492
2008-08-07,17.576644897460938
2008-08-08,17.930843353271484
2008-08-11,18.57280731201172
2008-08-12,17.687334060668945
2008-08-13,17.244598388671875
2008-08-14,17.665199279785156
2008-08-15,17.886568069458008
2008-08-18,17.52130699157715
2008-08-19,17.156057357788086
2008-08-20,17.034297943115234
2008-08-21,16.846134185791016
2008-08-22,17.432769775390625
2008-08-25,16.95682144165039
2008-08-26,17.13391876220703
2008-08-27,17.34421730041504
2008-08-28,18.03045654296875
2008-08-29,18.2518253326416
2008-09-02,18.074729919433594
2008-09-03,18.09686279296875
2008-09-04,17.742679595947266
2008-09-05,18.47319793701172
2008-09-08,19.29225730895996
2008-09-09,18.2518253326416
2008-09-10,17.91977310180664
2008-09-11,17.975109100341797
2008-09-12,19.137292861938477
2008-09-15,18.62815284729004
2008-09-16,19.746055603027344
2008-09-17,18.78311538696289
2008-09-18,21.16282081604004
2008-09-19,22.690261840820312
2008-09-22,19.557899475097656
2008-09-23,18.672422409057617
2008-09-24,19.004474639892578
2008-09-25,18.62815284729004
2008-09-26,18.749910354614258
2008-09-29,16.86827278137207
2008-09-30,18.58387565612793
2008-10-01,18.528533935546875
2008-10-02,18.683488845825195
2008-10-03,17.32207489013672
2008-10-06,17.576644897460938
2008-10-07,16.613691329956055
2008-10-08,16.414466857910156
2008-10-09,14.687795639038086
2008-10-10,16.414466857910156
2008-10-13,17.820158004760742
2008-10-14,17.410621643066406
2008-10-15,16.082414627075195
2008-10-16,16.292713165283203
2008-10-17,15.440444946289062
2008-10-20,15.329768180847168
2008-10-21,15.351899147033691
2008-10-22,14.853819847106934
2008-10-23,14.809550285339355
2008-10-24,15.097325325012207
2008-10-27,14.411081314086914
2008-10-28,16.24843978881836
2008-10-29,15.617544174194336
2008-10-30,16.325927734375
2008-10-31,17.333145141601562
2008-11-03,16.22630500793457
2008-11-04,17.045366287231445
2008-11-05,15.762744903564453
2008-11-06,15.582732200622559
2008-11-07,15.290207862854004
2008-11-10,15.008930206298828
2008-11-11,15.661489486694336
2008-11-12,14.986418724060059
2008-11-13,16.93285369873047
2008-11-14,15.762744903564453
2008-11-17,15.627725601196289
2008-11-18,15.470218658447266
2008-11-19,14.176346778869629
2008-11-20,13.02873706817627
2008-11-21,12.578694343566895
2008-11-24,13.332509994506836
2008-11-25,14.041335105895996
2008-11-26,14.491375923156738
2008-11-28,14.68264389038086
2008-12-01,12.657450675964355
2008-12-02,13.715056419372559
2008-12-03,14.480125427246094
2008-12-04,14.198848724365234
2008-12-05,14.671396255493164
2008-12-08,13.940073013305664
2008-12-09,13.400023460388184
2008-12-10,13.051238059997559
2008-12-11,12.398679733276367
2008-12-12,13.14124870300293
2008-12-15,13.197501182556152
2008-12-16,14.086336135864258
2008-12-17,13.90632152557373
2008-12-18,14.018828392028809
2008-12-19,13.647544860839844
2008-12-22,13.692546844482422
2008-12-23,13.512528419494629
2008-12-24,13.512528419494629
2008-12-26,13.748800277709961
2008-12-29,13.35501480102539
2008-12-30,13.377519607543945
2008-12-31,13.456278800964355
2009-01-02,13.658793449401855
2009-01-05,13.490032196044922
2009-01-06,13.760055541992188
2009-01-07,13.253758430480957
2009-01-08,13.636297225952148
2009-01-09,13.681299209594727
2009-01-12,13.535033226013184
2009-01-13,13.501276969909668
2009-01-14,13.017487525939941
2009-01-15,13.737553596496582
2009-01-16,14.0300874710083
2009-01-20,13.895063400268555
2009-01-21,13.81631088256836
2009-01-22,13.670044898986816
2009-01-23,13.92882251739502
2009-01-26,14.086336135864258
2009-01-27,13.467528343200684
2009-01-28,14.87391471862793
2009-01-29,14.750144958496094
2009-01-30,14.907668113708496
2009-02-02,15.402709007263184
2009-02-03,14.750144958496094
2009-02-04,13.786690711975098
2009-02-05,14.417525291442871
2009-02-06,14.658392906188965
2009-02-09,14.54368782043457
2009-02-10,13.660521507263184
2009-02-11,14.016077041625977
2009-02-12,13.591695785522461
2009-02-13,12.995268821716309
2009-02-17,12.60529899597168
2009-02-18,12.398841857910156
2009-02-19,11.871230125427246
2009-02-20,11.618900299072266
2009-02-23,11.091287612915039
2009-02-24,11.859763145446777
2009-02-25,11.871230125427246
2009-02-26,11.99740219116211
2009-02-27,11.297741889953613
2009-03-02,10.563675880432129
2009-03-03,10.621025085449219
2009-03-04,10.13929557800293
2009-03-05,9.061136245727539
2009-03-06,9.164362907409668
2009-03-09,9.416701316833496
2009-03-10,10.334281921386719
2009-03-11,9.795198440551758
2009-03-12,10.838951110839844
2009-03-13,10.861889839172363
2009-03-16,11.102761268615723
2009-03-17,11.355093955993652
2009-03-18,12.364431381225586
2009-03-19,12.284149169921875
2009-03-20,11.65330696105957
2009-03-23,13.12143611907959
2009-03-24,12.69705867767334
2009-03-25,12.995268821716309
2009-03-26,13.385247230529785
2009-03-27,13.075563430786133
2009-03-30,12.203853607177734
2009-03-31,12.81175422668457
2009-04-01,12.70853042602539
2009-04-02,12.983800888061523
2009-04-03,13.018210411071777
2009-04-06,12.238263130187988
2009-04-07,12.112098693847656
2009-04-08,11.75653076171875
2009-04-09,13.396716117858887
2009-04-13,14.084901809692383
2009-04-14,13.098498344421387
2009-04-15,13.534353256225586
2009-04-16,13.51141357421875
2009-04-17,14.096373558044434
2009-04-20,12.525010108947754
2009-04-21,13.350833892822266
2009-04-22,13.350833892822266
2009-04-23,12.78881549835205
2009-04-24,13.144378662109375
2009-04-27,13.018210411071777
2009-04-28,13.45406436920166
2009-04-29,13.649052619934082
2009-04-30,12.972331047058105
2009-05-01,12.53647518157959
2009-05-04,13.706398963928223
2009-05-05,13.018210411071777
2009-05-06,13.358320236206055
2009-05-07,12.936112403869629
2009-05-08,13.135491371154785
2009-05-11,13.264500617980957
2009-05-12,13.076851844787598
2009-05-13,12.748466491699219
2009-05-14,12.959573745727539
2009-05-15,12.279337882995605
2009-05-18,13.18241024017334
2009-05-19,12.420082092285156
2009-05-20,12.115142822265625
2009-05-21,11.798486709594727
2009-05-22,11.751571655273438
2009-05-26,12.30279541015625
2009-05-27,11.904038429260254
2009-05-28,12.513899803161621
2009-05-29,12.971298217773438
2009-06-01,12.983027458190918
2009-06-02,13.112037658691406
2009-06-03,12.701552391052246
2009-06-04,12.584269523620605
2009-06-05,12.091687202453613
2009-06-08,12.326248168945312
2009-06-09,12.455262184143066
2009-06-10,12.595999717712402
2009-06-11,12.830562591552734
2009-06-12,12.830562591552734
2009-06-15,12.678095817565918
2009-06-16,12.678095817565918
2009-06-17,12.490447998046875
2009-06-18,12.619457244873047
2009-06-19,12.525634765625
2009-06-22,12.162055969238281
2009-06-23,12.079959869384766
2009-06-24,12.232428550720215
2009-06-25,12.642906188964844
2009-06-26,12.525634765625
2009-06-29,12.560818672180176
2009-06-30,12.537358283996582
2009-07-01,12.701552391052246
2009-07-02,12.455262184143066
2009-07-06,12.279337882995605
2009-07-07,12.255879402160645
2009-07-08,12.138598442077637
2009-07-09,12.103418350219727
2009-07-10,11.833670616149902
2009-07-13,12.326248168945312
2009-07-14,12.584269523620605
2009-07-15,13.018218040466309
2009-07-16,12.912656784057617
2009-07-17,12.865751266479492
2009-07-20,12.959573745727539
2009-07-21,12.725011825561523
2009-07-22,12.584269523620605
2009-07-23,12.924389839172363
2009-07-24,13.217592239379883
2009-07-27,13.698445320129395
2009-07-28,13.874369621276855
2009-07-29,12.126875877380371
2009-07-30,12.666365623474121
2009-07-31,12.830562591552734
2009-08-03,12.912656784057617
2009-08-04,13.217592239379883
2009-08-05,13.349527359008789
2009-08-06,13.313538551330566
2009-08-07,14.057178497314453
2009-08-10,13.505448341369629
2009-08-11,13.265567779541016
2009-08-12,13.433484077453613
2009-08-13,13.541435241699219
2009-08-14,13.397500038146973
2009-08-17,13.025681495666504
2009-08-18,12.881757736206055
2009-08-19,12.953721046447754
2009-08-20,13.00169563293457
2009-08-21,13.373512268066406
2009-08-24,13.133630752563477
2009-08-25,13.10964298248291
2009-08-26,13.00169563293457
2009-08-27,13.03768253326416
2009-08-28,12.941719055175781
2009-08-31,12.761808395385742
2009-09-01,12.437969207763672
2009-09-02,12.318023681640625
2009-09-03,12.545916557312012
2009-09-04,12.521925926208496
2009-09-08,12.617879867553711
2009-09-09,12.893745422363281
2009-09-10,12.8457670211792
2009-09-11,12.917737007141113
2009-09-14,13.03768253326416
2009-09-15,13.169611930847168
2009-09-16,14.033194541931152
2009-09-17,13.649381637573242
2009-09-18,13.565423011779785
2009-09-21,13.577412605285645
2009-09-22,13.70934772491455
2009-09-23,13.361519813537598
2009-09-24,13.10964298248291
2009-09-25,13.169611930847168
2009-09-28,13.325542449951172
2009-09-29,13.625398635864258
2009-09-30,13.697357177734375
2009-10-01,13.697357177734375
2009-10-02,13.349527359008789
2009-10-05,13.589409828186035
2009-10-06,13.433484077453613
2009-10-07,13.397500038146973
2009-10-08,13.661373138427734
2009-10-09,14.033194541931152
2009-10-12,13.613396644592285
2009-10-13,13.469468116760254
2009-10-14,13.493453979492188
2009-10-15,13.505448341369629
2009-10-16,13.51744270324707
2009-10-19,13.45747184753418
2009-10-20,13.253569602966309
2009-10-21,13.181608200073242
2009-10-22,13.169611930847168
2009-10-23,13.145627975463867
2009-10-26,13.025681495666504
2009-10-27,13.193598747253418
2009-10-28,13.181608200073242
2009-10-29,13.337528228759766
2009-10-30,12.941719055175781
2009-11-02,12.905736923217773
2009-11-03,12.68984317779541
2009-11-04,12.763553619384766
2009-11-05,13.033811569213867
2009-11-06,12.996955871582031
2009-11-09,13.525185585021973
2009-11-10,13.684885025024414
2009-11-11,14.028852462768555
2009-11-12,14.065702438354492
2009-11-13,14.151697158813477
2009-11-16,14.114840507507324
2009-11-17,14.311394691467285
2009-11-18,14.385104179382324
2009-11-19,14.102557182312012
2009-11-20,13.844585418701172
2009-11-23,13.967427253723145
2009-11-24,14.176260948181152
2009-11-25,14.163978576660156
2009-11-27,14.053420066833496
2009-11-30,14.36053466796875
2009-12-01,14.249971389770508
2009-12-02,14.471091270446777
2009-12-03,14.385104179382324
2009-12-04,15.146735191345215
2009-12-07,16.461172103881836
2009-12-08,15.539837837219238
2009-12-09,15.957514762878418
2009-12-10,15.945221900939941
2009-12-11,16.092647552490234
2009-12-14,16.5594482421875
2009-12-15,16.596302032470703
2009-12-16,17.08768081665039
2009-12-17,17.09996223449707
2009-12-18,17.640485763549805
2009-12-21,17.41935920715332
2009-12-22,17.640485763549805
2009-12-23,17.898454666137695
2009-12-24,17.996732711791992
2009-12-28,17.677335739135742
2009-12-29,17.78788948059082
2009-12-30,17.824748992919922
2009-12-31,17.824748992919922
2010-01-04,17.714187622070312
2010-01-05,17.76332664489746
2010-01-06,17.77561378479004
2010-01-07,18.254703521728516
2010-01-08,18.316120147705078
2010-01-11,18.242416381835938
2010-01-12,17.8370361328125
2010-01-13,18.05815315246582
2010-01-14,18.230138778686523
2010-01-15,17.91073989868164
2010-01-19,18.02129554748535
2010-01-20,18.045869827270508
2010-01-21,18.488117218017578
2010-01-22,18.29155731201172
2010-01-25,18.033588409423828
2010-01-26,18.414403915405273
2010-01-27,18.34068489074707
2010-01-28,18.30384063720703
2010-01-29,18.46354103088379
2010-02-01,18.58637809753418
2010-02-02,18.856645584106445
2010-02-03,18.519474029541016
2010-02-04,18.144832611083984
2010-02-05,18.76923370361328
2010-02-08,18.756744384765625
2010-02-09,18.844146728515625
2010-02-10,18.756744384765625
2010-02-11,19.24376678466797
2010-02-12,19.481042861938477
2010-02-16,19.83070182800293
2010-02-17,19.568450927734375
2010-02-18,19.605918884277344
2010-02-19,19.506011962890625
2010-02-22,19.743282318115234
2010-02-23,19.40610122680664
2010-02-24,19.443565368652344
2010-02-25,19.39362144470215
2010-02-26,19.343673706054688
2010-03-01,19.518489837646484
2010-03-02,19.64337921142578
2010-03-03,19.293716430664062
2010-03-04,19.268741607666016
2010-03-05,19.481042861938477
2010-03-08,19.730789184570312
2010-03-09,19.968063354492188
2010-03-10,20.405132293701172
2010-03-11,20.767284393310547
2010-03-12,20.392650604248047
2010-03-15,20.82971954345703
2010-03-16,21.029525756835938
2010-03-17,21.329233169555664
2010-03-18,20.942110061645508
2010-03-19,20.442607879638672
2010-03-22,20.60494613647461
2010-03-23,20.729816436767578
2010-03-24,20.467571258544922
2010-03-25,20.255285263061523
2010-03-26,20.417631149291992
2010-03-29,20.817235946655273
2010-03-30,20.779767990112305
2010-03-31,20.654891967773438
2010-04-01,20.779767990112305
2010-04-05,21.066991806030273
2010-04-06,21.166893005371094
2010-04-07,21.154399871826172
2010-04-08,21.653928756713867
2010-04-09,21.76630973815918
2010-04-12,22.05353546142578
2010-04-13,21.916162490844727
2010-04-14,22.47812271118164
2010-04-15,22.47812271118164
2010-04-16,21.928651809692383
2010-04-19,21.941137313842773
2010-04-20,22.390697479248047
2010-04-21,21.628952026367188
2010-04-22,21.391677856445312
2010-04-23,20.654891967773438
2010-04-26,20.34269142150879
2010-04-27,20.43011474609375
2010-04-28,20.617429733276367
2010-04-29,20.642410278320312
2010-04-30,20.567485809326172
2010-05-03,21.06201171875
2010-05-04,20.25046730041504
2010-05-05,20.22511100769043
2010-05-06,19.286771774291992
2010-05-07,19.413572311401367
2010-05-10,20.453346252441406
2010-05-11,20.326555252075195
2010-05-12,20.630878448486328
2010-05-13,20.668922424316406
2010-05-14,20.275835037231445
2010-05-17,20.38995361328125
2010-05-18,20.263153076171875
2010-05-19,20.55480194091797
2010-05-20,19.413572311401367
2010-05-21,19.5150146484375
2010-05-24,19.654491424560547
2010-05-25,19.578411102294922
2010-05-26,19.832015991210938
2010-05-27,20.49140167236328
2010-05-28,20.351911544799805
2010-06-01,19.844696044921875
2010-06-02,20.580163955688477
2010-06-03,20.18705940246582
2010-06-04,19.717899322509766
2010-06-07,19.755937576293945
2010-06-08,19.958820343017578
2010-06-09,19.793977737426758
2010-06-10,20.351911544799805
2010-06-11,20.3392276763916
2010-06-14,20.060264587402344
2010-06-15,20.41532325744629
2010-06-16,20.377267837524414
2010-06-17,20.542110443115234
2010-06-18,20.466035842895508
2010-06-21,20.38995361328125
2010-06-22,20.18705940246582
2010-06-23,20.047584533691406
2010-06-24,19.832015991210938
2010-06-25,19.76862144470215
2010-06-28,19.870058059692383
2010-06-29,19.400890350341797
2010-06-30,19.362844467163086
2010-07-01,19.70521354675293
2010-07-02,19.312129974365234
2010-07-06,19.426252365112305
2010-07-07,20.047584533691406
2010-07-08,20.161714553833008
2010-07-09,20.50407600402832
2010-07-12,20.542110443115234
2010-07-13,21.404373168945312
2010-07-14,21.556543350219727
2010-07-15,21.708703994750977
2010-07-16,21.06201171875
2010-07-19,21.150774002075195
2010-07-20,21.125408172607422
2010-07-21,20.656234741210938
2010-07-22,21.087369918823242
2010-07-23,21.328298568725586
2010-07-26,21.93695640563965
2010-07-27,22.06376075744629
2010-07-28,21.657983779907227
2010-07-29,21.898906707763672
2010-07-30,21.886228561401367
2010-08-02,22.26664161682129
2010-08-03,22.431489944458008
2010-08-04,22.457204818725586
2010-08-05,22.341449737548828
2010-08-06,22.14851951599121
2010-08-09,22.21282386779785
2010-08-10,22.097068786621094
2010-08-11,21.209583282470703
2010-08-12,20.939483642578125
2010-08-13,20.82372283935547
2010-08-16,20.695104598999023
2010-08-17,21.093828201293945
2010-08-18,21.06810188293457
2010-08-19,20.746545791625977
2010-08-20,20.643659591674805
2010-08-23,20.489307403564453
2010-08-24,20.50217628479004
2010-08-25,20.219207763671875
2010-08-26,20.06485939025879
2010-08-27,20.4378604888916
2010-08-30,20.06485939025879
2010-08-31,20.4378604888916
2010-09-01,20.695104598999023
2010-09-02,20.630788803100586
2010-09-03,21.158145904541016
2010-09-07,21.08095932006836
2010-09-08,21.196731567382812
2010-09-09,21.36392593383789
2010-09-10,21.338207244873047
2010-09-13,21.839828491210938
2010-09-14,21.569725036621094
2010-09-15,21.51827049255371
2010-09-16,21.261030197143555
2010-09-17,20.99093246459961
2010-09-20,21.235313415527344
2010-09-21,21.01665496826172
2010-09-22,20.68223762512207
2010-09-23,20.59220314025879
2010-09-24,21.02952003479004
2010-09-27,20.68223762512207
2010-09-28,20.759414672851562
2010-09-29,20.57933807373047
2010-09-30,20.900896072387695
2010-10-01,21.01665496826172
2010-10-04,20.926620483398438
2010-10-05,21.18387222290039
2010-10-06,21.209583282470703
2010-10-07,21.106687545776367
2010-10-08,21.06810188293457
2010-10-11,21.093828201293945
2010-10-12,21.312482833862305
2010-10-13,21.325345993041992
2010-10-14,21.415380477905273
2010-10-15,21.2481746673584
2010-10-18,21.376800537109375
2010-10-19,21.40250587463379
2010-10-20,21.621166229248047
2010-10-21,21.556859970092773
2010-10-22,21.672618865966797
2010-10-25,21.582582473754883
2010-10-26,21.595447540283203
2010-10-27,21.582582473754883
2010-10-28,21.698352813720703
2010-10-29,21.7755126953125
2010-11-01,21.994163513183594
2010-11-02,22.10993003845215
2010-11-03,22.174240112304688
2010-11-04,22.61798858642578
2010-11-05,22.396116256713867
2010-11-08,22.291702270507812
2010-11-09,22.09593391418457
2010-11-10,22.474422454833984
2010-11-11,22.200334548950195
2010-11-12,21.861005783081055
2010-11-15,21.99152183532715
2010-11-16,21.82185173034668
2010-11-17,21.78270721435547
2010-11-18,22.135086059570312
2010-11-19,22.09593391418457
2010-11-22,22.18729019165039
2010-11-23,22.082881927490234
2010-11-24,22.18729019165039
2010-11-26,22.056774139404297
2010-11-29,22.226438522338867
2010-11-30,21.926259994506836
2010-12-01,22.01763153076172
2010-12-02,22.370012283325195
2010-12-03,22.578834533691406
2010-12-06,22.839862823486328
2010-12-07,22.604942321777344
2010-12-08,22.774599075317383
2010-12-09,23.022581100463867
2010-12-10,23.19225311279297
2010-12-13,23.06174087524414
2010-12-14,23.06174087524414
2010-12-15,23.270551681518555
2010-12-16,23.897016525268555
2010-12-17,23.6229305267334
2010-12-20,23.46632194519043
2010-12-21,23.949228286743164
2010-12-22,24.60178565979004
2010-12-23,25.189111709594727
2010-12-27,24.96723175048828
2010-12-28,24.70619773864746
2010-12-29,24.758399963378906
2010-12-30,24.83671760559082
2010-12-31,24.60178565979004
2011-01-03,24.758399963378906
2011-01-04,24.536531448364258
2011-01-05,24.758399963378906
2011-01-06,24.510427474975586
2011-01-07,24.314661026000977
2011-01-10,23.98838233947754
2011-01-11,24.092782974243164
2011-01-12,24.118894577026367
2011-01-13,23.9622745513916
2011-01-14,24.39297103881836
2011-01-18,24.497379302978516
2011-01-19,23.831764221191406
2011-01-20,23.85787010192871
2011-01-21,23.897016525268555
2011-01-24,23.923133850097656
2011-01-25,24.379919052124023
2011-01-26,23.688203811645508
2011-01-27,24.15804100036621
2011-01-28,23.844818115234375
2011-01-31,23.910078048706055
2011-02-01,24.30161476135254
2011-02-02,24.562641143798828
2011-02-03,24.24519920349121
2011-02-04,24.324548721313477
2011-02-07,24.681678771972656
2011-02-08,24.88008689880371
2011-02-09,24.50973129272461
2011-02-10,24.53618049621582
2011-02-11,24.95944595336914
2011-02-14,24.747812271118164
2011-02-15,24.81395721435547
2011-02-16,24.999135971069336
2011-02-17,24.893312454223633
2011-02-18,24.9329891204834
2011-02-22,24.615541458129883
2011-02-23,24.57586669921875
2011-02-24,24.192276000976562
2011-02-25,24.64199447631836
2011-02-28,24.681678771972656
2011-03-01,24.12615203857422
2011-03-02,23.8880615234375
2011-03-03,24.060012817382812
2011-03-04,23.478015899658203
2011-03-07,23.239931106567383
2011-03-08,23.411876678466797
2011-03-09,23.702884674072266
2011-03-10,23.292850494384766
2011-03-11,23.372211456298828
2011-03-14,23.332515716552734
2011-03-15,23.358970642089844
2011-03-16,23.120887756347656
2011-03-17,23.279621124267578
2011-03-18,23.26638412475586
2011-03-21,23.319293975830078
2011-03-22,23.200246810913086
2011-03-23,23.01506996154785
2011-03-24,22.8828067779541
2011-03-25,22.816675186157227
2011-03-28,23.05475616455078
2011-03-29,22.975393295288086
2011-03-30,22.697628021240234
2011-03-31,22.829898834228516
2011-04-01,22.975393295288086
2011-04-04,22.869579315185547
2011-04-05,23.05475616455078
2011-04-06,23.081205368041992
2011-04-07,22.98862075805664
2011-04-08,22.829898834228516
2011-04-11,22.8828067779541
2011-04-12,22.671173095703125
2011-04-13,22.631492614746094
2011-04-14,22.433082580566406
2011-04-15,22.5124454498291
2011-04-18,22.59180450439453
2011-04-19,21.533639907836914
2011-04-20,21.374921798706055
2011-04-21,21.414596557617188
2011-04-25,21.480735778808594
2011-04-26,21.626235961914062
2011-04-27,21.903995513916016
2011-04-28,22.049501419067383
2011-04-29,21.956905364990234
2011-05-02,21.930463790893555
2011-05-03,22.155311584472656
2011-05-04,22.155317306518555
2011-05-05,21.833057403564453
2011-05-06,21.73906135559082
2011-05-09,21.698781967163086
2011-05-10,21.779342651367188
2011-05-11,22.06132698059082
2011-05-12,22.101604461669922
2011-05-13,21.833057403564453
2011-05-16,21.819629669189453
2011-05-17,22.021039962768555
2011-05-18,21.967327117919922
2011-05-19,22.115034103393555
2011-05-20,21.87333869934082
2011-05-23,21.87333869934082
2011-05-24,21.779342651367188
2011-05-25,21.577932357788086
2011-05-26,21.41681480407715
2011-05-27,21.685346603393555
2011-05-31,21.752485275268555
2011-06-01,21.26910400390625
2011-06-02,21.215389251708984
2011-06-03,21.134822845458984
2011-06-06,21.040834426879883
2011-06-07,21.027406692504883
2011-06-08,20.825998306274414
2011-06-09,20.79914665222168
2011-06-10,20.79914665222168
2011-06-13,20.933412551879883
2011-06-14,21.013978958129883
2011-06-15,20.75885581970215
2011-06-16,21.18854331970215
2011-06-17,21.34967041015625
2011-06-20,21.255674362182617
2011-06-21,21.08111572265625
2011-06-22,20.74542808532715
2011-06-23,20.262035369873047
2011-06-24,20.060626983642578
2011-06-27,19.99349594116211
2011-06-28,19.805509567260742
2011-06-29,20.221752166748047
2011-06-30,20.127765655517578
2011-07-01,20.879711151123047
2011-07-05,20.544021606445312
2011-07-06,20.772281646728516
2011-07-07,21.00055694580078
2011-07-08,20.66486167907715
2011-07-11,20.409744262695312
2011-07-12,20.36945915222168
2011-07-13,20.51716423034668
2011-07-14,20.248619079589844
2011-07-15,20.275466918945312
2011-07-18,19.912944793701172
2011-07-19,20.07406234741211
2011-07-20,20.248619079589844
2011-07-21,20.141193389892578
2011-07-22,19.375837326049805
2011-07-25,19.120708465576172
2011-07-26,18.9193058013916
2011-07-27,18.47618865966797
2011-07-28,18.2344913482666
2011-07-29,18.167348861694336
2011-08-01,18.247915267944336
2011-08-02,18.059940338134766
2011-08-03,17.622119903564453
2011-08-04,17.375850677490234
2011-08-05,17.29375648498535
2011-08-08,15.706677436828613
2011-08-09,17.006441116333008
2011-08-10,16.212902069091797
2011-08-11,17.51266860961914
2011-08-12,16.96539878845215
2011-08-15,17.841026306152344
2011-08-16,17.78630828857422
2011-08-17,17.7315731048584
2011-08-18,16.76016616821289
2011-08-19,16.418128967285156
2011-08-22,16.404443740844727
2011-08-23,16.691757202148438
2011-08-24,17.088529586791992
2011-08-25,16.732807159423828
2011-08-26,17.102218627929688
2011-08-29,17.78630828857422
2011-08-30,17.63580322265625
2011-08-31,17.526350021362305
2011-09-01,17.088529586791992
2011-09-02,16.513900756835938
2011-09-06,16.390764236450195
2011-09-07,16.814897537231445
2011-09-08,16.3633975982666
2011-09-09,16.253948211669922
2011-09-12,17.033802032470703
2011-09-13,17.006441116333008
2011-09-14,17.690534591674805
2011-09-15,17.78630828857422
2011-09-16,17.63580322265625
2011-09-19,17.416893005371094
2011-09-20,17.252714157104492
2011-09-21,16.24026870727539
2011-09-22,15.802447319030762
2011-09-23,16.527572631835938
2011-09-26,16.88330078125
2011-09-27,16.85593605041504
2011-09-28,16.158172607421875
2011-09-29,16.896987915039062
2011-09-30,16.281309127807617
2011-10-03,15.5972261428833
2011-10-04,16.281309127807617
2011-10-05,16.65070915222168
2011-10-06,17.15694236755371
2011-10-07,16.500215530395508
2011-10-10,17.14325523376465
2011-10-11,17.0474853515625
2011-10-12,17.567394256591797
2011-10-13,17.375850677490234
2011-10-14,17.38953399658203
2011-10-17,16.82857894897461
2011-10-18,17.60843849182129
2011-10-19,16.63702964782715
2011-10-20,16.678081512451172
2011-10-21,16.979076385498047
2011-10-24,17.29375648498535
2011-10-25,17.266393661499023
2011-10-26,17.60843849182129
2011-10-27,18.45670509338379
2011-10-28,18.45670509338379
2011-10-31,18.21043586730957
2011-11-01,17.30744171142578
2011-11-02,17.758941650390625
2011-11-03,17.954254150390625
2011-11-04,17.60548210144043
2011-11-07,17.870542526245117
2011-11-08,18.163501739501953
2011-11-09,17.03351593017578
2011-11-10,17.005613327026367
2011-11-11,17.061420440673828
2011-11-14,16.72661018371582
2011-11-15,16.907958984375
2011-11-16,16.656848907470703
2011-11-17,16.615005493164062
2011-11-18,16.64290428161621
2011-11-21,16.308094024658203
2011-11-22,16.140689849853516
2011-11-23,15.791925430297852
2011-11-25,15.875631332397461
2011-11-28,16.15463638305664
2011-11-29,16.070932388305664
2011-11-30,16.796354293823242
2011-12-01,16.503406524658203
2011-12-02,16.615005493164062
2011-12-05,16.545251846313477
2011-12-06,16.60105323791504
2011-12-07,16.4615478515625
2011-12-08,16.238332748413086
2011-12-09,16.782407760620117
2011-12-12,16.740558624267578
2011-12-13,16.670801162719727
2011-12-14,16.531299591064453
2011-12-15,16.740558624267578
2011-12-16,16.698707580566406
2011-12-19,16.39179801940918
2011-12-20,16.768451690673828
2011-12-21,16.907958984375
2011-12-22,17.186969757080078
2011-12-23,17.298574447631836
2011-12-27,17.256723403930664
2011-12-28,16.949813842773438
2011-12-29,17.256723403930664
2011-12-30,17.256723403930664
2012-01-03,17.577579498291016
2012-01-04,17.898441314697266
2012-01-05,18.065839767456055
2012-01-06,18.163501739501953
2012-01-09,18.428558349609375
2012-01-10,18.442516326904297
2012-01-11,18.456457138061523
2012-01-12,18.595966339111328
2012-01-13,18.582015991210938
2012-01-17,18.289060592651367
2012-01-18,18.35880470275879
2012-01-19,18.149553298950195
2012-01-20,18.31696319580078
2012-01-23,18.1914005279541
2012-01-24,18.261150360107422
2012-01-25,17.954254150390625
2012-01-26,17.74498748779297
2012-01-27,17.717090606689453
2012-01-30,17.856590270996094
2012-01-31,17.70313835144043
2012-02-01,17.88449478149414
2012-02-02,18.093751907348633
2012-02-03,18.05107307434082
2012-02-06,17.752351760864258
2012-02-07,17.83770751953125
2012-02-08,17.979948043823242
2012-02-09,17.95150375366211
2012-02-10,17.752351760864258
2012-02-13,17.780811309814453
2012-02-14,17.524755477905273
2012-02-15,17.83770751953125
2012-02-16,18.221773147583008
2012-02-17,18.420915603637695
2012-02-21,18.3640193939209
2012-02-22,18.093748092651367
2012-02-23,18.207548141479492
2012-02-24,18.32134437561035
2012-02-27,18.534717559814453
2012-02-28,18.62005615234375
2012-02-29,18.506267547607422
2012-03-01,18.5773868560791
2012-03-02,18.534717559814453
2012-03-05,18.548938751220703
2012-03-06,18.29289436340332
2012-03-07,18.477821350097656
2012-03-08,18.29289436340332
2012-03-09,18.477821350097656
2012-03-12,18.52048683166504
2012-03-13,18.86187744140625
2012-03-14,18.69118881225586
2012-03-15,19.274402618408203
2012-03-16,19.78648567199707
2012-03-19,19.67267608642578
2012-03-20,19.601566314697266
2012-03-21,19.55888557434082
2012-03-22,19.288619995117188
2012-03-23,19.388193130493164
2012-03-26,19.530437469482422
2012-03-27,19.402416229248047
2012-03-28,19.701141357421875
2012-03-29,19.473539352416992
2012-03-30,19.78648567199707
2012-04-02,19.601566314697266
2012-04-03,19.729585647583008
2012-04-04,19.77225685119629
2012-04-05,19.388193130493164
2012-04-09,19.061025619506836
2012-04-10,18.762304306030273
2012-04-11,19.061025619506836
2012-04-12,19.203275680541992
2012-04-13,18.719629287719727
2012-04-16,18.890331268310547
2012-04-17,19.416643142700195
2012-04-18,18.961454391479492
2012-04-19,18.548938751220703
2012-04-20,18.66273307800293
2012-04-23,18.548938751220703
2012-04-24,18.762304306030273
2012-04-25,18.91878318786621
2012-04-26,19.075246810913086
2012-04-27,19.37396812438965
2012-04-30,19.189050674438477
2012-05-01,19.075246810913086
2012-05-02,19.160594940185547
2012-05-03,18.88521385192871
2012-05-04,18.696800231933594
2012-05-07,18.92870330810547
2012-05-08,18.89971351623535
2012-05-09,18.62433624267578
2012-05-10,18.609844207763672
2012-05-11,18.740285873413086
2012-05-14,18.537368774414062
2012-05-15,18.319963455200195
2012-05-16,18.261995315551758
2012-05-17,18.20401382446289
2012-05-18,18.088062286376953
2012-05-21,18.044588088989258
2012-05-22,18.189525604248047
2012-05-23,18.319963455200195
2012-05-24,18.37794303894043
2012-05-25,18.40692901611328
2012-05-29,18.522878646850586
2012-05-30,18.001108169555664
2012-05-31,17.89965057373047
2012-06-01,17.10249900817871
2012-06-04,16.769149780273438
2012-06-05,17.044527053833008
2012-06-06,17.305410385131836
2012-06-07,17.421358108520508
2012-06-08,17.609783172607422
2012-06-11,17.14598846435547
2012-06-12,17.522815704345703
2012-06-13,17.522815704345703
2012-06-14,17.696741104125977
2012-06-15,17.88515281677246
2012-06-18,17.841678619384766
2012-06-19,17.943130493164062
2012-06-20,18.16054344177246
2012-06-21,17.798194885253906
2012-06-22,18.001108169555664
2012-06-25,17.72572898864746
2012-06-26,17.696741104125977
2012-06-27,18.073579788208008
2012-06-28,18.059078216552734
2012-06-29,18.16054344177246
2012-07-02,18.40692901611328
2012-07-03,18.435911178588867
2012-07-05,18.392438888549805
2012-07-06,18.595346450805664
2012-07-09,17.957622528076172
2012-07-10,17.943130493164062
2012-07-11,18.13155174255371
2012-07-12,17.798194885253906
2012-07-13,18.2185115814209
2012-07-16,18.088062286376953
2012-07-17,18.37794303894043
2012-07-18,18.40692901611328
2012-07-19,18.334470748901367
2012-07-20,18.233007431030273
2012-07-23,17.943130493164062
2012-07-24,17.914142608642578
2012-07-25,18.348949432373047
2012-07-26,18.334470748901367
2012-07-27,18.421422958374023
2012-07-30,18.537368774414062
2012-07-31,18.812753677368164
2012-08-01,18.798259735107422
2012-08-02,18.71129608154297
2012-08-03,18.932992935180664
2012-08-06,18.770418167114258
2012-08-07,19.15468978881836
2012-08-08,19.22859001159668
2012-08-09,19.346824645996094
2012-08-10,19.376392364501953
2012-08-13,19.361618041992188
2012-08-14,19.450288772583008
2012-08-15,19.47985076904297
2012-08-16,19.494626998901367
2012-08-17,19.642427444458008
2012-08-20,19.598087310791016
2012-08-21,19.47985076904297
2012-08-22,19.39116859436035
2012-08-23,19.376392364501953
2012-08-24,19.450288772583008
2012-08-27,19.465072631835938
2012-08-28,19.47985076904297
2012-08-29,19.494626998901367
2012-08-30,19.47985076904297
2012-08-31,19.598087310791016
2012-09-04,19.81978988647461
2012-09-05,19.760671615600586
2012-09-06,20.056262969970703
2012-09-07,20.115379333496094
2012-09-10,20.04147720336914
2012-09-11,20.13016128540039
2012-09-12,20.277957916259766
2012-09-13,20.337078094482422
2012-09-14,20.869157791137695
2012-09-17,20.39620018005371
2012-09-18,20.41098403930664
2012-09-19,20.4700984954834
2012-09-20,20.248395919799805
2012-09-21,20.218843460083008
2012-09-24,20.869157791137695
2012-09-25,20.6474609375
2012-09-26,20.558774948120117
2012-09-27,20.8543701171875
2012-09-28,20.928266525268555
2012-10-01,20.824817657470703
2012-10-02,21.223873138427734
2012-10-03,21.48990249633789
2012-10-04,21.948081970214844
2012-10-05,22.081098556518555
2012-10-08,22.036762237548828
2012-10-09,22.09588050842285
2012-10-10,21.933313369750977
2012-10-11,21.888965606689453
2012-10-12,21.356889724731445
2012-10-15,21.31254768371582
2012-10-16,21.0465145111084
2012-10-17,21.4307861328125
2012-10-18,21.282991409301758
2012-10-19,21.475122451782227
2012-10-22,21.622922897338867
2012-10-23,21.622922897338867
2012-10-24,20.573556900024414
2012-10-25,20.543996810913086
2012-10-26,20.455318450927734
2012-10-31,20.48487663269043
2012-11-01,20.839590072631836
2012-11-02,20.455318450927734
2012-11-05,20.319847106933594
2012-11-06,20.274703979492188
2012-11-07,19.627473831176758
2012-11-08,19.37159538269043
2012-11-09,19.40169334411621
2012-11-12,19.25118064880371
2012-11-13,18.874889373779297
2012-11-14,18.859834671020508
2012-11-15,18.739418029785156
2012-11-16,18.88994026184082
2012-11-19,19.10066032409668
2012-11-20,19.175926208496094
2012-11-21,19.070558547973633
2012-11-23,19.416749954223633
2012-11-26,19.37159538269043
2012-11-27,19.10066032409668
2012-11-28,19.175926208496094
2012-11-29,19.37159538269043
2012-11-30,19.582313537597656
2012-12-03,19.567264556884766
2012-12-04,19.492006301879883
2012-12-05,19.702726364135742
2012-12-06,19.461910247802734
2012-12-07,19.476959228515625
2012-12-10,19.522109985351562
2012-12-11,19.40169334411621
2012-12-12,19.296335220336914
2012-12-13,19.40169334411621
2012-12-14,19.19097328186035
2012-12-17,19.492006301879883
2012-12-18,19.95861053466797
2012-12-19,19.838199615478516
2012-12-20,19.928508758544922
2012-12-21,19.793052673339844
2012-12-24,19.522109985351562
2012-12-26,19.492006301879883
2012-12-27,19.612422943115234
2012-12-28,19.476959228515625
2012-12-31,19.717788696289062
2013-01-02,20.184391021728516
2013-01-03,20.259645462036133
2013-01-04,20.094078063964844
2013-01-07,19.928508758544922
2013-01-08,19.928508758544922
2013-01-09,20.003768920898438
2013-01-10,20.184391021728516
2013-01-11,20.334901809692383
2013-01-14,20.24459457397461
2013-01-15,20.24459457397461
2013-01-16,20.34995460510254
2013-01-17,20.545625686645508
2013-01-18,20.42521858215332
2013-01-22,20.365009307861328
2013-01-23,19.98871612548828
2013-01-24,19.717788696289062
2013-01-25,19.672637939453125
2013-01-28,19.853248596191406
2013-01-29,19.898412704467773
2013-01-30,19.657575607299805
2013-01-31,20.094078063964844
2013-02-01,20.109127044677734
2013-02-04,20.003768920898438
2013-02-05,20.38005828857422
2013-02-06,20.530576705932617
2013-02-07,20.26992416381836
2013-02-08,20.37725067138672
2013-02-11,20.515247344970703
2013-02-12,20.852561950683594
2013-02-13,21.005891799926758
2013-02-14,20.852561950683594
2013-02-15,20.83723258972168
2013-02-19,21.08255958557129
2013-02-20,20.63790512084961
2013-02-21,20.545907974243164
2013-02-22,20.760570526123047
2013-02-25,20.300588607788086
2013-02-26,20.545907974243164
2013-02-27,20.56123924255371
2013-02-28,20.69923210144043
2013-03-01,20.530576705932617
2013-03-04,20.69923210144043
2013-03-05,20.63790512084961
2013-03-06,20.40791130065918
2013-03-07,20.883237838745117
2013-03-08,21.3278865814209
2013-03-11,21.26655387878418
2013-03-12,21.419876098632812
2013-03-13,21.52720069885254
2013-03-14,21.78786277770996
2013-03-15,21.80320167541504
2013-03-18,21.741870880126953
2013-03-19,21.665203094482422
2013-03-20,21.77253532409668
2013-03-21,21.741870880126953
2013-03-22,21.726533889770508
2013-03-25,21.6805362701416
2013-03-26,21.8338680267334
2013-03-27,21.956520080566406
2013-03-28,22.002521514892578
2013-04-01,21.818523406982422
2013-04-02,21.450542449951172
2013-04-03,20.92923355102539
2013-04-04,20.867902755737305
2013-04-05,20.821897506713867
2013-04-08,21.005891799926758
2013-04-09,21.08255958557129
2013-04-10,21.251216888427734
2013-04-11,21.22055435180664
2013-04-12,20.913896560668945
2013-04-15,20.40791130065918
2013-04-16,20.49991798400879
2013-04-17,20.239255905151367
2013-04-18,20.239255905151367
2013-04-19,20.530576705932617
2013-04-22,20.668567657470703
2013-04-23,20.775897979736328
2013-04-24,20.423248291015625
2013-04-25,20.530576705932617
2013-04-26,20.48457908630371
2013-04-29,20.576580047607422
2013-04-30,20.775897979736328
2013-05-01,20.48457908630371
2013-05-02,20.69923210144043
2013-05-03,20.76172637939453
2013-05-06,20.76172637939453
2013-05-07,21.121034622192383
2013-05-08,21.152278900146484
2013-05-09,21.058544158935547
2013-05-10,21.074167251586914
2013-05-13,21.074167251586914
2013-05-14,21.089784622192383
2013-05-15,21.308500289916992
2013-05-16,21.32412338256836
2013-05-17,21.527204513549805
2013-05-20,21.73029899597168
2013-05-21,21.74591636657715
2013-05-22,21.370986938476562
2013-05-23,21.308500289916992
2013-05-24,21.136659622192383
2013-05-28,21.089784622192383
2013-05-29,20.8398380279541
2013-05-30,20.8554630279541
2013-05-31,20.43366050720215
2013-06-03,20.52739143371582
2013-06-04,20.41804313659668
2013-06-05,20.246198654174805
2013-06-06,20.41804313659668
2013-06-07,20.652376174926758
2013-06-10,20.933565139770508
2013-06-11,20.699235916137695
2013-06-12,20.51177406311035
2013-06-13,20.66799545288086
2013-06-14,20.871076583862305
2013-06-17,21.089784622192383
2013-06-18,21.261634826660156
2013-06-19,21.230384826660156
2013-06-20,21.136659622192383
2013-06-21,21.29286766052246
2013-06-24,21.19914436340332
2013-06-25,21.527204513549805
2013-06-26,21.68342399597168
2013-06-27,21.93337631225586
2013-06-28,21.870891571044922
2013-07-01,22.073978424072266
2013-07-02,22.058359146118164
2013-07-03,22.16771125793457
2013-07-05,22.495777130126953
2013-07-08,22.73011016845703
2013-07-09,22.7925968170166
2013-07-10,22.77696990966797
2013-07-11,22.51140022277832
2013-07-12,22.808216094970703
2013-07-15,22.73011016845703
2013-07-16,22.714488983154297
2013-07-17,22.886323928833008
2013-07-18,23.198760986328125
2013-07-19,23.29250717163086
2013-07-22,23.339366912841797
2013-07-23,23.542449951171875
2013-07-24,23.12066078186035
2013-07-25,23.308116912841797
2013-07-26,23.198760986328125
2013-07-29,23.198760986328125
2013-07-30,23.21439552307129
2013-07-31,23.69866371154785
2013-08-01,24.511018753051758
2013-08-02,24.667247772216797
2013-08-05,24.206911087036133
2013-08-06,24.445018768310547
2013-08-07,24.46088409423828
2013-08-08,24.445018768310547
2013-08-09,24.39738655090332
2013-08-12,24.47675895690918
2013-08-13,24.286277770996094
2013-08-14,24.445018768310547
2013-08-15,24.429136276245117
2013-08-16,24.66724395751953
2013-08-19,24.365650177001953
2013-08-20,24.603757858276367
2013-08-21,24.206911087036133
2013-08-22,24.47675895690918
2013-08-23,24.39738655090332
2013-08-26,24.17516326904297
2013-08-27,23.42911148071289
2013-08-28,23.7465877532959
2013-08-29,23.55610466003418
2013-08-30,23.254512786865234
2013-09-03,23.111650466918945
2013-09-04,23.222761154174805
2013-09-05,23.270381927490234
2013-09-06,23.06403350830078
2013-09-09,23.095783233642578
2013-09-10,23.397371292114258
2013-09-11,23.667221069335938
2013-09-12,23.93706703186035
2013-09-13,23.92119789123535
2013-09-16,23.984682083129883
2013-09-17,24.365650177001953
2013-09-18,24.1910400390625
2013-09-19,23.794206619262695
2013-09-20,23.810091018676758
2013-09-23,23.683095932006836
2013-09-24,23.82595443725586
2013-09-25,24.127546310424805
2013-09-26,24.318025588989258
2013-09-27,23.984682083129883
2013-09-30,23.984682083129883
2013-10-01,24.57200050354004
2013-10-02,24.1910400390625
2013-10-03,24.381513595581055
2013-10-04,24.540252685546875
2013-10-07,24.206911087036133
2013-10-08,24.127546310424805
2013-10-09,24.143421173095703
2013-10-10,24.81010627746582
2013-10-11,24.81010627746582
2013-10-14,24.85771942138672
2013-10-15,24.730731964111328
2013-10-16,25.06407928466797
2013-10-17,25.23868179321289
2013-10-18,25.111705780029297
2013-10-21,25.048208236694336
2013-10-22,25.0958251953125
2013-10-23,25.07994842529297
2013-10-24,25.460906982421875
2013-10-25,25.524402618408203
2013-10-28,25.540273666381836
2013-10-29,25.84187889099121
2013-10-30,25.635507583618164
2013-10-31,25.73076057434082
2013-11-01,25.68313980102539
2013-11-04,25.873615264892578
2013-11-05,25.647920608520508
2013-11-06,25.87361717224121
2013-11-07,25.857484817504883
2013-11-08,26.27663230895996
2013-11-11,26.486209869384766
2013-11-12,26.453960418701172
2013-11-13,26.61516761779785
2013-11-14,26.792497634887695
2013-11-15,26.518451690673828
2013-11-18,26.22827911376953
2013-11-19,26.34111785888672
2013-11-20,26.14767074584961
2013-11-21,26.453960418701172
2013-11-22,26.550678253173828
2013-11-25,26.64740562438965
2013-11-26,26.59905242919922
2013-11-27,26.4700870513916
2013-11-29,26.631290435791016
2013-12-02,26.663532257080078
2013-12-03,26.453960418701172
2013-12-04,26.308866500854492
2013-12-05,26.196027755737305
2013-12-06,26.421722412109375
2013-12-09,26.40560531616211
2013-12-10,26.34111785888672
2013-12-11,25.970346450805664
2013-12-12,26.09930419921875
2013-12-13,26.163789749145508
2013-12-16,26.32501220703125
2013-12-17,26.29274559020996
2013-12-18,26.502323150634766
2013-12-19,26.34111785888672
2013-12-20,26.695777893066406
2013-12-23,26.792497634887695
2013-12-24,26.905338287353516
2013-12-26,26.856975555419922
2013-12-27,27.00206756591797
2013-12-30,27.00206756591797
2013-12-31,27.163270950317383
2014-01-02,26.792497634887695
2014-01-03,26.82473373413086
2014-01-06,26.695777893066406
2014-01-07,27.114904403686523
2014-01-08,27.485685348510742
2014-01-09,27.711374282836914
2014-01-10,27.40508460998535
2014-01-13,27.308361053466797
2014-01-14,27.37283706665039
2014-01-15,27.566282272338867
2014-01-16,27.485685348510742
2014-01-17,27.437326431274414
2014-01-21,27.69525146484375
2014-01-22,27.953174591064453
2014-01-23,27.77585220336914
2014-01-24,27.06654930114746
2014-01-27,26.969823837280273
2014-01-28,26.95370101928711
2014-01-29,26.373350143432617
2014-01-30,26.357234954833984
2014-01-31,26.09930419921875
2014-02-03,25.03533172607422
2014-02-04,25.180437088012695
2014-02-05,25.196557998657227
2014-02-06,25.147411346435547
2014-02-07,25.147411346435547
2014-02-10,25.245698928833008
2014-02-11,25.540590286254883
2014-02-12,25.72079086303711
2014-02-13,25.540590286254883
2014-02-14,25.802715301513672
2014-02-18,25.835474014282227
2014-02-19,25.196556091308594
2014-02-20,25.524202346801758
2014-02-21,25.786331176757812
2014-02-24,26.097599029541016
2014-02-25,26.048446655273438
2014-02-26,26.392492294311523
2014-02-27,26.14674949645996
2014-02-28,26.17951011657715
2014-03-03,25.917396545410156
2014-03-04,26.228654861450195
2014-03-05,26.408870697021484
2014-03-06,26.441635131835938
2014-03-07,26.49077606201172
2014-03-10,26.359718322753906
2014-03-11,26.2122745513916
2014-03-12,26.26142120361328
2014-03-13,26.01567840576172
2014-03-14,26.14674949645996
2014-03-17,26.392492294311523
2014-03-18,26.670995712280273
2014-03-19,26.6054630279541
2014-03-20,26.539928436279297
2014-03-21,26.6054630279541
2014-03-24,26.359718322753906
2014-03-25,26.359718322753906
2014-03-26,26.14674949645996
2014-03-27,25.93377113342285
2014-03-28,26.048446655273438
2014-03-31,26.32695960998535
2014-04-01,26.343339920043945
2014-04-02,26.2122745513916
2014-04-03,26.408870697021484
2014-04-04,26.277799606323242
2014-04-07,25.769947052001953
2014-04-08,26.081214904785156
2014-04-09,25.99929428100586
2014-04-10,25.58974266052246
2014-04-11,25.606122970581055
2014-04-14,25.802715301513672
2014-04-15,26.130374908447266
2014-04-16,26.507171630859375
2014-04-17,26.62183952331543
2014-04-21,26.458005905151367
2014-04-22,26.507171630859375
2014-04-23,26.556312561035156
2014-04-24,26.195892333984375
2014-04-25,25.96653938293457
2014-04-28,25.72079086303711
2014-04-29,25.63888931274414
2014-04-30,25.245698928833008
2014-05-01,25.229324340820312
2014-05-02,25.327619552612305
2014-05-05,25.065488815307617
2014-05-06,24.75421714782715
2014-05-07,25.09825325012207
2014-05-08,25.231494903564453
2014-05-09,25.3314208984375
2014-05-12,25.58123016357422
2014-05-13,25.448009490966797
2014-05-14,24.96502113342285
2014-05-15,24.948366165161133
2014-05-16,24.681896209716797
2014-05-19,24.948366165161133
2014-05-20,24.898406982421875
2014-05-21,25.26479721069336
2014-05-22,25.448009490966797
2014-05-23,25.56458854675293
2014-05-27,25.597885131835938
2014-05-28,25.514617919921875
2014-05-29,25.497953414916992
2014-05-30,25.448009490966797
2014-06-02,25.647857666015625
2014-06-03,25.764442443847656
2014-06-04,25.86434555053711
2014-06-05,26.147478103637695
2014-06-06,26.297382354736328
2014-06-09,26.513883590698242
2014-06-10,26.480573654174805
2014-06-11,26.3306884765625
2014-06-12,26.264066696166992
2014-06-13,26.347352981567383
2014-06-16,26.24741554260254
2014-06-17,26.563859939575195
2014-06-18,26.547195434570312
2014-06-19,26.297382354736328
2014-06-20,26.197450637817383
2014-06-23,26.280729293823242
2014-06-24,26.13083267211914
2014-06-25,26.363996505737305
2014-06-26,26.463924407958984
2014-06-27,26.58050537109375
2014-06-30,26.613805770874023
2014-07-01,26.763704299926758
2014-07-02,26.530540466308594
2014-07-03,26.797006607055664
2014-07-07,26.763704299926758
2014-07-08,26.530540466308594
2014-07-09,26.71373176574707
2014-07-10,26.71373176574707
2014-07-11,26.663776397705078
2014-07-14,26.763704299926758
2014-07-15,26.930234909057617
2014-07-16,26.03091049194336
2014-07-17,25.831058502197266
2014-07-18,26.04755973815918
2014-07-21,25.980937957763672
2014-07-22,25.914325714111328
2014-07-23,26.480573654174805
2014-07-24,26.630462646484375
2014-07-25,26.730396270751953
2014-07-28,26.59714126586914
2014-07-29,26.613805770874023
2014-07-30,26.74704933166504
2014-07-31,26.447254180908203
2014-08-01,26.297382354736328
2014-08-04,26.380647659301758
2014-08-05,26.297382354736328
2014-08-06,26.365070343017578
2014-08-07,26.145082473754883
2014-08-08,26.22968292236328
2014-08-11,26.314302444458008
2014-08-12,26.178918838500977
2014-08-13,26.449678421020508
2014-08-14,26.551206588745117
2014-08-15,26.398914337158203
2014-08-18,26.56812858581543
2014-08-19,26.6189022064209
2014-08-20,26.60198402404785
2014-08-21,27.008119583129883
2014-08-22,26.872730255126953
2014-08-25,27.008119583129883
2014-08-26,27.16042137145996
2014-08-27,27.058876037597656
2014-08-28,26.88966178894043
2014-08-29,26.99120330810547
2014-09-02,27.17734146118164
2014-09-03,26.974279403686523
2014-09-04,26.957353591918945
2014-09-05,26.88966178894043
2014-09-08,26.957353591918945
2014-09-09,26.754287719726562
2014-09-10,26.99120330810547
2014-09-11,27.380409240722656
2014-09-12,27.397327423095703
2014-09-15,27.617324829101562
2014-09-16,27.532718658447266
2014-09-17,27.651166915893555
2014-09-18,27.803470611572266
2014-09-19,27.685016632080078
2014-09-22,27.27887725830078
2014-09-23,27.17734146118164
2014-09-24,27.346569061279297
2014-09-25,27.025035858154297
2014-09-26,27.041963577270508
2014-09-29,26.92350196838379
2014-09-30,26.85580825805664
2014-10-01,26.534284591674805
2014-10-02,26.46660614013672
2014-10-03,26.4835262298584
2014-10-06,26.19584846496582
2014-10-07,25.857398986816406
2014-10-08,26.145082473754883
2014-10-09,25.688175201416016
2014-10-10,25.62047576904297
2014-10-13,25.45125961303711
2014-10-14,25.603565216064453
2014-10-15,25.14665985107422
2014-10-16,25.349720001220703
2014-10-17,25.366653442382812
2014-10-20,25.434341430664062
2014-10-21,25.772777557373047
2014-10-22,25.95893096923828
2014-10-23,26.043540954589844
2014-10-24,26.314302444458008
2014-10-27,26.24661636352539
2014-10-28,26.60198402404785
2014-10-29,26.635828018188477
2014-10-30,26.66966438293457
2014-10-31,26.99120330810547
2014-11-03,26.974279403686523
2014-11-04,26.92350196838379
2014-11-05,26.99226951599121
2014-11-06,27.23297119140625
2014-11-07,27.353313446044922
2014-11-10,27.439287185668945
2014-11-11,27.422086715698242
2014-11-12,27.611207962036133
2014-11-13,27.422086715698242
2014-11-14,27.267353057861328
2014-11-17,27.33612632751465
2014-11-18,27.267353057861328
2014-11-19,27.215770721435547
2014-11-20,27.33612632751465
2014-11-21,27.30173110961914
2014-11-24,27.456462860107422
2014-11-25,27.404890060424805
2014-11-26,27.594018936157227
2014-11-28,27.31893539428711
2014-12-01,26.92350196838379
2014-12-02,27.04384422302246
2014-12-03,27.09543228149414
2014-12-04,27.026670455932617
2014-12-05,27.422086715698242
2014-12-08,27.54244041442871
2014-12-09,27.5080509185791
2014-12-10,26.87192153930664
2014-12-11,27.112625122070312
2014-12-12,26.76876449584961
2014-12-15,26.510887145996094
2014-12-16,26.510887145996094
2014-12-17,27.06104850769043
2014-12-18,27.525239944458008
2014-12-19,27.628406524658203
2014-12-22,27.54244041442871
2014-12-23,27.74873924255371
2014-12-24,27.662784576416016
2014-12-26,27.765941619873047
2014-12-29,27.955053329467773
2014-12-30,27.81751823425293
2014-12-31,27.5080509185791
2015-01-02,27.404890060424805
2015-01-05,27.026670455932617
2015-01-06,26.700008392333984
2015-01-07,27.04384422302246
2015-01-08,27.5080509185791
2015-01-09,27.06104850769043
2015-01-12,27.06104850769043
2015-01-13,26.87192153930664
2015-01-14,26.442119598388672
2015-01-15,26.218612670898438
2015-01-16,26.562458038330078
2015-01-20,26.407733917236328
2015-01-21,26.459293365478516
2015-01-22,27.5080509185791
2015-01-23,27.112625122070312
2015-01-26,27.30173110961914
2015-01-27,27.026670455932617
2015-01-28,26.476497650146484
2015-01-29,26.665618896484375
2015-01-30,26.562458038330078
2015-02-02,27.215770721435547
2015-02-03,27.54244041442871
2015-02-04,27.525239944458008
2015-02-05,27.630029678344727
2015-02-06,27.90949058532715
2015-02-09,27.822154998779297
2015-02-10,28.066659927368164
2015-02-11,27.979339599609375
2015-02-12,28.468366622924805
2015-02-13,28.590618133544922
2015-02-17,28.730342864990234
2015-02-18,28.5032958984375
2015-02-19,28.520763397216797
2015-02-20,28.852603912353516
2015-02-23,28.62555503845215
2015-02-24,28.870073318481445
2015-02-25,28.730342864990234
2015-02-26,28.870073318481445
2015-02-27,29.009794235229492
2015-03-02,29.132041931152344
2015-03-03,29.2019100189209
2015-03-04,29.027257919311523
2015-03-05,29.254301071166992
2015-03-06,29.027257919311523
2015-03-09,29.446428298950195
2015-03-10,28.695409774780273
2015-03-11,28.80020523071289
2015-03-12,29.533748626708984
2015-03-13,29.306699752807617
2015-03-16,29.394031524658203
2015-03-17,29.551210403442383
2015-03-18,29.428945541381836
2015-03-19,29.289234161376953
2015-03-20,29.533748626708984
2015-03-23,29.394031524658203
2015-03-24,29.359098434448242
2015-03-25,28.992319107055664
2015-03-26,29.044729232788086
2015-03-27,28.992319107055664
2015-03-30,29.533748626708984
2015-03-31,29.219371795654297
2015-04-01,29.166980743408203
2015-04-02,29.359098434448242
2015-04-06,29.551210403442383
2015-04-07,29.46389389038086
2015-04-08,29.813194274902344
2015-04-09,29.79572296142578
2015-04-10,29.690940856933594
2015-04-13,29.76079559326172
2015-04-14,29.673473358154297
2015-04-15,29.76079559326172
2015-04-16,29.708402633666992
2015-04-17,29.306699752807617
2015-04-20,29.551210403442383
2015-04-21,29.63853645324707
2015-04-22,29.690940856933594
2015-04-23,29.690940856933594
2015-04-24,29.516286849975586
2015-04-27,29.289234161376953
2015-04-28,29.551210403442383
2015-04-29,29.883058547973633
2015-04-30,30.022769927978516
2015-05-01,29.76079559326172
2015-05-04,30.110095977783203
2015-05-05,30.075162887573242
2015-05-06,30.372072219848633
2015-05-07,29.999971389770508
2015-05-08,30.159439086914062
2015-05-11,30.442955017089844
2015-05-12,30.60244369506836
2015-05-13,30.726476669311523
2015-05-14,30.726476669311523
2015-05-15,30.46067237854004
2015-05-18,30.903675079345703
2015-05-19,31.38212013244629
2015-05-20,31.328954696655273
2015-05-21,31.169485092163086
2015-05-22,31.134042739868164
2015-05-26,31.010011672973633
2015-05-27,31.399843215942383
2015-05-28,31.399843215942383
2015-05-29,31.435287475585938
2015-06-01,31.364395141601562
2015-06-02,31.701078414916992
2015-06-03,31.94916343688965
2015-06-04,31.736526489257812
2015-06-05,32.09091567993164
2015-06-08,32.05549240112305
2015-06-09,32.25040054321289
2015-06-10,32.62251663208008
2015-06-11,32.604793548583984
2015-06-12,32.657962799072266
2015-06-15,32.657962799072266
2015-06-16,32.870601654052734
2015-06-17,32.48076248168945
2015-06-18,32.72883987426758
2015-06-19,32.640235900878906
2015-06-22,32.90604019165039
2015-06-23,33.100955963134766
2015-06-24,32.69339370727539
2015-06-25,32.69339370727539
2015-06-26,32.852867126464844
2015-06-29,32.33900451660156
2015-06-30,32.569358825683594
2015-07-01,32.852867126464844
2015-07-02,32.48076248168945
2015-07-06,32.516197204589844
2015-07-07,32.37443923950195
2015-07-08,31.825117111206055
2015-07-09,32.020042419433594
2015-07-10,32.33900451660156
2015-07-13,32.516197204589844
2015-07-14,32.604793548583984
2015-07-15,32.76428985595703
2015-07-16,32.852867126464844
2015-07-17,32.569358825683594
2015-07-20,32.71112060546875
2015-07-21,32.356727600097656
2015-07-22,33.012351989746094
2015-07-23,32.852867126464844
2015-07-24,32.657962799072266
2015-07-27,32.62251663208008
2015-07-28,32.870601654052734
2015-07-29,33.26044845581055
2015-07-30,33.632564544677734
2015-07-31,33.72114944458008
2015-08-03,33.40220642089844
2015-08-04,33.40220642089844
2015-08-05,33.509952545166016
2015-08-06,33.20466995239258
2015-08-07,32.683876037597656
2015-08-10,33.16874313354492
2015-08-11,33.04302978515625
2015-08-12,32.665924072265625
2015-08-13,32.881412506103516
2015-08-14,33.40220642089844
2015-08-17,33.40220642089844
2015-08-18,33.18670654296875
2015-08-19,32.6479606628418
2015-08-20,32.055335998535156
2015-08-21,31.696178436279297
2015-08-24,30.20564842224121
2015-08-25,29.900360107421875
2015-08-26,30.798261642456055
2015-08-27,31.53455924987793
2015-08-28,31.67820930480957
2015-08-31,31.714130401611328
2015-09-01,30.54684829711914
2015-09-02,30.995811462402344
2015-09-03,31.35496711730957
2015-09-04,31.247220993041992
2015-09-08,32.216957092285156
2015-09-09,31.696178436279297
2015-09-10,31.893712997436523
2015-09-11,31.92962646484375
2015-09-14,32.216957092285156
2015-09-15,32.54020309448242
2015-09-16,32.630008697509766
2015-09-17,32.055335998535156
2015-09-18,31.3729248046875
2015-09-21,31.893712997436523
2015-09-22,31.60637664794922
2015-09-23,32.45042037963867
2015-09-24,32.61204528808594
2015-09-25,32.558170318603516
2015-09-28,32.23491668701172
2015-09-29,32.14513397216797
2015-09-30,32.432472229003906
2015-10-01,32.45042037963867
2015-10-02,32.432472229003906
2015-10-05,33.09691619873047
2015-10-06,33.06099319458008
2015-10-07,33.36629104614258
2015-10-08,33.545860290527344
2015-10-09,33.24058532714844
2015-10-12,33.47404098510742
2015-10-13,33.24058532714844
2015-10-14,32.70183181762695
2015-10-15,33.16874313354492
2015-10-16,33.114871978759766
2015-10-19,33.150787353515625
2015-10-20,33.38425827026367
2015-10-21,32.953243255615234
2015-10-22,33.276493072509766
2015-10-23,34.030731201171875
2015-10-26,33.83320236206055
2015-10-27,33.743408203125
2015-10-28,34.40785217285156
2015-10-29,30.277482986450195
2015-10-30,29.66690444946289
2015-11-02,29.415483474731445
2015-11-03,29.253860473632812
2015-11-04,29.12619400024414
2015-11-05,29.272109985351562
2015-11-06,29.47272491455078
2015-11-09,28.85262107849121
2015-11-10,28.99852180480957
2015-11-11,29.253868103027344
2015-11-12,28.90734100341797
2015-11-13,28.487865447998047
2015-11-16,28.615522384643555
2015-11-17,28.287240982055664
2015-11-18,28.85262107849121
2015-11-19,29.107954025268555
2015-11-20,29.107954025268555
2015-11-23,29.035001754760742
2015-11-24,29.180917739868164
2015-11-25,29.47272491455078
2015-11-27,29.47272491455078
2015-11-30,29.91044044494629
2015-12-01,30.402862548828125
2015-12-02,30.256961822509766
2015-12-03,30.202239990234375
2015-12-04,30.749387741088867
2015-12-07,30.421096801757812
2015-12-08,29.70981216430664
2015-12-09,29.928678512573242
2015-12-10,30.238718032836914
2015-12-11,29.527437210083008
2015-12-14,29.8557186126709
2015-12-15,30.895278930664062
2015-12-16,30.913524627685547
2015-12-17,30.421096801757812
2015-12-18,29.47272491455078
2015-12-21,29.892183303833008
2015-12-22,29.74628448486328
2015-12-23,30.293437957763672
2015-12-24,30.202239990234375
2015-12-28,30.202239990234375
2015-12-29,30.512283325195312
2015-12-30,30.03809928894043
2015-12-31,29.764528274536133
2016-01-04,29.05324935913086
2016-01-05,29.235626220703125
2016-01-06,28.90734100341797
2016-01-07,28.250774383544922
2016-01-08,27.831295013427734
2016-01-11,27.904247283935547
2016-01-12,28.269010543823242
2016-01-13,27.338863372802734
2016-01-14,27.612430572509766
2016-01-15,27.101774215698242
2016-01-19,26.95586395263672
2016-01-20,27.065296173095703
2016-01-21,26.882917404174805
2016-01-22,27.101774215698242
2016-01-25,26.463438034057617
2016-01-26,27.12000274658203
2016-01-27,27.57595443725586
2016-01-28,27.849525451660156
2016-01-29,28.232526779174805
2016-02-01,28.232526779174805
2016-02-02,27.68539810180664
2016-02-03,27.995445251464844
2016-02-04,28.253633499145508
2016-02-05,28.364276885986328
2016-02-08,28.45649528503418
2016-02-09,28.511817932128906
2016-02-10,27.94010353088379
2016-02-11,27.147085189819336
2016-02-12,27.847904205322266
2016-02-16,28.677799224853516
2016-02-17,28.622478485107422
2016-02-18,28.604026794433594
2016-02-19,28.511817932128906
2016-02-22,28.770015716552734
2016-02-23,28.38272476196289
2016-02-24,28.16141700744629
2016-02-25,28.38272476196289
2016-02-26,28.419605255126953
2016-02-29,27.90321922302246
2016-03-01,28.954435348510742
2016-03-02,29.15730094909668
2016-03-03,29.360164642333984
2016-03-04,29.58148193359375
2016-03-07,29.41550064086914
2016-03-08,28.770015716552734
2016-03-09,28.640905380249023
2016-03-10,28.82533073425293
2016-03-11,29.286394119262695
2016-03-14,28.9913272857666
2016-03-15,28.972877502441406
2016-03-16,28.604026794433594
2016-03-17,28.45649528503418
2016-03-18,28.567157745361328
2016-03-21,28.899106979370117
2016-03-22,29.249509811401367
2016-03-23,29.083534240722656
2016-03-24,28.91754913330078
2016-03-28,28.788454055786133
2016-03-29,29.341724395751953
2016-03-30,29.433929443359375
2016-03-31,29.323274612426758
2016-04-01,29.13886260986328
2016-04-04,29.0282039642334
2016-04-05,28.3089656829834
2016-04-06,28.3089656829834
2016-04-07,27.460601806640625
2016-04-08,27.718812942504883
2016-04-11,27.811016082763672
2016-04-12,27.94010353088379
2016-04-13,28.622478485107422
2016-04-14,28.880672454833984
2016-04-15,28.843788146972656
2016-04-18,29.009767532348633
2016-04-19,29.41550064086914
2016-04-20,28.640905380249023
2016-04-21,28.142972946166992
2016-04-22,28.16141700744629
2016-04-25,28.16141700744629
2016-04-26,28.438053131103516
2016-04-27,28.124534606933594
2016-04-28,27.811016082763672
2016-04-29,27.718812942504883
2016-05-02,27.86634635925293
2016-05-03,27.220853805541992
2016-05-04,27.03429412841797
2016-05-05,26.941001892089844
2016-05-06,27.202207565307617
2016-05-09,27.314144134521484
2016-05-10,27.74325942993164
2016-05-11,27.761920928955078
2016-05-12,27.89251136779785
2016-05-13,27.44474220275879
2016-05-16,27.649978637695312
2016-05-17,27.575342178344727
2016-05-18,28.321640014648438
2016-05-19,28.04178237915039
2016-05-20,28.321640014648438
2016-05-23,28.116413116455078
2016-05-24,28.638809204101562
2016-05-25,28.937318801879883
2016-05-26,28.844039916992188
2016-05-27,29.179868698120117
2016-05-31,29.366439819335938
2016-06-01,29.422412872314453
2016-06-02,29.478378295898438
2016-06-03,29.03061866760254
2016-06-06,29.21717643737793
2016-06-07,28.918663024902344
2016-06-08,28.82537841796875
2016-06-09,28.844039916992188
2016-06-10,28.694772720336914
2016-06-13,28.097745895385742
2016-06-14,27.761920928955078
2016-06-15,27.74325942993164
2016-06-16,27.61265754699707
2016-06-17,27.89251136779785
2016-06-20,28.302974700927734
2016-06-21,28.26565933227539
2016-06-22,28.209693908691406
2016-06-23,28.806724548339844
2016-06-24,27.556690216064453
2016-06-27,26.866374969482422
2016-06-28,27.332794189453125
2016-06-29,27.66864013671875
2016-06-30,27.96714973449707
2016-07-01,27.855209350585938
2016-07-05,27.407428741455078
2016-07-06,27.3701229095459
2016-07-07,27.3701229095459
2016-07-08,27.48206329345703
2016-07-11,27.705942153930664
2016-07-12,28.079090118408203
2016-07-13,27.761920928955078
2016-07-14,27.89251136779785
2016-07-15,28.004470825195312
2016-07-18,27.948497772216797
2016-07-19,27.948497772216797
2016-07-20,27.575342178344727
2016-07-21,27.314144134521484
2016-07-22,27.556690216064453
2016-07-25,27.38877296447754
2016-07-26,27.426088333129883
2016-07-27,26.623836517333984
2016-07-28,26.567859649658203
2016-07-29,26.959657669067383
2016-08-01,26.922348022460938
2016-08-02,26.810401916503906
2016-08-03,26.996973037719727
2016-08-04,27.110246658325195
2016-08-05,27.37455177307129
2016-08-08,27.110246658325195
2016-08-09,26.9025821685791
2016-08-10,27.015857696533203
2016-08-11,26.88370132446289
2016-08-12,26.827062606811523
2016-08-15,26.940345764160156
2016-08-16,27.110246658325195
2016-08-17,27.03473663330078
2016-08-18,27.129121780395508
2016-08-19,27.20462989807129
2016-08-22,27.185762405395508
2016-08-23,27.053613662719727
2016-08-24,27.09136199951172
2016-08-25,27.20462989807129
2016-08-26,27.544452667236328
2016-08-29,27.903160095214844
2016-08-30,28.431772232055664
2016-08-31,28.526172637939453
2016-09-01,28.469532012939453
2016-09-02,28.998149871826172
2016-09-06,28.6016902923584
2016-09-07,29.073667526245117
2016-09-08,29.111419677734375
2016-09-09,28.677202224731445
2016-09-12,29.01702308654785
2016-09-13,28.696077346801758
2016-09-14,27.978683471679688
2016-09-15,27.695497512817383
2016-09-16,27.261268615722656
2016-09-19,27.147998809814453
2016-09-20,27.053613662719727
2016-09-21,27.166887283325195
2016-09-22,27.223520278930664
2016-09-23,27.884288787841797
2016-09-26,27.336788177490234
2016-09-27,27.393436431884766
2016-09-28,27.223520278930664
2016-09-29,26.619384765625
2016-09-30,26.864822387695312
2016-10-03,26.543880462646484
2016-10-04,26.5627498626709
2016-10-05,26.713794708251953
2016-10-06,26.676029205322266
2016-10-07,26.449485778808594
2016-10-10,26.5627498626709
2016-10-11,26.543880462646484
2016-10-12,26.52499771118164
2016-10-13,26.222929000854492
2016-10-14,26.27956199645996
2016-10-17,26.147415161132812
2016-10-18,26.298450469970703
2016-10-19,26.9025821685791
2016-10-20,26.487245559692383
2016-10-21,26.411724090576172
2016-10-24,26.638273239135742
2016-10-25,27.129121780395508
2016-10-26,27.487825393676758
2016-10-27,27.166887283325195
2016-10-28,26.657148361206055
2016-10-31,27.110246658325195
2016-11-01,26.808189392089844
2016-11-02,26.411724090576172
2016-11-03,26.33527946472168
2016-11-04,26.354387283325195
2016-11-07,26.717506408691406
2016-11-08,26.60283088684082
2016-11-09,28.28462028503418
2016-11-10,28.380172729492188
2016-11-11,29.0490665435791
2016-11-14,29.698854446411133
2016-11-15,29.71796226501465
2016-11-16,29.354856491088867
2016-11-17,30.042861938476562
2016-11-18,30.329526901245117
2016-11-21,30.329526901245117
2016-11-22,30.444194793701172
2016-11-23,30.444194793701172
2016-11-25,30.597078323364258
2016-11-28,30.157527923583984
2016-11-29,30.444194793701172
2016-11-30,30.53975486755371
2016-12-01,30.979320526123047
2016-12-02,30.73086929321289
2016-12-05,31.017526626586914
2016-12-06,31.667306900024414
2016-12-07,32.27886962890625
2016-12-08,32.737545013427734
2016-12-09,32.5655403137207
2016-12-12,32.14508819580078
2016-12-13,32.431766510009766
2016-12-14,32.22153854370117
2016-12-15,32.6419792175293
2016-12-16,32.83309555053711
2016-12-19,33.06243133544922
2016-12-20,32.01131057739258
2016-12-21,30.444194793701172
2016-12-22,30.405963897705078
2016-12-23,30.1766300201416
2016-12-27,30.29129981994629
2016-12-28,30.29129981994629
2016-12-29,30.157527923583984
2016-12-30,30.405963897705078
2017-01-03,30.425086975097656
2017-01-04,30.9984188079834
2017-01-05,30.6544189453125
2017-01-06,30.405963897705078
2017-01-09,30.138416290283203
2017-01-10,30.29129981994629
2017-01-11,30.329526901245117
2017-01-12,30.004636764526367
2017-01-13,30.061962127685547
2017-01-17,29.81352424621582
2017-01-18,30.081083297729492
2017-01-19,29.98552703857422
2017-01-20,30.214866638183594
2017-01-23,30.6162052154541
2017-01-24,30.84552574157715
2017-01-25,28.781511306762695
2017-01-26,28.915300369262695
2017-01-27,29.02996253967285
2017-01-30,28.953519821166992
2017-01-31,29.02996253967285
2017-02-01,28.628629684448242
2017-02-02,28.533071517944336
2017-02-03,28.939023971557617
2017-02-06,28.881032943725586
2017-02-07,28.610397338867188
2017-02-08,28.417081832885742
2017-02-09,28.629728317260742
2017-02-10,28.881032943725586
2017-02-13,29.190340042114258
2017-02-14,29.57695770263672
2017-02-15,29.596296310424805
2017-02-16,29.57695770263672
2017-02-17,29.364316940307617
2017-02-21,29.634963989257812
2017-02-22,29.67362403869629
2017-02-23,29.905595779418945
2017-02-24,29.77027702331543
2017-02-27,30.021577835083008
2017-02-28,29.538297653198242
2017-03-01,29.750951766967773
2017-03-02,28.958358764648438
2017-03-03,28.997028350830078
2017-03-06,28.397750854492188
2017-03-07,28.18511199951172
2017-03-08,27.93380355834961
2017-03-09,27.9531307220459
2017-03-10,27.837141036987305
2017-03-13,27.81780242919922
2017-03-14,27.81780242919922
2017-03-15,27.721155166625977
2017-03-16,27.75982093811035
2017-03-17,27.81780242919922
2017-03-20,27.334535598754883
2017-03-21,27.02522850036621
2017-03-22,26.773916244506836
2017-03-23,26.87057876586914
2017-03-24,26.87057876586914
2017-03-27,27.083221435546875
2017-03-28,27.276533126831055
2017-03-29,26.889909744262695
2017-03-30,27.5278377532959
2017-03-31,27.005895614624023
2017-04-03,26.793254852294922
2017-04-04,26.59993553161621
2017-04-05,26.27131462097168
2017-04-06,26.46461296081543
2017-04-07,26.367963790893555
2017-04-10,26.483945846557617
2017-04-11,26.657930374145508
2017-04-12,26.522605895996094
2017-04-13,25.96199607849121
2017-04-17,26.290637969970703
2017-04-18,26.193973541259766
2017-04-19,26.135982513427734
2017-04-20,26.54193115234375
2017-04-21,26.69659996032715
2017-04-24,26.75458335876465
2017-04-25,26.5612735748291
2017-04-26,25.69135856628418
2017-04-27,25.884672164916992
2017-04-28,25.69135856628418
2017-05-01,25.61403465270996
2017-05-02,25.575363159179688
2017-05-03,25.440059661865234
2017-05-04,25.675064086914062
2017-05-05,25.929662704467773
2017-05-08,25.98841094970703
2017-05-09,25.61631202697754
2017-05-10,25.694656372070312
2017-05-11,25.53797149658203
2017-05-12,25.302967071533203
2017-05-15,25.479219436645508
2017-05-16,25.479219436645508
2017-05-17,25.067955017089844
2017-05-18,25.244216918945312
2017-05-19,25.4400634765625
2017-05-22,25.55756378173828
2017-05-23,25.733816146850586
2017-05-24,25.4400634765625
2017-05-25,25.381303787231445
2017-05-26,25.479219436645508
2017-05-30,25.381303787231445
2017-05-31,25.302967071533203
2017-06-01,25.5771427154541
2017-06-02,25.361711502075195
2017-06-05,25.5771427154541
2017-06-06,25.479219436645508
2017-06-07,25.51839256286621
2017-06-08,25.96883201599121
2017-06-09,26.771791458129883
2017-06-12,27.006807327270508
2017-06-13,26.96763038635254
2017-06-14,26.713035583496094
2017-06-15,26.18425750732422
2017-06-16,26.0275821685791
2017-06-19,25.4008846282959
2017-06-20,25.18545913696289
2017-06-21,25.009201049804688
2017-06-22,24.813352584838867
2017-06-23,24.87211036682129
2017-06-26,24.970033645629883
2017-06-27,25.087533950805664
2017-06-28,25.4400634765625
2017-06-29,25.929662704467773
2017-06-30,25.714235305786133
2017-07-03,26.262592315673828
2017-07-05,26.066761016845703
2017-07-06,25.929662704467773
2017-07-07,25.929662704467773
2017-07-10,25.655487060546875
2017-07-11,25.55756378173828
2017-07-12,25.479219436645508
2017-07-13,25.596723556518555
2017-07-14,25.498802185058594
2017-07-17,25.53797149658203
2017-07-18,25.34212303161621
2017-07-19,25.322546005249023
2017-07-20,25.459632873535156
2017-07-21,25.479219436645508
2017-07-24,25.61631202697754
2017-07-25,26.086339950561523
2017-07-26,25.009201049804688
2017-07-27,25.20504379272461
2017-07-28,25.322546005249023
2017-07-31,25.714235305786133
2017-08-01,25.753406524658203
2017-08-02,25.753406524658203
2017-08-03,25.515316009521484
2017-08-04,25.55499839782715
2017-08-07,25.09865379333496
2017-08-08,25.138338088989258
2017-08-09,24.900253295898438
2017-08-10,24.424062728881836
2017-08-11,24.24549674987793
2017-08-14,24.761362075805664
2017-08-15,24.52327537536621
2017-08-16,24.424062728881836
2017-08-17,23.967731475830078
2017-08-18,23.68995475769043
2017-08-21,23.610593795776367
2017-08-22,23.729642868041992
2017-08-23,23.769325256347656
2017-08-24,23.729642868041992
2017-08-25,24.047094345092773
2017-08-28,23.828840255737305
2017-08-29,23.78916358947754
2017-08-30,23.828840255737305
2017-08-31,23.9082088470459
2017-09-01,24.047094345092773
2017-09-05,23.6502742767334
2017-09-06,23.78916358947754
2017-09-07,23.213773727416992
2017-09-08,23.273296356201172
2017-09-11,23.749481201171875
2017-09-12,24.26534080505371
2017-09-13,24.70184326171875
2017-09-14,24.38438606262207
2017-09-15,24.38438606262207
2017-09-18,24.44390869140625
2017-09-19,24.4637508392334
2017-09-20,24.60263442993164
2017-09-21,24.880399703979492
2017-09-22,24.920095443725586
2017-09-25,25.138338088989258
2017-09-26,25.376420974731445
2017-09-27,25.5748348236084
2017-09-28,25.535160064697266
2017-09-29,25.5748348236084
2017-10-02,25.73356056213379
2017-10-03,25.693878173828125
2017-10-04,25.43595314025879
2017-10-05,25.773252487182617
2017-10-06,25.73356056213379
2017-10-09,25.41610336303711
2017-10-10,25.5748348236084
2017-10-11,25.475637435913086
2017-10-12,25.41610336303711
2017-10-13,25.336746215820312
2017-10-16,25.39627456665039
2017-10-17,25.237539291381836
2017-10-18,25.257383346557617
2017-10-19,25.316905975341797
2017-10-20,25.4954776763916
2017-10-23,25.21770668029785
2017-10-24,25.336746215820312
2017-10-25,24.80104637145996
2017-10-26,25.237539291381836
2017-10-27,25.4954776763916
2017-10-30,24.880399703979492
2017-10-31,24.920095443725586
2017-11-01,24.78120994567871
2017-11-02,24.999448776245117
2017-11-03,24.979616165161133
2017-11-06,24.95949935913086
2017-11-07,24.517024993896484
2017-11-08,24.235458374023438
2017-11-09,24.134891510009766
2017-11-10,24.37624168395996
2017-11-13,25.703655242919922
2017-11-14,26.085792541503906
2017-11-15,25.623207092285156
2017-11-16,25.462310791015625
2017-11-17,25.5628719329834
2017-11-20,26.02544593811035
2017-11-21,25.884672164916992
2017-11-22,25.8243408203125
2017-11-24,25.643321990966797
2017-11-27,25.58298110961914
2017-11-28,26.20646858215332
2017-11-29,27.111526489257812
2017-11-30,26.829954147338867
2017-12-01,26.669052124023438
2017-12-04,27.4132080078125
2017-12-05,27.13163948059082
2017-12-06,26.80984878540039
2017-12-07,26.870180130004883
2017-12-08,26.85006332397461
2017-12-11,26.528270721435547
2017-12-12,26.60871124267578
2017-12-13,26.2467041015625
2017-12-14,25.924898147583008
2017-12-15,26.387481689453125
2017-12-18,26.669052124023438
2017-12-19,26.749502182006836
2017-12-20,26.669052124023438
2017-12-21,26.85006332397461
2017-12-22,26.70927619934082
2017-12-26,26.548381805419922
2017-12-27,26.34726333618164
2017-12-28,26.407590866088867
2017-12-29,26.186357498168945
2018-01-02,26.286914825439453
2018-01-03,26.467931747436523
2018-01-04,26.447816848754883
2018-01-05,26.286914825439453
2018-01-08,26.186357498168945
2018-01-09,26.407590866088867
2018-01-10,27.252321243286133
2018-01-11,27.71489906311035
2018-01-12,27.43332290649414
2018-01-16,27.272422790527344
2018-01-17,27.533889770507812
2018-01-18,27.594226837158203
2018-01-19,27.95625114440918
2018-01-22,28.117151260375977
2018-01-23,27.976362228393555
2018-01-24,27.916027069091797
2018-01-25,28.056814193725586
2018-01-26,28.157367706298828
2018-01-29,28.358495712280273
2018-01-30,28.03670310974121
2018-01-31,28.47917366027832
2018-02-01,28.559619903564453
2018-02-02,27.996471405029297
2018-02-05,27.191980361938477
2018-02-06,27.372987747192383
2018-02-07,27.43332290649414
2018-02-08,26.648948669433594
2018-02-09,27.332773208618164
2018-02-12,27.37349510192871
2018-02-13,27.577171325683594
2018-02-14,28.208555221557617
2018-02-15,28.575162887573242
2018-02-16,28.860305786132812
2018-02-20,28.69736671447754
2018-02-21,28.75846290588379
2018-02-22,28.330753326416016
2018-02-23,28.656625747680664
2018-02-26,28.656625747680664
2018-02-27,28.534425735473633
2018-02-28,27.7401123046875
2018-03-01,28.08635139465332
2018-03-02,28.81956672668457
2018-03-05,29.00287628173828
2018-03-06,29.24728012084961
2018-03-07,29.36948013305664
2018-03-08,29.084348678588867
2018-03-09,29.491689682006836
2018-03-12,29.45094871520996
2018-03-13,29.288013458251953
2018-03-14,28.83994483947754
2018-03-15,28.860305786132812
2018-03-16,28.738101959228516
2018-03-19,28.677003860473633
2018-03-20,28.61589813232422
2018-03-21,28.677003860473633
2018-03-22,27.45496368408203
2018-03-23,26.497705459594727
2018-03-26,27.067995071411133
2018-03-27,26.212575912475586
2018-03-28,26.375503540039062
2018-03-29,26.538442611694336
2018-04-02,26.029266357421875
2018-04-03,25.988525390625
2018-04-04,26.04962730407715
2018-04-05,26.25330352783203
2018-04-06,25.58118438720703
2018-04-09,25.56081771850586
2018-04-10,25.886690139770508
2018-04-11,25.805225372314453
2018-04-12,26.192209243774414
2018-04-13,25.825597763061523
2018-04-16,25.84596061706543
2018-04-17,25.418254852294922
2018-04-18,25.336782455444336
2018-04-19,25.64228630065918
2018-04-20,25.744121551513672
2018-04-23,26.192209243774414
2018-04-24,26.395877838134766
2018-04-25,24.5220947265625
2018-04-26,24.236955642700195
2018-04-27,24.3795223236084
2018-04-30,24.19622039794922
2018-05-01,24.155487060546875
2018-05-02,24.31841468811035
2018-05-03,24.175851821899414
2018-05-04,24.481361389160156
2018-05-07,24.192129135131836
2018-05-08,23.861581802368164
2018-05-09,24.150814056396484
2018-05-10,24.212791442871094
2018-05-11,24.13014030456543
2018-05-14,24.419376373291016
2018-05-15,24.646631240844727
2018-05-16,24.729272842407227
2018-05-17,24.93586540222168
2018-05-18,24.853225708007812
2018-05-21,24.791242599487305
2018-05-22,24.894548416137695
2018-05-23,24.74993133544922
2018-05-24,24.625974655151367
2018-05-25,24.563993453979492
2018-05-29,23.902894973754883
2018-05-30,24.13014030456543
2018-05-31,23.944211959838867
2018-06-01,23.98553466796875
2018-06-04,24.295427322387695
2018-06-05,24.212791442871094
2018-06-06,24.563993453979492
2018-06-07,24.625974655151367
2018-06-08,24.770597457885742
2018-06-11,24.563993453979492
2018-06-12,24.522672653198242
2018-06-13,23.88224220275879
2018-06-14,23.84091567993164
2018-06-15,23.758277893066406
2018-06-18,23.820261001586914
2018-06-19,23.98553466796875
2018-06-20,23.696304321289062
2018-06-21,23.737625122070312
2018-06-22,23.57234764099121
2018-06-25,23.44839096069336
2018-06-26,23.241792678833008
2018-06-27,22.993885040283203
2018-06-28,22.97322654724121
2018-06-29,22.807947158813477
2018-07-02,22.78728675842285
2018-07-03,22.869930267333984
2018-07-05,23.22113800048828
2018-07-06,23.283117294311523
2018-07-09,24.109487533569336
2018-07-10,23.861581802368164
2018-07-11,23.820261001586914
2018-07-12,23.613666534423828
2018-07-13,23.593002319335938
2018-07-16,23.737625122070312
2018-07-17,23.737625122070312
2018-07-18,23.7789363861084
2018-07-19,23.613666534423828
2018-07-20,23.57234764099121
2018-07-23,23.84091567993164
2018-07-24,23.57234764099121
2018-07-25,21.733659744262695
2018-07-26,21.795635223388672
2018-07-27,22.126192092895508
2018-07-30,22.374107360839844
2018-07-31,22.250146865844727
2018-08-01,22.208829879760742
2018-08-02,22.208829879760742
2018-08-03,22.167503356933594
2018-08-06,22.083538055419922
2018-08-07,22.18850326538086
2018-08-08,22.67131233215332
2018-08-09,22.503385543823242
2018-08-10,22.272470474243164
2018-08-13,22.251474380493164
2018-08-14,22.545368194580078
2018-08-15,22.272470474243164
2018-08-16,22.58734130859375
2018-08-17,22.776277542114258
2018-08-20,22.81825828552246
2018-08-21,23.196109771728516
2018-08-22,23.02817726135254
2018-08-23,22.776277542114258
2018-08-24,22.608339309692383
2018-08-27,22.86024284362793
2018-08-28,22.923219680786133
2018-08-29,22.902225494384766
2018-08-30,22.755285263061523
2018-08-31,22.608339309692383
2018-09-04,22.755285263061523
2018-09-05,22.86024284362793
2018-09-06,23.133136749267578
2018-09-07,22.9652042388916
2018-09-10,22.9652042388916
2018-09-11,22.902225494384766
2018-09-12,22.86024284362793
2018-09-13,22.755285263061523
2018-09-14,22.839252471923828
2018-09-17,22.65032386779785
2018-09-18,22.3564395904541
2018-09-19,22.58734130859375
2018-09-20,23.049169540405273
2018-09-21,23.09115219116211
2018-09-24,22.104536056518555
2018-09-25,22.083538055419922
2018-09-26,21.78965187072754
2018-09-27,21.537752151489258
2018-09-28,21.768661499023438
2018-10-01,21.537752151489258
2018-10-02,21.55873680114746
2018-10-03,22.04155921936035
2018-10-04,22.167509078979492
2018-10-05,22.104536056518555
2018-10-08,22.44040298461914
2018-10-09,22.167509078979492
2018-10-10,22.062549591064453
2018-10-11,21.243864059448242
2018-10-12,20.67707633972168
2018-10-15,20.67707633972168
2018-10-16,20.74005699157715
2018-10-17,20.803035736083984
2018-10-18,20.67707633972168
2018-10-19,20.593111038208008
2018-10-22,19.690458297729492
2018-10-23,19.75343132019043
2018-10-24,19.081693649291992
2018-10-25,19.165658950805664
2018-10-26,19.48053550720215
2018-10-29,19.627483367919922
2018-10-30,20.257244110107422
2018-10-31,20.11029815673828
2018-11-01,20.593111038208008
2018-11-02,20.593111038208008
2018-11-05,20.69992446899414
2018-11-06,20.785371780395508
2018-11-07,20.998998641967773
2018-11-08,20.89218521118164
2018-11-09,20.50766372680664
2018-11-12,20.18723487854004
2018-11-13,20.48630714416504
2018-11-14,20.144508361816406
2018-11-15,20.294038772583008
2018-11-16,20.123140335083008
2018-11-19,20.48630714416504
2018-11-20,20.550386428833008
2018-11-21,20.336772918701172
2018-11-23,20.550386428833008
2018-11-26,21.127164840698242
2018-11-27,21.063081741333008
2018-11-28,21.832120895385742
2018-11-29,22.55843162536621
2018-11-30,22.707963943481445
2018-12-03,22.366172790527344
2018-12-04,21.85348129272461
2018-12-06,21.981653213500977
2018-12-07,21.468965530395508
2018-12-10,20.82809829711914
2018-12-11,20.50766372680664
2018-12-12,21.105804443359375
2018-12-13,20.294038772583008
2018-12-14,20.123140335083008
2018-12-17,19.845436096191406
2018-12-18,19.73862648010254
2018-12-19,19.119125366210938
2018-12-20,19.097759246826172
2018-12-21,18.755970001220703
2018-12-24,18.713247299194336
2018-12-26,19.503643035888672
2018-12-27,19.24730110168457
2018-12-28,19.67453956604004
2018-12-31,20.101781845092773
2019-01-02,20.422212600708008
2019-01-03,20.67856216430664
2019-01-04,21.23398208618164
2019-01-07,21.127164840698242
2019-01-08,21.44759750366211
2019-01-09,21.575775146484375
2019-01-10,21.70394515991211
2019-01-11,21.59713363647461
2019-01-14,21.725309371948242
2019-01-15,21.639856338500977
2019-01-16,21.725309371948242
2019-01-17,22.19527244567871
2019-01-18,22.579795837402344
2019-01-22,22.55843162536621
2019-01-23,22.62251853942871
2019-01-24,22.643877029418945
2019-01-25,22.857498168945312
2019-01-28,23.19930076599121
2019-01-29,23.220653533935547
2019-01-30,24.41693878173828
2019-01-31,24.822824478149414
2019-02-01,25.570497512817383
2019-02-04,25.314144134521484
2019-02-05,25.25005531311035
2019-02-06,25.698665618896484
2019-02-07,25.613222122192383
2019-02-08,25.591856002807617
2019-02-11,25.613521575927734
2019-02-12,25.89522933959961
2019-02-13,26.13360023498535
2019-02-14,25.808555603027344
2019-02-15,26.111928939819336
2019-02-19,26.545316696166992
2019-02-20,26.545316696166992
2019-02-21,26.523651123046875
2019-02-22,26.74034881591797
2019-02-25,26.631999969482422
2019-02-26,26.523651123046875
2019-02-27,26.957042694091797
2019-02-28,27.108728408813477
2019-03-01,27.412105560302734
2019-03-04,27.3254337310791
2019-03-05,27.238746643066406
2019-03-06,26.8270263671875
2019-03-07,26.480308532714844
2019-03-08,26.480308532714844
2019-03-11,26.046920776367188
2019-03-12,26.02524757385254
2019-03-13,26.02524757385254
2019-03-14,26.068584442138672
2019-03-15,26.068584442138672
2019-03-18,26.45864486694336
2019-03-19,25.91689682006836
2019-03-20,25.115121841430664
2019-03-21,25.396831512451172
2019-03-22,24.92009735107422
2019-03-25,24.681730270385742
2019-03-26,25.310144424438477
2019-03-27,25.266809463500977
2019-03-28,25.5268497467041
2019-03-29,25.07178497314453
2019-04-01,25.548513412475586
2019-04-02,25.266809463500977
2019-04-03,25.418493270874023
2019-04-04,25.591859817504883
2019-04-05,25.635196685791016
2019-04-08,25.65686798095703
2019-04-09,25.440166473388672
2019-04-10,25.721872329711914
2019-04-11,25.87356185913086
2019-04-12,26.003576278686523
2019-04-15,25.808555603027344
2019-04-16,25.87356185913086
2019-04-17,24.725072860717773
2019-04-18,24.660057067871094
2019-04-22,24.508373260498047
2019-04-23,24.53004264831543
2019-04-24,24.660057067871094
2019-04-25,24.29167938232422
2019-04-26,24.595048904418945
2019-04-29,24.746736526489258
2019-04-30,25.20180320739746
2019-05-01,24.660057067871094
2019-05-02,24.898435592651367
2019-05-03,25.115121841430664
2019-05-06,25.02845001220703
2019-05-07,24.57338523864746
2019-05-08,24.356685638427734
2019-05-09,24.37835121154785
2019-05-10,24.486703872680664
2019-05-13,24.0026912689209
2019-05-14,24.200693130493164
2019-05-15,23.474672317504883
2019-05-16,23.210662841796875
2019-05-17,23.034664154052734
2019-05-20,22.63865089416504
2019-05-21,22.792654037475586
2019-05-22,22.52865219116211
2019-05-23,22.374645233154297
2019-05-24,22.396644592285156
2019-05-28,22.04463005065918
2019-05-29,22.63865089416504
2019-05-30,21.846628189086914
2019-05-31,21.846628189086914
2019-06-03,22.2646427154541
2019-06-04,22.52865219116211
2019-06-05,22.616647720336914
2019-06-06,22.418642044067383
2019-06-07,22.22064208984375
2019-06-10,22.374645233154297
2019-06-11,22.83665657043457
2019-06-12,21.45061683654785
2019-06-13,21.230615615844727
2019-06-14,21.208606719970703
2019-06-17,21.164608001708984
2019-06-18,21.03260040283203
2019-06-19,21.098608016967773
2019-06-20,20.988603591918945
2019-06-21,21.054603576660156
2019-06-24,21.120603561401367
2019-06-25,21.56062126159668
2019-06-26,21.45061683654785
2019-06-27,21.648622512817383
2019-06-28,21.956632614135742
2019-07-01,22.242637634277344
2019-07-02,22.22064208984375
2019-07-03,22.52865219116211
2019-07-05,22.462642669677734
2019-07-08,22.330638885498047
2019-07-09,22.462642669677734
2019-07-10,22.462642669677734
2019-07-11,22.70465087890625
2019-07-12,23.14466667175293
2019-07-15,23.07866668701172
2019-07-16,23.210662841796875
2019-07-17,23.32067108154297
2019-07-18,23.27667236328125
2019-07-19,23.342666625976562
2019-07-22,23.36467170715332
2019-07-23,23.562679290771484
2019-07-24,23.980684280395508
2019-07-25,23.5186710357666
2019-07-26,23.914688110351562
2019-07-29,24.02469253540039
2019-07-30,24.64071273803711
2019-07-31,25.366731643676758
2019-08-01,25.498729705810547
2019-08-02,25.410737991333008
2019-08-05,25.168724060058594
2019-08-06,25.366731643676758
2019-08-07,25.344730377197266
2019-08-08,25.784740447998047
2019-08-09,25.650802612304688
2019-08-12,25.360580444335938
2019-08-13,25.49452781677246
2019-08-14,24.936410903930664
2019-08-15,24.847116470336914
2019-08-16,25.69544219970703
2019-08-19,25.963336944580078
2019-08-20,25.382905960083008
2019-08-21,25.561492919921875
2019-08-22,25.87403678894043
2019-08-23,25.47220230102539
2019-08-26,25.628467559814453
2019-08-27,25.22663116455078
2019-08-28,25.181983947753906
2019-08-29,25.382905960083008
2019-08-30,25.762426376342773
2019-09-03,25.58382225036621
2019-09-04,25.851716995239258
2019-09-05,26.63306999206543
2019-09-06,27.101882934570312
2019-09-09,28.15113067626953
2019-09-10,28.575298309326172
2019-09-11,29.35665512084961
2019-09-12,29.33432960510254
2019-09-13,28.75389289855957
2019-09-16,28.664594650268555
2019-09-17,28.597627639770508
2019-09-18,28.32971954345703
2019-09-19,28.039514541625977
2019-09-20,27.86090660095215
2019-09-23,28.262758255004883
2019-09-24,28.15113067626953
2019-09-25,28.575298309326172
2019-09-26,28.486005783081055
2019-09-27,28.307401657104492
2019-09-30,28.017189025878906
2019-10-01,27.905567169189453
2019-10-02,28.084163665771484
2019-10-03,28.352052688598633
2019-10-04,28.575298309326172
2019-10-07,28.552974700927734
2019-10-08,28.307401657104492
2019-10-09,28.486005783081055
2019-10-10,28.999462127685547
2019-10-11,29.066438674926758
2019-10-14,28.954818725585938
2019-10-15,29.066438674926758
2019-10-16,29.066438674926758
2019-10-17,29.178056716918945
2019-10-18,29.178056716918945
2019-10-21,29.535245895385742
2019-10-22,29.445953369140625
2019-10-23,29.646869659423828
2019-10-24,29.825462341308594
2019-10-25,30.093366622924805
2019-10-28,30.093366622924805
2019-10-29,30.562177658081055
2019-10-30,26.43215560913086
2019-10-31,26.00798797607422
2019-11-01,26.097288131713867
2019-11-04,26.72236442565918
2019-11-05,27.07955551147461
2019-11-06,27.191186904907227
2019-11-07,26.942138671875
2019-11-08,27.394943237304688
2019-11-11,27.349666595458984
2019-11-12,27.349666595458984
2019-11-13,27.349666595458984
2019-11-14,27.485504150390625
2019-11-15,27.530784606933594
2019-11-18,27.734546661376953
2019-11-19,27.64399528503418
2019-11-20,27.915681838989258
2019-11-21,27.485504150390625
2019-11-22,27.213825225830078
2019-11-25,27.07798194885254
2019-11-26,26.874223709106445
2019-11-27,26.96477508544922
2019-11-29,26.98741912841797
2019-12-02,26.715730667114258
2019-12-03,26.625171661376953
2019-12-04,26.625171661376953
2019-12-05,26.5572452545166
2019-12-06,26.896860122680664
2019-12-09,26.96477508544922
2019-12-10,26.579893112182617
2019-12-11,26.693090438842773
2019-12-12,27.236459732055664
2019-12-13,26.98741912841797
2019-12-16,27.10062026977539
2019-12-17,27.213825225830078
2019-12-18,27.213825225830078
2019-12-19,27.145896911621094
2019-12-20,27.055343627929688
2019-12-23,26.851572036743164
2019-12-24,26.806297302246094
2019-12-26,26.896860122680664
2019-12-27,26.693090438842773
2019-12-30,26.738372802734375
2019-12-31,27.213825225830078
2020-01-02,26.851572036743164
2020-01-03,27.032699584960938
2020-01-06,26.828933715820312
2020-01-07,26.104440689086914
2020-01-08,26.398765563964844
2020-01-09,26.2176456451416
2020-01-10,26.059160232543945
2020-01-13,26.2176456451416
2020-01-14,26.466690063476562
2020-01-15,26.353487014770508
2020-01-16,26.5572452545166
2020-01-17,26.489330291748047
2020-01-21,26.625171661376953
2020-01-22,26.64781379699707
2020-01-23,26.761014938354492
2020-01-24,26.64781379699707
2020-01-27,26.330848693847656
2020-01-28,26.5572452545166
2020-01-29,25.130903244018555
2020-01-30,25.040342330932617
2020-01-31,25.040342330932617
2020-02-03,25.198822021484375
2020-02-04,25.425230026245117
2020-02-05,25.8327579498291
2020-02-06,25.561073303222656
2020-02-07,25.584054946899414
2020-02-10,26.135738372802734
2020-02-11,26.04378890991211
2020-02-12,26.250669479370117
2020-02-13,25.882883071899414
2020-02-14,25.721975326538086
2020-02-18,25.653013229370117
2020-02-19,25.60704803466797
2020-02-20,26.18170738220215
2020-02-21,26.3656005859375
2020-02-24,26.457548141479492
2020-02-25,25.744964599609375
2020-02-26,25.859895706176758
2020-02-27,25.423152923583984
2020-02-28,24.848485946655273
2020-03-02,25.744964599609375
2020-03-03,26.319625854492188
2020-03-04,26.98624038696289
2020-03-05,26.94025993347168
2020-03-06,27.032209396362305
2020-03-09,25.078351974487305
2020-03-10,25.308216094970703
2020-03-11,23.584226608276367
2020-03-12,22.273988723754883
2020-03-13,24.365772247314453
2020-03-16,23.05553436279297
2020-03-17,25.46912956237793
2020-03-18,24.1818790435791
2020-03-19,24.204862594604492
2020-03-20,22.710735321044922
2020-03-23,21.354528427124023
2020-03-24,21.561405181884766
2020-03-25,21.791275024414062
2020-03-26,23.33137321472168
2020-03-27,21.83724021911621
2020-03-30,21.883214950561523
2020-03-31,21.584392547607422
2020-04-01,19.883384704589844
2020-04-02,19.515602111816406
2020-04-03,19.0098934173584
2020-04-06,20.54999351501465
2020-04-07,21.21660804748535
2020-04-08,22.13607406616211
2020-04-09,24.29680824279785
2020-04-13,23.60721206665039
2020-04-14,23.561237335205078
2020-04-15,22.733722686767578
2020-04-16,22.641773223876953
2020-04-17,23.377344131469727
2020-04-20,22.917612075805664
2020-04-21,22.296981811523438
2020-04-22,22.641773223876953
2020-04-23,22.090097427368164
2020-04-24,22.50385856628418
2020-04-27,23.354358673095703
2020-04-28,23.653182983398438
2020-04-29,25.584054946899414
2020-04-30,24.963420867919922
2020-05-01,24.61861801147461
2020-05-04,24.1818790435791
2020-05-05,24.135902404785156
2020-05-06,23.768117904663086
2020-05-07,23.16047477722168
2020-05-08,23.370813369750977
2020-05-11,23.27733039855957
2020-05-12,21.96856689453125
2020-05-13,20.75328254699707
2020-05-14,21.033733367919922
2020-05-15,20.800025939941406
2020-05-18,22.17889976501465
2020-05-19,21.4777774810791
2020-05-20,22.085418701171875
2020-05-21,21.945194244384766
2020-05-22,21.19732666015625
2020-05-26,23.23058319091797
2020-05-27,24.726318359375
2020-05-28,23.83823013305664
2020-05-29,23.487667083740234
2020-06-01,23.67463493347168
2020-06-02,23.6980037689209
2020-06-03,24.165424346923828
2020-06-04,24.329017639160156
2020-06-05,25.567670822143555
2020-06-08,26.759578704833984
2020-06-09,27.016660690307617
2020-06-10,25.310585021972656
2020-06-11,24.28227424621582
2020-06-12,25.006771087646484
2020-06-15,23.97845458984375
2020-06-16,24.656211853027344
2020-06-17,24.048568725585938
2020-06-18,24.53935432434082
2020-06-19,24.515979766845703
2020-06-22,24.422500610351562
2020-06-23,24.53935432434082
2020-06-24,23.67463493347168
2020-06-25,24.352386474609375
2020-06-26,22.739805221557617
2020-06-29,23.417556762695312
2020-06-30,23.83823013305664
2020-07-01,22.90339469909668
2020-07-02,22.880029678344727
2020-07-06,22.880029678344727
2020-07-07,22.03867530822754
2020-07-08,22.576202392578125
2020-07-09,21.828336715698242
2020-07-10,22.64631462097168
2020-07-13,23.18384552001953
2020-07-14,23.13710594177246
2020-07-15,24.562725067138672
2020-07-16,24.632837295532227
2020-07-17,23.53441047668457
2020-07-20,22.83327865600586
2020-07-21,23.814857482910156
2020-07-22,23.53441047668457
2020-07-23,24.142051696777344
2020-07-24,24.188793182373047
2020-07-27,23.79149055480957
2020-07-28,23.931711196899414
2020-07-29,25.894865036010742
2020-07-30,25.146991729736328
2020-07-31,24.609464645385742
2020-08-03,23.955081939697266
2020-08-04,23.394180297851562
2020-08-05,23.581151962280273
2020-08-06,23.652467727661133
2020-08-07,24.484460830688477
2020-08-10,24.60331916809082
2020-08-11,25.007429122924805
2020-08-12,24.62708854675293
2020-08-13,24.05657958984375
2020-08-14,24.19920539855957
2020-08-17,23.414751052856445
2020-08-18,22.868009567260742
2020-08-19,22.749156951904297
2020-08-20,22.036014556884766
2020-08-21,21.631906509399414
2020-08-24,21.988475799560547
2020-08-25,21.964696884155273
2020-08-26,21.489274978637695
2020-08-27,21.65567398071289
2020-08-28,21.65567398071289
2020-08-31,21.513046264648438
2020-09-01,21.13270378112793
2020-09-02,21.489274978637695
2020-09-03,21.679445266723633
2020-09-04,21.964696884155273
2020-09-08,20.918766021728516
2020-09-09,21.18024444580078
2020-09-10,20.728588104248047
2020-09-11,20.77613639831543
2020-09-14,21.251564025878906
2020-09-15,20.942535400390625
2020-09-16,21.204021453857422
2020-09-17,21.465511322021484
2020-09-18,21.322877883911133
2020-09-21,20.752363204956055
2020-09-22,20.49087905883789
2020-09-23,20.015453338623047
2020-09-24,19.49248695373535
2020-09-25,19.540029525756836
2020-09-28,20.27693748474121
2020-09-29,19.872827529907227
2020-09-30,19.65888214111328
2020-10-01,19.540029525756836
2020-10-02,20.158079147338867
2020-10-05,20.70482635498047
2020-10-06,20.585962295532227
2020-10-07,20.77613639831543
2020-10-08,20.681049346923828
2020-10-09,20.11053466796875
2020-10-12,19.94413948059082
2020-10-13,19.159687042236328
2020-10-14,19.730195999145508
2020-10-15,20.229394912719727
2020-10-16,20.27693748474121
2020-10-19,19.540029525756836
2020-10-20,19.801511764526367
2020-10-21,19.753971099853516
2020-10-22,20.752363204956055
2020-10-23,20.84744644165039
2020-10-26,20.56219482421875
2020-10-27,19.801511764526367
2020-10-28,19.207225799560547
2020-10-29,19.468713760375977
2020-10-30,19.753971099853516
2020-11-02,20.015453338623047
2020-11-03,19.94413948059082
2020-11-04,18.755573272705078
2020-11-05,19.58159637451172
2020-11-06,18.97422981262207
2020-11-09,21.768129348754883
2020-11-10,21.403705596923828
2020-11-11,20.69915771484375
2020-11-12,20.67486000061035
2020-11-13,21.063575744628906
2020-11-16,21.889598846435547
2020-11-17,21.84101104736328
2020-11-18,21.816715240478516
2020-11-19,22.229724884033203
2020-11-20,22.03536605834961
2020-11-23,22.569856643676758
2020-11-24,23.71170997619629
2020-11-25,23.444467544555664
2020-11-27,23.274402618408203
2020-11-30,23.541643142700195
2020-12-01,24.197603225708008
2020-12-02,24.319074630737305
2020-12-03,24.683500289916992
2020-12-04,25.21798324584961
2020-12-07,24.926450729370117
2020-12-08,24.78067970275879
2020-12-09,24.926450729370117
2020-12-10,24.586322784423828
2020-12-11,24.70779800415039
2020-12-14,24.63490867614746
2020-12-15,24.804977416992188
2020-12-16,24.90215301513672
2020-12-17,25.047922134399414
2020-12-18,24.75638198852539
2020-12-21,24.82927131652832
2020-12-22,24.63490867614746
2020-12-23,25.21798324584961
2020-12-24,25.363754272460938
2020-12-28,25.460927963256836
2020-12-29,25.072216033935547
2020-12-30,25.460927963256836
2020-12-31,25.631000518798828
2021-01-04,25.509523391723633
2021-01-05,25.776763916015625
2021-01-06,26.724266052246094
2021-01-07,26.65137481689453
2021-01-08,26.45702362060547
2021-01-11,26.554197311401367
2021-01-12,26.87002944946289
2021-01-13,26.62708282470703
2021-01-14,27.04009246826172
2021-01-15,26.60279083251953
2021-01-19,27.015804290771484
2021-01-20,26.89432144165039
2021-01-21,26.48131561279297
2021-01-22,26.821439743041992
2021-01-25,26.797149658203125
2021-01-26,26.62708282470703
2021-01-27,25.75247573852539
2021-01-28,26.019712448120117
2021-01-29,25.412343978881836
2021-02-01,25.509523391723633
2021-02-02,25.655292510986328
2021-02-03,25.5581111907959
2021-02-04,26.200153350830078
2021-02-05,25.706274032592773
2021-02-08,25.879135131835938
2021-02-09,26.669336318969727
2021-02-10,26.397701263427734
2021-02-11,26.447093963623047
2021-02-12,26.694028854370117
2021-02-16,26.768110275268555
2021-02-17,27.360767364501953
2021-02-18,27.583003997802734
2021-02-19,28.496679306030273
2021-02-22,29.879533767700195
2021-02-23,30.94137191772461
2021-02-24,31.632789611816406
2021-02-25,31.879724502563477
2021-02-26,30.151165008544922
2021-03-01,30.052383422851562
2021-03-02,29.632596969604492
2021-03-03,30.00299644470215
2021-03-04,29.805452346801758
2021-03-05,30.22524642944336
2021-03-08,31.1389217376709
2021-03-09,30.472190856933594
2021-03-10,31.262386322021484
2021-03-11,30.54625701904297
2021-03-12,30.793209075927734
2021-03-15,31.064836502075195
2021-03-16,30.422801971435547
2021-03-17,30.422801971435547
2021-03-18,30.472190856933594
2021-03-19,30.00299644470215
2021-03-22,29.879533767700195
2021-03-23,29.385658264160156
2021-03-24,29.237489700317383
2021-03-25,30.151165008544922
2021-03-26,30.817893981933594
2021-03-29,30.422801971435547
2021-03-30,31.287086486816406
2021-03-31,31.16360855102539
2021-04-01,31.361156463623047
2021-04-05,31.16360855102539
2021-04-06,31.089521408081055
2021-04-07,30.966064453125
2021-04-08,30.817893981933594
2021-04-09,30.86728858947754
2021-04-12,31.16360855102539
2021-04-13,30.86728858947754
2021-04-14,31.16360855102539
2021-04-15,31.114229202270508
2021-04-16,30.990755081176758
2021-04-19,30.24993896484375
2021-04-20,29.435043334960938
2021-04-21,29.60789680480957
2021-04-22,28.916471481323242
2021-04-23,29.60789680480957
2021-04-26,30.94137191772461
2021-04-27,31.459938049316406
2021-04-28,30.645036697387695
2021-04-29,30.34871482849121
2021-04-30,29.5338191986084
2021-05-03,29.879533767700195
2021-05-04,29.48443031311035
2021-05-05,29.632596969604492
2021-05-06,29.482303619384766
2021-05-07,29.7327938079834
2021-05-10,29.457252502441406
2021-05-11,28.93123435974121
2021-05-12,28.079578399658203
2021-05-13,28.831037521362305
2021-05-14,29.457252502441406
2021-05-17,30.308908462524414
2021-05-18,29.933177947998047
2021-05-19,29.65764045715332
2021-05-20,29.65764045715332
2021-05-21,29.757837295532227
2021-05-24,29.607542037963867
2021-05-25,29.206768035888672
2021-05-26,29.757837295532227
2021-05-27,30.10851287841797
2021-05-28,29.983274459838867
2021-06-01,30.509302139282227
2021-06-02,30.40909767150879
2021-06-03,30.283863067626953
2021-06-04,30.083471298217773
2021-06-07,30.05842399597168
2021-06-08,30.308908462524414
2021-06-09,29.88307762145996
2021-06-10,29.30695915222168
2021-06-11,29.357057571411133
2021-06-14,29.056472778320312
2021-06-15,29.632596969604492
2021-06-16,29.457252502441406
2021-06-17,28.53044891357422
2021-06-18,27.47840690612793
2021-06-21,28.3551082611084
2021-06-22,27.854137420654297
2021-06-23,27.728891372680664
2021-06-24,28.1046199798584
2021-06-25,28.455299377441406
2021-06-28,27.90424156188965
2021-06-29,27.528507232666016
2021-06-30,27.603652954101562
2021-07-01,28.380159378051758
2021-07-02,28.02947425842285
2021-07-06,27.678796768188477
2021-07-07,27.879186630249023
2021-07-08,27.47840690612793
2021-07-09,28.380159378051758
2021-07-12,28.93123435974121
2021-07-13,28.054527282714844
2021-07-14,28.079578399658203
2021-07-15,28.630645751953125
2021-07-16,27.954330444335938
2021-07-19,27.35316276550293
2021-07-20,27.97937774658203
2021-07-21,27.97937774658203
2021-07-22,27.653751373291016
2021-07-23,27.578598022460938
2021-07-26,27.929285049438477
2021-07-27,27.553556442260742
2021-07-28,30.20871353149414
2021-07-29,29.707744598388672
2021-07-30,29.507354736328125
2021-08-02,29.582496643066406
2021-08-03,30.33396339416504
2021-08-04,30.183664321899414
2021-08-05,30.74262237548828
2021-08-06,30.945880889892578
2021-08-09,31.04750633239746
2021-08-10,31.454023361206055
2021-08-11,31.93675422668457
2021-08-12,32.24163055419922
2021-08-13,32.03839111328125
2021-08-16,32.089195251464844
2021-08-17,32.01297378540039
2021-08-18,31.225351333618164
2021-08-19,30.69180679321289
2021-08-20,31.276172637939453
2021-08-23,31.47942543029785
2021-08-24,31.758909225463867
2021-08-25,31.758909225463867
2021-08-26,31.276172637939453
2021-08-27,31.835134506225586
2021-08-30,31.47942543029785
2021-08-31,31.809715270996094
2021-09-01,31.657270431518555
2021-09-02,31.885940551757812
2021-09-03,31.758909225463867
2021-09-07,31.657270431518555
2021-09-08,31.225351333618164
2021-09-09,31.428611755371094
2021-09-10,31.377798080444336
2021-09-13,32.47031784057617
2021-09-14,32.140010833740234
2021-09-15,32.698974609375
2021-09-16,32.21622848510742
2021-09-17,32.3178596496582
2021-09-20,31.809715270996094
2021-09-21,31.733491897583008
2021-09-22,31.631874084472656
2021-09-23,32.19083023071289
2021-09-24,32.24163055419922
2021-09-27,33.35954666137695
2021-09-28,33.00385284423828
2021-09-29,32.927635192871094
2021-09-30,32.698974609375
2021-10-01,34.04554748535156
2021-10-04,34.24879837036133
2021-10-05,34.12177276611328
2021-10-06,34.07094955444336
2021-10-07,34.47747039794922
2021-10-08,34.73154067993164
2021-10-11,34.7823486328125
2021-10-12,34.93479919433594
2021-10-13,35.061832427978516
2021-10-14,35.366722106933594
2021-10-15,35.18886947631836
2021-10-18,35.44293975830078
2021-10-19,35.84945297241211
2021-10-20,35.82404327392578
2021-10-21,35.84945297241211
2021-10-22,35.64619827270508
2021-10-25,35.49375534057617
2021-10-26,35.41752624511719
2021-10-27,32.57192611694336
2021-10-28,32.140010833740234
2021-10-29,31.581052780151367
2021-11-01,31.962169647216797
2021-11-02,31.581052780151367
2021-11-03,32.368675231933594
2021-11-04,31.87941551208496
2021-11-05,31.905155181884766
2021-11-08,32.368675231933594
2021-11-09,32.4459342956543
2021-11-10,32.00817108154297
2021-11-11,32.4201774597168
2021-11-12,32.00817108154297
2021-11-15,32.21417236328125
2021-11-16,32.08541488647461
2021-11-17,32.13691711425781
2021-11-18,31.9309139251709
2021-11-19,31.85365867614746
2021-11-22,32.342926025390625
2021-11-23,32.4974250793457
2021-11-24,32.85794448852539
2021-11-26,31.9309139251709
2021-11-29,31.441652297973633
2021-11-30,30.849382400512695
2021-12-01,30.33437728881836
2021-12-02,31.364404678344727
2021-12-03,31.003883361816406
2021-12-06,31.621898651123047
2021-12-07,31.570398330688477
2021-12-08,31.699161529541016
2021-12-09,31.544647216796875
2021-12-10,31.750659942626953
2021-12-13,31.081144332885742
2021-12-14,30.591876983642578
2021-12-15,30.23136329650879
2021-12-16,30.566131591796875
2021-12-17,30.102615356445312
2021-12-20,29.74210548400879
2021-12-21,30.566131591796875
2021-12-22,30.797889709472656
2021-12-23,31.02964210510254
2021-12-27,31.46739959716797
2021-12-28,31.544647216796875
2021-12-29,31.441652297973633
2021-12-30,31.441652297973633
2021-12-31,31.441652297973633
2022-01-03,31.982410430908203
2022-01-04,32.4201774597168
2022-01-05,32.4974250793457
2022-01-06,33.501705169677734
2022-01-07,33.81071853637695
2022-01-10,33.78496551513672
2022-01-11,33.9909782409668
2022-01-12,34.19697952270508
2022-01-13,34.248477935791016
2022-01-14,34.14548110961914
2022-01-18,33.73347091674805
2022-01-19,32.75493240356445
2022-01-20,32.08541488647461
2022-01-21,31.158397674560547
2022-01-24,31.544647216796875
2022-01-25,31.39015007019043
2022-01-26,30.926637649536133
2022-01-27,30.12836265563965
2022-01-28,30.23136329650879
2022-01-31,30.025360107421875
2022-02-01,30.282865524291992
2022-02-02,29.690601348876953
2022-02-03,29.510347366333008
2022-02-04,29.876285552978516
2022-02-07,30.05925178527832
2022-02-08,30.320640563964844
2022-02-09,30.58202362060547
2022-02-10,30.05925178527832
2022-02-11,30.320640563964844
2022-02-14,29.954702377319336
2022-02-15,30.686574935913086
2022-02-16,30.947959899902344
2022-02-17,30.320640563964844
2022-02-18,30.268367767333984
2022-02-22,29.980844497680664
2022-02-23,29.536483764648438
2022-02-24,29.275102615356445
2022-02-25,30.18994903564453
2022-02-28,30.16381072998047
2022-03-01,29.170541763305664
2022-03-02,30.451335906982422
2022-03-03,30.399049758911133
2022-03-04,29.61490249633789
2022-03-07,29.092132568359375
2022-03-08,29.222822189331055
2022-03-09,29.5626220703125
2022-03-10,28.961442947387695
2022-03-11,28.987579345703125
2022-03-14,28.67391586303711
2022-03-15,28.856884002685547
2022-03-16,29.61490249633789
2022-03-17,28.987579345703125
2022-03-18,29.092132568359375
2022-03-21,28.464807510375977
2022-03-22,28.804607391357422
2022-03-23,28.281835556030273
2022-03-24,28.30797576904297
2022-03-25,28.67391586303711
2022-03-28,28.569360733032227
2022-03-29,29.118274688720703
2022-03-30,28.67391586303711
2022-03-31,28.020450592041016
2022-04-01,27.680654525756836
2022-04-04,27.759065628051758
2022-04-05,27.262435913085938
2022-04-06,26.791940689086914
2022-04-07,26.556697845458984
2022-04-08,26.13848114013672
2022-04-11,26.216896057128906
2022-04-12,25.877098083496094
2022-04-13,26.373727798461914
2022-04-14,26.243040084838867
2022-04-18,26.32145118713379
2022-04-19,27.001049041748047
2022-04-20,27.706796646118164
2022-04-21,27.027193069458008
2022-04-22,26.29531478881836
2022-04-25,26.32145118713379
2022-04-26,25.48501968383789
2022-04-27,25.615711212158203
2022-04-28,25.066804885864258
2022-04-29,24.15195655822754
2022-05-02,24.674728393554688
2022-05-03,24.753141403198242
2022-05-04,25.092939376831055
2022-05-05,24.779281616210938
2022-05-06,24.61958122253418
2022-05-09,24.22035026550293
2022-05-10,23.874343872070312
2022-05-11,23.714649200439453
2022-05-12,24.406658172607422
2022-05-13,24.27358055114746
2022-05-16,24.30019760131836
2022-05-17,25.471290588378906
2022-05-18,25.524520874023438
2022-05-19,25.976985931396484
2022-05-20,25.151899337768555
2022-05-23,25.28498077392578
2022-05-24,25.817293167114258
2022-05-25,25.76406478881836
2022-05-26,26.37622833251953
2022-05-27,26.37622833251953
2022-05-31,26.56254005432129
2022-06-01,26.349611282348633
2022-06-02,26.98838996887207
2022-06-03,25.684215545654297
2022-06-06,26.056840896606445
2022-06-07,26.003604888916016
2022-06-08,25.6043701171875
2022-06-09,24.93897247314453
2022-06-10,24.53973960876465
2022-06-13,24.06065559387207
2022-06-14,24.22035026550293
2022-06-15,24.193737030029297
2022-06-16,23.18233299255371
2022-06-17,23.022640228271484
2022-06-21,23.049253463745117
2022-06-22,23.075870513916016
2022-06-23,23.26218032836914
2022-06-24,24.27358055114746
2022-06-27,24.22035026550293
2022-06-28,24.06065559387207
2022-06-29,24.1138858795166
2022-06-30,24.30019760131836
2022-07-01,24.72605323791504
2022-07-05,25.178518295288086
2022-07-06,24.592967987060547
2022-07-07,24.992206573486328
2022-07-08,24.672819137573242
2022-07-11,24.353429794311523
2022-07-12,24.699434280395508
2022-07-13,24.30019760131836
2022-07-14,24.22035026550293
2022-07-15,24.9123592376709
2022-07-18,24.77928352355957
2022-07-19,25.577754974365234
2022-07-20,25.444673538208008
2022-07-21,25.311599731445312
2022-07-22,25.072053909301758
2022-07-25,25.364826202392578
2022-07-26,24.992206573486328
2022-07-27,26.98838996887207
2022-07-28,28.212717056274414
2022-07-29,28.265947341918945
2022-08-01,28.319175720214844
2022-08-02,27.440858840942383
2022-08-03,27.440858840942383
2022-08-04,27.46747398376465
2022-08-05,27.575721740722656
2022-08-08,27.90045928955078
2022-08-09,27.90045928955078
2022-08-10,28.631120681762695
2022-08-11,28.820552825927734
2022-08-12,29.145292282104492
2022-08-15,29.226476669311523
2022-08-16,29.632400512695312
2022-08-17,29.38884925842285
2022-08-18,29.470029830932617
2022-08-19,29.064105987548828
2022-08-22,28.30638313293457
2022-08-23,28.035764694213867
2022-08-24,27.981645584106445
2022-08-25,28.1169490814209
2022-08-26,27.27804183959961
2022-08-29,26.817995071411133
2022-08-30,26.7368106842041
2022-08-31,26.493261337280273
2022-09-01,26.412071228027344
2022-09-02,26.412071228027344
2022-09-06,25.43785858154297
2022-09-07,26.141456604003906
2022-09-08,26.52031707763672
2022-09-09,26.872119903564453
2022-09-12,27.14273452758789
2022-09-13,26.006149291992188
2022-09-14,25.92496681213379
2022-09-15,25.979082107543945
2022-09-16,25.68140983581543
2022-09-19,25.81671714782715
2022-09-20,25.573163986206055
2022-09-21,25.32961082458496
2022-09-22,24.40951919555664
2022-09-23,24.111839294433594
2022-09-26,23.489429473876953
2022-09-27,23.29999542236328
2022-09-28,23.89535140991211
2022-09-29,23.272932052612305
2022-09-30,23.083499908447266
2022-10-03,24.003597259521484
2022-10-04,24.84250831604004
2022-10-05,24.382457733154297
2022-10-06,23.705915451049805
2022-10-07,22.86701011657715
2022-10-10,22.785825729370117
2022-10-11,22.92113494873047
2022-10-12,22.67757797241211
2022-10-13,23.29999542236328
2022-10-14,23.110563278198242
2022-10-17,23.73297691345215
2022-10-18,23.543550491333008
2022-10-19,23.16468620300293
2022-10-20,22.43402671813965
2022-10-21,22.975255966186523
2022-10-24,23.624732971191406
2022-10-25,24.220088958740234
2022-10-26,23.462364196777344
2022-10-27,23.678855895996094
2022-10-28,25.058996200561523
2022-10-31,25.194307327270508
2022-11-01,25.194307327270508
2022-11-02,24.517765045166016
2022-11-03,24.05771827697754
2022-11-04,24.5267333984375
2022-11-07,24.581911087036133
2022-11-08,24.747446060180664
2022-11-09,24.030126571655273
2022-11-10,26.67868423461914
2022-11-11,27.754663467407227
2022-11-14,27.09252166748047
2022-11-15,27.313234329223633
2022-11-16,26.67868423461914
2022-11-17,26.099313735961914
2022-11-18,25.823423385620117
2022-11-21,25.878599166870117
2022-11-22,26.01654624938965
2022-11-23,26.099313735961914
2022-11-25,26.099313735961914
2022-11-28,25.602710723876953
2022-11-29,25.54753303527832
2022-11-30,25.79583168029785
2022-12-01,25.354406356811523
2022-12-02,24.968158721923828
2022-12-05,23.533525466918945
2022-12-06,23.80941390991211
2022-12-07,23.699064254760742
2022-12-08,23.450759887695312
2022-12-09,23.837005615234375
2022-12-12,23.97494888305664
2022-12-13,24.692272186279297
2022-12-14,24.416379928588867
2022-12-15,24.057716369628906
2022-12-16,24.057716369628906
2022-12-19,24.00254249572754
2022-12-20,23.864595413208008
2022-12-21,24.112895965576172
2022-12-22,23.726648330688477
2022-12-23,23.781824111938477
2022-12-27,23.864595413208008
2022-12-28,23.450759887695312
2022-12-29,23.91977310180664
2022-12-30,23.726648330688477
2023-01-03,23.837005615234375
2023-01-04,24.112895965576172
2023-01-05,24.140483856201172
2023-01-06,25.244054794311523
2023-01-09,25.32682228088379
2023-01-10,25.271644592285156
2023-01-11,25.65788459777832
2023-01-12,26.07172393798828
2023-01-13,26.67868423461914
2023-01-17,26.568326950073242
2023-01-18,26.20966911315918
2023-01-19,25.933778762817383
2023-01-20,26.70627212524414
2023-01-23,26.926986694335938
2023-01-24,26.733861923217773
2023-01-25,27.09252166748047
2023-01-26,27.1201114654541
2023-01-27,27.258056640625
2023-01-30,26.67868423461914
2023-01-31,27.561538696289062
2023-02-01,28.002962112426758
2023-02-02,28.72028160095215
2023-02-03,28.271526336669922
2023-02-06,27.934961318969727
2023-02-07,28.271526336669922
2023-02-08,27.79472541809082
2023-02-09,27.009401321411133
2023-02-10,26.728933334350586
2023-02-13,27.289875030517578
2023-02-14,26.869171142578125
2023-02-15,26.925262451171875
2023-02-16,26.56064796447754
2023-02-17,26.336273193359375
2023-02-21,25.60704803466797
2023-02-22,25.35462188720703
2023-02-23,25.32657814025879
2023-02-24,25.046106338500977
2023-02-27,25.01805877685547
2023-02-28,24.905868530273438
2023-03-01,24.653444290161133
2023-03-02,23.980310440063477
2023-03-03,24.204689025878906
2023-03-06,24.148597717285156
2023-03-07,23.419370651245117
2023-03-08,23.4754638671875
2023-03-09,21.988967895507812
2023-03-10,20.670747756958008
2023-03-13,17.950178146362305
2023-03-14,18.146509170532227
2023-03-15,19.520816802978516
2023-03-16,19.240346908569336
2023-03-17,18.342836380004883
2023-03-20,24.148597717285156
2023-03-21,25.77532958984375
2023-03-22,24.56930160522461
2023-03-23,24.148597717285156
2023-03-24,25.10219955444336
2023-03-27,24.793684005737305
2023-03-28,25.242435455322266
2023-03-29,25.635093688964844
2023-03-30,25.15829086303711
2023-03-31,25.35462188720703
2023-04-03,24.31688117980957
2023-04-04,24.653444290161133
2023-04-05,24.56930160522461
2023-04-06,24.70954132080078
2023-04-10,24.653444290161133
2023-04-11,25.410717010498047
2023-04-12,24.961963653564453
2023-04-13,25.186342239379883
2023-04-14,24.344926834106445
2023-04-17,25.522907257080078
2023-04-18,25.32657814025879
2023-04-19,26.027755737304688
2023-04-20,25.60704803466797
2023-04-21,25.29853057861328
2023-04-24,25.663143157958984
2023-04-25,25.10219955444336
2023-04-26,25.270479202270508
2023-04-27,25.77532958984375
2023-04-28,29.982398986816406
2023-05-01,30.038497924804688
2023-05-02,28.411762237548828
2023-05-03,27.458162307739258
2023-05-04,26.644790649414062
2023-05-05,28.729537963867188
2023-05-08,28.472515106201172
2023-05-09,28.615306854248047
2023-05-10,28.30116844177246
2023-05-11,27.84423828125
2023-05-12,28.815216064453125
2023-05-15,29.44349479675293
2023-05-16,29.072240829467773
2023-05-17,31.98517417907715
2023-05-18,31.414011001586914
2023-05-19,31.185544967651367
2023-05-22,31.128427505493164
2023-05-23,30.528701782226562
2023-05-24,30.15744972229004
2023-05-25,29.614845275878906
2023-05-26,29.928983688354492
2023-05-30,30.15744972229004
2023-05-31,29.357820510864258
2023-06-01,30.15744972229004
2023-06-02,30.78572654724121
2023-06-05,30.186006546020508
2023-06-06,31.042753219604492
2023-06-07,31.58536148071289
2023-06-08,30.957082748413086
2023-06-09,31.271221160888672
2023-06-12,31.356895446777344
2023-06-13,31.58536148071289
2023-06-14,30.957082748413086
2023-06-15,31.271221160888672
2023-06-16,30.414474487304688
2023-06-20,30.642934799194336
2023-06-21,30.500146865844727
2023-06-22,29.786191940307617
2023-06-23,29.900428771972656
2023-06-26,30.471590042114258
2023-06-27,31.47113037109375
2023-06-28,31.95661735534668
2023-06-29,31.98517417907715
2023-06-30,32.09941101074219
2023-07-03,32.52777862548828
2023-07-05,32.01374053955078
2023-07-06,32.07085037231445
2023-07-07,32.442108154296875
2023-07-10,32.69913101196289
2023-07-11,33.24173355102539
2023-07-12,33.4416389465332
2023-07-13,33.18461608886719
2023-07-14,32.98471450805664
2023-07-17,33.698673248291016
2023-07-18,34.127037048339844
2023-07-19,34.612525939941406
2023-07-20,34.72675704956055
2023-07-21,34.46974182128906
2023-07-24,34.95522689819336
2023-07-25,34.5554084777832
2023-07-26,35.35504150390625
2023-07-27,37.15420150756836
2023-07-28,39.0104866027832
2023-07-31,39.61021041870117
2023-08-01,38.86770248413086
2023-08-02,38.4107666015625
2023-08-03,38.83914566040039
2023-08-04,38.86806106567383
2023-08-07,38.89697265625
2023-08-08,38.376426696777344
2023-08-09,37.56667709350586
2023-08-10,37.393157958984375
2023-08-11,36.81476593017578
2023-08-14,36.294212341308594
2023-08-15,34.877140045166016
2023-08-16,34.674705505371094
2023-08-17,34.12522888183594
2023-08-18,34.03846740722656
2023-08-21,34.7036247253418
2023-08-22,33.95171356201172
2023-08-23,34.50118637084961
2023-08-24,34.414432525634766
2023-08-25,34.211997985839844
2023-08-28,34.61686325073242
2023-08-29,34.55902862548828
2023-08-30,34.55902862548828
2023-08-31,35.51337814331055
2023-09-01,35.629058837890625
2023-09-05,34.732540130615234
2023-09-06,34.29875183105469
2023-09-07,33.980628967285156
2023-09-08,34.35658645629883
2023-09-11,34.587947845458984
2023-09-12,34.55902862548828
2023-09-13,33.778194427490234
2023-09-14,34.35658645629883
2023-09-15,33.8071174621582
2023-09-18,33.31548309326172
2023-09-19,33.517921447753906
2023-09-20,32.737083435058594
2023-09-21,32.071937561035156
2023-09-22,32.1876106262207
2023-09-25,32.592491149902344
2023-09-26,32.56356430053711
2023-09-27,32.82384490966797
2023-09-28,32.62139892578125
2023-09-29,32.794925689697266
2023-10-02,31.898418426513672
2023-10-03,31.088661193847656
2023-10-04,31.5224552154541
2023-10-05,32.27437210083008
2023-10-06,31.66705322265625
2023-10-09,31.60921859741211
2023-10-10,31.638137817382812
2023-10-11,31.58029556274414
2023-10-12,30.712709426879883
2023-10-13,30.365673065185547
2023-10-16,31.05974578857422
2023-10-17,31.406780242919922
2023-10-18,30.278911590576172
2023-10-19,30.278911590576172
2023-10-20,29.20888328552246
2023-10-23,29.20888328552246
2023-10-24,29.816198348999023
2023-10-25,29.20888328552246
2023-10-26,28.543729782104492
2023-10-27,26.808547973632812
2023-10-30,27.6761417388916
2023-10-31,27.415863037109375
2023-11-01,27.44478416442871
2023-11-02,28.60157012939453
2023-11-03,28.542722702026367
2023-11-06,28.483871459960938
2023-11-07,28.30731773376465
2023-11-08,27.92478370666504
2023-11-09,26.98316764831543
2023-11-10,27.365699768066406
2023-11-13,26.630062103271484
2023-11-14,26.777191162109375
2023-11-15,27.483402252197266
2023-11-16,26.688913345336914
2023-11-17,27.306848526000977
2023-11-20,27.365699768066406
2023-11-21,26.688913345336914
2023-11-22,26.86546516418457
2023-11-24,26.98316764831543
2023-11-27,27.071447372436523
2023-11-28,27.18914794921875
2023-11-29,28.160188674926758
2023-11-30,27.689380645751953
2023-12-01,29.190078735351562
2023-12-04,28.925249099731445
2023-12-05,28.395593643188477
2023-12-06,28.24846649169922
2023-12-07,28.895824432373047
2023-12-08,28.660423278808594
2023-12-11,29.101802825927734
2023-12-12,29.042953491210938
2023-12-13,31.16158676147461
2023-12-14,33.30965042114258
2023-12-15,32.25033187866211
2023-12-18,31.014461517333984
2023-12-19,31.073314666748047
2023-12-20,29.896291732788086
2023-12-21,29.602035522460938
2023-12-22,29.660886764526367
2023-12-26,30.308250427246094
2023-12-27,30.07284164428711
2023-12-28,30.66135597229004
2023-12-29,30.102270126342773
2024-01-02,30.631933212280273
2024-01-03,30.102270126342773
2024-01-04,30.07284164428711
2024-01-05,30.7790584564209
2024-01-08,31.16158676147461
2024-01-09,30.7790584564209
2024-01-10,30.98503303527832
2024-01-11,29.866867065429688
2024-01-12,29.42548370361328
2024-01-16,28.895824432373047
2024-01-17,28.80754852294922
2024-01-18,28.925249099731445
2024-01-19,29.33720588684082
2024-01-22,29.925718307495117
2024-01-23,30.16111946105957
2024-01-24,30.337675094604492
2024-01-25,30.043418884277344
2024-01-26,30.66135597229004
2024-01-29,30.72020721435547
2024-01-30,30.543651580810547
2024-01-31,19.038288116455078
2024-02-01,16.919654846191406
2024-02-02,17.772994995117188
2024-02-05,15.889762878417969
2024-02-06,12.358704566955566
2024-02-07,13.1826171875
2024-02-08,12.329277038574219
2024-02-09,14.418486595153809
2024-02-12,14.38906192779541
2024-02-13,13.645824432373047
2024-02-14,13.79447078704834
2024-02-15,14.65662670135498
2024-02-16,14.567439079284668
2024-02-20,13.943120002746582
2024-02-21,13.378260612487793
2024-02-22,13.735013008117676
2024-02-23,13.437719345092773
2024-02-26,13.11069393157959
2024-02-27,13.943120002746582
2024-02-28,13.497178077697754
2024-02-29,14.240413665771484
2024-03-01,10.553960800170898
2024-03-04,8.116143226623535
2024-03-05,9.572887420654297
2024-03-06,10.286394119262695
2024-03-07,10.88098430633545
2024-03-08,10.16747760772705
2024-03-11,9.662077903747559
2024-03-12,10.226936340332031
2024-03-13,11.148550033569336
2024-03-14,11.148550033569336
2024-03-15,11.594490051269531
2024-03-18,10.791796684265137
2024-03-19,10.435043334960938
2024-03-20,10.672877311706543
2024-03-21,11.029633522033691
2024-03-22,10.524230003356934
2024-03-25,9.89991283416748
2024-03-26,9.513429641723633
2024-03-27,9.929643630981445
2024-03-28,9.572887420654297
2024-04-01,9.543158531188965
2024-04-02,9.126945495605469
2024-04-03,9.662077903747559
2024-04-04,9.572887420654297
2024-04-05,9.275592803955078
2024-04-08,9.780994415283203
2024-04-09,9.572887420654297
2024-04-10,8.799922943115234
2024-04-11,8.918838500976562
2024-04-12,8.443168640136719
2024-04-15,8.651273727416992
2024-04-16,8.68100357055664
2024-04-17,8.829651832580566
2024-04-18,8.770193099975586
2024-04-19,8.770193099975586
2024-04-22,9.275592803955078
2024-04-23,9.45396900177002
2024-04-24,9.097217559814453
2024-04-25,9.126945495605469
2024-04-26,8.829651832580566
2024-04-29,8.294520378112793
2024-04-30,7.878308296203613
2024-05-01,10.10801887512207
2024-05-02,10.018829345703125
2024-05-03,10.494502067565918
2024-05-06,10.8512544631958
2024-05-07,10.910713195800781
2024-05-08,10.643148422241211
2024-05-09,10.672877311706543
2024-05-10,10.25666618347168
2024-05-13,11.029633522033691
2024-05-14,11.564763069152832
2024-05-15,10.910713195800781
2024-05-16,10.910713195800781
2024-05-17,10.970171928405762
2024-05-20,10.643148422241211
2024-05-21,10.1972074508667
2024-05-22,9.870183944702148
2024-05-23,9.602617263793945
2024-05-24,9.89991283416748
2024-05-28,9.810722351074219
2024-05-29,9.63234806060791
2024-05-30,9.840453147888184
2024-05-31,9.780994415283203
2024-06-03,9.69180679321289
2024-06-04,9.305322647094727
2024-06-05,9.245864868164062
2024-06-06,9.483698844909668
2024-06-07,9.30476188659668
2024-06-10,9.185469627380371
2024-06-11,9.901222229003906
2024-06-12,9.752107620239258
2024-06-13,9.364408493041992
2024-06-14,9.096001625061035
2024-06-17,9.483698844909668
2024-06-18,9.155646324157715
2024-06-20,9.125823974609375
2024-06-21,9.125823974609375
2024-06-24,9.2451171875
2024-06-25,8.91706371307373
2024-06-26,9.125823974609375
2024-06-27,9.066179275512695
2024-06-28,9.60299015045166
2024-07-01,9.662636756896973
2024-07-02,10.288918495178223
2024-07-03,9.990690231323242
2024-07-05,9.990690231323242
2024-07-08,9.781928062438965
2024-07-09,10.288918495178223
2024-07-10,10.348564147949219
2024-07-11,10.974846839904785
2024-07-12,10.945024490356445
2024-07-15,10.040395736694336
2024-07-16,10.487738609313965
2024-07-17,11.372486114501953
2024-07-18,11.024553298950195
2024-07-19,11.114020347595215
2024-07-22,10.95496654510498
2024-07-23,11.452013969421387
2024-07-24,10.875436782836914
2024-07-25,10.547385215759277
2024-07-26,11.153786659240723
2024-07-29,10.418149948120117
2024-07-30,10.537446975708008
2024-07-31,10.457916259765625
2024-08-01,9.801810264587402
2024-08-02,9.85151481628418
2024-08-05,10.020513534545898
2024-08-06,9.453876495361328
2024-08-07,9.294820785522461
2024-08-08,9.324644088745117
2024-08-09,9.294820785522461
2024-08-12,9.354467391967773
2024-08-13,10.219332695007324
2024-08-14,9.990690231323242
2024-08-15,10.318742752075195
2024-08-16,10.974846839904785
2024-08-19,11.143843650817871
2024-08-20,10.90526008605957
2024-08-21,11.024553298950195
2024-08-22,10.348564147949219
2024-08-23,11.223372459411621
2024-08-26,11.084197044372559
2024-08-27,10.577208518981934
2024-08-28,10.55732536315918
2024-08-29,10.756144523620605
2024-08-30,10.77602767944336
2024-09-03,10.447975158691406
2024-09-04,10.368447303771973
2024-09-05,10.259095191955566
2024-09-06,10.75662899017334
2024-09-09,10.607367515563965
2024-09-10,9.771516799926758
2024-09-11,9.950627326965332
2024-09-12,10.199393272399902
2024-09-13,10.547664642333984
2024-09-16,11.363616943359375
2024-09-17,11.940752029418945
2024-09-18,11.861146926879883
2024-09-19,11.930800437927246
2024-09-20,11.383516311645508
2024-09-23,11.134750366210938
2024-09-24,10.876036643981934
2024-09-25,10.607367515563965
2024-09-26,11.363616943359375
2024-09-27,11.40341854095459
2024-09-30,11.174553871154785
2024-10-01,10.726774215698242
2024-10-02,10.786479949951172
2024-10-03,10.826281547546387
2024-10-04,10.846182823181152
2024-10-07,10.716825485229492
2024-10-08,10.75662899017334
2024-10-09,10.945690155029297
2024-10-10,10.895936012268066
2024-10-11,11.721837997436523
2024-10-14,11.841245651245117
2024-10-15,11.781542778015137
2024-10-16,12.328827857971191
2024-10-17,12.318876266479492
2024-10-18,12.11986255645752
2024-10-21,11.632282257080078
2024-10-22,11.721837997436523
2024-10-23,11.751690864562988
2024-10-24,11.443221092224121
2024-10-25,10.497912406921387
2024-10-28,10.557613372802734
2024-10-29,10.229244232177734
2024-10-30,10.348651885986328
2024-10-31,10.070034980773926
2024-11-01,10.338702201843262
2024-11-04,10.358602523803711
2024-11-05,10.478009223937988
2024-11-06,11.602431297302246
2024-11-07,10.985491752624512
2024-11-08,10.985491752624512
2024-11-11,11.39346694946289
2024-11-12,11.2243070602417
2024-11-13,10.925788879394531
2024-11-14,10.75662899017334
2024-11-15,10.607367515563965
2024-11-18,10.83623218536377
2024-11-19,10.83623218536377
2024-11-20,10.70687484741211
2024-11-21,10.726774215698242
2024-11-22,11.642232894897461
2024-11-25,12.219369888305664
2024-11-26,11.751690864562988
2024-11-27,11.871097564697266
2024-11-29,11.910901069641113
2024-12-02,11.890998840332031
2024-12-03,11.761640548706055
2024-12-04,11.701937675476074
2024-12-05,11.303912162780762
2024-12-06,11.383587837219238
2024-12-09,11.104723930358887
2024-12-10,11.114684104919434
2024-12-11,11.244156837463379
2024-12-12,11.005130767822266
2024-12-13,10.885618209838867
2024-12-16,10.55695915222168
2024-12-17,9.959394454956055
2024-12-18,9.391709327697754
2024-12-19,8.933576583862305
2024-12-20,9.013252258300781
2024-12-23,9.013252258300781
2024-12-24,9.092926979064941
2024-12-26,8.973414421081543
2024-12-27,8.993331909179688
2024-12-30,9.112844467163086
2024-12-31,9.292115211486816
2025-01-02,9.20248031616211
2025-01-03,9.521181106567383
2025-01-06,9.461423873901367
2025-01-07,9.192520141601562
2025-01-08,9.082967758178711
2025-01-10,8.843941688537598
2025-01-13,9.212440490722656
2025-01-14,9.212440490722656
2025-01-15,9.441505432128906
2025-01-16,9.162642478942871
2025-01-17,9.401667594909668
2025-01-21,9.501262664794922
2025-01-22,9.511220932006836
2025-01-23,9.3518705368042
2025-01-24,9.471383094787598
2025-01-27,9.670572280883789
2025-01-28,9.590896606445312
2025-01-29,9.561019897460938
2025-01-30,11.015089988708496
2025-01-31,11.781962394714355
2025-02-03,11.612653732299805
2025-02-04,11.841720581054688
2025-02-05,12.240096092224121
2025-02-06,12.698227882385254
2025-02-07,12.260014533996582
2025-02-10,12.240096092224121
2025-02-11,12.867537498474121
2025-02-12,12.309810638427734
2025-02-13,12.459202766418457
2025-02-14,13.166319847106934
2025-02-18,12.917335510253906
2025-02-19,13.126481056213379
2025-02-20,12.817740440368652
2025-02-21,12.150461196899414
2025-02-24,12.020988464355469
2025-02-25,11.931354522705078
2025-02-26,12.030948638916016
2025-02-27,11.791922569274902
2025-02-28,11.951273918151855
2025-03-03,11.662449836730957
2025-03-04,11.722208023071289
2025-03-05,11.692329406738281
2025-03-06,11.483181953430176
2025-03-07,11.463245391845703
2025-03-10,10.924971580505371
2025-03-11,11.194108009338379
2025-03-12,11.622735023498535
2025-03-13,11.483182907104492
2025-03-14,11.82209587097168
2025-03-17,11.951679229736328
2025-03-18,11.9118070602417
2025-03-19,12.250720977783203
2025-03-20,12.071295738220215
2025-03-21,12.101201057434082
2025-03-24,12.23078441619873
2025-03-25,12.031423568725586
2025-03-26,11.94171142578125
2025-03-27,11.881902694702148
2025-03-28,11.562926292419434
2025-03-31,11.582862854003906
2025-04-01,11.473214149475098
2025-04-02,11.413405418395996
2025-04-03,10.755515098571777
2025-04-04,10.406633377075195
2025-04-07,10.506314277648926
2025-04-08,10.366761207580566
2025-04-09,10.944907188415527
2025-04-10,10.137496948242188
2025-04-11,9.908231735229492
2025-04-14,10.127528190612793
2025-04-15,10.287016868591309
2025-04-16,10.396665573120117
2025-04-17,10.406633377075195
2025-04-21,10.396665573120117
2025-04-22,10.944907188415527
2025-04-23,11.174172401428223
2025-04-24,11.233981132507324
2025-04-25,11.692510604858398
2025-04-28,11.802159309387207
2025-04-29,11.87193489074707
2025-04-30,11.672574043273926
2025-05-01,11.742351531982422
2025-05-02,12.01148796081543
2025-05-05,11.951679229736328
2025-05-06,11.901839256286621
2025-05-07,12.021455764770508
2025-05-08,12.091233253479004
2025-05-09,11.961647987365723
2025-05-12,12.400240898132324
2025-05-13,12.400240898132324
2025-05-14,12.280624389648438
2025-05-15,12.390273094177246
2025-05-16,12.579667091369629
2025-05-19,12.440113067626953
2025-05-20,12.450081825256348
2025-05-21,11.921775817871094
2025-05-22,11.72241497039795
2025-05-23,11.782222747802734
2025-05-27,11.792190551757812
2025-05-28,11.572894096374512
2025-05-29,11.772254943847656
2025-05-30,11.483182907104492
2025-06-02,11.214044570922852
2025-06-03,11.473214149475098
2025-06-04,11.51308536529541
2025-06-05,11.602798461914062
2025-06-06,11.732494354248047
2025-06-09,11.822283744812012
2025-06-10,11.932025909423828
2025-06-11,11.522984504699707
2025-06-12,11.373335838317871
2025-06-13,11.014177322387695
2025-06-16,11.093990325927734
2025-06-17,10.904435157775879
2025-06-18,11.413241386413574
2025-06-20,11.542938232421875
2025-06-23,11.363359451293945
2025-06-24,11.093990325927734
2025-06-25,10.664996147155762
2025-06-26,10.974270820617676
2025-06-27,10.784716606140137
2025-06-30,10.575207710266113
2025-07-01,10.92438793182373
2025-07-02,10.934365272521973
2025-07-03,11.143874168395996
2025-07-07,11.054084777832031
2025-07-08,11.233662605285645
2025-07-09,11.133896827697754
2025-07-10,11.443171501159668
2025-07-11,11.243639945983887
2025-07-14,11.463125228881836
2025-07-15,11.014177322387695
2025-07-16,11.133896827697754
2025-07-17,11.343405723571777
2025-07-18,11.732494354248047
2025-07-21,11.832260131835938
2025-07-22,12.151511192321777
2025-07-23,12.41090202331543
2025-07-24,12.02181625366211
2025-07-25,11.363359451293945
2025-07-28,11.333428382873535
2025-07-29,11.792353630065918
2025-07-30,11.393288612365723
2025-07-31,11.263593673706055
2025-08-01,11.173803329467773
2025-08-04,11.193756103515625
2025-08-05,11.163826942443848
2025-08-06,11.27357006072998
2025-08-07,11.343405723571777
2025-08-08,11.53296184539795
2025-08-11,11.582844734191895
2025-08-12,11.742470741271973
2025-08-13,11.951979637145996
2025-08-14,11.951979637145996
2025-08-15,11.912073135375977
2025-08-18,11.932025909423828
2025-08-19,12.051745414733887
2025-08-20,11.971932411193848
2025-08-21,11.77239990234375
2025-08-22,12.600459098815918
2025-08-25,12.530622482299805
2025-08-26,12.969593048095703
2025-08-27,12.82992172241211
2025-08-28,12.750107765197754
2025-08-29,12.790014266967773
2025-09-02,12.7999906539917
2025-09-03,12.7999906539917
2025-09-04,12.919710159301758
2025-09-05,12.949663162231445
2025-09-08,12.859804153442383
2025-09-09,12.590227127075195
2025-09-10,12.600212097167969
2025-09-11,12.739992141723633
2025-09-12,12.65013313293457
2025-09-15,12.330635070800781
2025-09-16,12.081027030944824
2025-09-17,12.061058044433594
2025-09-18,12.390541076660156
2025-09-19,12.17088508605957
2025-09-22,11.891324996948242
2025-09-23,11.651700973510742
2025-09-24,11.711606979370117
2025-09-25,11.531889915466309
2025-09-26,11.561842918395996
2025-09-29,11.491951942443848
2025-09-30,11.531889915466309
2025-10-01,11.691638946533203
2025-10-02,11.641717910766602
2025-10-03,12.001152992248535
2025-10-06,12.081027030944824
2025-10-07,12.051074028015137
2025-10-08,11.94124698638916
2025-10-09,11.951231956481934
2025-10-10,11.36215591430664
2025-10-13,11.571826934814453
2025-10-14,12.02112102508545
2025-10-15,11.911293983459473
2025-10-16,11.12253189086914
2025-10-17,11.262312889099121
2025-10-20,11.521905899047852
2025-10-21,11.511920928955078
2025-10-22,11.48196792602539
2025-10-23,11.541873931884766
2025-10-24,12.091011047363281
2025-10-27,11.861371994018555
2025-10-28,11.72159194946289
2025-10-29,11.511920928955078
2025-10-30,11.182437896728516
2025-10-31,11.402092933654785
2025-11-03,11.272297859191895
2025-11-04,11.002720832824707
2025-11-05,11.022688865661621
2025-11-06,10.882908821105957
2025-11-07,10.862939834594727
2025-11-10,10.942814826965332
2025-11-11,10.892892837524414
2025-11-12,11.022688865661621
2025-11-13,11.052641868591309
2025-11-14,11.142500877380371
2025-11-17,10.703191757202148
2025-11-18,10.813017845153809
2025-11-19,10.912861824035645
2025-11-20,10.912861824035645
2025-11-21,11.332202911376953
2025-11-24,11.352171897888184
2025-11-25,12.110980033874512
2025-11-26,12.150918006896973
2025-11-28,12.220807075500488
2025-12-01,12.390541076660156
2025-12-02,12.450447082519531
2025-12-03,12.720024108886719
2025-12-04,12.690070152282715
2025-12-05,12.690070152282715
2025-12-08,12.869930267333984
2025-12-09,12.690070152282715
2025-12-10,13.01981258392334
2025-12-11,13.049789428710938
2025-12-12,12.85993766784668
2025-12-15,13.079766273498535
2025-12-16,12.919891357421875
2025-12-17,13.1796875
2025-12-18,13.469460487365723
2025-12-19,13.379531860351562
2025-12-22,13.149710655212402
2025-12-23,12.889913558959961
2025-12-24,12.839953422546387
2025-12-26,12.760016441345215
2025-12-29,12.710055351257324
2025-12-30,12.630118370056152
2025-12-31,12.580157279968262
2026-01-02,12.54018783569336
2026-01-05,12.410289764404297
2026-01-06,12.280391693115234
2026-01-07,12.54018783569336
2026-01-08,13.119734764099121
2026-01-09,13.029805183410645
2026-01-12,12.760016441345215
2026-01-13,12.7999849319458
2026-01-14,12.849945068359375
2026-01-15,12.979844093322754
2026-01-16,12.889913558959961
2026-01-20,12.630118370056152
2026-01-21,13.239640235900879
2026-01-22,13.269617080688477
2026-01-23,12.899906158447266
2026-01-26,12.979844093322754
2026-01-27,13.06977367401123
2026-01-28,12.929883003234863
2026-01-29,13.529414176940918
2026-01-30,13.209664344787598
2026-02-02,13.489445686340332
2026-02-03,13.959077835083008
2026-02-04,13.999046325683594
2026-02-05,13.899124145507812
2026-02-06,14.258843421936035
2026-02-09,14.188898086547852
2026-02-10,14.098967552185059
2026-02-11,13.949085235595703
2026-02-12,13.809194564819336
2026-02-13,14.168913841247559
2026-02-17,14.088976860046387
2026-02-18,13.489445686340332
2026-02-19,13.349554061889648
2026-02-20,13.92910099029541
2026-02-23,13.539406776428223
2026-02-24,13.579375267028809
2026-02-25,13.599358558654785
2026-02-26,13.539406776428223
2026-02-27,12.680078506469727
2026-03-02,12.869930267333984
2026-03-03,12.869930267333984
2026-03-04,12.989835739135742
2026-03-05,12.780000686645508
2026-03-06,12.600000381469727
2026-03-09,12.529999732971191
2026-03-10,12.5
2026-03-11,12.380000114440918
2026-03-12,12.239999771118164
2026-03-13,12.199999809265137
2026-03-16,12.449999809265137
2026-03-17,12.529999732971191
2026-03-18,12.359999656677246
2026-03-19,12.510000228881836
2026-03-20,12.279999732971191
2026-03-23,12.630000114440918
2026-03-24,13.140000343322754
2026-03-25,13.270000457763672
2026-03-26,13.229999542236328
2026-03-27,13.050000190734863
