Date,open
2000-01-03,1.8267799525495738
2000-01-04,1.7673730295551944
2000-01-05,1.7747985124588013
2000-01-06,1.7822253553173208
2000-01-07,1.7525206804275513
2000-01-10,1.752520616313431
2000-01-11,1.745095133781433
2000-01-12,1.7673734426498413
2000-01-13,1.7599469646811485
2000-01-14,1.7970763701708503
2000-01-18,1.8416323475463634
2000-01-19,1.84163193777982
2000-01-20,1.7525212201513307
2000-01-21,1.6931132287128479
2000-01-24,1.6485576883951822
2000-01-25,1.6708351553198482
2000-01-26,1.6634097058328086
2000-01-27,1.5371690000806537
2000-01-28,1.5445950171060512
2000-01-31,1.6634089946746826
2000-02-01,1.6559835138940824
2000-02-02,1.6634089946746826
2000-02-03,1.6559838505500615
2000-02-04,1.6559838505500615
2000-02-07,1.6634093328402377
2000-02-08,1.670835216512273
2000-02-09,1.633705711823151
2000-02-10,1.6559838746515632
2000-02-11,1.633705973625183
2000-02-14,1.61885359616133
2000-02-15,1.6188536844880297
2000-02-16,1.537168979353668
2000-02-17,1.5817244254876155
2000-02-18,1.5817245244979858
2000-02-22,1.5891505883791006
2000-02-23,1.5742987815938714
2000-02-24,1.5445954537186812
2000-02-25,1.492613656954332
2000-02-28,1.4851868477909074
2000-02-29,1.5148909091949463
2000-03-01,1.4926130713955048
2000-03-02,1.396075846627582
2000-03-03,1.4109280296596471
2000-03-06,1.4629093768225998
2000-03-07,1.37379771039983
2000-03-08,1.425779743907141
2000-03-09,1.45548419061693
2000-03-10,1.4777622331123543
2000-03-13,1.4703354388475418
2000-03-14,1.4035014087192306
2000-03-15,1.3960755147839605
2000-03-16,1.4257797761969675
2000-03-17,1.3960752487182617
2000-03-20,1.3812241581908122
2000-03-21,1.4257797439531632
2000-03-22,1.4480576291680336
2000-03-23,1.4257801989175642
2000-03-24,1.4406308489950628
2000-03-27,1.3960756809523327
2000-03-28,1.3737978545187013
2000-03-29,1.3961562818328155
2000-03-30,1.351118860695852
2000-03-31,1.3511190458331657
2000-04-03,1.2610441554676404
2000-04-04,1.2610445603394562
2000-04-05,1.2910688059811115
2000-04-06,1.3586254836975422
2000-04-07,1.4336871202118002
2000-04-10,1.3811439887272319
2000-04-11,1.4111676216125488
2000-04-12,1.426181214096818
2000-04-13,1.5012428357293857
2000-04-14,1.4562055437853587
2000-04-17,1.4562053416332215
2000-04-18,1.486230295203136
2000-04-19,1.5162557245204198
2000-04-20,1.4411934514089089
2000-04-24,1.3210937680533033
2000-04-25,1.321093700198408
2000-04-26,1.3811438823991682
2000-04-27,1.3586254134709514
2000-04-28,1.40366258613694
2000-05-01,1.5012428760528564
2000-05-02,1.5012426217033186
2000-05-03,1.5162558106283868
2000-05-04,1.5462803232876468
2000-05-05,1.5237613016457283
2000-05-08,1.5763050317764282
2000-05-09,1.5913175790528455
2000-05-10,1.5913175344467163
2000-05-11,1.6063308715820315
2000-05-12,1.6063301220716053
2000-05-15,1.778972502052784
2000-05-16,1.8315170094097621
2000-05-17,1.7939855926272827
2000-05-18,1.7114177572764913
2000-05-19,1.681391808461349
2000-05-22,1.6964048047069757
2000-05-23,1.711416244506836
2000-05-24,1.6513674087912347
2000-05-25,1.6663789749145508
2000-05-26,1.6813914162894434
2000-05-30,1.6213431384724655
2000-05-31,1.6513679027557373
2000-06-01,1.6738865815353308
2000-06-02,1.7264299392700198
2000-06-05,1.711416244506836
2000-06-06,1.6663796086262919
2000-06-07,1.71141777194129
2000-06-08,1.6663795243524093
2000-06-09,1.6438617931734718
2000-06-12,1.6663801070813118
2000-06-13,1.6438617322887197
2000-06-14,1.6063304243210788
2000-06-15,1.5763049933135382
2000-06-16,1.5462802481220912
2000-06-19,1.531268045376208
2000-06-20,1.5237618684768677
2000-06-21,1.5162559163363767
2000-06-22,1.5087492801249027
2000-06-23,1.426181435585022
2000-06-26,1.426181140632366
2000-06-27,1.4637118115315877
2000-06-28,1.4713739994264026
2000-06-29,1.4713744567711675
2000-06-30,1.456205569488281
2000-07-03,1.4865434169769287
2000-07-05,1.471374146046142
2000-07-06,1.4562053680419922
2000-07-07,1.463790149941465
2000-07-10,1.5017117857933044
2000-07-11,1.4637900605576402
2000-07-12,1.4941283622891077
2000-07-13,1.577555951712366
2000-07-14,1.5396336877533672
2000-07-17,1.5320498410234373
2000-07-18,1.4713740907489128
2000-07-19,1.5017117857933044
2000-07-20,1.4410366109230732
2000-07-21,1.4106991006585954
2000-07-24,1.4486212399428862
2000-07-25,1.4410369929304199
2000-07-26,1.486543271753757
2000-07-27,1.5244647198503585
2000-07-28,1.4713736772537231
2000-07-31,1.4562053680419922
2000-08-01,1.4410369471841566
2000-08-02,1.4562053680419922
2000-08-03,1.4562053680419922
2000-08-04,1.4562053680419922
2000-08-07,1.4713739994264026
2000-08-08,1.463789738577564
2000-08-09,1.4713736772537231
2000-08-10,1.4713739425014865
2000-08-11,1.4486206769943237
2000-08-14,1.4486206769943237
2000-08-15,1.441036793582498
2000-08-16,1.4562059717111162
2000-08-17,1.5320492150288207
2000-08-18,1.5396336877533672
2000-08-21,1.5320500530337162
2000-08-22,1.6003096985494805
2000-08-23,1.6306469241579769
2000-08-24,1.6989060866530437
2000-08-25,1.7519975423812866
2000-08-28,1.6685687817270645
2000-08-29,1.5623867169251033
2000-08-30,1.4637900605576402
2000-08-31,1.5168815896050505
2000-09-01,1.5927249313822756
2000-09-05,1.6533999354058502
2000-09-06,1.6534000947589853
2000-09-07,1.6458161288933233
2000-09-08,1.60789364069144
2000-09-11,1.6230629370098137
2000-09-12,1.653400612337122
2000-09-13,1.638231560990617
2000-09-14,1.6685694139481269
2000-09-15,1.6989064069478788
2000-09-18,1.7595817752150875
2000-09-19,1.7216596208550958
2000-09-20,1.7595822534108227
2000-09-21,1.8354258855254102
2000-09-22,1.8050887266724658
2000-09-25,1.8354261738009616
2000-09-26,1.8050874106128254
2000-09-27,1.7140752934483527
2000-09-28,1.6758150301723176
2000-09-29,1.6528577169897283
2000-10-02,1.6375545523572161
2000-10-03,1.6069459193433182
2000-10-04,1.6758126073136648
2000-10-05,1.7523354100327801
2000-10-06,1.7905965316078958
2000-10-09,1.8288567537335894
2000-10-10,1.8135521259063327
2000-10-11,1.7829439874425588
2000-10-12,1.7446843370214684
2000-10-13,1.7829442903355006
2000-10-16,1.7829441917907085
2000-10-17,1.7523353123243628
2000-10-18,1.7140750566151082
2000-10-19,1.721725281486642
2000-10-20,1.7140743018063962
2000-10-23,1.7676395880220943
2000-10-24,1.7446838153296405
2000-10-25,1.7599875598209875
2000-10-26,1.7676392634620361
2000-10-27,1.7905965316078958
2000-10-30,1.7829441761537186
2000-10-31,1.8058996200561523
2000-11-01,1.8135521259063327
2000-11-02,1.8058999516412773
2000-11-03,1.7446830578339405
2000-11-06,1.821204323151662
2000-11-07,1.7905958337981494
2000-11-08,1.8058996200561523
2000-11-09,1.790595769882202
2000-11-10,1.775291766056911
2000-11-13,1.8058997233419598
2000-11-14,1.7905956175329716
2000-11-15,1.7752926349639893
2000-11-16,1.7752924171376958
2000-11-17,1.867117827209995
2000-11-20,1.8365090769876382
2000-11-21,1.851812698779484
2000-11-22,1.8518130857716635
2000-11-24,1.8900752718741605
2000-11-27,1.9359861262628097
2000-11-28,2.0354643245838564
2000-11-29,1.9972034411699615
2000-11-30,2.0354637281637804
2000-12-01,2.0048563480377197
2000-12-04,1.9895510072234504
2000-12-05,2.00485715679419
2000-12-06,1.9053783191061247
2000-12-07,1.9742476242155558
2000-12-08,2.0048565904948488
2000-12-11,2.1119854676096064
2000-12-12,2.1502460203529266
2000-12-13,2.2497239803155287
2000-12-14,2.226766727999256
2000-12-15,2.1732016721505656
2000-12-18,2.2038109227230676
2000-12-19,2.196158560276904
2000-12-20,2.127289853210414
2000-12-21,2.07372545120803
2000-12-22,1.9895515901904408
2000-12-26,2.004854872377372
2000-12-27,1.9515371021503878
2000-12-28,2.0595269099525786
2000-12-29,2.098094258128831
2001-01-02,2.1598037364737652
2001-01-03,2.1289488715358433
2001-01-04,2.0595271162064908
2001-01-05,1.9901048130459253
2001-01-08,2.0826681025350853
2001-01-09,2.1520898426444948
2001-01-10,2.25236573425704
2001-01-11,2.22151168020148
2001-01-12,2.1675166648905155
2001-01-16,2.0749529440549987
2001-01-17,2.051812463947003
2001-01-18,2.0363861167268613
2001-01-19,1.9669636641953914
2001-01-22,2.005530974488052
2001-01-23,2.0363862957396224
2001-01-24,2.0903811925962934
2001-01-25,2.0903811918307507
2001-01-26,2.1366625111491886
2001-01-29,2.222746950408317
2001-01-30,2.2400245407858095
2001-01-31,2.2215117824301425
2001-02-01,2.1968282010668436
2001-02-02,2.221511435489551
2001-02-05,2.270878599142833
2001-02-06,2.344929001810409
2001-02-07,2.4128092119965636
2001-02-08,2.3992335183464175
2001-02-09,2.428853739704633
2001-02-12,2.3609735610902924
2001-02-13,2.3387579909442846
2001-02-14,2.3696130133217097
2001-02-15,2.3634419299723732
2001-02-16,2.283220386140371
2001-02-20,2.3313533904391517
2001-02-21,2.3276515213294346
2001-02-22,2.3227148725327957
2001-02-23,2.2610045303677846
2001-02-26,2.26470688774533
2001-02-27,2.295562341152767
2001-02-28,2.3757836320850143
2001-03-01,2.375783628193896
2001-03-02,2.3325870382348777
2001-03-05,2.3387593034669063
2001-03-06,2.3696129483130224
2001-03-07,2.456004854261101
2001-03-08,2.502904005844513
2001-03-09,2.4930297873899954
2001-03-12,2.4374921073580436
2001-03-13,2.4806881382043677
2001-03-14,2.431321892034376
2001-03-15,2.3449293477144857
2001-03-16,2.289391909339504
2001-03-19,2.3511003595711495
2001-03-20,2.369612529528812
2001-03-21,2.2708784499045063
2001-03-22,2.2832196213010545
2001-03-23,2.2610053642935566
2001-03-26,2.293093540995658
2001-03-27,2.3202456414130457
2001-03-28,2.2333443656082785
2001-03-29,2.311641005461694
2001-03-30,2.3613548502490054
2001-04-02,2.4520788819769805
2001-04-03,2.443381284394346
2001-04-04,2.425981435917053
2001-04-05,2.5092502113499195
2001-04-06,2.4881219633938767
2001-04-09,2.5900331367144167
2001-04-10,2.790127321597462
2001-04-11,3.044905360598802
2001-04-12,3.020047402859716
2001-04-16,2.957908142923898
2001-04-17,2.914408043113031
2001-04-18,2.846053841709755
2001-04-19,2.8522672894768157
2001-04-20,2.8709098368123374
2001-04-23,2.8460554213190554
2001-04-24,2.8398391976745834
2001-04-25,2.9206240112184347
2001-04-26,2.9081944309046412
2001-04-27,2.9641206010374543
2001-04-30,2.933050322568544
2001-05-01,2.951693011322135
2001-05-02,2.8709098788577947
2001-05-03,2.796341493349383
2001-05-04,2.8249262144645293
2001-05-07,2.8709089795797644
2001-05-08,2.8646965741981227
2001-05-09,2.8398399088869826
2001-05-10,3.075976129999414
2001-05-11,3.2300844942627376
2001-05-14,3.18782889886707
2001-05-15,3.201498740117848
2001-05-16,3.2313263416290283
2001-05-17,3.225113021624075
2001-05-18,3.3431818743944883
2001-05-21,3.4525493294976672
2001-05-22,3.498533292877269
2001-05-23,3.4550339627141318
2001-05-24,3.442606249143992
2001-05-25,3.4115363192923422
2001-05-29,3.2686116549149653
2001-05-30,3.274825875006026
2001-05-31,3.0324778790528906
2001-06-01,3.225112489452358
2001-06-04,3.293468086430333
2001-06-05,3.2909819399278115
2001-06-06,3.324539037784846
2001-06-07,3.2686115466717247
2001-06-08,3.0076190551480106
2001-06-11,2.95169316567842
2001-06-12,2.900737404430432
2001-06-13,2.897009650751536
2001-06-14,2.8833380200886847
2001-06-15,2.82741075195655
2001-06-18,2.8584817648937575
2001-06-19,2.9231086929524253
2001-06-20,2.9305653815296155
2001-06-21,2.8609672188159965
2001-06-22,2.516707410021535
2001-06-25,2.4918514087034547
2001-06-26,2.4545668875443907
2001-06-27,2.4888974276858855
2001-06-28,2.5464291312556706
2001-06-29,2.5451778959879916
2001-07-02,2.613966190381418
2001-07-03,2.6052119850953512
2001-07-05,2.5451790260584612
2001-07-06,2.5739458401899973
2001-07-09,2.607712736772237
2001-07-10,2.596457053918053
2001-07-11,2.6202201279991493
2001-07-12,2.776559106640018
2001-07-13,2.7765579197472303
2001-07-16,2.829088470006474
2001-07-17,2.8140793051214406
2001-07-18,2.820331897069767
2001-07-19,2.8390929074126854
2001-07-20,2.7390372884945826
2001-07-23,2.732784298427529
2001-07-24,2.5639389418448935
2001-07-25,2.4388694990749946
2001-07-26,2.5139117717390023
2001-07-27,2.5301706161487285
2001-07-30,2.5014037035457704
2001-07-31,2.5264183014375488
2001-08-01,2.4826431671494316
2001-08-02,2.5014033794300863
2001-08-03,2.5389248190192597
2001-08-06,2.6702485741163713
2001-08-07,2.645235281491782
2001-08-08,2.6264743928292735
2001-08-09,2.6302272150872463
2001-08-10,2.5952069220906973
2001-08-13,2.714024122511158
2001-08-14,2.752794223144358
2001-08-15,2.8265863975727195
2001-08-16,2.8641081496550593
2001-08-17,2.9016281889414532
2001-08-20,2.944152601933614
2001-08-21,2.9141356035994597
2001-08-22,2.8766139602637457
2001-08-23,2.916637666339501
2001-08-24,2.914135681123083
2001-08-27,2.9016281007025144
2001-08-28,2.8641072775221232
2001-08-29,2.914135648860412
2001-08-30,2.8953746034961894
2001-08-31,2.8428451855257246
2001-09-04,2.8903727472137675
2001-09-05,2.8753641250082187
2001-09-06,2.9691665762498727
2001-09-07,3.001685060021433
2001-09-10,3.0392046504068704
2001-09-17,2.965415383891316
2001-09-18,2.9078820227996185
2001-09-19,2.926643535438856
2001-09-20,2.9141346602022082
2001-09-21,2.739038091799605
2001-09-24,2.7903166838356417
2001-09-25,2.826586892519171
2001-09-26,2.887303435843663
2001-09-27,2.8747283782174664
2001-09-28,2.8156242247071424
2001-10-01,2.857122759677888
2001-10-02,2.860895913335851
2001-10-03,2.8734706963532113
2001-10-04,2.8734705919844687
2001-10-05,2.8420329442386896
2001-10-08,2.8105933562858674
2001-10-09,2.8546069916977284
2001-10-10,2.8923335900058955
2001-10-11,2.923771650471343
2001-10-12,2.9614976230285404
2001-10-15,2.906166378403185
2001-10-16,2.9174848898547046
2001-10-17,3.005512352062604
2001-10-18,2.886045664794829
2001-10-19,2.837002002769018
2001-10-22,2.791730376226166
2001-10-23,2.840775932586439
2001-10-24,2.917484682605955
2001-10-25,2.9602405176122453
2001-10-26,2.930059039642437
2001-10-29,2.879758586655364
2001-10-30,2.842031955718994
2001-10-31,2.829457109943849
2001-11-01,2.892332929913749
2001-11-02,2.904909267590341
2001-11-05,3.049525978279908
2001-11-06,3.158931689169243
2001-11-07,3.145098706890086
2001-11-08,3.0859946163402534
2001-11-09,3.0029975687647976
2001-11-12,2.9526951529134844
2001-11-13,2.9577254043360783
2001-11-14,2.9992229860215605
2001-11-15,2.9803613787117977
2001-11-16,3.0017385482788086
2001-11-19,3.0117992828777207
2001-11-20,2.9677862030748976
2001-11-21,2.8935914317228772
2001-11-23,2.879759002710187
2001-11-26,2.8986210362031275
2001-11-27,2.8797587165668093
2001-11-28,2.9426364141593018
2001-11-29,2.9111967744178187
2001-11-30,2.9526952414076413
2001-12-03,2.868440870014744
2001-12-04,2.904909267590341
2001-12-05,3.0268907320678538
2001-12-06,3.0633583431431175
2001-12-07,3.0532994151982416
2001-12-10,3.0809637363322646
2001-12-11,3.1023424101843107
2001-12-12,3.1941432708026922
2001-12-13,3.1186906584588354
2001-12-14,3.068388785772492
2001-12-17,3.080963736495141
2001-12-18,3.1815666704940386
2001-12-19,3.1878550699293844
2001-12-20,3.0621010859946587
2001-12-21,3.0570714560291847
2001-12-24,3.082221800712645
2001-12-26,3.087252963456799
2001-12-27,3.0879099327093855
2001-12-28,3.172595021624582
2001-12-31,3.1536362815776307
2002-01-02,3.1093973429688115
2002-01-03,3.109396316492762
2002-01-04,3.178915909789673
2002-01-07,3.1814433882965565
2002-01-08,3.153636922633512
2002-01-09,3.109395925086983
2002-01-10,3.0841178258017052
2002-01-11,3.113187733290033
2002-01-14,3.1409976482391357
2002-01-15,3.128357220930545
2002-01-16,3.084117497246675
2002-01-17,2.996903005853165
2002-01-18,2.9766782145532935
2002-01-22,2.9425509847582463
2002-01-23,2.97667877522011
2002-01-24,3.0891734045576995
2002-01-25,3.2446431724570437
2002-01-28,3.235795056334275
2002-01-29,3.2787701103278186
2002-01-30,3.3015203549904975
2002-01-31,3.2673949195614114
2002-02-01,3.3091068953107703
2002-02-04,3.4127531924155474
2002-02-05,3.3343854643222417
2002-02-06,3.2484351070057267
2002-02-07,3.3116346757411628
2002-02-08,3.4127538081990343
2002-02-11,3.570751040468239
2002-02-12,3.456991721110853
2002-02-13,3.4405610168965826
2002-02-14,3.4759510157467983
2002-02-15,3.4317137001730282
2002-02-19,3.5606396321510223
2002-02-20,3.5050236498850977
2002-02-21,3.494911949202646
2002-02-22,3.4633139066249243
2002-02-25,3.463312864303589
2002-02-26,3.4671031044813545
2002-02-27,3.488592555992298
2002-02-28,3.491119145256717
2002-03-01,3.484799317271722
2002-03-04,3.4999665387363157
2002-03-05,3.659228269041714
2002-03-06,3.663020135276241
2002-03-07,3.861465457879738
2002-03-08,3.867787673118037
2002-03-11,3.772987135727946
2002-03-12,3.6781896038136175
2002-03-13,3.7603488018148994
2002-03-14,3.67692493897678
2002-03-15,3.652909648747487
2002-03-18,3.752763729991921
2002-03-19,3.786891316281481
2002-03-20,3.779305686732612
2002-03-21,3.7527650670696557
2002-03-22,3.6668143532674526
2002-03-25,3.695884309008292
2002-03-26,3.645325243905358
2002-03-27,3.5991487816578447
2002-03-28,3.73245018701547
2002-04-01,3.6689734455110963
2002-04-02,3.713408436394415
2002-04-03,3.77688331953664
2002-04-04,3.764188486958144
2002-04-05,3.6981725422073874
2002-04-08,3.6372350922604393
2002-04-09,3.618192157828842
2002-04-10,3.633425929392795
2002-04-11,3.6143823368248165
2002-04-12,3.5610608255152303
2002-04-15,3.5483668800689
2002-04-16,3.552174331059564
2002-04-17,3.619460394929577
2002-04-18,3.6816684831545237
2002-04-19,3.7007128870785753
2002-04-22,3.700711233764866
2002-04-23,3.6994430744734745
2002-04-24,3.646121027898244
2002-04-25,3.580105141562596
2002-04-26,3.6067645606623504
2002-04-29,3.608033358774361
2002-04-30,3.5674100900620402
2002-05-01,3.434108455634752
2002-05-02,3.404909244546039
2002-05-03,3.3744395375827407
2002-05-06,3.382057848316715
2002-05-07,3.3655526690687045
2002-05-08,3.3960210935021067
2002-05-09,3.356666077232757
2002-05-10,3.3515879729357563
2002-05-13,3.357935944726312
2002-05-14,3.4772732343435395
2002-05-15,3.5115504522419494
2002-05-16,3.4734652265424493
2002-05-17,3.554714409600093
2002-05-20,3.542018375352373
2002-05-21,3.5547140229195784
2002-05-22,3.681668980591634
2002-05-23,3.6803996980445186
2002-05-24,3.6816690139656885
2002-05-28,3.619461545566317
2002-05-29,3.4912376114208175
2002-05-30,3.507740907841253
2002-05-31,3.4277610175444817
2002-06-03,3.4531503108069646
2002-06-04,3.42776108617916
2002-06-05,3.511549232817378
2002-06-06,3.554713992826048
2002-06-07,3.309691723189894
2002-06-10,3.3833274786122405
2002-06-11,3.459498931385025
2002-06-12,3.4912380417496354
2002-06-13,3.599149278873411
2002-06-14,3.4328381497133527
2002-06-17,3.3427010049194292
2002-06-18,3.3833267795662874
2002-06-19,3.3896749686783947
2002-06-20,3.3896732330322266
2002-06-21,3.396019849354494
2002-06-24,3.3008060189304165
2002-06-25,3.2119385975906174
2002-06-26,3.0625872567149988
2002-06-27,3.2756926188737228
2002-06-28,3.229753503642059
2002-07-01,3.266760340198657
2002-07-02,3.2642074220389117
2002-07-03,3.2476186522103503
2002-07-05,3.2246491067024894
2002-07-08,3.228478329007274
2002-07-09,3.2846240458080227
2002-07-10,3.2795189496427946
2002-07-11,3.2067829907202996
2002-07-12,3.0830050210352207
2002-07-15,3.0638638852724847
2002-07-16,3.05875892429587
2002-07-17,2.980917761355649
2002-07-18,2.9987832858193086
2002-07-19,3.0485507197311668
2002-07-22,2.9668815282933223
2002-07-23,2.776745189389365
2002-07-24,2.552155399431414
2002-07-25,2.6159603636852586
2002-07-26,2.577678056970351
2002-07-29,2.5649164942381812
2002-07-30,2.47431546116087
2002-07-31,2.4947319809621016
2002-08-01,2.3811616260564406
2002-08-02,2.296940189030354
2002-08-05,2.430928300808989
2002-08-06,2.4283764358025848
2002-08-07,2.3684008701676804
2002-08-08,2.424548804619921
2002-08-09,2.4245482207023583
2002-08-12,2.424548310707397
2002-08-13,2.386266856262336
2002-08-14,2.3594689383945995
2002-08-15,2.4245484494128364
2002-08-16,2.479419244416397
2002-08-19,2.6159605382224385
2002-08-20,2.6248917237337626
2002-08-21,2.6287201688442368
2002-08-22,2.520254216371328
2002-08-23,2.5789535186656605
2002-08-26,2.487075653959798
2002-08-27,2.5547084749733213
2002-08-28,2.577677772054972
2002-08-29,2.5393952143384984
2002-08-30,2.564916639471639
2002-09-03,2.552156190693699
2002-09-04,2.501112385887339
2002-09-05,2.526634073803343
2002-09-06,2.5393959025099777
2002-09-09,2.5138727884907777
2002-09-10,2.3211856719897463
2002-09-11,2.4679345911298793
2002-09-12,2.469210383721927
2002-09-13,2.4322054083692835
2002-09-16,2.4411372692565663
2002-09-17,2.4373084627644173
2002-09-18,2.307148856490941
2002-09-19,2.2280324435538796
2002-09-20,2.2714195028500046
2002-09-23,2.238240236905929
2002-09-24,2.080007085237842
2002-09-25,2.0851119545861847
2002-09-26,2.109246076471126
2002-09-27,2.12725226973038
2002-09-30,2.199275270549588
2002-10-01,2.2507207122508848
2002-10-02,2.3214572534464537
2002-10-03,2.3188850498182436
2002-10-04,2.3446065639602205
2002-10-07,2.345893559366524
2002-10-08,2.4127715060473087
2002-10-09,2.3536100589848536
2002-10-10,2.4050558333776966
2002-10-11,2.3780466603491957
2002-10-14,2.405055962902568
2002-10-15,2.399911000004754
2002-10-16,2.424347239106552
2002-10-17,2.439780680642928
2002-10-18,2.5079453046768907
2002-10-21,2.514374850134399
2002-10-22,2.6622802008073516
2002-10-23,2.6905749339156317
2002-10-24,2.7973233178184285
2002-10-25,2.7780309903893343
2002-10-28,2.801181786539208
2002-10-29,2.877063307424705
2002-10-30,2.7908926324504804
2002-10-31,2.7831764153364134
2002-11-01,2.784462075751468
2002-11-04,2.874490773584033
2002-11-05,2.75230884812144
2002-11-06,2.7201556831257103
2002-11-07,2.7368760471597304
2002-11-08,2.784462141957828
2002-11-11,2.801181489449873
2002-11-12,2.71243821202541
2002-11-13,2.649418672686362
2002-11-14,2.6159796018458814
2002-11-15,2.6751426593167977
2002-11-18,2.6764270036636906
2002-11-19,2.70086416421358
2002-11-20,2.6635663124378617
2002-11-21,2.733016443208997
2002-11-22,2.720156124693528
2002-11-25,2.6687109412101204
2002-11-26,2.7818891220466053
2002-11-27,2.7600259210244635
2002-11-29,2.951658568997448
2002-12-02,3.0043890738942833
2002-12-03,2.8423377335983164
2002-12-04,2.784462195877511
2002-12-05,2.74459252586133
2002-12-06,2.7420197464291913
2002-12-09,2.817901659210208
2002-12-10,2.7497366178616773
2002-12-11,2.771600860980087
2002-12-12,2.774174201702703
2002-12-13,2.756167926306167
2002-12-16,2.7343034665433725
2002-12-17,2.740734000337303
2002-12-18,2.8423363533411177
2002-12-19,2.925935515343515
2002-12-20,2.968378120535321
2002-12-23,3.138146904558916
2002-12-24,3.2667573963153105
2002-12-26,3.2166000475053242
2002-12-27,3.2185322689107463
2002-12-30,3.1732928797782387
2002-12-31,3.082811266080487
2003-01-02,3.108662262134409
2003-01-03,3.1474400020490014
2003-01-06,3.283161729790392
2003-01-07,3.3348648449614355
2003-01-08,3.268943518861232
2003-01-09,3.205606715655673
2003-01-10,3.1849255681217317
2003-01-13,3.205607082081606
2003-01-14,3.2766988169666664
2003-01-15,3.2508477845495247
2003-01-16,3.2831608873778872
2003-01-17,3.328403273146202
2003-01-21,3.276698258288408
2003-01-22,3.2443834197789805
2003-01-23,3.250847558374755
2003-01-24,3.218531998398447
2003-01-27,3.155195386936578
2003-01-28,3.121589203532699
2003-01-29,3.1370998658855846
2003-01-30,3.1978507186875706
2003-01-31,3.159073492260529
2003-02-03,3.121588303679083
2003-02-04,3.0815182971803012
2003-02-05,3.0866895324219814
2003-02-06,3.0750560306967745
2003-02-07,3.0802265001566878
2003-02-10,3.0427410993781066
2003-02-11,3.0375704100594003
2003-02-12,3.025938024964753
2003-02-13,3.0479117292939115
2003-02-14,3.077641246484856
2003-02-18,3.0504968549938933
2003-02-19,3.1034927609132423
2003-02-20,3.186217612859654
2003-02-21,3.153904545445869
2003-02-24,3.1513183372711815
2003-02-25,3.0750562426319377
2003-02-26,3.0530823466539903
2003-02-27,3.0776408766956997
2003-02-28,3.081519187725125
2003-03-03,3.1215894160532467
2003-03-04,3.0582522025345926
2003-03-05,3.040155311686759
2003-03-06,3.0634221183917627
2003-03-07,3.063422410631156
2003-03-10,3.104784919142907
2003-03-11,3.1629512998438
2003-03-12,3.205606789469192
2003-03-13,3.2133621575522135
2003-03-14,3.2831614073525808
2003-03-17,3.351669005428119
2003-03-18,3.381398837367605
2003-03-19,3.451196691070706
2003-03-20,3.4641226363879514
2003-03-21,3.3865675726864084
2003-03-24,3.4253466157498083
2003-03-25,3.451198454178773
2003-03-26,3.4511973501753452
2003-03-27,3.4862200441946953
2003-03-28,3.4238270831704853
2003-03-31,3.4641239597503666
2003-04-01,3.607107664614124
2003-04-02,3.5447136838802216
2003-04-03,3.5174180775211736
2003-04-04,3.4862202693993853
2003-04-07,3.464124530052127
2003-04-08,3.327638604435466
2003-04-09,3.347135734735005
2003-04-10,3.24184692034648
2003-04-11,3.1196613822085406
2003-04-14,2.642612492325218
2003-04-15,2.7803978842420096
2003-04-16,2.8648881374920343
2003-04-17,3.061167145199495
2003-04-21,3.0663655133777383
2003-04-22,3.020870645591939
2003-04-23,3.054667322084856
2003-04-24,3.074166626801065
2003-04-25,3.0936638975304294
2003-04-28,3.2886431190868066
2003-04-29,3.3146390513588244
2003-04-30,3.340637462055247
2003-05-01,3.353635532551747
2003-05-02,3.4446250994151133
2003-05-05,3.4368268368640145
2003-05-06,3.4966198930101178
2003-05-07,3.4706219914353005
2003-05-08,3.4381260465671772
2003-05-09,3.3471350836215477
2003-05-12,3.3913312050383606
2003-05-13,3.3978311523780436
2003-05-14,3.4121285983452143
2003-05-15,3.4511256353413757
2003-05-16,3.5486130515828336
2003-05-19,3.516118670562618
2003-05-20,3.5356139252504026
2003-05-21,3.599307980776845
2003-05-22,3.7110958902686715
2003-05-23,3.6915987779547486
2003-05-27,3.7799902020880247
2003-05-28,3.7955868904724928
2003-05-29,3.6915990101874043
2003-05-30,3.7435928446337803
2003-06-02,3.8358835948068193
2003-06-03,3.847581873511074
2003-06-04,3.982766246733823
2003-06-05,4.094554841456786
2003-06-06,4.15045000718483
2003-06-09,4.127051601062862
2003-06-10,4.081555377610543
2003-06-11,4.084156280494962
2003-06-12,4.228439871538226
2003-06-13,4.354523713004365
2003-06-16,4.351926382758156
2003-06-17,4.441616985338682
2003-06-18,4.543004601416233
2003-06-19,4.34023026567464
2003-06-20,4.263536772953602
2003-06-23,4.211543837037924
2003-06-24,4.164748119585754
2003-06-25,4.288232611805493
2003-06-26,4.254395658249188
2003-06-27,4.283125147670949
2003-06-30,4.289654603351308
2003-07-01,4.2113020319194865
2003-07-02,4.215219339260092
2003-07-03,4.185187314194494
2003-07-07,4.249171267678311
2003-07-08,4.253089833299589
2003-07-09,4.16559947397924
2003-07-10,4.0807193453720485
2003-07-11,4.088552590070612
2003-07-14,4.101613659499803
2003-07-15,3.976253158823824
2003-07-16,3.9697245779670025
2003-07-17,3.956667944767502
2003-07-18,3.961890714094358
2003-07-21,4.092471997377953
2003-07-22,4.113366905689
2003-07-23,4.040240717039093
2003-07-24,4.113366029260812
2003-07-25,4.102920083945432
2003-07-28,4.146011228298168
2003-07-29,4.132951806074329
2003-07-30,4.048073810125481
2003-07-31,4.049381012343008
2003-08-01,4.0807205549024275
2003-08-04,4.0807199860360726
2003-08-05,4.08071878467125
2003-08-06,4.204773680358916
2003-08-07,4.2308922342891915
2003-08-08,4.2439507177709
2003-08-11,4.296179886433794
2003-08-12,4.301404869485427
2003-08-13,4.224360599432581
2003-08-14,4.178654617323385
2003-08-15,4.113366143579278
2003-08-18,4.223057069479922
2003-08-19,4.243947508184731
2003-08-20,4.2021615431925365
2003-08-21,4.465939837072372
2003-08-22,4.4659391514865705
2003-08-25,4.362779852058704
2003-08-26,4.387588891888928
2003-08-27,4.407179031961211
2003-08-28,4.441128989630656
2003-08-29,4.459412508461005
2003-09-02,4.537761103407101
2003-09-03,4.490751649981747
2003-09-04,4.472470243613677
2003-09-05,4.492057338329877
2003-09-08,4.569099380915157
2003-09-09,4.460714639071713
2003-09-10,4.452882002614757
2003-09-11,4.400649963698385
2003-09-12,4.465938324275259
2003-09-15,4.518173059853219
2003-09-16,4.5638773317676025
2003-09-17,4.583462715148926
2003-09-18,4.587384217644003
2003-09-19,4.714047400553561
2003-09-22,4.759752784056604
2003-09-23,4.635698689111459
2003-09-24,4.569098524327056
2003-09-25,4.557348704958075
2003-09-26,4.590078707471035
2003-09-29,4.458934094675354
2003-09-30,4.563850120960936
2003-10-01,4.6018827549741035
2003-10-02,4.708108087802255
2003-10-03,4.760566720243879
2003-10-06,4.826139144360156
2003-10-07,4.949415979718338
2003-10-08,5.047772942525196
2003-10-09,5.055644560675405
2003-10-10,5.0687583485368055
2003-10-13,5.2589189704150145
2003-10-14,5.232690044903344
2003-10-15,5.337604601783209
2003-10-16,5.311376656804766
2003-10-17,5.521208291877937
2003-10-20,5.468750952335903
2003-10-21,5.41498039981596
2003-10-22,5.599894295443579
2003-10-23,5.489732899717044
2003-10-24,5.418914407804147
2003-10-27,5.370390308344885
2003-10-28,5.373012028887259
2003-10-29,5.560553416552051
2003-10-30,5.57366365484907
2003-10-31,5.691698733404286
2003-11-03,5.652353371369711
2003-11-04,5.60251887414312
2003-11-05,5.662847266853682
2003-11-06,5.662843506559103
2003-11-07,5.593337800761286
2003-11-10,5.690386653400643
2003-11-11,5.73628470319421
2003-11-12,5.704811775266893
2003-11-13,5.731039731024743
2003-11-14,5.75989249260648
2003-11-17,5.731039762124957
2003-11-18,5.790055426987213
2003-11-19,5.875299102952739
2003-11-20,5.78874267393234
2003-11-21,5.863498506846571
2003-11-24,5.875299108657856
2003-11-25,5.86874288060317
2003-11-26,6.098245594500929
2003-11-28,6.3670945058652775
2003-12-01,6.660858179869525
2003-12-02,6.767086903884893
2003-12-03,6.950688766507567
2003-12-04,6.694957053910026
2003-12-05,6.71462774884481
2003-12-08,6.93757621069386
2003-12-09,7.0687202000412634
2003-12-10,6.882493416694657
2003-12-11,6.637253473574025
2003-12-12,6.642498852181169
2003-12-15,6.691020460993884
2003-12-16,6.812985259355618
2003-12-17,6.911345448693385
2003-12-18,6.936265600598952
2003-12-19,6.877250270879917
2003-12-22,6.9034749349623326
2003-12-23,7.088394563892329
2003-12-24,7.108063227046131
2003-12-26,7.278551012132813
2003-12-29,7.495072704838465
2003-12-30,7.576600419529025
2003-12-31,7.725186196590344
2004-01-02,7.70546118407227
2004-01-05,7.8330104623642836
2004-01-06,8.021043673934484
2004-01-07,7.600263662112484
2004-01-08,7.409605546224559
2004-01-09,7.067724818517291
2004-01-12,6.863909057317611
2004-01-13,6.994087373357498
2004-01-14,7.001974733944408
2004-01-15,6.798164332483577
2004-01-16,6.64037234142354
2004-01-20,6.686395683790656
2004-01-21,6.916508034489213
2004-01-22,6.878372636338286
2004-01-23,6.765291588329734
2004-01-26,6.712692140402164
2004-01-27,6.673245609926492
2004-01-28,6.213021673207809
2004-01-29,5.90795949831343
2004-01-30,5.9434616549557004
2004-02-02,5.967131007355323
2004-02-03,5.884290652993485
2004-02-04,5.760687500624374
2004-02-05,5.74227954013935
2004-02-06,5.911903959403606
2004-02-09,6.061806297087577
2004-02-10,5.947407299050913
2004-02-11,5.9237387418719765
2004-02-12,6.048655577350373
2004-02-13,6.072325699021525
2004-02-17,6.148588414792603
2004-02-18,6.364238530162511
2004-02-19,6.3629244862228775
2004-02-20,6.331367057462187
2004-02-23,6.219596254151977
2004-02-24,6.068379976198939
2004-02-25,6.042080443898872
2004-02-26,5.950036486311437
2004-02-27,6.101251737281892
2004-03-01,6.331365116050293
2004-03-02,6.38396360715862
2004-03-03,6.213021824815431
2004-03-04,6.180147416438238
2004-03-05,6.29191643708295
2004-03-08,6.381332710265418
2004-03-09,6.370810455288284
2004-03-10,6.247210413429406
2004-03-11,5.975020375147764
2004-03-12,6.081528215982606
2004-03-15,6.028930448775777
2004-03-16,5.9658158683822
2004-03-17,5.961870506972729
2004-03-18,5.960556314380569
2004-03-19,6.360293028776644
2004-03-22,6.344512921846448
2004-03-23,6.424725534112704
2004-03-24,6.366867829512936
2004-03-25,6.4444491633474215
2004-03-26,6.541751841410935
2004-03-29,6.456662486397237
2004-03-30,6.472492872146358
2004-03-31,6.48963989831166
2004-04-01,6.559548457527548
2004-04-02,6.659794645661934
2004-04-05,6.634733916703953
2004-04-06,6.707280873459855
2004-04-07,6.708601003758652
2004-04-08,6.59912069417841
2004-04-12,6.463260423837786
2004-04-13,6.47249450977342
2004-04-14,6.100526456606996
2004-04-15,6.054360403389345
2004-04-16,6.159883131755785
2004-04-19,6.331355961958639
2004-04-20,6.265408026488494
2004-04-21,5.9686240897688245
2004-04-22,5.856503167767676
2004-04-23,6.15988471510436
2004-04-26,6.092611724981454
2004-04-27,6.1664787978126485
2004-04-28,6.06095540875535
2004-04-29,5.843314331806957
2004-04-30,5.803743479807922
2004-05-03,5.702177828764763
2004-05-04,5.892119563470825
2004-05-05,6.159882616713601
2004-05-06,6.219237579141981
2004-05-07,6.105802680771055
2004-05-10,5.737793908541967
2004-05-11,5.836719249313498
2004-05-12,5.9343299004586045
2004-05-13,5.865738680877768
2004-05-14,5.86309963480855
2004-05-17,5.803745819607529
2004-05-18,5.766810784621309
2004-05-19,5.998959147107635
2004-05-20,6.190220437353707
2004-05-21,6.324762376124986
2004-05-24,6.30233694064425
2004-05-25,6.29838168092374
2004-05-26,6.629458772888204
2004-05-27,6.786424666103654
2004-05-28,6.923601909016416
2004-06-01,6.7982941297028
2004-06-02,6.893263355984492
2004-06-03,6.884030365671892
2004-06-04,6.90513658303983
2004-06-07,7.102991353388655
2004-06-08,7.203241488923509
2004-06-09,7.079248020685581
2004-06-10,6.810163922270249
2004-06-14,6.793018309063686
2004-06-15,6.680898863735573
2004-06-16,6.988231968810988
2004-06-17,7.2137899697786745
2004-06-18,7.362840917748009
2004-06-21,7.538271743760565
2004-06-22,7.362840011367501
2004-06-23,7.497381159106584
2004-06-24,7.604220018207591
2004-06-25,7.5461848655573505
2004-06-28,7.527336373771823
2004-06-29,7.503528643761313
2004-06-30,7.667538139451593
2004-07-01,7.782615143416435
2004-07-02,7.731029466039249
2004-07-06,7.64373209363711
2004-07-07,7.724415078000388
2004-07-08,7.745576704363777
2004-07-09,7.6715106531687525
2004-07-12,7.806422004403885
2004-07-13,7.8593270095623655
2004-07-14,7.881813783350063
2004-07-15,7.941336701229386
2004-07-16,7.962495806593465
2004-07-19,7.994242475935971
2004-07-20,8.014083204729221
2004-07-21,7.969111859089162
2004-07-22,7.846100106334303
2004-07-23,7.909592151641799
2004-07-26,7.700606703255554
2004-07-27,7.533952097982547
2004-07-28,7.618601259610319
2004-07-29,7.552469303211421
2004-07-30,7.742933662303427
2004-08-02,7.936044137279269
2004-08-03,8.154281303911304
2004-08-04,8.022018513198084
2004-08-05,8.007467801909605
2004-08-06,7.999535746072014
2004-08-09,7.988947369481094
2004-08-10,7.922817451465818
2004-08-11,7.794519164606456
2004-08-12,7.721773066078446
2004-08-13,7.684736377764289
2004-08-16,7.777324875509477
2004-08-17,8.101378075878262
2004-08-18,8.29977757191845
2004-08-19,8.49024204695913
2004-08-20,8.814298897397231
2004-08-23,8.635737331811315
2004-08-24,8.548442050982564
2004-08-25,8.400299624915633
2004-08-26,8.54050286343655
2004-08-27,8.53124612355665
2004-08-30,8.650287282094386
2004-08-31,8.507438841463818
2004-09-01,8.65954616787013
2004-09-02,9.058989044992272
2004-09-03,9.176706864855634
2004-09-07,9.12644845240448
2004-09-08,9.006080931147107
2004-09-09,9.140998062020502
2004-09-10,9.17406794074314
2004-09-13,9.020635042611103
2004-09-14,9.12644748837091
2004-09-15,9.17274505423079
2004-09-16,9.410823265212345
2004-09-17,9.340723640494994
2004-09-20,9.504734683188916
2004-09-21,9.742813828900898
2004-09-22,9.81555938910531
2004-09-23,9.795722161508529
2004-09-24,9.760008437913317
2004-09-27,9.880373127711175
2004-09-28,9.905546443394483
2004-09-29,10.20507027550601
2004-09-30,10.496643786158028
2004-10-01,10.602670110650623
2004-10-04,10.736530671990764
2004-10-05,10.964485510637527
2004-10-06,10.959188609269487
2004-10-07,11.416427691563282
2004-10-08,11.2587131641928
2004-10-11,11.073167442312682
2004-10-12,11.065213320376023
2004-10-13,10.370735684389254
2004-10-14,10.358812354065934
2004-10-15,10.499296931148738
2004-10-18,10.788216737910739
2004-10-19,10.443629703223788
2004-10-20,10.503270785336213
2004-10-21,10.549659966853959
2004-10-22,11.029428781090678
2004-10-25,11.126179892283483
2004-10-26,11.079790666768153
2004-10-27,11.233529156338342
2004-10-28,10.967138480412856
2004-10-29,10.708694910182913
2004-11-01,10.845207974326224
2004-11-02,10.73653024825528
2004-11-03,10.8412331012809
2004-11-04,11.005573783763062
2004-11-05,11.26268646474617
2004-11-08,11.393890873737787
2004-11-09,11.14738073945759
2004-11-10,11.271964512145958
2004-11-11,11.25871490529955
2004-11-12,11.266663921324355
2004-11-15,12.072466040910454
2004-11-16,12.059214680503882
2004-11-17,12.264640114767149
2004-11-18,12.240785124158274
2004-11-19,12.022104482406753
2004-11-22,12.451510450393537
2004-11-23,12.939238176616415
2004-11-24,12.895501030388816
2004-11-26,12.955144289609544
2004-11-29,13.385870996694889
2004-11-30,13.112852861570364
2004-12-01,12.955138509219733
2004-12-02,13.197673480030687
2004-12-03,12.728506422702806
2004-12-06,12.531029458613979
2004-12-07,12.570790206815946
2004-12-08,11.358111854125845
2004-12-09,11.79812291875281
2004-12-10,12.255362444852958
2004-12-13,12.261989778486965
2004-12-14,12.259338581979899
2004-12-15,12.194399222478491
2004-12-16,12.550911592671598
2004-12-17,12.389222036248787
2004-12-20,12.590671352318695
2004-12-21,13.119479677536118
2004-12-22,12.928632068942813
2004-12-23,12.723202670098631
2004-12-27,13.054538138574674
2004-12-28,13.0346599449354
2004-12-29,13.041456457843319
2004-12-30,13.344188403656917
2004-12-31,13.842106259031757
2005-01-03,13.974886039956319
2005-01-04,13.377387720845936
2005-01-05,13.423855720902845
2005-01-06,12.45590739209089
2005-01-07,12.846271876287574
2005-01-10,12.945857576332546
2005-01-11,13.344189388299567
2005-01-12,13.615061673218676
2005-01-13,13.623025035804407
2005-01-14,13.981523680278212
2005-01-18,13.742523744855397
2005-01-19,13.778372764587402
2005-01-20,13.698707323550797
2005-01-21,13.630992025535111
2005-01-24,13.921774235674116
2005-01-25,14.73039314610868
2005-01-26,14.81802931210255
2005-01-27,13.941689084797192
2005-01-28,13.949659135993718
2005-01-31,13.376060515064411
2005-02-01,13.742523276182801
2005-02-02,14.276297467491538
2005-02-03,14.511307413648924
2005-02-04,15.112799912460709
2005-02-07,15.38366142520673
2005-02-08,15.296030475535586
2005-02-09,15.244249050262027
2005-02-10,15.017198489825569
2005-02-11,16.076762038593824
2005-02-14,17.028781921740343
2005-02-15,16.82563275843867
2005-02-16,16.9849656876223
2005-02-17,17.51474695114831
2005-02-18,17.49881410087774
2005-02-22,17.391267831861967
2005-02-23,17.638231938851025
2005-02-24,17.670103296311126
2005-02-25,19.29929075692977
2005-02-28,19.28335148025301
2005-03-01,18.323367535273487
2005-03-02,16.730030160412415
2005-03-03,17.466951160004747
2005-03-04,17.725858591003597
2005-03-07,18.50262052946424
2005-03-08,18.191911830818317
2005-03-09,18.100301276304645
2005-03-10,17.52670084512374
2005-03-11,16.642399696934486
2005-03-14,17.626282928706374
2005-03-15,17.04869876279764
2005-03-16,17.34346226806228
2005-03-17,17.797562163545887
2005-03-18,18.72170252358286
2005-03-21,19.374969239701596
2005-03-22,18.522534874936607
2005-03-23,18.323370235193433
2005-03-24,17.598400115966797
2005-03-28,17.498822204605375
2005-03-29,16.68224333701277
2005-03-30,16.03600540471191
2005-03-31,16.929560916364288
2005-04-01,17.886932960340985
2005-04-04,18.01059780651368
2005-04-05,17.551850602234893
2005-04-06,17.17687520426801
2005-04-07,17.424199513612624
2005-04-08,17.184860873458835
2005-04-11,17.264639380394566
2005-04-12,16.710164580206904
2005-04-13,16.43890307891493
2005-04-14,15.174369432123594
2005-04-15,14.556072482878376
2005-04-18,14.599946524866834
2005-04-19,15.748793250527639
2005-04-20,16.155683155360236
2005-04-21,15.617155705949221
2005-04-22,15.884422634682357
2005-04-25,15.952241807506077
2005-04-26,16.35513727560619
2005-04-27,16.15169564273767
2005-04-28,15.298039765242335
2005-04-29,15.952239336303492
2005-05-02,14.75951038713839
2005-05-03,16.355136536513324
2005-05-04,16.115796187530666
2005-05-05,16.953486180473803
2005-05-06,16.973439097539085
2005-05-09,16.937532814628785
2005-05-10,17.41223184094665
2005-05-11,16.754040536697815
2005-05-12,16.833824158836272
2005-05-13,15.557325715886543
2005-05-16,15.058686559090448
2005-05-17,15.01082227564409
2005-05-18,15.537374871360871
2005-05-19,15.53338565740314
2005-05-20,15.505462554278873
2005-05-23,14.791432512781398
2005-05-24,15.43366110979359
2005-05-25,15.557323143083405
2005-05-26,15.282083087574057
2005-05-27,16.13573525604308
2005-05-31,16.299286140421074
2005-06-01,16.55458959718445
2005-06-02,17.192837789485427
2005-06-03,16.538625240582697
2005-06-06,16.985401792045167
2005-06-07,16.518687455315376
2005-06-08,16.45485808482893
2005-06-09,16.263387982634846
2005-06-10,16.38305474294121
2005-06-13,16.75404899600631
2005-06-14,16.71415405555265
2005-06-15,17.152945653029626
2005-06-16,17.55185640345768
2005-06-17,17.95474062704536
2005-06-20,17.571797186333477
2005-06-21,17.15294867887173
2005-06-22,17.109059413462546
2005-06-23,17.42818996807563
2005-06-24,17.097096213769248
2005-06-27,16.913599667573227
2005-06-28,17.691582047827044
2005-06-29,17.79544081669427
2005-06-30,17.851360595096345
2005-07-01,17.915270784950966
2005-07-05,18.162933051315203
2005-07-06,18.690202117029234
2005-07-07,18.083042280355823
2005-07-08,18.254811292470094
2005-07-11,18.075046264783953
2005-07-12,18.17491645975008
2005-07-13,18.81403097140148
2005-07-14,19.053703781240667
2005-07-15,18.394612846080673
2005-07-18,18.34668122343482
2005-07-19,18.881930680309473
2005-07-20,19.493096277348688
2005-07-21,19.608928206827535
2005-07-22,19.572986874440403
2005-07-25,19.800675677664554
2005-07-26,19.373259046276736
2005-07-27,19.297366994825623
2005-07-28,19.41320751263969
2005-07-29,19.073672761623836
2005-08-01,18.738131129617646
2005-08-02,19.07766380084216
2005-08-03,18.834003498019978
2005-08-04,19.15756052143077
2005-08-05,18.694193634283714
2005-08-08,18.39061165459759
2005-08-09,18.534416822196103
2005-08-10,18.722161000912585
2005-08-11,19.20149455860184
2005-08-12,19.417200408671356
2005-08-15,19.612922454481392
2005-08-16,19.157557831091044
2005-08-17,18.646267005721633
2005-08-18,17.97518677681852
2005-08-19,17.907285547004587
2005-08-22,19.04172002525603
2005-08-23,18.873956500462675
2005-08-24,18.562385427342516
2005-08-25,18.494472492525766
2005-08-26,18.63428688479169
2005-08-29,18.154938182793895
2005-08-30,18.542401644157398
2005-08-31,19.05370720189478
2005-09-01,20.2760194545801
2005-09-02,20.759342636302907
2005-09-06,20.152186042061462
2005-09-07,19.83262723424263
2005-09-08,20.044330500906064
2005-09-09,20.571610387526274
2005-09-12,21.969673409836478
2005-09-13,21.170782447482576
2005-09-14,20.367882077344298
2005-09-15,20.871190520659088
2005-09-16,20.575596024064218
2005-09-19,21.442406126054163
2005-09-20,21.88978413817435
2005-09-21,21.490331674468628
2005-09-22,21.769947600542377
2005-09-23,20.87119584948967
2005-09-26,20.61554575049464
2005-09-27,21.210721914409245
2005-09-28,21.002956733261914
2005-09-29,21.19491319541975
2005-09-30,21.742777228983858
2005-10-03,21.322870701718767
2005-10-04,21.79476393284885
2005-10-05,21.99471599650833
2005-10-06,20.815004291009373
2005-10-07,20.58305777490316
2005-10-10,21.12293062453622
2005-10-11,21.114932847267497
2005-10-12,21.194912980242474
2005-10-13,20.795013370479605
2005-10-14,19.695268042534906
2005-10-17,20.395110405806804
2005-10-18,20.539065876280386
2005-10-19,19.63527818153882
2005-10-20,19.78724784507544
2005-10-21,18.755486055242336
2005-10-24,19.0114271904053
2005-10-25,19.895225022197522
2005-10-26,19.775249093716482
2005-10-27,19.57529244801187
2005-10-28,19.135408483620104
2005-10-31,19.015431959160587
2005-11-01,19.275362693557515
2005-11-02,19.64328707182952
2005-11-03,20.395105928356564
2005-11-04,20.49507806185188
2005-11-07,19.98720090114043
2005-11-08,19.315361278645707
2005-11-09,19.75525149370243
2005-11-10,19.739261299102377
2005-11-11,19.41533980676045
2005-11-14,19.775245102082
2005-11-15,19.8592347687116
2005-11-16,19.895225469893038
2005-11-17,20.795008359331156
2005-11-18,21.190911519520657
2005-11-21,21.5908164545164
2005-11-22,22.318642146129804
2005-11-23,22.03470402521635
2005-11-25,22.18267393487804
2005-11-28,22.554581675916477
2005-11-29,22.566578091686274
2005-11-30,22.906499271207323
2005-12-01,22.782527635375295
2005-12-02,23.07446677673798
2005-12-05,23.24241032644751
2005-12-06,23.19443054213173
2005-12-07,24.55010589420684
2005-12-08,25.093973555928812
2005-12-09,24.934011234848874
2005-12-12,24.90602025890209
2005-12-13,24.72606438610242
2005-12-14,24.734054870484336
2005-12-15,23.99823237125951
2005-12-16,24.26217392388893
2005-12-19,24.74605458108646
2005-12-20,24.61408978376367
2005-12-21,24.53411009587815
2005-12-22,24.993991775841696
2005-12-23,25.069981523584097
2005-12-27,24.790045456411317
2005-12-28,24.326182977222167
2005-12-29,25.170817640030915
2005-12-30,25.65116923270494
2006-01-03,25.639169208769577
2006-01-04,27.180322053608574
2006-01-05,28.040971108832128
2006-01-06,27.580626032987738
2006-01-09,27.304406901479513
2006-01-10,26.96015131952063
2006-01-11,27.596634083538518
2006-01-12,28.809533994730618
2006-01-13,29.722208568243015
2006-01-17,29.42199007383388
2006-01-18,28.221099659660485
2006-01-19,28.321173642530148
2006-01-20,30.0824899011174
2006-01-23,29.19381570380614
2006-01-24,29.802281985286832
2006-01-25,30.64690787944381
2006-01-26,29.81829194893759
2006-01-27,30.899089663391607
2006-01-30,31.999920794590267
2006-01-31,31.663661453620424
2006-02-01,32.88458012953127
2006-02-02,29.41799402415435
2006-02-03,28.461271176562878
2006-02-06,28.245112834657785
2006-02-07,29.26187585419521
2006-02-08,27.52457255836094
2006-02-09,28.32118059268543
2006-02-10,28.3171656614789
2006-02-13,28.016940806631624
2006-02-14,27.100256934034753
2006-02-15,27.71672162939712
2006-02-16,28.42123547062466
2006-02-17,28.821549643627115
2006-02-21,30.682920929008237
2006-02-22,29.686190101072608
2006-02-23,29.82228873612405
2006-02-24,29.37395428023769
2006-02-27,29.766243057603244
2006-02-28,29.3099082823137
2006-03-01,29.82227845494352
2006-03-02,29.75023637374371
2006-03-03,29.782263281379368
2006-03-06,30.823042170265907
2006-03-07,29.910360597545797
2006-03-08,28.221098405227306
2006-03-09,27.420494125602964
2006-03-10,27.140289934327146
2006-03-13,27.460528974794233
2006-03-14,28.821554383880876
2006-03-15,29.045704893775845
2006-03-16,29.301903921481735
2006-03-17,29.09375604272375
2006-03-20,28.669436582458605
2006-03-21,26.41974677967703
2006-03-22,26.419742472031537
2006-03-23,27.572609921889825
2006-03-24,27.652675249406652
2006-03-27,28.101003357335173
2006-03-28,27.836809330341115
2006-03-29,27.415790711448814
2006-03-30,28.802209224792733
2006-03-31,28.94646855904426
2006-04-03,29.090710733306693
2006-04-04,30.413025232678354
2006-04-05,30.54125092474509
2006-04-06,31.831505270534606
2006-04-07,30.6534378025715
2006-04-10,29.715809183439482
2006-04-11,30.30082891902229
2006-04-12,29.892116304216685
2006-04-13,30.65344929140042
2006-04-17,31.32661437423752
2006-04-18,32.22418815118012
2006-04-19,33.29806739966646
2006-04-20,34.812703865440774
2006-04-21,33.35416129913299
2006-04-24,33.50641770918704
2006-04-25,33.658679241320264
2006-04-26,33.450320513967306
2006-04-27,32.73707146037617
2006-04-28,32.24020907081338
2006-05-01,32.576805851188595
2006-05-02,33.818961733599984
2006-05-03,34.67644079112026
2006-05-04,33.45832210943564
2006-05-05,34.2757703089191
2006-05-08,34.41199115621491
2006-05-09,34.331868040100765
2006-05-10,35.061127394056925
2006-05-11,35.54197688536229
2006-05-12,34.50817400040598
2006-05-15,31.414765714730688
2006-05-16,31.174358336423232
2006-05-17,32.24021441773904
2006-05-18,31.238456538122954
2006-05-19,30.525220325500865
2006-05-22,30.36494813027879
2006-05-23,31.254488703358795
2006-05-24,30.909881706197773
2006-05-25,32.26424960142808
2006-05-26,33.161812190031675
2006-05-30,33.55449390094395
2006-05-31,32.70503141718744
2006-06-01,32.560771397800465
2006-06-02,34.452078884497254
2006-06-05,34.94091993375564
2006-06-06,33.43428827230376
2006-06-07,31.711291002950844
2006-06-08,30.260758861765673
2006-06-09,31.310589654658767
2006-06-12,30.21267586735063
2006-06-13,28.377472598214013
2006-06-14,28.337401148289427
2006-06-15,29.267021608828813
2006-06-16,30.621393968063593
2006-06-19,30.11650418078144
2006-06-20,29.250996307050478
2006-06-21,29.170865350042195
2006-06-22,30.893851294739147
2006-06-23,30.974001394035923
2006-06-26,31.687235607097115
2006-06-27,31.094210631699745
2006-06-28,29.792739557381182
2006-06-29,30.322164081831158
2006-06-30,32.08695715246649
2006-07-03,32.1671604540613
2006-07-05,32.568252344773484
2006-07-06,32.19123669058036
2006-07-07,32.14310124538206
2006-07-10,31.83025878445691
2006-07-11,32.006749999187186
2006-07-12,33.04956699293796
2006-07-13,32.72868161988338
2006-07-14,32.08695983886719
2006-07-17,32.00674480931067
2006-07-18,31.332910581582112
2006-07-19,30.546781333583475
2006-07-20,31.99871910010931
2006-07-21,31.124353249817403
2006-07-24,30.057453671454997
2006-07-25,30.78743392385626
2006-07-26,31.405125408916604
2006-07-27,31.405108960283787
2006-07-28,31.300826470563297
2006-07-31,31.685877331578254
2006-08-01,32.00674072447885
2006-08-02,32.48805533655838
2006-08-03,31.76608920767587
2006-08-04,31.886413885871626
2006-08-07,31.292799168392257
2006-08-08,31.28478836155724
2006-08-09,31.052149471720263
2006-08-10,30.707225401357526
2006-08-11,30.92381019097909
2006-08-14,30.91578360724442
2006-08-15,30.378326398395252
2006-08-16,31.421158196687557
2006-08-17,31.132371353749697
2006-08-18,30.996000329261815
2006-08-21,31.204562366919294
2006-08-22,32.30354540219764
2006-08-23,32.48001736152484
2006-08-24,32.576285767414625
2006-08-25,31.7179594566414
2006-08-28,31.37301987491434
2006-08-29,31.637738410479827
2006-08-30,32.01475546071965
2006-08-31,31.878399628197254
2006-09-01,32.92923394196244
2006-09-05,33.29021087395033
2006-09-06,33.69933140860624
2006-09-07,32.92923227516378
2006-09-08,32.64847869034795
2006-09-11,32.08696789226253
2006-09-12,30.562824605521037
2006-09-13,30.482603466257746
2006-09-14,31.68586001582378
2006-09-15,30.763362582125968
2006-09-18,30.867646511257092
2006-09-19,31.501380832477373
2006-09-20,31.212590685816963
2006-09-21,31.108307891047197
2006-09-22,30.883705370665805
2006-09-25,29.945149436794907
2006-09-26,29.054740849388505
2006-09-27,29.508647346496584
2006-09-28,30.223273978564283
2006-09-29,29.62106440764761
2006-10-02,29.147308639255506
2006-10-03,28.296180027314563
2006-10-04,26.746472721890836
2006-10-05,28.087403564308886
2006-10-06,28.472826719036775
2006-10-09,28.49691282128602
2006-10-10,28.37646869009254
2006-10-11,28.906417486328305
2006-10-12,28.247995348709825
2006-10-13,29.2998863555275
2006-10-16,30.51233905504787
2006-10-17,30.857620129302884
2006-10-18,30.448109124860082
2006-10-19,30.271449494337897
2006-10-20,31.315298637439405
2006-10-23,29.267768313484478
2006-10-24,27.131890553754204
2006-10-25,27.461094014055483
2006-10-26,28.424652858835987
2006-10-27,28.625383576699313
2006-10-30,28.071348732303555
2006-10-31,27.90273286456609
2006-11-01,27.701999179018234
2006-11-02,26.987367228836604
2006-11-03,27.501258125276934
2006-11-06,26.577855849384083
2006-11-07,27.854543996888253
2006-11-08,27.107802063802364
2006-11-09,27.63775576011073
2006-11-10,27.581550781596277
2006-11-13,26.93918093244349
2006-11-14,26.778589489415364
2006-11-15,25.82307777577411
2006-11-16,25.879278646211034
2006-11-17,25.16464792982681
2006-11-20,26.521647816037483
2006-11-21,26.296820142200527
2006-11-22,27.70198921466031
2006-11-24,29.107163068450127
2006-11-27,29.307897799590307
2006-11-28,28.231943722110874
2006-11-29,28.898394707580096
2006-11-30,30.151021263708014
2006-12-01,30.72110253303731
2006-12-04,31.724801199915785
2006-12-05,31.797063951957952
2006-12-06,31.53209684600889
2006-12-07,31.194841985223242
2006-12-08,31.893415219002996
2006-12-11,31.644508512498902
2006-12-12,31.21090051154255
2006-12-13,31.957650180407832
2006-12-14,32.72849710277266
2006-12-15,32.84893495914256
2006-12-18,31.997786051158275
2006-12-19,31.76494894822953
2006-12-20,32.656230111479736
2006-12-21,32.35913702491321
2006-12-22,31.411652943973685
2006-12-26,31.55617803348068
2006-12-27,31.84097790774447
2006-12-28,32.38747729548761
2006-12-29,32.45177020549357
2007-01-03,33.31167320122525
2007-01-04,31.294497339070215
2007-01-05,30.105081789565702
2007-01-08,29.984545052120907
2007-01-09,30.20956432219792
2007-01-10,29.80773591861118
2007-01-11,29.96042234453192
2007-01-12,31.74455883274754
2007-01-16,31.439153403311018
2007-01-17,30.828375623682394
2007-01-18,30.989104657725466
2007-01-19,31.04537882813986
2007-01-22,31.583823719893534
2007-01-23,30.217594157321486
2007-01-24,30.973042678414654
2007-01-25,31.101621934227783
2007-01-26,30.539065647889814
2007-01-29,30.50690302391181
2007-01-30,30.145255764513017
2007-01-31,30.289923494795552
2007-02-01,30.78819326611006
2007-02-02,30.940892938435933
2007-02-05,30.71587174582846
2007-02-06,30.563170390882902
2007-02-07,29.43803879187339
2007-02-08,29.48625750421966
2007-02-09,30.113121270295647
2007-02-12,29.735402146430864
2007-02-13,29.647002218511563
2007-02-14,30.281893808432955
2007-02-15,29.9363066618034
2007-02-16,29.606816829186272
2007-02-20,29.373760346095516
2007-02-21,29.30141829623807
2007-02-22,30.571200536366543
2007-02-23,31.519520690008797
2007-02-26,31.776691436767578
2007-02-27,31.27039956676195
2007-02-28,29.77558774801969
2007-03-01,29.48626843432414
2007-03-02,29.164802372053103
2007-03-05,28.61831369712717
2007-03-06,29.43000572062976
2007-03-07,29.59877808353369
2007-03-08,30.531029343157844
2007-03-09,30.611388093534206
2007-03-12,29.920233880821883
2007-03-13,30.756050104379927
2007-03-14,29.679148378270078
2007-03-15,29.872023709563692
2007-03-16,29.807722198341406
2007-03-19,30.089005917029425
2007-03-20,31.125728748578506
2007-03-21,30.97303330861335
2007-03-22,31.390950331922834
2007-03-23,31.487386966456796
2007-03-26,32.403542129063304
2007-03-27,32.347290396178636
2007-03-28,31.770818677286364
2007-03-29,32.18916789734523
2007-03-30,32.7442967047664
2007-04-02,33.06609753500681
2007-04-03,33.46031885463059
2007-04-04,35.08548740704971
2007-04-05,36.17963889748511
2007-04-09,37.18529717648219
2007-04-10,38.21509010427398
2007-04-11,36.597994290079185
2007-04-12,36.94394158717131
2007-04-13,36.45317036132547
2007-04-16,38.70585832957117
2007-04-17,39.124196386120886
2007-04-18,38.21509153391127
2007-04-19,37.82088058912638
2007-04-20,37.7323720501678
2007-04-23,37.482975218076625
2007-04-24,38.05418862575562
2007-04-25,37.474927316295165
2007-04-26,37.65191672589421
2007-04-27,36.509491992735214
2007-04-30,37.84500639847195
2007-05-01,37.62779254587327
2007-05-02,37.13702233980406
2007-05-03,38.93917161080617
2007-05-04,39.542575345251166
2007-05-07,41.15162932336764
2007-05-08,40.30685089770227
2007-05-09,40.25858948939778
2007-05-10,40.226413135864355
2007-05-11,39.83219730724236
2007-05-14,40.709107881770876
2007-05-15,40.4114353681236
2007-05-16,40.483877616994256
2007-05-17,40.451679275550845
2007-05-18,40.73326758395662
2007-05-21,40.314924337268465
2007-05-22,41.183807028013526
2007-05-23,41.07116051998838
2007-05-24,41.58606877156332
2007-05-25,40.28272610898993
2007-05-29,41.16770603126237
2007-05-30,40.49189608946621
2007-05-31,42.04463588271498
2007-06-01,42.028558712729165
2007-06-04,42.688264570941655
2007-06-05,44.24905993443754
2007-06-06,43.50889004427433
2007-06-07,42.076823283163726
2007-06-08,40.87003006809727
2007-06-11,41.91592735449977
2007-06-12,41.714790477078914
2007-06-13,41.24816950055166
2007-06-14,42.3825529493348
2007-06-15,43.68587599747459
2007-06-18,44.86050107229205
2007-06-19,43.78243002885817
2007-06-20,43.870927278552465
2007-06-21,42.8733177139324
2007-06-22,43.51694054544553
2007-06-25,42.80894852055134
2007-06-26,41.779153016418014
2007-06-27,38.81578477841052
2007-06-28,41.07063019629623
2007-06-29,40.98204978489507
2007-07-02,40.345860858850266
2007-07-03,40.104284124776335
2007-07-05,39.105689986997355
2007-07-06,40.160643258249515
2007-07-09,40.965946929152395
2007-07-10,42.020885769429704
2007-07-11,41.271963508675526
2007-07-12,39.67745513709193
2007-07-13,40.14453998853142
2007-07-16,40.55523088813445
2007-07-17,38.839927086822335
2007-07-18,37.10853419826884
2007-07-19,38.493666947961614
2007-07-20,38.405070183167034
2007-07-23,36.7541907342609
2007-07-24,35.433492398727566
2007-07-25,33.396056500797656
2007-07-26,33.75040730197715
2007-07-27,32.5102240778769
2007-07-30,33.00951992544142
2007-07-31,33.13836248700297
2007-08-01,32.534388972276744
2007-08-02,32.1558837890625
2007-08-03,32.49412562214578
2007-08-06,31.91430805140602
2007-08-07,31.26200068347905
2007-08-08,31.245890253272115
2007-08-09,30.915708491793723
2007-08-10,30.706353405076705
2007-08-13,32.212267137496085
2007-08-14,31.7532289950922
2007-08-15,30.730492240406853
2007-08-16,29.94129507778725
2007-08-17,30.110405246265973
2007-08-20,29.820491534363548
2007-08-21,29.490330431798164
2007-08-22,29.86882813919149
2007-08-23,32.13978166446737
2007-08-24,31.01235783977652
2007-08-27,32.47802504557536
2007-08-28,31.576059878972245
2007-08-29,30.883508144043624
2007-08-30,30.89154445009403
2007-08-31,31.51165791057205
2007-09-04,32.51828527834416
2007-09-05,32.743755200741965
2007-09-06,32.719599635335925
2007-09-07,32.671287536621094
2007-09-10,32.95315735412948
2007-09-11,32.1558925490995
2007-09-12,33.70207816896431
2007-09-13,34.861720045613104
2007-09-14,35.4898531453846
2007-09-17,35.94889162103429
2007-09-18,35.11941632242714
2007-09-19,35.81198202465849
2007-09-20,35.054978275203766
2007-09-21,35.1355350751011
2007-09-24,35.5542918487853
2007-09-25,36.295164648482306
2007-09-26,37.068643191456054
2007-09-27,38.10056086667362
2007-09-28,37.86678586844834
2007-10-01,37.27826823990412
2007-10-02,36.00448026993813
2007-10-03,35.1176665672325
2007-10-04,33.8600047715369
2007-10-05,34.811314389089716
2007-10-08,34.45658741240351
2007-10-09,34.31953157970549
2007-10-10,35.536887581530436
2007-10-11,34.94835818776289
2007-10-12,34.819385058032154
2007-10-15,35.85130350972006
2007-10-16,36.560743667385395
2007-10-17,36.73810467846425
2007-10-18,35.87548462438176
2007-10-19,36.82678598910697
2007-10-22,35.617501040581416
2007-10-23,36.90742158873608
2007-10-24,38.22956192682539
2007-10-25,38.49561274601863
2007-10-26,39.86613681100766
2007-10-29,41.10767011779122
2007-10-30,40.95448398835396
2007-10-31,40.632018665299526
2007-11-01,37.0525234509034
2007-11-02,37.12508457836102
2007-11-05,37.96351436109477
2007-11-06,39.14861831338054
2007-11-07,40.019300943168126
2007-11-08,39.91450676788884
2007-11-09,37.97964347742263
2007-11-12,37.165401004541835
2007-11-13,34.867752151794676
2007-11-14,35.7464891617742
2007-11-15,35.24665501765435
2007-11-16,33.86000295214991
2007-11-19,33.988995402127635
2007-11-20,32.40080389540927
2007-11-21,33.40047699896265
2007-11-23,32.00576582889279
2007-11-26,34.00511885776486
2007-11-27,32.11864202683945
2007-11-28,32.13476141233405
2007-11-29,33.05382442644871
2007-11-30,33.98899938523304
2007-12-03,33.37629293917878
2007-12-04,31.65911076622612
2007-12-05,32.13476124989729
2007-12-06,31.586557185936453
2007-12-07,31.46561932763506
2007-12-10,31.44144551255319
2007-12-11,31.98158204987058
2007-12-12,31.086703853311082
2007-12-13,29.55495504957969
2007-12-14,29.022865619962108
2007-12-17,29.305036924918078
2007-12-18,28.555272332454262
2007-12-19,28.35372809453204
2007-12-20,29.917738948943075
2007-12-21,31.385009850551963
2007-12-24,32.05413019818472
2007-12-26,32.04606917011403
2007-12-27,32.37609341972587
2007-12-28,31.980563190211424
2007-12-31,32.28730524179249
2008-01-02,32.41645365762034
2008-01-03,33.635285463533364
2008-01-04,33.82094359924771
2008-01-07,32.76352677598333
2008-01-08,32.73124651462662
2008-01-09,31.585056963555147
2008-01-10,30.995799486764003
2008-01-11,31.899858870105525
2008-01-14,31.496262849499008
2008-01-15,31.480116079974646
2008-01-16,29.954544845527572
2008-01-17,29.357228335835206
2008-01-18,27.952720036484685
2008-01-22,25.030727109037493
2008-01-23,27.266620613053913
2008-01-24,28.235235646616463
2008-01-25,29.05048772490452
2008-01-28,28.24332878454362
2008-01-29,27.847788332866774
2008-01-30,27.549133083921504
2008-01-31,27.339267215252526
2008-02-01,27.29083371479824
2008-02-04,27.03253719946864
2008-02-05,26.774241624996797
2008-02-06,26.06392192256221
2008-02-07,25.676469129768698
2008-02-08,26.112349488165346
2008-02-11,26.515930006365615
2008-02-12,26.580522219348463
2008-02-13,27.91236540226655
2008-02-14,29.01013485188064
2008-02-15,29.45408846157388
2008-02-19,29.462153606538116
2008-02-20,29.397576326879058
2008-02-21,30.269340499971836
2008-02-22,29.42179464871092
2008-02-25,29.542868641849196
2008-02-26,30.47113324254256
2008-02-27,31.899858870105525
2008-02-28,31.173386363148445
2008-02-29,31.85948684043251
2008-03-03,31.439752996871213
2008-03-04,31.859489814402036
2008-03-05,31.350945501736785
2008-03-06,31.93213346110313
2008-03-07,30.753642226116632
2008-03-10,29.639740870402342
2008-03-11,30.253192900174074
2008-03-12,30.632568503200947
2008-03-13,30.317779108649145
2008-03-14,31.891771792754298
2008-03-17,30.325843140881837
2008-03-18,30.30162811819735
2008-03-19,29.817317277466817
2008-03-20,26.79845394864643
2008-03-24,25.708754481033836
2008-03-25,27.532990271869046
2008-03-26,27.767080427673868
2008-03-27,27.920916238222095
2008-03-28,26.966770954949784
2008-03-31,26.805052468198145
2008-04-01,26.327985215907287
2008-04-02,27.055726444465737
2008-04-03,27.088064059466337
2008-04-04,28.0826342550783
2008-04-07,29.061041017131096
2008-04-08,27.72685734669048
2008-04-09,27.69451030500752
2008-04-10,29.12573755686192
2008-04-11,30.686327092852753
2008-04-14,29.521945274048793
2008-04-15,29.950510005507915
2008-04-16,30.273943425530454
2008-04-17,30.799533352184177
2008-04-18,30.767189276083137
2008-04-21,30.71866761251318
2008-04-22,30.985513350251193
2008-04-23,30.72674612553307
2008-04-24,29.392556891028978
2008-04-25,29.30363480875556
2008-04-28,29.772602432087087
2008-04-29,29.21467639980647
2008-04-30,28.179668859201687
2008-05-01,27.8481349319733
2008-05-02,27.90474311975076
2008-05-05,28.325215240220516
2008-05-06,28.947842939577004
2008-05-07,30.581218606604544
2008-05-08,30.645894055714155
2008-05-09,32.43290236698764
2008-05-12,32.25500833671791
2008-05-13,32.63505136479873
2008-05-14,32.42481892139334
2008-05-15,31.67281946984965
2008-05-16,32.77251491371011
2008-05-19,34.114790398298574
2008-05-20,34.57568887458965
2008-05-21,35.33577000904009
2008-05-22,32.3439454683855
2008-05-23,33.99349642187469
2008-05-27,33.12829058172437
2008-05-28,32.35203987739778
2008-05-29,33.40321901996269
2008-05-30,32.61889085042647
2008-06-02,33.128292545780866
2008-06-03,33.330440565919396
2008-06-04,33.120221818659964
2008-06-05,32.27927066054522
2008-06-06,32.74824716170605
2008-06-09,32.6350466587866
2008-06-10,32.56227325428152
2008-06-11,31.066370277183783
2008-06-12,30.73483946309548
2008-06-13,30.201157700395328
2008-06-16,30.19308192678843
2008-06-17,30.807616241237408
2008-06-18,30.395223540869477
2008-06-19,30.34671093578919
2008-06-20,30.18499793310445
2008-06-23,30.330540931179534
2008-06-24,31.76176228787174
2008-06-25,31.49492798523616
2008-06-26,31.8266565959568
2008-06-27,32.09389775891444
2008-06-30,32.401649220307085
2008-07-01,34.75826425140727
2008-07-02,34.879758279922655
2008-07-03,33.13860338235996
2008-07-07,33.770268451497536
2008-07-08,32.28827049438847
2008-07-09,33.26008398404412
2008-07-10,33.52732723684227
2008-07-11,32.93613906776697
2008-07-14,33.43014039964407
2008-07-15,34.159004951492186
2008-07-16,34.68539629055669
2008-07-17,32.984721622184104
2008-07-18,32.361166236824694
2008-07-21,31.502724441996204
2008-07-22,31.859043944870315
2008-07-23,30.862948721214952
2008-07-24,29.753471218682
2008-07-25,28.8059576066271
2008-07-28,28.984128606818526
2008-07-29,29.59150801580518
2008-07-30,28.83836442850739
2008-07-31,29.17848820605589
2008-08-01,29.09750312547573
2008-08-04,28.2957616072405
2008-08-05,26.595106154608253
2008-08-06,26.538418008742546
2008-08-07,26.076808343260332
2008-08-08,26.165881432382214
2008-08-11,26.425034627118457
2008-08-12,25.91484075664436
2008-08-13,24.86204474291315
2008-08-14,24.505718648957135
2008-08-15,24.708174003134232
2008-08-18,23.40433333453111
2008-08-19,23.08849616440273
2008-08-20,22.513506884125892
2008-08-21,23.477220618086456
2008-08-22,24.35184946477352
2008-08-25,23.768762837792472
2008-08-26,23.380042522348955
2008-08-27,23.736369002833534
2008-08-28,24.845850318966054
2008-08-29,24.70007950879178
2008-09-02,23.833554929241835
2008-09-03,22.869846659979654
2008-09-04,22.634988005239013
2008-09-05,21.946636663873065
2008-09-08,22.2705694249048
2008-09-09,20.537510454772235
2008-09-10,19.241766831914582
2008-09-11,19.679084070406297
2008-09-12,20.804759921931527
2008-09-15,19.88962974499691
2008-09-16,19.233674381673552
2008-09-17,19.42802791551374
2008-09-18,18.901635781764377
2008-09-19,18.310451099132234
2008-09-22,20.229772070520443
2008-09-23,20.367443453054367
2008-09-24,20.505117747793438
2008-09-25,20.237864974287753
2008-09-26,20.495410309587033
2008-09-29,18.425572384427536
2008-09-30,17.66257670692799
2008-10-01,18.230762508129622
2008-10-02,17.11873233646837
2008-10-03,16.347627768654082
2008-10-06,15.284302452466363
2008-10-07,14.878450322892862
2008-10-08,12.25666202436864
2008-10-09,13.222584435424748
2008-10-10,11.793992099989792
2008-10-13,12.565106781363465
2008-10-14,14.829748757208787
2008-10-15,12.987189332563727
2008-10-16,11.10404857080561
2008-10-17,11.193334869827265
2008-10-20,12.443354881247297
2008-10-21,12.297244973488098
2008-10-22,12.061849718628045
2008-10-23,10.803720534166313
2008-10-24,10.357286311276122
2008-10-27,11.1933325019198
2008-10-28,10.811833891851315
2008-10-29,11.826464546796728
2008-10-30,12.857321071933749
2008-10-31,12.824849886432352
2008-11-03,13.190119300284064
2008-11-04,14.042402272476705
2008-11-05,14.643058036342778
2008-11-06,14.074869613548087
2008-11-07,13.652785542042004
2008-11-10,13.409277181328855
2008-11-11,13.01966060093319
2008-11-12,12.232310592350718
2008-11-13,11.095931306859415
2008-11-14,11.891398485601028
2008-11-17,11.940098925317375
2008-11-18,11.81022604606419
2008-11-19,11.5910694870371
2008-11-20,10.722551173463248
2008-11-21,9.805329869722152
2008-11-24,10.876773269719326
2008-11-25,12.743682072251794
2008-11-26,12.735561422395143
2008-11-28,13.7420759262811
2008-12-01,13.912530686990007
2008-12-02,13.190120309591771
2008-12-03,11.972569047793908
2008-12-04,12.354066170731468
2008-12-05,11.339444254960378
2008-12-08,12.289130622304171
2008-12-09,12.524523743780799
2008-12-10,13.774540623878051
2008-12-11,14.464481595848161
2008-12-12,13.198236824104594
2008-12-15,14.026167253085257
2008-12-16,13.230702465073739
2008-12-17,14.01804729676827
2008-12-18,14.52942415491274
2008-12-19,13.344337203311428
2008-12-22,13.466093087169726
2008-12-23,12.694978620448296
2008-12-24,12.906021580817201
2008-12-26,12.735565329459117
2008-12-29,13.207063200147413
2008-12-30,13.459481960277387
2008-12-31,13.663040520097454
2009-01-02,14.298153811588932
2009-01-05,15.885934048220804
2009-01-06,15.731225234660254
2009-01-07,16.610608380397167
2009-01-08,15.780078833460404
2009-01-09,16.423335075264184
2009-01-12,15.144971426607531
2009-01-13,14.461003512181222
2009-01-14,14.420286902527998
2009-01-15,13.931740976265772
2009-01-16,14.583137970834594
2009-01-20,14.013165014140942
2009-01-21,13.630469458479734
2009-01-22,13.687465494250644
2009-01-23,13.255919175410757
2009-01-26,13.972453358313908
2009-01-27,13.62232936878859
2009-01-28,14.102735185497968
2009-01-29,14.241151757890778
2009-01-30,13.98059714882024
2009-02-02,13.272204653159628
2009-02-03,12.751083889401942
2009-02-04,13.516476933652836
2009-02-05,13.027928693327693
2009-02-06,12.954649331087786
2009-02-09,13.451336622542382
2009-02-10,13.931741702486876
2009-02-11,13.516476949725048
2009-02-12,12.938362541003857
2009-02-13,12.905793937456874
2009-02-17,12.286967402065288
2009-02-18,11.74956386719272
2009-02-19,11.692571097759727
2009-02-20,11.318012832028897
2009-02-23,11.375009147721794
2009-02-24,10.568909468219362
2009-02-25,11.204022734194446
2009-02-26,11.489005719268814
2009-02-27,12.008854239307068
2009-03-02,11.673909458014718
2009-03-03,11.355305355147607
2009-03-04,11.67391425971445
2009-03-05,11.804620429939423
2009-03-06,11.6085565630754
2009-03-09,11.32263075600389
2009-03-10,11.755604913479855
2009-03-11,12.098715831785185
2009-03-12,12.711411533386345
2009-03-13,12.752257369605669
2009-03-16,12.629715174865279
2009-03-17,12.866625565116484
2009-03-18,13.561015429249444
2009-03-19,14.214558128318375
2009-03-20,14.059341724735987
2009-03-23,14.092022180805309
2009-03-24,14.34526981150081
2009-03-25,14.443301802856407
2009-03-26,14.770069299521017
2009-03-27,14.720598371807377
2009-03-30,13.95834001346916
2009-03-31,13.966538066166557
2009-04-01,13.868181660307012
2009-04-02,15.081232720506534
2009-04-03,14.56486736281759
2009-04-06,14.032106675727537
2009-04-07,13.794411017910662
2009-04-08,13.958340560366796
2009-04-09,14.687809637636132
2009-04-13,14.58125656129504
2009-04-14,14.999271753348186
2009-04-15,14.835343026829463
2009-04-16,14.933697079357625
2009-04-17,14.818951302098885
2009-04-20,14.35996000990755
2009-04-21,13.737035169493119
2009-04-22,14.171442916430676
2009-04-23,14.941902517471782
2009-04-24,16.425435176325674
2009-04-27,16.753284416268777
2009-04-28,16.5975519867989
2009-04-29,17.499148353790048
2009-04-30,18.57286929545827
2009-05-01,18.679418265128113
2009-05-04,20.244916568828057
2009-05-05,20.441625275987608
2009-05-06,20.94160492320185
2009-05-07,21.22847630261377
2009-05-08,20.843251184613777
2009-05-11,20.621942586789288
2009-05-12,21.06455443368884
2009-05-13,20.826857021064928
2009-05-14,19.777722140811676
2009-05-15,20.41704247233485
2009-05-18,20.285897868407897
2009-05-19,21.376008028501737
2009-05-20,21.654685000159247
2009-05-21,21.671080681664552
2009-05-22,21.31043973316148
2009-05-26,20.98258966117452
2009-05-27,21.416992258958093
2009-05-28,21.384207020745645
2009-05-29,22.425135628656303
2009-06-01,22.974296384939265
2009-06-02,23.7365506928701
2009-06-03,23.10543749462245
2009-06-04,22.22022725318388
2009-06-05,22.76938762908089
2009-06-08,22.105485919187533
2009-06-09,22.564480402272913
2009-06-10,23.244771654646453
2009-06-11,22.990689561796536
2009-06-12,22.949701956750086
2009-06-15,21.91696845771664
2009-06-16,21.4661680687431
2009-06-17,20.56457710636037
2009-06-18,20.490811707169318
2009-06-19,20.515396709384124
2009-06-22,20.499007266072866
2009-06-23,19.14661079418098
2009-06-24,20.449823353646842
2009-06-25,19.761335222838326
2009-06-26,21.148238096716415
2009-06-29,21.46032791141329
2009-06-30,21.164666817566605
2009-07-01,21.255007560397978
2009-07-02,21.082530412951456
2009-07-06,20.499415226800334
2009-07-07,19.72740548415746
2009-07-08,19.596000485538692
2009-07-09,19.52208378152928
2009-07-10,19.021098507479135
2009-07-13,19.19356214552756
2009-07-14,20.006648567511768
2009-07-15,20.326947771850147
2009-07-16,20.78686895581318
2009-07-17,21.06610315946397
2009-07-20,21.34535057150299
2009-07-21,22.18306679810469
2009-07-22,21.599946290315682
2009-07-23,21.89561446087306
2009-07-24,22.503374374916774
2009-07-27,22.42123903444689
2009-07-28,21.985958305356238
2009-07-29,22.3391060391298
2009-07-30,22.035228126770875
2009-07-31,22.21591584270863
2009-08-03,23.135755299646426
2009-08-04,23.768157530417472
2009-08-05,23.398572114182606
2009-08-06,23.710667604854137
2009-08-07,23.406789862330033
2009-08-10,22.89759321578578
2009-08-11,22.495157477592183
2009-08-12,22.05165748359594
2009-08-13,22.371960042117124
2009-08-14,23.735304040796912
2009-08-17,22.790826071193607
2009-08-18,22.8072515643351
2009-08-19,22.634771904545413
2009-08-20,23.234318477933524
2009-08-21,23.85849647350406
2009-08-24,23.948842854307358
2009-08-25,23.85849690729997
2009-08-26,23.62854210787183
2009-08-27,22.930441194514597
2009-08-28,22.946864038115027
2009-08-31,22.495155414428808
2009-09-01,21.739570619770827
2009-09-02,21.090750511427036
2009-09-03,21.1564491830406
2009-09-04,21.772413929097183
2009-09-08,22.5197917045137
2009-09-09,23.012571797817188
2009-09-10,22.692262436860375
2009-09-11,23.5135596662118
2009-09-14,23.004359673060577
2009-09-15,23.431433825461156
2009-09-16,24.392342258190954
2009-09-17,25.09864588500648
2009-09-18,24.959026063314816
2009-09-21,23.817434086172376
2009-09-22,24.62230160464126
2009-09-23,24.482677342087705
2009-09-24,24.343059863139885
2009-09-25,22.92222661069522
2009-09-28,22.268107856572303
2009-09-29,22.885290640210464
2009-09-30,22.86883597260928
2009-10-01,22.9099856742053
2009-10-02,21.371123498324952
2009-10-05,21.78258917958839
2009-10-06,22.918218129723837
2009-10-07,23.288521642678724
2009-10-08,23.65883210596358
2009-10-09,24.201954049636132
2009-10-12,24.407688019454493
2009-10-13,24.53112225793203
2009-10-14,24.703937154487075
2009-10-15,24.078521085702157
2009-10-16,23.96331250425248
2009-10-19,24.432373071646783
2009-10-20,24.473520799406355
2009-10-21,25.197686222465162
2009-10-22,25.288209183342076
2009-10-23,25.65852809024166
2009-10-26,25.15654105772451
2009-10-27,24.810918567409107
2009-10-28,23.625916566770286
2009-10-29,22.794769607891215
2009-10-30,23.25560909312443
2009-11-02,22.93466672409922
2009-11-03,22.152903613644362
2009-11-04,23.560084568672462
2009-11-05,23.57654017685702
2009-11-06,23.67529232713834
2009-11-09,24.629876076803008
2009-11-10,24.4570644216195
2009-11-11,24.86851980892033
2009-11-12,24.193728383618204
2009-11-13,24.078521938968503
2009-11-16,24.605191767401436
2009-11-17,24.341853697606613
2009-11-18,24.564041024195685
2009-11-19,24.68748423678816
2009-11-20,24.52289692875799
2009-11-23,24.835607609241332
2009-11-24,24.383002564320286
2009-11-25,24.169047097324327
2009-11-27,23.239149616485268
2009-11-30,23.67529330704692
2009-12-01,24.020914012294753
2009-12-02,24.62164604434219
2009-12-03,25.633828232363804
2009-12-04,25.666753820170364
2009-12-07,25.115393677631292
2009-12-08,24.94257963073511
2009-12-09,24.366541248744063
2009-12-10,24.728628693706145
2009-12-11,25.148317773904143
2009-12-14,25.32112670355789
2009-12-15,25.83955746529981
2009-12-16,25.987689449409793
2009-12-17,25.576234559995395
2009-12-18,25.238825217142356
2009-12-21,25.238830748875635
2009-12-22,25.551540281356992
2009-12-23,26.061749947623387
2009-12-24,26.859979071020113
2009-12-28,26.958726949276052
2009-12-29,27.203760683178466
2009-12-30,26.700908223981067
2009-12-31,26.684406918835542
2010-01-04,27.10484248622895
2010-01-05,27.599451907310204
2010-01-06,27.08835274495455
2010-01-07,26.9069947513409
2010-01-08,26.46184293927951
2010-01-11,26.733881593687194
2010-01-12,25.950737449403704
2010-01-13,25.843574613392217
2010-01-14,25.769382215092485
2010-01-15,25.66222077907165
2010-01-19,25.18408879949343
2010-01-20,25.159359162594125
2010-01-21,24.714205005812186
2010-01-22,23.972282024547642
2010-01-25,23.49415896157599
2010-01-26,23.164415314613265
2010-01-27,23.321045243508042
2010-01-28,23.329283927391607
2010-01-29,23.288071440106716
2010-02-01,22.579120490189595
2010-02-02,23.444694389941166
2010-02-03,23.213876161926102
2010-02-04,22.307081413195778
2010-02-05,21.32610151246509
2010-02-08,21.837199998293276
2010-02-09,21.68057706819344
2010-02-10,22.290596774324378
2010-02-11,22.35654472091796
2010-02-12,22.793455282269083
2010-02-16,23.131438062100464
2010-02-17,23.321049532553555
2010-02-18,23.25509546587608
2010-02-19,23.749711132423684
2010-02-22,24.367976823367943
2010-02-23,24.062962428068705
2010-02-24,23.27158546447754
2010-02-25,22.603850912491165
2010-02-26,22.92535601322698
2010-03-01,22.66979996561013
2010-03-02,23.02426957167802
2010-03-03,22.75223713647647
2010-03-04,22.422495657257052
2010-03-05,22.55439189733494
2010-03-08,22.694534880282962
2010-03-09,22.570887354987704
2010-03-10,22.69453069586594
2010-03-11,22.991297803256224
2010-03-12,23.362265578691883
2010-03-15,23.271585932294407
2010-03-16,23.0242718646901
2010-03-17,23.288069847877956
2010-03-18,23.700249450753596
2010-03-19,22.760480880737305
2010-03-22,22.45546907720156
2010-03-23,22.6780440190559
2010-03-24,22.579124504540783
2010-03-25,22.414254424922923
2010-03-26,22.051539792255696
2010-03-29,22.31427883261343
2010-03-30,22.71924703073126
2010-03-31,22.644868652455283
2010-04-01,22.84321361652356
2010-04-05,21.909322701314167
2010-04-06,22.27296617242113
2010-04-07,22.11593704969289
2010-04-08,22.0746119827952
2010-04-09,22.388667816730926
2010-04-12,22.69445360869823
2010-04-13,22.496108028908253
2010-04-14,22.48783642730008
2010-04-15,22.306020162435026
2010-04-16,21.942382693006625
2010-04-19,21.330802714663427
2010-04-20,21.74402940841187
2010-04-21,21.463036896953643
2010-04-22,21.322534750004415
2010-04-23,21.19031107406059
2010-04-26,21.049806594848633
2010-04-27,20.9423719850773
2010-04-28,20.93410901493859
2010-04-29,20.545673787667564
2010-04-30,20.33079508982999
2010-05-03,20.570466241053897
2010-05-04,20.132439258689427
2010-05-05,19.975420157769015
2010-05-06,19.991945457231314
2010-05-07,19.429958938277757
2010-05-10,20.148974192675063
2010-05-11,19.87623717491067
2010-05-12,20.537406128147982
2010-05-13,20.826668155583757
2010-05-14,20.785348514392666
2010-05-17,20.81840468577923
2010-05-18,20.801874979172574
2010-05-19,20.446498905899826
2010-05-20,19.438220977783203
2010-05-21,18.958877161938883
2010-05-24,19.917562265141875
2010-05-25,18.98366760815379
2010-05-26,20.173765383301475
2010-05-27,20.091120673323356
2010-05-28,20.272939876726372
2010-06-01,20.008474993424763
2010-06-02,19.289461757995564
2010-06-03,20.115913587611107
2010-06-04,19.529130156735214
2010-06-07,19.02499471075877
2010-06-08,18.760528562516278
2010-06-09,19.198543368276642
2010-06-10,18.744004540631817
2010-06-11,18.80185521503123
2010-06-14,19.206815739382296
2010-06-15,19.148962192885616
2010-06-16,19.677895518936467
2010-06-17,19.6365719123434
2010-06-18,19.454746879573676
2010-06-21,19.851451631652345
2010-06-22,19.41342737118671
2010-06-23,18.529121370845033
2010-06-24,18.83491221707386
2010-06-25,18.801848046264624
2010-06-28,18.981794761985782
2010-06-29,18.534192900385122
2010-06-30,17.89593731716888
2010-07-01,17.663849180629697
2010-07-02,17.72187200827535
2010-07-06,17.481488813005747
2010-07-07,17.837912993344247
2010-07-08,18.915482663979187
2010-07-09,18.699967867273852
2010-07-12,19.02323989572678
2010-07-13,20.258304170336157
2010-07-14,20.473814986850204
2010-07-15,20.250011991376905
2010-07-16,20.506970400776527
2010-07-19,20.051073218930153
2010-07-20,19.545446323620823
2010-07-21,20.366059964945755
2010-07-22,19.935029974525293
2010-07-23,20.366053388434953
2010-07-26,20.515256119702485
2010-07-27,21.07062769107533
2010-07-28,21.203241809157632
2010-07-29,21.236407300310137
2010-07-30,20.904843619012393
2010-08-02,21.659142493128346
2010-08-03,21.70887488733072
2010-08-04,21.899526292282392
2010-08-05,21.965832662089653
2010-08-06,21.783476368720585
2010-08-09,22.173059726327025
2010-08-10,21.791767016640687
2010-08-11,21.070622860940123
2010-08-12,20.382634831552316
2010-08-13,20.56498910575779
2010-08-16,20.382635460176044
2010-08-17,20.88826844438853
2010-08-18,21.28614236113565
2010-08-19,21.576250950834414
2010-08-20,21.070619875154136
2010-08-23,21.286135858084805
2010-08-24,20.88827144946156
2010-08-25,19.93502443605822
2010-08-26,20.39092449614621
2010-08-27,20.22514499649274
2010-08-30,20.564992639866855
2010-08-31,20.16711869225772
2010-09-01,20.564989631252114
2010-09-02,20.85510896877958
2010-09-03,21.46849881344348
2010-09-07,21.385605701910567
2010-09-08,21.30271617943582
2010-09-09,21.692301026807577
2010-09-10,21.277844980612446
2010-09-13,21.99898475495903
2010-09-14,22.206215844471267
2010-09-15,21.783475929894088
2010-09-16,21.849787915997503
2010-09-17,21.93267575391013
2010-09-20,21.584539968569445
2010-09-21,22.040430751659045
2010-09-22,21.965827474078754
2010-09-23,21.708876293848814
2010-09-24,22.197921892380823
2010-09-27,22.852754242136385
2010-09-28,22.73519048803574
2010-09-29,22.776737601475745
2010-09-30,23.11743143024303
2010-10-01,23.23377134987168
2010-10-04,23.26701022420323
2010-10-05,23.100812798090427
2010-10-06,23.499679744168994
2010-10-07,23.51630002082741
2010-10-08,23.8736162615789
2010-10-11,25.020342633069063
2010-10-12,24.77936669275286
2010-10-13,25.169921656619948
2010-10-14,25.43583166016503
2010-10-15,25.444141841675208
2010-10-18,25.319495943178023
2010-10-19,25.120057689293706
2010-10-20,24.546695887946715
2010-10-21,25.211470691254114
2010-10-22,24.679651066771864
2010-10-25,24.97048898797971
2010-10-26,25.50230275668991
2010-10-27,25.602021906715862
2010-10-28,25.527235148156795
2010-10-29,25.311179407534272
2010-11-01,25.909480529483822
2010-11-02,26.499463302192193
2010-11-03,26.441292936048868
2010-11-04,26.815237137937196
2010-11-05,27.446760747918997
2010-11-08,27.712670728297443
2010-11-09,30.34681486371556
2010-11-10,30.994982197783276
2010-11-11,30.280352762004977
2010-11-12,30.762314292930956
2010-11-15,29.981201240654656
2010-11-16,28.917566200167467
2010-11-17,27.720983238748506
2010-11-18,28.693210569275692
2010-11-19,28.95912090055992
2010-11-22,29.441081987603624
2010-11-23,28.925879631607096
2010-11-24,29.96458143360459
2010-11-26,30.61272999988697
2010-11-29,30.52133121370513
2010-11-30,30.529644001685682
2010-12-01,30.76232120091303
2010-12-02,31.177787396386126
2010-12-03,31.43539479386365
2010-12-06,31.152854807915826
2010-12-07,31.85087118752766
2010-12-08,31.452013839262932
2010-12-09,31.061461614793586
2010-12-10,31.19440927648194
2010-12-13,32.241434265684354
2010-12-14,32.8147879752743
2010-12-15,31.709604238451547
2010-12-16,31.81763947094348
2010-12-17,32.22481097715148
2010-12-20,32.69015521073302
2010-12-21,32.86465149471331
2010-12-22,32.914509941338935
2010-12-23,33.03083494858715
2010-12-27,33.03084086279178
2010-12-28,33.09732993778653
2010-12-29,32.823568198842715
2010-12-30,33.59775430170114
2010-12-31,33.422935455357944
2011-01-03,34.080572129590315
2011-01-04,33.780893942473206
2011-01-05,33.36465760216886
2011-01-06,33.38130747761668
2011-01-07,32.72366996816459
2011-01-10,31.191961098137266
2011-01-11,32.37404425043836
2011-01-12,32.79859814095271
2011-01-13,32.89848284163709
2011-01-14,32.63210975320041
2011-01-18,33.56444115252724
2011-01-19,33.772552852830394
2011-01-20,32.94843643326221
2011-01-21,32.23252009138553
2011-01-24,31.67478068088499
2011-01-25,32.232529853614444
2011-01-26,32.07435328643826
2011-01-27,32.78194354789794
2011-01-28,32.032740032577806
2011-01-31,33.33967644668256
2011-02-01,35.25432529277947
2011-02-02,36.02018393099147
2011-02-03,35.69552602451843
2011-02-04,35.7038461011899
2011-02-07,35.27096401821125
2011-02-08,34.52177074578342
2011-02-09,34.50510604368299
2011-02-10,35.087824399508406
2011-02-11,35.39583082300065
2011-02-14,35.42081720657627
2011-02-15,36.82766306233832
2011-02-16,35.78710094021129
2011-02-17,35.87034225463867
2011-02-18,35.83704897670418
2011-02-22,34.2220880696218
2011-02-23,33.4395782301898
2011-02-24,33.614405810627844
2011-02-25,33.94736215487585
2011-02-28,34.55506654865552
2011-03-01,33.98067719027996
2011-03-02,33.73094645929201
2011-03-03,33.614389381151746
2011-03-04,33.71429016729179
2011-03-07,33.822505143650154
2011-03-08,32.66540177791876
2011-03-09,32.95675683170649
2011-03-10,31.60818199973662
2011-03-11,30.83400697280204
2011-03-14,25.1067395030412
2011-03-15,24.057846744355036
2011-03-16,26.871536031433337
2011-03-17,25.38144625848276
2011-03-18,24.332556593676568
2011-03-21,26.13897608521541
2011-03-22,27.0047239326427
2011-03-23,26.89650810257528
2011-03-24,26.455310794039804
2011-03-25,25.639505823593357
2011-03-28,26.014109280909246
2011-03-29,24.816457748413086
2011-03-30,25.284222336892473
2011-03-31,24.98350780594673
2011-04-01,25.334338685876176
2011-04-04,25.50974854741458
2011-04-05,25.977509002572763
2011-04-06,26.086097976212752
2011-04-07,25.484688355020623
2011-04-08,25.20904282405572
2011-04-11,25.033633045411108
2011-04-12,23.847518519454944
2011-04-13,23.722226163224438
2011-04-14,23.363048625161703
2011-04-15,23.496699046256513
2011-04-18,23.889282817106967
2011-04-19,23.705518499013593
2011-04-20,23.98116375111912
2011-04-21,24.557517631355235
2011-04-25,24.415516876835913
2011-04-26,24.17328301982536
2011-04-27,24.557515848682648
2011-04-28,24.615984793252952
2011-04-29,24.490690038380293
2011-05-02,24.59092637154683
2011-05-03,25.351039449297865
2011-05-04,25.1839889299633
2011-05-05,23.9895196228249
2011-05-06,23.7806971204877
2011-05-09,23.87257919206962
2011-05-10,24.599281353235963
2011-05-11,24.156577560755093
2011-05-12,22.970466715536293
2011-05-13,22.068355493787063
2011-05-16,21.851178482288194
2011-05-17,22.176939902628447
2011-05-18,22.435878781428002
2011-05-19,23.12081512212569
2011-05-20,22.761641258728886
2011-05-23,22.435876016363732
2011-05-24,22.84517234234369
2011-05-25,22.895285248341946
2011-05-26,23.69716861790838
2011-05-27,23.905990992710628
2011-05-31,23.488349047853138
2011-06-01,23.271173833914705
2011-06-02,23.58022714304185
2011-06-03,23.60528339383715
2011-06-06,23.438228835455682
2011-06-07,22.795055573079214
2011-06-08,22.485995731455432
2011-06-09,22.043292285058975
2011-06-10,21.968116943034175
2011-06-13,21.650706044525432
2011-06-14,21.17459428424097
2011-06-15,20.59824070591624
2011-06-16,20.498010270128585
2011-06-17,20.46459096503111
2011-06-20,19.662717920886905
2011-06-21,19.49565872643668
2011-06-22,20.498016584311884
2011-06-23,20.155540935855658
2011-06-24,20.79036247223965
2011-06-27,20.790357611554086
2011-06-28,20.849971170392788
2011-06-29,21.470612993678138
2011-06-30,21.76415805614137
2011-07-01,22.25059425702981
2011-07-05,22.67833304170455
2011-07-06,22.141568911865885
2011-07-07,22.435110302230083
2011-07-08,22.133177925073586
2011-07-11,22.099636731139917
2011-07-12,21.269324086305517
2011-07-13,21.30287021751695
2011-07-14,21.772540241283103
2011-07-15,21.31125857082202
2011-07-18,21.219005098396472
2011-07-19,21.697058632564147
2011-07-20,22.04092319308977
2011-07-21,22.015763646500098
2011-07-22,22.636397354604227
2011-07-25,22.762200762781628
2011-07-26,23.298970747386136
2011-07-27,23.751863116525797
2011-07-28,22.703488291646213
2011-07-29,22.040919294610692
2011-08-01,22.770586817759522
2011-08-02,21.957054783606665
2011-08-03,21.487382838014064
2011-08-04,20.640300857936634
2011-08-05,19.70934977088643
2011-08-08,19.751280683362562
2011-08-09,19.147428136481643
2011-08-10,18.30033978549451
2011-08-11,18.275181845028104
2011-08-12,19.264839042542548
2011-08-15,19.248068929828182
2011-08-16,19.801607390231307
2011-08-17,19.239683623806002
2011-08-18,18.526784609368654
2011-08-19,17.75518641922166
2011-08-22,18.006791143670352
2011-08-23,17.71325563991371
2011-08-24,18.32549873394346
2011-08-25,18.81193886463873
2011-08-26,18.45130656804195
2011-08-29,18.97968219399555
2011-08-30,18.988072121060842
2011-08-31,19.415800693042463
2011-09-01,19.709349968861368
2011-09-02,19.172580544981855
2011-09-06,18.233243059621035
2011-09-07,18.837106062047116
2011-09-08,19.147423213146283
2011-09-09,18.526791828166086
2011-09-12,17.436486626471847
2011-09-13,17.43648645455364
2011-09-14,17.688087632607523
2011-09-15,17.763572192015108
2011-09-16,18.367437848416486
2011-09-19,17.604224341040226
2011-09-20,17.62938447168311
2011-09-21,17.025520727598302
2011-09-22,16.102959522987227
2011-09-23,15.60812834730801
2011-09-26,15.423608661655713
2011-09-27,16.631337265538463
2011-09-28,16.680848552448893
2011-09-29,15.846383302261977
2011-09-30,15.0372118472322
2011-10-03,15.087783407588393
2011-10-04,14.329181231221211
2011-10-05,15.172070054405944
2011-10-06,16.07396947350331
2011-10-07,16.722994491527583
2011-10-10,16.571275557012996
2011-10-11,16.72299505352907
2011-10-12,17.195009636307645
2011-10-13,17.506894161627326
2011-10-14,17.608035764893035
2011-10-17,17.94519079717857
2011-10-18,17.03487237747847
2011-10-19,17.827184800688684
2011-10-20,16.933720507805887
2011-10-21,16.790431004576412
2011-10-24,17.001155440090944
2011-10-25,17.48159991428102
2011-10-26,17.565893932845533
2011-10-27,18.408791132220376
2011-10-28,18.965089194064664
2011-10-31,18.712224139831033
2011-11-01,17.29616404061069
2011-11-02,17.60804006377568
2011-11-03,18.06319949692802
2011-11-04,18.206492704859624
2011-11-07,17.51531706205421
2011-11-08,16.95058031856969
2011-11-09,16.79885885011221
2011-11-10,16.529132730830792
2011-11-11,16.47012880680833
2011-11-14,16.562852412860643
2011-11-15,16.571272434732606
2011-11-16,16.773572022236735
2011-11-17,16.52913509635511
2011-11-18,16.191970653816774
2011-11-21,15.610376862845591
2011-11-22,15.163647701306736
2011-11-23,14.691624651879263
2011-11-25,14.0678841850031
2011-11-28,14.708482572674408
2011-11-29,14.969781417087422
2011-11-30,15.349084181352117
2011-12-01,15.812671075641829
2011-12-02,16.07396998672787
2011-12-05,16.25097828569737
2011-12-06,16.132979026378074
2011-12-07,15.660950132656348
2011-12-08,15.601950099454331
2011-12-09,15.172075136539446
2011-12-12,15.281648479498578
2011-12-13,15.172069999913502
2011-12-14,14.438758343324889
2011-12-15,14.55676585402305
2011-12-16,14.55676756378645
2011-12-19,14.514617485830168
2011-12-20,14.733770828169211
2011-12-21,15.00349626840476
2011-12-22,15.205789787534455
2011-12-23,15.298508242733742
2011-12-27,14.99506475613645
2011-12-28,15.053030953257773
2011-12-29,14.739423073634894
2011-12-30,15.036078609833448
2012-01-03,15.832802904682936
2012-01-04,15.951461696584428
2012-01-05,16.044695885458253
2012-01-06,15.959940526458684
2012-01-09,15.807377576667252
2012-01-10,16.00231724044625
2012-01-11,15.934506252698311
2012-01-12,16.519341491562656
2012-01-13,17.01942098603617
2012-01-17,18.38402228568787
2012-01-18,18.222981311435678
2012-01-19,19.468923310313254
2012-01-20,19.34178732940242
2012-01-23,19.621492677860402
2012-01-24,19.697770939869013
2012-01-25,19.757100538411187
2012-01-26,20.282602852364302
2012-01-27,19.960522958651804
2012-01-30,19.88423931766885
2012-01-31,20.180890550444623
2012-02-01,19.6977669018352
2012-02-02,19.960521731067182
2012-02-03,20.172419766697633
2012-02-06,19.98594843014967
2012-02-07,20.1300385794351
2012-02-08,20.09613426215845
2012-02-09,19.926619849680243
2012-02-10,20.23174507447566
2012-02-13,19.87576370946158
2012-02-14,19.28245658928041
2012-02-15,18.977328838814085
2012-02-16,19.257025239779708
2012-02-17,20.053760434201955
2012-02-21,20.697912433393064
2012-02-22,21.164083492493543
2012-02-23,21.952339463936728
2012-02-24,21.3505575838775
2012-02-27,21.1047523640231
2012-02-28,21.223414723421946
2012-02-29,21.12170162160073
2012-03-01,20.808096734168668
2012-03-02,20.918287823907317
2012-03-05,20.367364517014234
2012-03-06,19.74015042559917
2012-03-07,19.528255302696465
2012-03-08,19.655396864095724
2012-03-09,19.935093926570826
2012-03-12,20.01137910041416
2012-03-13,20.20631842299473
2012-03-14,20.706387212029274
2012-03-15,19.418069573473634
2012-03-16,19.791006360467065
2012-03-19,19.71472532932142
2012-03-20,19.663873226653386
2012-03-21,19.909666346039746
2012-03-22,19.333312783810925
2012-03-23,19.2061756233009
2012-03-26,19.485879935409674
2012-03-27,19.290933102985594
2012-03-28,19.079660429666106
2012-03-29,18.390030588458192
2012-03-30,18.509232473177416
2012-04-02,18.100559339228507
2012-04-03,18.262325466656936
2012-04-04,17.513103098025436
2012-04-05,17.46201680476524
2012-04-09,17.1895752779539
2012-04-10,17.070376279150747
2012-04-11,16.959693727349805
2012-04-12,16.866045435643677
2012-04-13,17.742975200985963
2012-04-16,17.504586541167573
2012-04-17,17.734469406394165
2012-04-18,18.066506530785663
2012-04-19,18.006901710626146
2012-04-20,18.449630338979507
2012-04-23,18.373008489192173
2012-04-24,18.321923047059816
2012-04-25,18.39855008724115
2012-04-26,18.53477244371589
2012-04-27,18.773163516736954
2012-04-30,18.815732955932617
2012-05-01,19.25845545054489
2012-05-02,19.24142695963225
2012-05-03,20.067273988050623
2012-05-04,19.309531021542433
2012-05-07,19.037092693877565
2012-05-08,18.960462948918057
2012-05-09,18.075017222680806
2012-05-10,18.60288596400649
2012-05-11,18.01541840617327
2012-05-14,17.84514921761361
2012-05-15,17.88771618028257
2012-05-16,16.83198609032844
2012-05-17,16.499944272271797
2012-05-18,16.551025389050846
2012-05-21,16.15939095131378
2012-05-22,16.51696727855506
2012-05-23,15.997625960874995
2012-05-24,16.423330307006836
2012-05-25,16.389268636771074
2012-05-29,16.59360120138058
2012-05-30,16.516972060464692
2012-05-31,16.44886571744464
2012-06-01,15.878429377477936
2012-06-04,15.886946185338005
2012-06-05,15.750724291893038
2012-06-06,16.414810172157786
2012-06-07,16.891589628758
2012-06-08,16.482917908140937
2012-06-11,16.687250923887884
2012-06-12,16.30413048862325
2012-06-13,16.482920312931114
2012-06-14,16.86604359427069
2012-06-15,17.010778215441707
2012-06-18,17.521614472841314
2012-06-19,17.845144433225638
2012-06-20,18.279350790927825
2012-06-21,18.126102482549758
2012-06-22,17.9728538273394
2012-06-25,17.845142071829045
2012-06-26,17.564187846923826
2012-06-27,17.809166346037042
2012-06-28,18.065779962979867
2012-06-29,19.032360840456853
2012-07-02,18.707314091299015
2012-07-03,18.801413194755764
2012-07-05,19.494271780179083
2012-07-06,18.93827721586607
2012-07-09,18.90406586555057
2012-07-10,19.083692506666512
2012-07-11,18.750081314342108
2012-07-12,18.681660087715088
2012-07-13,18.732980100502335
2012-07-16,18.963935490759138
2012-07-17,18.88695379551537
2012-07-18,18.690214262204336
2012-07-19,18.93827751853254
2012-07-20,19.13501065662715
2012-07-23,18.8014160088727
2012-07-24,18.758645532270002
2012-07-25,18.42503702058739
2012-07-26,19.13501088996862
2012-07-27,18.724421895768323
2012-07-30,18.467810067825592
2012-07-31,18.399378798926215
2012-08-01,17.980242296633303
2012-08-02,17.244609093053228
2012-08-03,17.612422323776737
2012-08-06,17.672300570523724
2012-08-07,17.783504549052264
2012-08-08,17.860483017505757
2012-08-09,17.586762606168058
2012-08-10,17.732176036900736
2012-08-13,17.78350026699676
2012-08-14,17.49266585561662
2012-08-15,17.55254879606133
2012-08-16,18.14276283796704
2012-08-17,19.1863386163844
2012-08-20,19.2462126019076
2012-08-21,19.391629981332507
2012-08-22,19.417294774518364
2012-08-23,19.58836863194226
2012-08-24,19.46005422367592
2012-08-27,18.998146498536563
2012-08-28,19.288979035712348
2012-08-29,19.117904686568526
2012-08-30,18.904060758077602
2012-08-31,18.9040594624866
2012-09-04,18.57045654880413
2012-09-05,18.373716884357798
2012-09-06,18.724429154859184
2012-09-07,18.690212731019766
2012-09-10,19.177775708366653
2012-09-11,19.126461183642434
2012-09-12,19.092246685610032
2012-09-13,18.502030071096335
2012-09-14,19.05803038833232
2012-09-17,18.613230585226695
2012-09-18,18.493475803094732
2012-09-19,18.724428656104696
2012-09-20,18.17698035129281
2012-09-21,18.476366711135306
2012-09-24,17.91180890990078
2012-09-25,17.88614635884776
2012-09-26,17.381826822689117
2012-09-27,16.96920051486576
2012-09-28,17.132534278356932
2012-10-01,16.909029399908633
2012-10-02,16.97779771102946
2012-10-03,17.158321269696675
2012-10-04,16.80586975153091
2012-10-05,17.02938258952222
2012-10-08,16.547981466601303
2012-10-09,16.78008421012057
2012-10-10,16.66833778360485
2012-10-11,16.608160241041098
2012-10-12,16.453419908575423
2012-10-15,16.41904178655047
2012-10-16,16.462020194282182
2012-10-17,16.771483685389587
2012-10-18,16.82306994020236
2012-10-19,16.943410404981254
2012-10-22,16.530790002625395
2012-10-23,16.229915682433774
2012-10-24,16.20412378090465
2012-10-25,16.06658906545654
2012-10-26,16.20412125886402
2012-10-31,16.34167116916661
2012-11-01,16.1783428247705
2012-11-02,15.886060363150612
2012-11-05,15.972025292990327
2012-11-06,15.903253119641393
2012-11-07,15.808697489977453
2012-11-08,15.198352481416045
2012-11-09,14.691167344196627
2012-11-12,15.21554890955721
2012-11-13,15.069411322887907
2012-11-14,14.931870733411264
2012-11-15,14.467664519387005
2012-11-16,14.424681441039558
2012-11-19,14.75134359649132
2012-11-20,14.80291931607028
2012-11-21,14.502050098972303
2012-11-23,14.579416441576416
2012-11-26,15.01783259825731
2012-11-27,14.983440426508267
2012-11-28,14.96625411903693
2012-11-29,15.653961368508405
2012-11-30,15.954828758716094
2012-12-03,15.679749248526269
2012-12-04,15.533616452983601
2012-12-05,15.817290976606191
2012-12-06,16.11816380151137
2012-12-07,16.19553310415356
2012-12-10,16.057993693257718
2012-12-11,16.272901950952864
2012-12-12,16.599561090832758
2012-12-13,16.797279035916855
2012-12-14,16.62535140529455
2012-12-17,16.9520117402
2012-12-18,17.364643127563497
2012-12-19,17.553757155261547
2012-12-20,17.811649502552342
2012-12-21,17.674108419312464
2012-12-24,17.141134659992503
2012-12-26,17.132533089982793
2012-12-27,16.994991884810464
2012-12-28,16.73710212149589
2012-12-31,16.539380887936527
2013-01-02,17.38182830810547
2013-01-03,17.33024884942951
2013-01-04,17.089549385988924
2013-01-07,16.80587539424454
2013-01-08,17.080958734708222
2013-01-09,17.132533127062533
2013-01-10,17.442002884368833
2013-01-11,18.00936370868943
2013-01-14,17.708493377742258
2013-01-15,18.103924539479895
2013-01-16,18.404792155403854
2013-01-17,18.198480160195192
2013-01-18,18.32742744024588
2013-01-22,18.757243493886588
2013-01-23,18.42198601640618
2013-01-24,18.387601789238893
2013-01-25,18.464967259140472
2013-01-28,18.370410056937494
2013-01-29,18.103919023852093
2013-01-30,18.258654012693725
2013-01-31,18.542331953372695
2013-02-01,18.66268500115346
2013-02-04,18.671283063223246
2013-02-05,18.679876588208767
2013-02-06,18.585319255185215
2013-02-07,18.78303534384363
2013-02-08,18.58532089511992
2013-02-11,18.43058239250713
2013-02-12,17.957784586277562
2013-02-13,18.078134405632763
2013-02-14,18.069539711151076
2013-02-15,18.45637680755729
2013-02-19,18.533740836808075
2013-02-20,19.144082775581136
2013-02-21,18.550930775502632
2013-02-22,18.774438266069208
2013-02-25,18.997940913085625
2013-02-26,18.55093244422253
2013-02-27,18.04374357736687
2013-02-28,18.447775344641002
2013-03-01,18.207079728932385
2013-03-04,17.82024192257334
2013-03-05,17.66550656871793
2013-03-06,17.85462833331161
2013-03-07,17.992174015784293
2013-03-08,18.052349223816325
2013-03-11,18.035149652577765
2013-03-12,18.456372429177826
2013-03-13,18.439181427934457
2013-03-14,18.250059191264334
2013-03-15,18.181294801862418
2013-03-18,18.207083147055585
2013-03-19,18.172693191767042
2013-03-20,18.250058138137923
2013-03-21,18.24146527778171
2013-03-22,18.336026273391496
2013-03-25,18.525142531665132
2013-03-26,18.507020150797906
2013-03-27,18.161579138430614
2013-03-28,18.204760999235205
2013-04-01,17.919765596252176
2013-04-02,17.686594466812956
2013-04-03,17.582963916096826
2013-04-04,16.77981119250264
2013-04-05,16.710722723063164
2013-04-08,16.59845267093648
2013-04-09,16.805717373305512
2013-04-10,17.099343535596898
2013-04-11,17.047529903686318
2013-04-12,16.84889890788031
2013-04-15,16.106197559354484
2013-04-16,15.743488089396026
2013-04-17,15.622583008339936
2013-04-18,15.26850488828048
2013-04-19,15.354864801166283
2013-04-22,15.346225657316749
2013-04-23,15.605307671876565
2013-04-24,15.786669507779065
2013-04-25,16.788448932416877
2013-04-26,16.408464882006594
2013-04-29,16.33073975277324
2013-04-30,16.322101324323665
2013-05-01,16.106196104458924
2013-05-02,16.753905050684992
2013-05-03,16.82298983252064
2013-05-06,17.116610607113845
2013-05-07,17.220247176298972
2013-05-08,17.600232061758707
2013-05-09,17.893862221327694
2013-05-10,17.617505261876566
2013-05-13,18.03203964714056
2013-05-14,17.842042955735778
2013-05-15,17.83340446589032
2013-05-16,18.08385378114927
2013-05-17,18.066582983942627
2013-05-20,18.377474205788733
2013-05-21,18.481109680675832
2013-05-22,19.223809434882146
2013-05-23,18.679733131847303
2013-05-24,18.671103799417793
2013-05-28,19.076993612910528
2013-05-29,18.861098068357506
2013-05-30,19.007908612361717
2013-05-31,18.98199760825106
2013-06-03,18.740190297315305
2013-06-04,18.748822147969868
2013-06-05,18.446564402203954
2013-06-06,18.377476570909597
2013-06-07,18.68837332100486
2013-06-10,18.64519525132952
2013-06-11,18.472469602181228
2013-06-12,18.152944234947192
2013-06-13,17.75568117736214
2013-06-14,18.032033935423435
2013-06-17,18.196115353566814
2013-06-18,18.317020606315744
2013-06-19,18.45520313563886
2013-06-20,17.59160071885623
2013-06-21,17.79023050759271
2013-06-24,17.462055002749068
2013-06-25,17.58296264044755
2013-06-26,18.019537743362132
2013-06-27,18.05424105416976
2013-06-28,17.8720525402377
2013-07-01,18.036892320066322
2013-07-02,18.036885226586673
2013-07-03,17.83734608641141
2013-07-05,17.854701355912248
2013-07-08,18.088941142112525
2013-07-09,18.809032342616145
2013-07-10,19.069299707755473
2013-07-11,19.23414172487138
2013-07-12,19.20811083180102
2013-07-15,19.04327137524394
2013-07-16,18.548758009937405
2013-07-17,18.19305535211695
2013-07-18,18.236434492115208
2013-07-19,18.47068059204354
2013-07-22,18.479353928789234
2013-07-23,19.199439796733756
2013-07-24,18.45332682670179
2013-07-25,18.32318759519435
2013-07-26,18.34921245830224
2013-07-29,18.505380202987194
2013-07-30,17.880730931863493
2013-07-31,18.01954089695244
2013-08-01,17.880726949459458
2013-08-02,17.073882426046108
2013-08-05,17.14328806010183
2013-08-06,17.047852564089624
2013-08-07,16.674798786876966
2013-08-08,16.830959633197434
2013-08-09,17.07388057112173
2013-08-12,17.01314791245722
2013-08-13,17.177989785190313
2013-08-14,17.23871512536995
2013-08-15,17.23004967005699
2013-08-16,17.273419775531064
2013-08-19,17.125933108165484
2013-08-20,16.700824263725586
2013-08-21,16.830958761353703
2013-08-22,16.761557814347896
2013-08-23,16.744198643512984
2013-08-26,16.987120276814284
2013-08-27,16.796257970440994
2013-08-28,16.570683105849344
2013-08-29,16.527309241760456
2013-08-30,16.553335036916277
2013-09-03,16.72684836089163
2013-09-04,16.62273960653361
2013-09-05,16.68347372054548
2013-09-06,17.091236114501953
2013-09-09,16.822284274299477
2013-09-10,17.09990755571099
2013-09-11,17.880727469033378
2013-09-12,17.481644614647752
2013-09-13,17.53369607752519
2013-09-16,17.43826063815033
2013-09-17,17.28209836468793
2013-09-18,17.20401786366268
2013-09-19,17.134608097515542
2013-09-20,16.961097957174015
2013-09-23,16.78758531299224
2013-09-24,16.596715642865192
2013-09-25,16.3277692187719
2013-09-26,16.099761507060688
2013-09-27,16.003828048706055
2013-09-30,15.73346411087798
2013-10-01,15.707298017552782
2013-10-02,15.907887976573345
2013-10-03,15.934055388392785
2013-10-04,15.7421811664541
2013-10-07,15.716019246050783
2013-10-08,15.66369279982294
2013-10-09,15.559037295684568
2013-10-10,15.663689708325174
2013-10-11,15.349719503142397
2013-10-14,15.245061064939382
2013-10-15,15.402050625909057
2013-10-16,15.332276053141973
2013-10-17,15.428211352328743
2013-10-18,15.925335027647133
2013-10-21,15.995105628419857
2013-10-22,16.038712991963177
2013-10-23,16.082322104855173
2013-10-24,15.977665035493127
2013-10-25,16.108486198170635
2013-10-28,16.029988241305894
2013-10-29,16.213145233366614
2013-10-30,16.50966889825412
2013-10-31,16.59688556725948
2013-11-01,16.54455770443227
2013-11-04,16.60560777839915
2013-11-05,16.466061241735694
2013-11-06,16.291638181085474
2013-11-07,16.614323900032655
2013-11-08,16.50966966270194
2013-11-11,16.68409855580409
2013-11-12,16.518390528739285
2013-11-13,16.448620602715362
2013-11-14,16.50095241305519
2013-11-15,16.53583167873821
2013-11-18,16.66665599838687
2013-11-19,16.8410825187039
2013-11-20,16.989352249890665
2013-11-21,17.355645134393498
2013-11-22,17.512635873475986
2013-11-25,17.85277498054906
2013-11-26,17.844042236093436
2013-11-27,17.48646880386944
2013-11-29,17.69578248731033
2013-12-02,17.678341766819248
2013-12-03,17.79171754223538
2013-12-04,17.582406884145538
2013-12-05,17.49519101521599
2013-12-06,17.503914259231564
2013-12-09,17.774272292759168
2013-12-10,18.245233087305028
2013-12-11,18.184187992353625
2013-12-12,17.922538427441417
2013-12-13,18.149299062039756
2013-12-16,18.201631031366517
2013-12-17,18.454550156681993
2013-12-18,18.315006731576343
2013-12-19,18.070805359199955
2013-12-20,18.227793903193113
2013-12-23,18.140577430645084
2013-12-24,18.13185678979933
2013-12-26,18.24523207734613
2013-12-27,18.188084483834302
2013-12-30,18.04790847921873
2013-12-31,18.3370276338258
2014-01-02,18.15304065503881
2014-01-03,17.8814432767728
2014-01-06,17.566044932472618
2014-01-07,17.399587995960538
2014-01-08,17.627375958152598
2014-01-09,17.671181155442287
2014-01-10,17.60985375160116
2014-01-13,17.758792699809202
2014-01-14,17.90772741851821
2014-01-15,18.24064948144443
2014-01-16,18.95906740526332
2014-01-17,19.37960436129307
2014-01-21,19.8965065549473
2014-01-22,20.290755207545374
2014-01-23,19.782613167986852
2014-01-24,19.221898522198128
2014-01-27,19.19561493354738
2014-01-28,20.168101184002005
2014-01-29,19.195615327006134
2014-01-30,19.221897402403556
2014-01-31,18.766323805036965
2014-02-03,18.354548924859195
2014-02-04,17.758795733778484
2014-02-05,17.898972162455806
2014-02-06,17.81135476723584
2014-02-07,18.301980037119133
2014-02-10,18.065435784331196
2014-02-11,17.92525487393244
2014-02-12,18.24065613922458
2014-02-13,18.503481777380298
2014-02-14,18.669941368073495
2014-02-18,19.04667340899518
2014-02-19,18.90649636059184
2014-02-20,18.69623375410066
2014-02-21,18.363308136705268
2014-02-24,18.634904421093218
2014-02-25,18.73127840745573
2014-02-26,20.860227769416724
2014-02-27,21.026689529418945
2014-02-28,20.974122866999227
2014-03-03,20.991647425694524
2014-03-04,21.70129346387629
2014-03-05,21.84147795397534
2014-03-06,21.438462671542986
2014-03-07,21.36837386395067
2014-03-10,21.114304269517483
2014-03-11,21.420941684002205
2014-03-12,20.76385685984113
2014-03-13,21.40341587528324
2014-03-14,21.68377554260387
2014-03-17,20.97412448338328
2014-03-18,21.33332972511751
2014-03-19,21.315808818897793
2014-03-20,20.851466177455187
2014-03-21,21.088018581095582
2014-03-24,21.096773793407298
2014-03-25,20.930316044841767
2014-03-26,20.360844938988883
2014-03-27,19.957761987637987
2014-03-28,20.248027152273437
2014-03-31,20.35357317904703
2014-04-01,20.142476817358194
2014-04-02,21.057239308275314
2014-04-03,21.21556889997362
2014-04-04,21.444262122944536
2014-04-07,21.426670595097786
2014-04-08,20.450330271410532
2014-04-09,20.749388998840743
2014-04-10,20.564671531124613
2014-04-11,20.195247650146484
2014-04-14,20.371163670619637
2014-04-15,20.124883442725025
2014-04-16,19.97535407881943
2014-04-17,20.01053920998621
2014-04-21,20.054520234973307
2014-04-22,20.679024658230478
2014-04-23,20.5558812747948
2014-04-24,20.265623341833493
2014-04-25,20.063310023213155
2014-04-28,19.702681210252507
2014-04-29,18.7175439031068
2014-04-30,18.339331349828488
2014-05-01,18.717554990954703
2014-05-02,18.532838172527498
2014-05-05,18.400902961489933
2014-05-06,18.154613836045204
2014-05-07,17.899538303951687
2014-05-08,17.80278447022528
2014-05-09,17.4333547052911
2014-05-12,18.084251895322122
2014-05-13,18.172208928562235
2014-05-14,17.864348330508435
2014-05-15,17.76759871972413
2014-05-16,17.521317406654024
2014-05-19,17.345397095021298
2014-05-20,17.1958669043032
2014-05-21,16.879216359112768
2014-05-22,16.94958501895329
2014-05-23,16.896808258421522
2014-05-27,16.967182840864826
2014-05-28,17.25744373364553
2014-05-29,17.319011680604092
2014-05-30,17.679641181787158
2014-06-02,17.618071434792235
2014-06-03,17.406970035248683
2014-06-04,17.10791309557877
2014-06-05,17.204665489838142
2014-06-06,16.668120131467482
2014-06-09,16.914401094431586
2014-06-10,17.081522044408896
2014-06-11,16.835238888459074
2014-06-12,17.125502751131386
2014-06-13,17.283828735351562
2014-06-16,17.248645672622953
2014-06-17,17.292626038261695
2014-06-18,17.319008114014533
2014-06-19,17.327806064512217
2014-06-20,17.239845697439083
2014-06-23,17.40696758427791
2014-06-24,17.354195785019403
2014-06-25,17.09911380300903
2014-06-26,16.987892840376063
2014-06-27,17.05859909003804
2014-06-30,17.28840726442753
2014-07-01,17.420987209990738
2014-07-02,17.403311503246698
2014-07-03,17.55356698580133
2014-07-07,17.694988863663248
2014-07-08,17.55356698580133
2014-07-09,17.801049623218386
2014-07-10,17.27956766149256
2014-07-11,16.97021703505454
2014-07-14,16.784599629327143
2014-07-15,17.04976477382562
2014-07-16,16.88182316292036
2014-07-17,17.8187210556344
2014-07-18,17.942464098326955
2014-07-21,18.03085418098503
2014-07-22,18.888205183978968
2014-07-23,18.888201841025996
2014-07-24,18.97658735312485
2014-07-25,18.720267971501784
2014-07-28,18.419756604148354
2014-07-29,18.410911395141113
2014-07-30,18.304855676283385
2014-07-31,18.13691571472627
2014-08-01,17.774532927738477
2014-08-04,17.17350271969246
2014-08-05,17.138147555825253
2014-08-06,16.97905282158903
2014-08-07,17.244211837347848
2014-08-08,16.837636052404406
2014-08-11,17.102793491666027
2014-08-12,17.244212133150757
2014-08-13,17.21769924724314
2014-08-14,17.739173058309685
2014-08-15,18.057369970962423
2014-08-18,18.287179316323655
2014-08-19,18.260656388863662
2014-08-20,17.898273932935357
2014-08-21,17.85408588915601
2014-08-22,17.420985099577422
2014-08-25,17.624273652586737
2014-08-26,17.77453689869604
2014-08-27,17.544728281354573
2014-08-28,17.200020606329623
2014-08-29,17.067437945066402
2014-09-02,16.996734210575763
2014-09-03,17.235375261549848
2014-09-04,17.244213374610286
2014-09-05,17.032087123074557
2014-09-08,17.040918576604437
2014-09-09,16.678539541311256
2014-09-10,16.448733674005243
2014-09-11,16.687377187918173
2014-09-12,16.484087424203977
2014-09-15,16.961376177557536
2014-09-16,16.554800984154973
2014-09-17,16.93486182820057
2014-09-18,17.385627630010955
2014-09-19,17.491698322621634
2014-09-22,16.78460305384802
2014-09-23,16.386869868727228
2014-09-24,16.104023646785645
2014-09-25,15.909579524235854
2014-09-26,15.715306785459648
2014-09-29,15.715306234890498
2014-09-30,15.910747010496431
2014-10-01,15.670890356031457
2014-10-02,15.679774333833025
2014-10-03,15.68865689328828
2014-10-06,15.493214616151187
2014-10-07,15.280003869335296
2014-10-08,14.791399049881486
2014-10-09,15.253352138450689
2014-10-10,14.613726134336963
2014-10-13,14.364980190454295
2014-10-14,14.196188467960493
2014-10-15,14.009631165115096
2014-10-16,13.920795473450006
2014-10-17,14.347216574541456
2014-10-20,14.6137256602672
2014-10-21,14.746982573217787
2014-10-22,15.155634470073274
2014-10-23,14.844702337419749
2014-10-24,14.738094908612757
2014-10-27,14.782518017749332
2014-10-28,14.986841653602252
2014-10-29,15.395492509241219
2014-10-30,14.711443042022827
2014-10-31,15.049028269824552
2014-11-03,15.324425312257622
2014-11-04,14.87135374364973
2014-11-05,14.453819717096936
2014-11-06,14.924656426991156
2014-11-07,15.07568067357235
2014-11-10,16.9945637580955
2014-11-11,17.09228423631682
2014-11-12,17.376564172256387
2014-11-13,17.03898381210197
2014-11-14,16.168377785432455
2014-11-17,16.79023842301467
2014-11-18,16.959026215443373
2014-11-19,16.736931779920567
2014-11-20,16.79912276846064
2014-11-21,17.580889039588097
2014-11-24,17.261077442714377
2014-11-25,16.887955648022555
2014-11-26,17.3054944281251
2014-11-28,16.719168231597997
2014-12-01,16.48818838080269
2014-12-02,16.159490975857032
2014-12-03,15.635356386472273
2014-12-04,15.653124749223434
2014-12-05,15.1911668239443
2014-12-08,15.057910205438834
2014-12-09,14.329444438957504
2014-12-10,14.533771345073852
2014-12-11,13.911910508406232
2014-12-12,13.600981709214661
2014-12-15,13.689817378512945
2014-12-16,13.343354676781034
2014-12-17,13.45883804861061
2014-12-18,13.96521233734652
2014-12-19,14.524887588946457
2014-12-22,14.578188780336836
2014-12-23,14.418283889690562
2014-12-24,14.667027526186862
2014-12-26,14.729212356902988
2014-12-29,14.60159669856373
2014-12-30,14.780209679773979
2014-12-31,14.70876525432995
2015-01-02,14.59266376189911
2015-01-05,14.396194744033181
2015-01-06,14.172925742901189
2015-01-07,14.271163147431439
2015-01-08,14.146134549642175
2015-01-09,14.253303154998681
2015-01-12,13.940730237554877
2015-01-13,13.806771019522092
2015-01-14,12.931569624564226
2015-01-15,12.86012418388036
2015-01-16,12.485035286518615
2015-01-20,12.922638156577731
2015-01-21,12.708300365288931
2015-01-22,12.913705203727277
2015-01-23,12.770816164315974
2015-01-26,12.779745531035449
2015-01-27,12.663648116636221
2015-01-28,12.95835827420182
2015-01-29,12.6279258092182
2015-01-30,12.270701946108932
2015-02-02,12.726163240342427
2015-02-03,13.663879078773665
2015-02-04,13.529920402491332
2015-02-05,13.529918450574717
2015-02-06,13.654947509414043
2015-02-09,13.547781488099865
2015-02-10,13.646021220283746
2015-02-11,14.0121750259632
2015-02-12,13.78890747520722
2015-02-13,13.976451550866425
2015-02-17,14.128272421283807
2015-02-18,14.306886160121882
2015-02-19,14.074689308066528
2015-02-20,14.21757762837377
2015-02-23,13.779977672479106
2015-02-24,14.030035936257079
2015-02-25,14.289025924595176
2015-02-26,13.922868032209212
2015-02-27,13.60136577873538
2015-03-02,13.672813826618153
2015-03-03,13.512057956452358
2015-03-04,13.369170154685667
2015-03-05,13.485267308907233
2015-03-06,13.38702872319776
2015-03-09,13.387028531594868
2015-03-10,12.735092948891573
2015-03-11,12.502895265345709
2015-03-12,12.636856446935846
2015-03-13,12.735094986244151
2015-03-16,12.511828029528573
2015-03-17,12.6636479043891
2015-03-18,12.851192066016484
2015-03-19,13.029802437592888
2015-03-20,12.967291030389363
2015-03-23,13.226279240502816
2015-03-24,13.306655174433558
2015-03-25,13.574574821664708
2015-03-26,13.538852686765981
2015-03-27,13.342908617737976
2015-03-30,12.57968804948414
2015-03-31,12.409085959496704
2015-04-01,12.642541985434782
2015-04-02,12.983745441659812
2015-04-06,13.378823646006012
2015-04-07,13.378823452657121
2015-04-08,13.289036411147933
2015-04-09,13.280056639153969
2015-04-10,13.486575816728337
2015-04-13,14.088172730050287
2015-04-14,14.043278560278083
2015-04-15,13.989403883903693
2015-04-16,14.608961914904132
2015-04-17,14.537126433208737
2015-04-20,14.492232540313385
2015-04-21,14.50120804003902
2015-04-22,14.501209770242852
2015-04-23,15.15668315030127
2015-04-24,15.52482541598674
2015-04-27,15.578699303543289
2015-04-28,15.461972601137559
2015-04-29,15.408098537808806
2015-04-30,15.650535254934873
2015-05-01,15.749302205598205
2015-05-04,15.515848896591056
2015-05-05,15.5248252836524
2015-05-06,15.111787767115063
2015-05-07,14.95914415225449
2015-05-08,15.129749579557432
2015-05-11,15.40809799438529
2015-05-12,15.237492276845266
2015-05-13,15.426058769226074
2015-05-14,15.479928379181498
2015-05-15,15.354221850546992
2015-05-18,15.345242939253414
2015-05-19,15.138725623037189
2015-05-20,14.5101904461632
2015-05-21,14.204899070019582
2015-05-22,13.917572672886395
2015-05-26,13.621260979000821
2015-05-27,13.522491844219454
2015-05-28,13.378826165083497
2015-05-29,13.306993248247597
2015-06-01,13.504531477194286
2015-06-02,13.675134158068408
2015-06-03,13.872673417593832
2015-06-04,13.73798760877031
2015-06-05,13.684112771454007
2015-06-08,13.791863207204344
2015-06-09,13.612281081222436
2015-06-10,13.944509365546468
2015-06-11,13.827781142258527
2015-06-12,13.65717970858561
2015-06-15,13.773905867658522
2015-06-16,13.531470349244648
2015-06-17,13.630239486694336
2015-06-18,13.773904845515839
2015-06-19,13.3518895614322
2015-06-22,13.306993220810135
2015-06-23,13.342909417181788
2015-06-24,13.630240626062497
2015-06-25,13.441680688517652
2015-06-26,13.470360381168295
2015-06-29,12.982824583289025
2015-06-30,12.901570482864305
2015-07-01,12.937683800400634
2015-07-02,12.847400150405491
2015-07-06,12.775172128793082
2015-07-07,12.522375493224954
2015-07-08,12.531406414557567
2015-07-09,12.459179259020647
2015-07-10,12.269582219323999
2015-07-13,12.134157685320776
2015-07-14,12.323751251554848
2015-07-15,12.477236662480577
2015-07-16,12.341809207727641
2015-07-17,11.980674114090998
2015-07-20,11.70079521848066
2015-07-21,11.809133383853084
2015-07-22,11.727878778615496
2015-07-23,11.97164535522461
2015-07-24,11.854273597765268
2015-07-27,12.043874483281192
2015-07-28,11.754964261847114
2015-07-29,12.052902885821839
2015-07-30,12.233467804240007
2015-07-31,12.459178242443869
2015-08-03,12.35083696971411
2015-08-04,12.34180974603545
2015-08-05,12.603631757758826
2015-08-06,12.495291570498559
2015-08-07,12.711973730200627
2015-08-10,12.432094086544916
2015-08-11,12.991854878370466
2015-08-12,13.09116544337009
2015-08-13,13.118252081621014
2015-08-14,13.036992561690077
2015-08-17,12.910597371498865
2015-08-18,12.820315524248539
2015-08-19,12.693918676853798
2015-08-20,12.468208892038588
2015-08-21,12.459177519703005
2015-08-24,11.484113764481178
2015-08-25,11.827190451317067
2015-08-26,11.466054859940272
2015-08-27,11.673709735413826
2015-08-28,12.025817091641024
2015-08-31,12.043871115262828
2015-09-01,12.414035936842811
2015-09-02,12.152214881441319
2015-09-03,12.269581540586692
2015-09-04,12.188325555581333
2015-09-08,12.513347111144009
2015-09-09,12.9015688169639
2015-09-10,12.576547086715106
2015-09-11,12.368895320729447
2015-09-14,12.31472216221133
2015-09-15,12.31472366055565
2015-09-16,12.486263336792272
2015-09-17,12.630718669715336
2015-09-18,12.269582922422641
2015-09-21,12.03484343440031
2015-09-22,11.628567437687181
2015-09-23,11.556337923322547
2015-09-24,11.032694325384538
2015-09-25,11.213260020049944
2015-09-28,11.099830330389393
2015-09-29,10.672911792923045
2015-09-30,10.936329446110621
2015-10-01,11.254246204982774
2015-10-02,10.890912516861224
2015-10-05,11.563077715883756
2015-10-06,11.871912504920617
2015-10-07,12.380579155893855
2015-10-08,12.67124645771768
2015-10-09,12.907411565192382
2015-10-12,12.898328634771122
2015-10-13,12.48049602243276
2015-10-14,12.73482815451497
2015-10-15,12.871078640351442
2015-10-16,13.043660026174837
2015-10-19,12.852912355898363
2015-10-20,12.734831309602892
2015-10-21,12.934661928778942
2015-10-22,12.907414019306554
2015-10-23,12.898326528202013
2015-10-26,13.188994048639364
2015-10-27,12.643995696816964
2015-10-28,12.671245121039865
2015-10-29,12.861994753436543
2015-10-30,12.961912136385095
2015-11-02,12.307911229662455
2015-11-03,12.507744940051193
2015-11-04,12.289743618884335
2015-11-05,11.908246110674144
2015-11-06,11.608494635389087
2015-11-09,11.572161505430975
2015-11-10,11.345078146496032
2015-11-11,11.408662040977575
2015-11-12,11.245162543779667
2015-11-13,11.199747078332216
2015-11-16,11.108910436644901
2015-11-17,11.108912337495843
2015-11-18,11.11799561306107
2015-11-19,11.335995746699004
2015-11-20,11.24516266706318
2015-11-23,10.909079331985762
2015-11-24,10.836410841620978
2015-11-25,11.01807858131416
2015-11-27,10.909078413921346
2015-11-30,10.972660854457345
2015-12-01,11.081661012906329
2015-12-02,11.326913891983411
2015-12-03,11.108912593768673
2015-12-04,10.790996088831848
2015-12-07,10.854578797471106
2015-12-08,10.463995148384337
2015-12-09,10.718330186102524
2015-12-10,10.727412536780315
2015-12-11,10.77282834118706
2015-12-14,10.57299364582829
2015-12-15,10.364079029260187
2015-12-16,10.59116337744399
2015-12-17,10.890912503416457
2015-12-18,10.663829557127293
2015-12-21,11.018079619756861
2015-12-22,10.8636643425364
2015-12-23,11.281495240382098
2015-12-24,11.354161806644317
2015-12-28,11.335993993048675
2015-12-29,11.302564141168029
2015-12-30,11.17464701432148
2015-12-31,11.083275576758101
2016-01-04,10.918808388152256
2016-01-05,11.010177108674876
2016-01-06,10.58987399771139
2016-01-07,10.251800526332982
2016-01-08,10.142154263755952
2016-01-11,10.54418804699412
2016-01-12,10.416266653608334
2016-01-13,10.81830115923364
2016-01-14,10.233526642412432
2016-01-15,9.886318422869918
2016-01-19,10.196978714731651
2016-01-20,9.74926258379067
2016-01-21,10.005100364221956
2016-01-22,10.52591499603387
2016-01-25,10.49849982925475
2016-01-26,10.42540401655523
2016-01-27,10.4802284136735
2016-01-28,10.863986485099167
2016-01-29,10.982766229243133
2016-02-01,10.964490975148522
2016-02-02,10.754340704068584
2016-02-03,10.891395787650344
2016-02-04,11.339112281799316
2016-02-05,11.138095540153168
2016-02-08,10.66297055515056
2016-02-09,10.379718745783757
2016-02-10,9.941139682765947
2016-02-11,9.575657424671856
2016-02-12,10.03250971087684
2016-02-16,10.562462603073623
2016-02-17,10.672108374718727
2016-02-18,11.15637104618537
2016-02-19,10.781750953882883
2016-02-22,11.229468203738396
2016-02-23,11.074138449619737
2016-02-24,10.589871461671754
2016-02-25,11.074137963554831
2016-02-26,11.165507068569077
2016-02-29,11.001041270426525
2016-03-01,11.192917348819513
2016-03-02,11.165508334759464
2016-03-03,11.320840589754132
2016-03-04,11.631499295788311
2016-03-07,11.375662918188553
2016-03-08,11.457894362728522
2016-03-09,11.037590248986227
2016-03-10,10.882259586570953
2016-03-11,10.882260041708971
2016-03-14,10.836572249388137
2016-03-15,10.763476207552868
2016-03-16,11.320840291402162
2016-03-17,11.978709490500702
2016-03-18,12.124900684232916
2016-03-21,12.207135559756797
2016-03-22,11.923885951379678
2016-03-23,11.942159938590247
2016-03-24,11.42134692530295
2016-03-28,11.649775102480413
2016-03-29,11.416840352437275
2016-03-30,11.839686080011798
2016-03-31,12.07868870444467
2016-04-01,11.563918312478677
2016-04-04,11.619071670534849
2016-04-05,11.10430234144235
2016-04-06,11.049149553353715
2016-04-07,11.14107261450564
2016-04-08,11.196226975160593
2016-04-11,11.122688437045829
2016-04-12,11.187034796765548
2016-04-13,11.536342035421198
2016-04-14,11.582303875782307
2016-04-15,11.527148779534576
2016-04-18,11.2697631607029
2016-04-19,11.554726522901287
2016-04-20,11.858071170588575
2016-04-21,11.784533153704709
2016-04-22,11.306533353803374
2016-04-25,11.977572197644541
2016-04-26,11.977571487426758
2016-04-27,11.97757066164356
2016-04-28,12.317686074671048
2016-04-29,12.023533812292365
2016-05-02,11.53634113645986
2016-05-03,11.19622707237036
2016-05-04,10.966419219970703
2016-05-05,11.150264434112593
2016-05-06,10.653879900807452
2016-05-09,10.589534274006382
2016-05-10,10.736610571302938
2016-05-11,10.892880851944783
2016-05-12,10.929649513989588
2016-05-13,10.727418574249409
2016-05-16,10.754995144343336
2016-05-17,10.635495967243896
2016-05-18,10.699842898426397
2016-05-19,10.368918523551894
2016-05-20,10.543572961367122
2016-05-23,10.396497287715395
2016-05-24,10.617110892474253
2016-05-25,10.727417775336688
2016-05-26,10.957227198949013
2016-05-27,10.718227067958848
2016-05-31,10.773380865077062
2016-06-01,10.626302744328363
2016-06-02,10.414879966686692
2016-06-03,10.754996251446068
2016-06-06,10.819340819551243
2016-06-07,11.1318787126305
2016-06-08,11.33410988290918
2016-06-09,11.232996480354814
2016-06-10,10.993995456939999
2016-06-13,10.709033230906417
2016-06-14,10.62630345885967
2016-06-15,10.387305632976759
2016-06-16,10.21264949535387
2016-06-17,10.414879735792578
2016-06-20,10.49761245418394
2016-06-21,10.29538176995113
2016-06-22,10.378109860207875
2016-06-23,10.387304400932424
2016-06-24,9.992035134299599
2016-06-27,9.900113527457583
2016-06-28,9.989449067564395
2016-06-29,9.878351912820191
2016-06-30,10.007964756360662
2016-07-01,10.119060516357422
2016-07-05,10.044995706588706
2016-07-06,9.795029643946387
2016-07-07,9.915383922591852
2016-07-08,9.776513978839384
2016-07-11,9.887610618234222
2016-07-12,9.906125850726573
2016-07-13,10.017222737592114
2016-07-14,9.989448294661596
2016-07-15,10.119061729122334
2016-07-18,9.933900815922954
2016-07-19,9.896868964440548
2016-07-20,9.748737178730668
2016-07-21,9.785769541417048
2016-07-22,9.7209657320413
2016-07-25,9.535804836946284
2016-07-26,9.461737030036836
2016-07-27,9.813546098985652
2016-07-28,9.628385652435291
2016-07-29,8.869221762083159
2016-08-01,8.841450648386244
2016-08-02,8.7859001994715
2016-08-03,8.748867908522874
2016-08-04,8.767385570665235
2016-08-05,8.730351287758356
2016-08-08,8.93403044352697
2016-08-09,9.008092394952227
2016-08-10,8.896996832126726
2016-08-11,8.813675294764302
2016-08-12,9.109933076615723
2016-08-15,9.091416348809982
2016-08-16,9.165481124150402
2016-08-17,8.934030622890333
2016-08-18,8.906256852252275
2016-08-19,8.7859001994715
2016-08-22,8.7025766327484
2016-08-23,8.748869799660929
2016-08-24,8.767383415883456
2016-08-25,8.84144807184859
2016-08-26,8.748868328357984
2016-08-29,8.60999860990579
2016-08-30,8.665544585505947
2016-08-31,8.619255231664791
2016-09-01,8.508159808743988
2016-09-02,8.554450884450883
2016-09-06,8.702578366167893
2016-09-07,8.804416915877567
2016-09-08,8.711836992215073
2016-09-09,8.517415361788347
2016-09-12,8.295223073131737
2016-09-13,8.322997870706725
2016-09-14,7.989705960059898
2016-09-15,8.035998004935005
2016-09-16,8.128578260510116
2016-09-19,8.248930267755973
2016-09-20,8.128579229754862
2016-09-21,8.165611933267911
2016-09-22,8.406320840248117
2016-09-23,8.230417339987225
2016-09-26,8.156353176590565
2016-09-27,7.998966392336548
2016-09-28,7.986554237961347
2016-09-29,8.145348489968365
2016-09-30,8.164032271956843
2016-10-03,7.995893764165141
2016-10-04,7.837097255565044
2016-10-05,7.678298320862743
2016-10-06,7.547523913820959
2016-10-07,7.53818342951862
2016-10-10,7.398068962254341
2016-10-11,7.454114377178911
2016-10-12,7.370046456005514
2016-10-13,7.164544331113367
2016-10-14,7.3887273979632
2016-10-17,7.4447740677356915
2016-10-18,7.482136694606652
2016-10-19,7.5381836321617115
2016-10-20,7.472797555493099
2016-10-21,7.519501178159292
2016-10-24,7.519501900890848
2016-10-25,7.407409611230449
2016-10-26,7.3139993565292745
2016-10-27,7.435433330592941
2016-10-28,7.398069379819182
2016-10-31,7.40740931025665
2016-11-01,7.2299304658402574
2016-11-02,7.173886233943551
2016-11-03,7.790391728412826
2016-11-04,7.622253996402761
2016-11-07,7.846437271288199
2016-11-08,7.77170777721758
2016-11-09,7.85577887594027
2016-11-10,8.070620013817152
2016-11-11,8.397554939727263
2016-11-14,8.173370547418742
2016-11-15,8.276121354958077
2016-11-16,8.332168968235008
2016-11-17,8.677784829679007
2016-11-18,8.715149511711397
2016-11-21,8.705808476438715
2016-11-22,8.547009689381849
2016-11-23,8.603057890873385
2016-11-25,8.70580666860111
2016-11-28,8.67778593220239
2016-11-29,8.612399811855887
2016-11-30,8.593716591757214
2016-12-01,8.67778707611645
2016-12-02,8.845923335294787
2016-12-05,8.845922920516845
2016-12-06,9.079448071058868
2016-12-07,9.340997091153774
2016-12-08,9.695954375473468
2016-12-09,9.994866235388871
2016-12-12,10.004208055574075
2016-12-13,9.761341094970703
2016-12-14,9.72397656300111
2016-12-15,9.322313908606201
2016-12-16,9.658590940679929
2016-12-19,10.078935347754802
2016-12-20,9.882772692258667
2016-12-21,9.994865058911907
2016-12-22,9.761340408070822
2016-12-23,10.08827546500717
2016-12-27,9.873433057582085
2016-12-28,9.802202651571351
2016-12-29,9.595248251350133
2016-12-30,9.76457431394508
2017-01-03,9.877460502751443
2017-01-04,9.868052395039694
2017-01-05,10.159673734884588
2017-01-06,10.338410171715466
2017-01-09,10.206708925385144
2017-01-10,10.17848832669077
2017-01-11,11.279119125939653
2017-01-12,12.02228133704305
2017-01-13,11.862358425057089
2017-01-17,12.51144879125885
2017-01-18,11.185047756177147
2017-01-19,10.2161183153969
2017-01-20,11.250898067303224
2017-01-23,11.081568620431229
2017-01-24,11.523703280912175
2017-01-25,12.24805113074184
2017-01-26,12.088132209434445
2017-01-27,12.16338675604473
2017-01-30,12.17279441787874
2017-01-31,11.909394522345346
2017-02-01,10.742914774533858
2017-02-02,10.61121410655681
2017-02-03,10.075008599290653
2017-02-06,10.07501022559892
2017-02-07,9.755168498029546
2017-02-08,10.08441717307425
2017-02-09,10.244337568594052
2017-02-10,10.253744149487186
2017-02-13,10.667656987605758
2017-02-14,11.297934781214984
2017-02-15,11.533112082673421
2017-02-16,11.203862336463217
2017-02-17,11.090977818772336
2017-02-21,11.072164068689032
2017-02-22,10.695879720853341
2017-02-23,10.76172851941385
2017-02-24,10.592399979566725
2017-02-27,10.432478820810788
2017-02-28,10.54536501366267
2017-03-01,10.517144443680243
2017-03-02,10.42307264225952
2017-03-03,10.263153293358208
2017-03-06,10.178487688171087
2017-03-07,10.206709964249722
2017-03-08,10.3854440088971
2017-03-09,10.432480245450956
2017-03-10,10.244337868132124
2017-03-13,10.517144660195546
2017-03-14,10.329001254437216
2017-03-15,10.234930992126465
2017-03-16,10.319594560187973
2017-03-17,10.517143882577242
2017-03-20,10.376037255487995
2017-03-21,10.366631127157612
2017-03-22,9.97153189750428
2017-03-23,10.225524257899128
2017-03-24,10.366630512627712
2017-03-27,10.122047134186928
2017-03-28,10.394851121405337
2017-03-29,10.5312223175695
2017-03-30,10.673280724605927
2017-03-31,10.540695010470998
2017-04-03,10.493341311636048
2017-04-04,10.389165446803196
2017-04-05,10.578576423217735
2017-04-06,10.34181392137229
2017-04-07,10.578574935005586
2017-04-10,10.606985943896536
2017-04-11,11.033160179209348
2017-04-12,11.071042027556597
2017-04-13,10.739573916455571
2017-04-17,10.559634060445855
2017-04-18,10.455459289662793
2017-04-19,10.294460417718005
2017-04-20,10.057697838147126
2017-04-21,10.086107789666475
2017-04-24,10.31340061643925
2017-04-25,10.351284663638273
2017-04-26,10.512281295326138
2017-04-27,10.332341160451982
2017-04-28,9.9535207377656
2017-05-01,9.101172640013232
2017-05-02,9.233760405902215
2017-05-03,9.347405840968133
2017-05-04,9.22429039697595
2017-05-05,9.006467941609207
2017-05-08,9.18640760780015
2017-05-09,9.489465524689695
2017-05-10,9.432641377738687
2017-05-11,9.423171675163866
2017-05-12,9.328465816700822
2017-05-15,9.546287608924546
2017-05-16,9.470524815666307
2017-05-17,9.290583690921057
2017-05-18,9.025408721657667
2017-05-19,9.22428987739093
2017-05-22,9.318995802896845
2017-05-23,9.423170300067241
2017-05-24,9.309524617660369
2017-05-25,9.120114206097318
2017-05-26,8.949646519545757
2017-05-30,8.94964394346608
2017-05-31,8.817057824003042
2017-06-01,8.741292725551371
2017-06-02,8.902291998083948
2017-06-05,8.627647376588271
2017-06-06,8.703410416087314
2017-06-07,8.561354637145996
2017-06-08,8.570824451526503
2017-06-09,8.968585563374482
2017-06-12,8.987526144763468
2017-06-13,9.006470070596775
2017-06-14,9.063290329672856
2017-06-15,8.684470584259548
2017-06-16,8.646587169069951
2017-06-19,8.741292945168354
2017-06-20,8.712880186061316
2017-06-21,8.63711835248268
2017-06-22,8.608706820763091
2017-06-23,8.637116764710353
2017-06-26,8.902294099198603
2017-06-27,9.072760991572355
2017-06-28,9.079101750204252
2017-06-29,9.174569230200131
2017-06-30,8.859519952589876
2017-07-03,8.706771624168459
2017-07-05,8.74495877098487
2017-07-06,8.82133369461201
2017-07-07,8.811787116859739
2017-07-10,8.869069409169526
2017-07-11,9.136383056640625
2017-07-12,9.174570083618164
2017-07-13,9.155478515257675
2017-07-14,9.40369636381341
2017-07-17,9.565993612889686
2017-07-18,9.508710212545093
2017-07-19,9.327320903073408
2017-07-20,9.585087240865873
2017-07-21,9.594631892532519
2017-07-24,9.489615440368652
2017-07-25,9.546899449650034
2017-07-26,9.69964831543414
2017-07-27,9.642368809289954
2017-07-28,9.938322710638129
2017-07-31,10.09107254666742
2017-08-01,9.814212799072266
2017-08-02,9.766476980137659
2017-08-03,9.785570543933023
2017-08-04,9.65191547827965
2017-08-07,9.651915015829404
2017-08-08,9.642369037981632
2017-08-09,9.661462133790241
2017-08-10,9.604180852767877
2017-08-11,9.184117316240195
2017-08-14,9.279586676532539
2017-08-15,9.25094609628227
2017-08-16,9.231850930558972
2017-08-17,9.26049082876068
2017-08-18,9.18411701495142
2017-08-21,9.270038909907852
2017-08-22,9.346414681500667
2017-08-23,9.289131820655989
2017-08-24,9.375054480513066
2017-08-25,9.546899680142019
2017-08-28,9.546897858564073
2017-08-29,9.298680069947133
2017-08-30,9.50871096895273
2017-08-31,9.45142979076919
2017-09-01,9.632822155562238
2017-09-05,9.575539819163883
2017-09-06,9.52780438267923
2017-09-07,9.623274385307887
2017-09-08,9.594633938081033
2017-09-11,9.518259529062018
2017-09-12,9.766476980137659
2017-09-13,9.81421291839824
2017-09-14,9.699649387087256
2017-09-15,9.61372548835813
2017-09-18,9.680556601836894
2017-09-19,9.671010023764019
2017-09-20,9.62327449929293
2017-09-21,9.575539935554524
2017-09-22,9.556445726055134
2017-09-25,9.585084776797062
2017-09-26,9.480070951692706
2017-09-27,9.489616852010045
2017-09-28,9.393759405906305
2017-09-29,9.701752269086949
2017-10-02,9.287885543146615
2017-10-03,9.249388275638726
2017-10-04,8.517907237688883
2017-10-05,8.8451485041164
2017-10-06,9.018394108949678
2017-10-09,8.99914491399022
2017-10-10,8.941395988963329
2017-10-11,8.864398201900476
2017-10-12,8.768151099054496
2017-10-13,8.700778190742584
2017-10-16,8.82589922378349
2017-10-17,8.768150397521193
2017-10-18,8.76815128326416
2017-10-19,8.72002845224648
2017-10-20,8.66227863589647
2017-10-23,8.69115337928735
2017-10-24,8.566030076831131
2017-10-25,8.623780389009264
2017-10-26,8.57565564554416
2017-10-27,8.094417373582456
2017-10-30,7.95967147611351
2017-10-31,7.757551947094973
2017-11-01,7.930796688577338
2017-11-02,8.132917268572248
2017-11-03,8.152166791495455
2017-11-06,8.20029115560198
2017-11-07,8.45053353545685
2017-11-08,8.623779166600881
2017-11-09,8.315786617542592
2017-11-10,8.999144979338341
2017-11-13,8.970270026172559
2017-11-14,8.979895816074945
2017-11-15,8.556406119598144
2017-11-16,8.575656371041484
2017-11-17,8.758526555467407
2017-11-20,8.979895259053349
2017-11-21,9.162764571785457
2017-11-22,9.37450997228241
2017-11-24,9.605506161826407
2017-11-27,9.547757096698323
2017-11-28,8.80665047640296
2017-11-29,8.729651776891531
2017-11-30,8.845148119718422
2017-12-01,9.105015689851676
2017-12-04,9.499630858855113
2017-12-05,10.250362002148982
2017-12-06,10.202239779588165
2017-12-07,9.913497158020615
2017-12-08,10.03861917741391
2017-12-11,10.000119692212321
2017-12-12,10.202240334770444
2017-12-13,10.14448917708146
2017-12-14,9.990494861980544
2017-12-15,9.971244051010382
2017-12-18,9.71137689975543
2017-12-19,9.971246154519305
2017-12-20,9.865373306703002
2017-12-21,9.634379803375806
2017-12-22,9.40338456804411
2017-12-26,9.066517960785596
2017-12-27,9.085769095922902
2017-12-28,8.98887929454542
2017-12-29,9.115073031567807
2018-01-02,9.018000946366637
2018-01-03,9.43541141893366
2018-01-04,9.454825435325812
2018-01-05,9.571311898240493
2018-01-08,9.493652122725672
2018-01-09,9.289802357358258
2018-01-10,9.056830560881803
2018-01-11,9.28980183580533
2018-01-12,9.56160448827821
2018-01-16,9.60043399343971
2018-01-17,9.348046386663452
2018-01-18,9.367460250854492
2018-01-19,9.367459275247645
2018-01-22,9.348045365704937
2018-01-23,9.348045370933903
2018-01-24,9.43541141893366
2018-01-25,9.513067875126021
2018-01-26,9.241266907384198
2018-01-29,8.95975770530525
2018-01-30,8.765612650718083
2018-01-31,8.872392694795371
2018-02-01,8.930634729088794
2018-02-02,8.998587450710184
2018-02-05,8.804442257523553
2018-02-06,8.50351856764002
2018-02-07,8.920929001983446
2018-02-08,8.930636190058594
2018-02-09,8.765614117815906
2018-02-12,8.289959181986669
2018-02-13,8.484103488944625
2018-02-14,8.66854222251723
2018-02-15,9.027708105012376
2018-02-16,9.02770796940631
2018-02-20,8.882100070592575
2018-02-21,8.7850293831103
2018-02-22,8.76561450958252
2018-02-23,8.833563865348154
2018-02-26,8.969465317208975
2018-02-27,9.037416265769956
2018-02-28,8.891806266799401
2018-03-01,8.542347071078234
2018-03-02,8.552054553703579
2018-03-05,8.62971325435965
2018-03-06,8.969464440170533
2018-03-07,9.018001681198408
2018-03-08,9.173316665982284
2018-03-09,8.91122244286688
2018-03-12,8.90151414116793
2018-03-13,8.97917171677426
2018-03-14,9.027708878350573
2018-03-15,8.852977845083316
2018-03-16,8.969464455765554
2018-03-19,9.066537616271596
2018-03-20,8.823858117220006
2018-03-21,8.64912548689097
2018-03-22,8.86268612479042
2018-03-23,8.891806433125353
2018-03-26,8.804442438126916
2018-03-27,8.852977695275529
2018-03-28,8.765613489896365
2018-03-29,8.71707736539013
2018-04-02,8.785028602375089
2018-04-03,9.027706584678217
2018-04-04,9.309217490802096
2018-04-05,9.35775310188865
2018-04-06,9.648968594949912
2018-04-09,9.610140698417096
2018-04-10,9.66838361458661
2018-04-11,9.629554843159243
2018-04-12,9.726627247311551
2018-04-13,9.697504943635591
2018-04-16,9.658676432169603
2018-04-17,10.008137753860394
2018-04-18,10.163453164920572
2018-04-19,10.270232230198639
2018-04-20,10.260523796081543
2018-04-23,10.163451903166148
2018-04-24,9.988720790654284
2018-04-25,9.823699070105555
2018-04-26,9.90135560451472
2018-04-27,9.98872288006668
2018-04-30,10.037259244593137
2018-05-01,10.231402007955639
2018-05-02,10.755591678363306
2018-05-03,11.105051812080221
2018-05-04,10.716763660626647
2018-05-07,10.920613361811458
2018-05-08,10.978859858476126
2018-05-09,11.046808246702057
2018-05-10,11.114758507370446
2018-05-11,11.114758558452078
2018-05-14,11.163294843148652
2018-05-15,11.173002191692683
2018-05-16,11.173002195488886
2018-05-17,11.153587289820697
2018-05-18,11.027393341064453
2018-05-21,11.046808242797852
2018-05-22,10.881785811962759
2018-05-23,10.192574654480591
2018-05-24,10.279938748167694
2018-05-25,10.231402466787088
2018-05-29,10.163453135426272
2018-05-30,10.250816612945137
2018-05-31,10.435255691810864
2018-06-01,10.095501946397727
2018-06-04,10.241110200270837
2018-06-05,10.61969124806941
2018-06-06,11.202124127274386
2018-06-07,11.765140146400224
2018-06-08,11.405973369135312
2018-06-11,11.299197259770525
2018-06-12,11.376854048952382
2018-06-13,11.60011867416921
2018-06-14,11.668070860202358
2018-06-15,11.64865378620009
2018-06-18,11.435096651914357
2018-06-19,11.134173273702114
2018-06-20,11.134173381178186
2018-06-21,11.1438805425871
2018-06-22,11.06622310973241
2018-06-25,10.978857836265876
2018-06-26,10.483790615945864
2018-06-27,10.755591388088936
2018-06-28,10.745884895324707
2018-06-29,10.85266310243363
2018-07-02,10.755593374307827
2018-07-03,10.969150380799283
2018-07-05,10.872078573026501
2018-07-06,10.474083112066769
2018-07-09,10.765298827212513
2018-07-10,10.639105929613933
2018-07-11,10.648812169777658
2018-07-12,10.64881316435231
2018-07-13,10.542033293668421
2018-07-16,10.609984248325487
2018-07-17,10.444960747995003
2018-07-18,10.687642930506794
2018-07-19,10.338182431245137
2018-07-20,10.250816892702545
2018-07-23,10.833249880281457
2018-07-24,10.707056877287062
2018-07-25,10.474083063634087
2018-07-26,10.415839680628649
2018-07-27,10.813835812385953
2018-07-30,10.551740453830915
2018-07-31,10.318766761205936
2018-08-01,10.38671888652001
2018-08-02,10.454668342935642
2018-08-03,10.79442124424744
2018-08-06,10.83325004319239
2018-08-07,10.842957378183945
2018-08-08,10.745883978338966
2018-08-09,10.775006224945427
2018-08-10,10.658519585986609
2018-08-13,10.415839957198743
2018-08-14,10.279939760289215
2018-08-15,10.173158514271154
2018-08-16,10.017843349130914
2018-08-17,10.08579535753926
2018-08-20,10.066381397063427
2018-08-21,10.008137544011499
2018-08-22,9.872235526911762
2018-08-23,10.046965599060059
2018-08-24,10.1052083051746
2018-08-27,10.027549932137372
2018-08-28,10.318768342453273
2018-08-29,10.173159612334818
2018-08-30,10.11491676950703
2018-08-31,9.998430332765636
2018-09-04,10.027549507337184
2018-09-05,9.775162618015841
2018-09-06,9.678091817219263
2018-09-07,9.396582637626793
2018-09-10,9.464531566720858
2018-09-11,9.124778842533036
2018-09-12,9.22185245880181
2018-09-13,9.415997489343876
2018-09-14,9.357754723180538
2018-09-17,9.396581611367331
2018-09-18,9.43541141893366
2018-09-19,9.415996548318132
2018-09-20,9.454824670593288
2018-09-21,9.716919808016627
2018-09-24,9.668384466327186
2018-09-25,9.619847217332635
2018-09-26,9.571311932300514
2018-09-27,11.134174234296625
2018-09-28,11.007979432640353
2018-10-01,11.153588082717686
2018-10-02,10.910906969716233
2018-10-03,11.085637286515063
2018-10-04,11.328318107535301
2018-10-05,11.765142407168913
2018-10-08,11.66806984396987
2018-10-09,11.677776405728103
2018-10-10,11.619534236874522
2018-10-11,11.202123708456616
2018-10-12,11.39626767870109
2018-10-15,11.221538531554819
2018-10-16,11.23124618036144
2018-10-17,11.386560555353912
2018-10-18,11.405976151213142
2018-10-19,11.15358829498291
2018-10-22,11.163294760473221
2018-10-23,10.930321620652538
2018-10-24,10.784712588001833
2018-10-25,10.639104880169725
2018-10-26,10.396425146044225
2018-10-29,10.406133383718847
2018-10-30,10.008137829519232
2018-10-31,10.250816497203962
2018-11-01,10.512911075314815
2018-11-02,11.066222943405728
2018-11-05,11.007980057907462
2018-11-06,11.736020459094435
2018-11-07,12.23109042925442
2018-11-08,12.075772989597485
2018-11-09,11.658363308372477
2018-11-12,11.677778041459952
2018-11-13,11.425388236252159
2018-11-14,11.415683406709823
2018-11-15,11.037101248834874
2018-11-16,11.493340560405244
2018-11-19,11.88162899017334
2018-11-20,11.726311404047944
2018-11-21,11.619533468857139
2018-11-23,11.454510541268403
2018-11-26,11.512755331396962
2018-11-27,11.376853786315088
2018-11-28,11.192415833918266
2018-11-29,11.80397310904317
2018-11-30,11.521066422959176
2018-12-03,11.891768258666652
2018-12-04,11.794215907070425
2018-12-06,11.355226024222205
2018-12-07,11.599108308916383
2018-12-10,11.121096185310716
2018-12-11,11.579597736895812
2018-12-12,11.569842449919925
2018-12-13,11.794215938800376
2018-12-14,11.677151162471638
2018-12-17,11.589353892909635
2018-12-18,11.218649444660702
2018-12-19,11.228406208068549
2018-12-20,10.701617023450744
2018-12-21,10.594306746964948
2018-12-24,10.496754128822474
2018-12-26,10.486998183637914
2018-12-27,10.613818931054197
2018-12-28,10.91623292166193
2018-12-31,10.95525593721361
2019-01-02,10.818680856442601
2019-01-03,11.091830935450222
2019-01-04,11.23816171627505
2019-01-07,11.325958607402216
2019-01-08,11.48204504326498
2019-01-09,11.823481399457027
2019-01-10,11.735682884467352
2019-01-11,11.882014056586259
2019-01-14,11.725928638821985
2019-01-15,11.794215360183182
2019-01-16,12.106386621313224
2019-01-17,12.047856487269307
2019-01-18,11.647885047766891
2019-01-22,11.423512925087975
2019-01-23,11.384490849660125
2019-01-24,11.22840504020452
2019-01-25,11.472288867666787
2019-01-28,11.706416787643484
2019-01-29,11.852746650782617
2019-01-30,12.1356521110149
2019-01-31,11.803971347704122
2019-02-01,11.921034889269677
2019-02-04,11.735683631832625
2019-02-05,12.48684548660231
2019-02-06,12.662440717778066
2019-02-07,12.301492968802311
2019-02-08,12.360024711528816
2019-02-11,12.18442905139274
2019-02-12,12.067365257595714
2019-02-13,11.90152249302859
2019-02-14,11.813725690981865
2019-02-15,11.96005695876758
2019-02-19,11.969810887503083
2019-02-20,11.560087808932288
2019-02-21,11.66739600579234
2019-02-22,11.872258461623218
2019-02-25,11.969811895011672
2019-02-26,11.842990649023655
2019-02-27,11.677150359434552
2019-02-28,11.579596477545648
2019-03-01,11.374734895517538
2019-03-04,11.306448142423545
2019-03-05,11.218649273291973
2019-03-06,11.31620447829072
2019-03-07,11.491798207964095
2019-03-08,11.199138328263476
2019-03-11,11.38449121573231
2019-03-12,11.60886287689209
2019-03-13,11.65764015982283
2019-03-14,11.706416909097905
2019-03-15,11.911278990481659
2019-03-18,12.155164176578856
2019-03-19,12.086875793566861
2019-03-20,11.90152396884834
2019-03-21,11.85274682422977
2019-03-22,11.735682685361182
2019-03-25,11.521064900588344
2019-03-26,11.638130624824688
2019-03-27,11.628374916274403
2019-03-28,11.589353182536492
2019-03-29,11.67715200739025
2019-04-01,11.599107600022007
2019-04-02,11.579598319735794
2019-04-03,11.472288440462973
2019-04-04,11.355225784526768
2019-04-05,11.286937928057652
2019-04-08,11.384489711408253
2019-04-09,11.511309330573546
2019-04-10,11.608862299322569
2019-04-11,11.482044399467847
2019-04-12,11.755193683905903
2019-04-15,11.482044817017576
2019-04-16,11.423513582713037
2019-04-17,11.394245945405928
2019-04-18,11.443022944502495
2019-04-22,11.511310418239653
2019-04-23,11.550332126432032
2019-04-24,11.550331241787974
2019-04-25,11.140607586233266
2019-04-26,10.945499044878995
2019-04-29,10.955254953799656
2019-04-30,10.808924534248677
2019-05-01,10.594308494235255
2019-05-02,10.61381806296476
2019-05-03,10.369935917714376
2019-05-06,10.438222149089876
2019-05-07,10.340668397396641
2019-05-08,10.165071497590295
2019-05-09,9.979720606913745
2019-05-10,10.223604693168243
2019-05-13,9.872410998046073
2019-05-14,9.979720217324886
2019-05-15,9.843146625346398
2019-05-16,9.78461415230321
2019-05-17,9.901677452518769
2019-05-20,9.804126517358812
2019-05-21,10.048009244140857
2019-05-22,10.106540516751927
2019-05-23,9.804123496437338
2019-05-24,10.067518659063861
2019-05-28,9.784613312181953
2019-05-29,9.765103181390959
2019-05-30,9.833390534514113
2019-05-31,9.696815545308473
2019-06-03,9.921188395169516
2019-06-04,10.087029317307278
2019-06-05,10.0577634104592
2019-06-06,9.90167699105817
2019-06-07,9.95045638897236
2019-06-10,10.018741760446469
2019-06-11,10.028497421000253
2019-06-12,9.891921764489446
2019-06-13,9.999232315071998
2019-06-14,10.06751823425293
2019-06-17,10.048008701709781
2019-06-18,10.087028787090237
2019-06-19,10.116295001002415
2019-06-20,10.262625892145707
2019-06-21,10.33091463100473
2019-06-24,10.42846602392371
2019-06-25,10.311401760211531
2019-06-26,10.204093773182596
2019-06-27,10.282137082173275
2019-06-28,10.184582297235817
2019-07-01,10.49675464630127
2019-07-02,10.506511093352756
2019-07-03,10.535775620955912
2019-07-05,10.467487635374328
2019-07-08,10.545531272888184
2019-07-09,10.486998834456754
2019-07-10,10.584552706263828
2019-07-11,10.408955952561087
2019-07-12,10.379690798025814
2019-07-15,10.721127248350893
2019-07-16,9.96021077458119
2019-07-17,9.843146324157715
2019-07-18,9.823635290886836
2019-07-19,9.969964522411567
2019-07-22,9.960211201758067
2019-07-23,10.057764630923561
2019-07-24,9.765103061639675
2019-07-25,9.69681423526868
2019-07-26,8.974918449068475
2019-07-29,9.052961737987246
2019-07-30,8.809077832151267
2019-07-31,8.926141881209814
2019-08-01,8.926144068896292
2019-08-02,8.70177064595002
2019-08-05,8.574949792037906
2019-08-06,8.47739586091372
2019-08-07,8.438375256979093
2019-08-08,8.51641823877609
2019-08-09,8.565195937788157
2019-08-12,8.399353923215815
2019-08-13,8.340821938039078
2019-08-14,8.145716486895829
2019-08-15,7.979874430297048
2019-08-16,7.999385967089269
2019-08-19,8.10669295614233
2019-08-20,8.496907809266762
2019-08-21,8.584705967968894
2019-08-22,8.75054774007789
2019-08-23,8.565195776205826
2019-08-26,8.24326757783469
2019-08-27,8.272533650978517
2019-08-28,8.272535612851245
2019-08-29,8.438375276283832
2019-08-30,8.477397260421801
2019-09-03,8.438375256979093
2019-09-04,8.6237273622358
2019-09-05,8.74079145973974
2019-09-06,8.721280887511224
2019-09-09,8.838345665009806
2019-09-10,8.896876335144043
2019-09-11,8.9358978003
2019-09-12,9.12124996057217
2019-09-13,9.374888697831448
2019-09-16,9.550485883212273
2019-09-17,9.248069303708755
2019-09-18,9.316358025783993
2019-09-19,9.199291602504655
2019-09-20,9.052962088443646
2019-09-23,9.082229403472436
2019-09-24,9.277335307781213
2019-09-25,9.228559069556072
2019-09-26,9.482197976855932
2019-09-27,9.355379104614258
2019-09-30,9.306601384744825
2019-10-01,9.199293906791066
2019-10-02,8.945653383939057
2019-10-03,9.023696306863211
2019-10-04,9.101739446897536
2019-10-07,9.121250726587638
2019-10-08,9.101738789012503
2019-10-09,9.10174004993421
2019-10-10,9.08222719887897
2019-10-11,9.413910421493886
2019-10-14,9.05296186734145
2019-10-15,9.13100354767299
2019-10-16,9.06271743774414
2019-10-17,9.179782655229573
2019-10-18,8.857854751844586
2019-10-21,9.05296298499884
2019-10-22,9.004186224669281
2019-10-23,8.945653951215945
2019-10-24,9.023696866980883
2019-10-25,8.867611070420667
2019-10-28,8.974919036565645
2019-10-29,8.87736701965332
2019-10-30,8.877366124959837
2019-10-31,8.887121545504538
2019-11-01,8.506662683087486
2019-11-04,9.09198422987829
2019-11-05,9.794368416057868
2019-11-06,9.540729195487366
2019-11-07,9.394399642944336
2019-11-08,9.345623533098731
2019-11-11,9.267580821659525
2019-11-12,9.38464408953721
2019-11-13,9.238314709344968
2019-11-14,9.111494639986075
2019-11-15,9.170024528138795
2019-11-18,9.36513399879553
2019-11-19,9.072473425419462
2019-11-20,9.17002574409477
2019-11-21,9.413910291379448
2019-11-22,9.423666273210198
2019-11-25,9.228559219363763
2019-11-26,9.179970997062805
2019-11-27,9.081789554047077
2019-11-29,9.179972822108539
2019-12-02,9.003243700878611
2019-12-03,8.934517643733669
2019-12-04,9.071970490646242
2019-12-05,9.229060638142135
2019-12-06,9.199605370066632
2019-12-09,9.533423069503941
2019-12-10,8.95415313181987
2019-12-11,8.85597272665207
2019-12-12,8.9639707387808
2019-12-13,9.081788161325306
2019-12-16,9.081788477176714
2019-12-17,8.816697982339956
2019-12-18,8.610518753997995
2019-12-19,8.541790806558707
2019-12-20,8.5908818197783
2019-12-23,8.463245136672024
2019-12-24,8.708700479424168
2019-12-26,8.738152862967068
2019-12-27,8.738153672707744
2019-12-30,8.669426704655166
2019-12-31,8.728336018880528
2020-01-02,8.73815320309559
2020-01-03,8.757789510576885
2020-01-06,8.934517684188407
2020-01-07,8.973790287405839
2020-01-08,8.84615371099947
2020-01-09,8.73815364420781
2020-01-10,8.492700084882564
2020-01-13,8.806881783968777
2020-01-14,8.944334799147468
2020-01-15,8.826517092787132
2020-01-16,8.679245079748023
2020-01-17,8.816699205981433
2020-01-21,8.689062258731532
2020-01-22,8.620336009558917
2020-01-23,8.394518195909493
2020-01-24,8.355246401810836
2020-01-27,8.109792650482516
2020-01-28,8.099974473508984
2020-01-29,8.198156397469626
2020-01-30,8.149064763137432
2020-01-31,8.139246425679357
2020-02-03,7.923247071651066
2020-02-04,8.286518818089686
2020-02-05,8.610518455505371
2020-02-06,8.639973409413408
2020-02-07,8.669426171457927
2020-02-10,8.355246357760015
2020-02-11,8.698880474909718
2020-02-12,9.13088003112879
2020-02-13,9.268333564129954
2020-02-14,9.140698630617283
2020-02-18,9.042515861038959
2020-02-19,9.140697624533653
2020-02-20,9.022879409063927
2020-02-21,8.86579006851893
2020-02-24,8.581062573927136
2020-02-25,8.70869978009677
2020-02-26,8.531971344256709
2020-02-27,8.2079740553319
2020-02-28,7.962518710037379
2020-03-02,8.551609195119568
2020-03-03,8.463244842021123
2020-03-04,8.639972844217318
2020-03-05,8.384700547289954
2020-03-06,8.453426462339923
2020-03-09,7.756339031090791
2020-03-10,7.334157720423792
2020-03-11,7.167250033024481
2020-03-12,6.3817981780822395
2020-03-13,6.587979188120564
2020-03-16,5.900708572803124
2020-03-17,6.185434894574981
2020-03-18,5.979252919109885
2020-03-19,5.468710035863732
2020-03-20,6.0283436318610155
2020-03-23,6.097071647644043
2020-03-24,6.538887723562881
2020-03-25,6.656705922632904
2020-03-26,6.34252574626562
2020-03-27,6.313070294761326
2020-03-30,6.823614923870927
2020-03-31,7.343976430016417
2020-04-01,7.4028848285844076
2020-04-02,7.736702377727757
2020-04-03,7.85452038827371
2020-04-06,8.247245938980123
2020-04-07,8.875608104345194
2020-04-08,8.88542612046846
2020-04-09,8.92469817765172
2020-04-13,9.022879346725121
2020-04-14,9.130881873090402
2020-04-15,8.797062348021864
2020-04-16,9.366515388992207
2020-04-17,9.513788616450881
2020-04-20,9.562877610779523
2020-04-21,9.376333040627442
2020-04-22,9.395969347739262
2020-04-23,9.474515240404815
2020-04-24,9.788695676966865
2020-04-27,10.024331111092533
2020-04-28,9.926150419605303
2020-04-29,10.083240617071484
2020-04-30,9.827968194667767
2020-05-01,9.631605896289885
2020-05-04,10.210876263400706
2020-05-05,10.750875174375023
2020-05-06,10.790146549530851
2020-05-07,10.564330475196476
2020-05-08,10.603603264810747
2020-05-11,10.466148078524611
2020-05-12,10.456329345703125
2020-05-13,10.534875819221721
2020-05-14,9.916333045749187
2020-05-15,9.818149623744475
2020-05-18,9.965422743018816
2020-05-19,9.621788323694208
2020-05-20,9.788695174457562
2020-05-21,9.945786705747192
2020-05-22,9.602151491662937
2020-05-26,9.916332218719196
2020-05-27,10.201058465588662
2020-05-28,10.456329514333957
2020-05-29,10.367968675950463
2020-06-01,10.67232961862997
2020-06-02,10.534875412782585
2020-06-03,10.691965917435219
2020-06-04,10.318876537517768
2020-06-05,10.299240414446622
2020-06-08,10.181422332616009
2020-06-09,10.063604487929233
2020-06-10,10.603602484444236
2020-06-11,9.994877912068077
2020-06-12,9.719969248134786
2020-06-15,9.690513949322105
2020-06-16,10.132330618578774
2020-06-17,9.94578677447046
2020-06-18,9.84760613344588
2020-06-19,10.299238876406767
2020-06-22,10.132331853228337
2020-06-23,9.994876348478511
2020-06-24,9.631606217222064
2020-06-25,9.533423469797137
2020-06-26,9.788696144413812
2020-06-29,9.945785775525446
2020-06-30,9.847604779703166
2020-07-01,10.053784874907445
2020-07-02,10.073422845968913
2020-07-06,10.043966844957273
2020-07-07,10.142149372665012
2020-07-08,10.603603064592535
2020-07-09,10.623238229248908
2020-07-10,10.397420677981625
2020-07-13,10.711601469696108
2020-07-14,10.525057719735056
2020-07-15,10.79996607691482
2020-07-16,11.290872898087073
2020-07-17,11.251599354117896
2020-07-20,11.79159887391492
2020-07-21,11.83087033422363
2020-07-22,11.595236699731135
2020-07-23,11.781780242919922
2020-07-24,11.722870783526073
2020-07-27,11.791599453980979
2020-07-28,11.879962721112951
2020-07-29,11.53632635513307
2020-07-30,10.15196852054515
2020-07-31,10.073421623369372
2020-08-03,10.034148855638366
2020-08-04,10.043967282054242
2020-08-05,10.328693487020306
2020-08-06,10.240330502176024
2020-08-07,10.093057781463095
2020-08-10,10.201060202531098
2020-08-11,10.161786394249264
2020-08-12,10.132330490423717
2020-08-13,10.26978558279329
2020-08-14,10.279604215779173
2020-08-17,10.318875113025436
2020-08-18,10.259965805387893
2020-08-19,10.240331280383007
2020-08-20,10.407240450642213
2020-08-21,10.829419331648635
2020-08-24,10.377784533708047
2020-08-25,10.466148373895582
2020-08-26,10.898146063813423
2020-08-27,10.94723824168497
2020-08-28,11.290873491467062
2020-08-31,11.447963573305163
2020-09-01,11.418508081072353
2020-09-02,11.320328670928417
2020-09-03,11.04541944007222
2020-09-04,10.691967609292798
2020-09-08,10.269785073842499
2020-09-09,10.544694180470023
2020-09-10,10.731238629704979
2020-09-11,10.534874304961292
2020-09-14,10.849057837810175
2020-09-15,11.231964368600659
2020-09-16,11.163236901297331
2020-09-17,10.829418533027317
2020-09-18,10.682148646049098
2020-09-21,10.112694970686002
2020-09-22,10.309057470655038
2020-09-23,10.456329433790074
2020-09-24,9.857421920353982
2020-09-25,9.827968937355303
2020-09-28,9.88687680552035
2020-09-29,9.906513362979704
2020-09-30,10.00469577382674
2020-10-01,9.916333145472578
2020-10-02,9.56287831062442
2020-10-05,9.621788163584004
2020-10-06,9.719968008334313
2020-10-07,9.543242199765464
2020-10-08,9.641423336400518
2020-10-09,9.52360634061013
2020-10-12,9.582514872731116
2020-10-13,9.464698163237367
2020-10-14,9.278151912142244
2020-10-15,9.179970741271973
2020-10-16,9.209424781050682
2020-10-19,9.130879846074627
2020-10-20,9.278151510852608
2020-10-21,9.464697224626033
2020-10-22,9.503970327005396
2020-10-23,9.719969840278951
2020-10-26,9.435242312866196
2020-10-27,9.337061369462926
2020-10-28,9.209425627707018
2020-10-29,9.179970761798232
2020-10-30,9.386152824581414
2020-11-02,9.376333236694336
2020-11-03,9.543242454528809
2020-11-04,9.464696906711746
2020-11-05,8.905063882139762
2020-11-06,9.130880694735728
2020-11-09,9.415606714698404
2020-11-10,9.40578757249871
2020-11-11,9.52360570894507
2020-11-12,9.9556040035111
2020-11-13,9.484332697152965
2020-11-16,9.553059643404987
2020-11-17,9.376333384836299
2020-11-18,9.52360596062251
2020-11-19,9.474514988368378
2020-11-20,9.690515001173909
2020-11-23,9.818150075649829
2020-11-24,9.808333273708163
2020-11-25,10.15196801878594
2020-11-27,10.055309120100812
2020-11-30,10.025675132961675
2020-12-01,10.06518575774547
2020-12-02,9.739227686292724
2020-12-03,10.163960705910245
2020-12-04,10.015799111591322
2020-12-07,11.438159854337098
2020-12-08,12.16909558231537
2020-12-09,12.030812235466971
2020-12-10,11.467793509866837
2020-12-11,12.34689162983013
2020-12-14,13.384030534631947
2020-12-15,13.364273967147046
2020-12-16,13.58158077706431
2020-12-17,13.127213473437488
2020-12-18,13.0679495345919
2020-12-21,12.781501864617423
2020-12-22,13.12721623912632
2020-12-23,13.077826502134563
2020-12-24,13.621090545663767
2020-12-28,13.630967552335122
2020-12-29,13.532192479809762
2020-12-30,13.334642599697602
2020-12-31,13.20623427250063
2021-01-04,13.295132585230071
2021-01-05,13.295133065104178
2021-01-06,14.431046204024756
2021-01-07,14.38165878911449
2021-01-08,14.480434151619052
2021-01-11,13.680355878231326
2021-01-12,14.035945672566386
2021-01-13,13.601335586410013
2021-01-14,13.630967853602694
2021-01-15,13.591458377179054
2021-01-19,12.880278370262875
2021-01-20,12.929664511728783
2021-01-21,12.495052816098307
2021-01-22,12.090076138024804
2021-01-25,12.26787141127966
2021-01-26,12.850644044702431
2021-01-27,12.61358590640154
2021-01-28,12.42591112018801
2021-01-29,12.633338761492288
2021-02-01,12.445666943968
2021-02-02,14.213741829475348
2021-02-03,13.492682876264302
2021-02-04,13.51243873183307
2021-02-05,13.502560998118367
2021-02-08,14.184108244842868
2021-02-09,14.677983524133934
2021-02-10,15.89291886390831
2021-02-11,16.27814120075703
2021-02-12,15.39904390023964
2021-02-16,16.337407558798038
2021-02-17,16.959692138706643
2021-02-18,16.673240315063875
2021-02-19,15.99169342922639
2021-02-22,16.258384592824534
2021-02-23,15.823776245117188
2021-02-24,15.547206234026554
2021-02-25,16.149735079826193
2021-02-26,15.962061081749884
2021-03-01,15.863285853192803
2021-03-02,15.804021313709253
2021-03-03,17.236261854126898
2021-03-04,16.63373291981155
2021-03-05,16.376916828402926
2021-03-08,15.863286526345997
2021-03-09,15.379286649899782
2021-03-10,15.675614390249933
2021-03-11,16.13985579989613
2021-03-12,16.248508966865636
2021-03-15,17.28564736608175
2021-03-16,18.480825027589685
2021-03-17,18.69813279152783
2021-03-18,18.885806751148436
2021-03-19,17.55234146118164
2021-03-22,17.759768895212563
2021-03-23,17.226381944913772
2021-03-24,16.781893138691583
2021-03-25,16.13985584851282
2021-03-26,16.87079162097232
2021-03-29,16.50532421886667
2021-03-30,16.08059112685051
2021-03-31,16.248507509811077
2021-04-01,16.81152729745288
2021-04-05,17.265891261428067
2021-04-06,18.174625073659396
2021-04-07,17.45356433627064
2021-04-08,16.98932193641008
2021-04-09,17.43381196779427
2021-04-12,16.930056537873348
2021-04-13,16.544832005649113
2021-04-14,16.702873890898868
2021-04-15,16.692997434868012
2021-04-16,16.406550658980226
2021-04-19,16.248509879922825
2021-04-20,15.78426456451416
2021-04-21,15.626225312449575
2021-04-22,16.4263016564089
2021-04-23,16.011448608597895
2021-04-26,16.337407035136582
2021-04-27,16.37691864393562
2021-04-28,16.386794750371173
2021-04-29,17.167115342899187
2021-04-30,16.692997043800165
2021-05-03,16.811529611702614
2021-05-04,18.164746132075166
2021-05-05,18.322785029293104
2021-05-06,18.777151900207386
2021-05-07,17.917807420394123
2021-05-10,19.764902340265117
2021-05-11,18.589477446290335
2021-05-12,19.40931177978096
2021-05-13,18.73764208894916
2021-05-14,18.767275621193185
2021-05-17,19.429067366899126
2021-05-18,20.189635869523112
2021-05-19,19.251271900402024
2021-05-20,19.063600683268344
2021-05-21,19.68588243257812
2021-05-24,19.300660422864798
2021-05-25,18.994457851958327
2021-05-26,19.211764481605393
2021-05-27,19.587107061815
2021-05-28,20.545224833607794
2021-06-01,19.90318982628757
2021-06-02,20.89093847579357
2021-06-03,20.23902639789085
2021-06-04,21.00946861621959
2021-06-07,21.12799907166489
2021-06-08,21.36506281220095
2021-06-09,21.286040576996932
2021-06-10,21.24652980290175
2021-06-11,21.52310078173494
2021-06-14,20.821794747605242
2021-06-15,19.083354564078086
2021-06-16,19.695761543135955
2021-06-17,19.448822906705313
2021-06-18,18.540094536538145
2021-06-21,18.6289911650245
2021-06-22,19.162375879138903
2021-06-23,19.656249297646482
2021-06-24,19.567351948880358
2021-06-25,19.98220803949298
2021-06-28,19.755025095753854
2021-06-29,19.014212787168585
2021-06-30,18.925314788534347
2021-07-01,19.27102881554279
2021-07-02,19.14262005337662
2021-07-06,18.974702351827993
2021-07-07,18.638867553783143
2021-07-08,17.986948738098427
2021-07-09,17.94744014605933
2021-07-12,18.006703616737287
2021-07-13,17.67087164216078
2021-07-14,17.631362116952747
2021-07-15,17.1769939038943
2021-07-16,17.295526828265373
2021-07-19,16.050959338343688
2021-07-20,16.169489064748635
2021-07-21,16.752260639613084
2021-07-22,17.14736372825011
2021-07-23,17.127609893339628
2021-07-26,16.95969079720138
2021-07-27,17.038708513490462
2021-07-28,16.89054806202257
2021-07-29,17.700503983152398
2021-07-30,17.660994065566445
2021-08-02,17.907929813810583
2021-08-03,17.196751128266776
2021-08-04,17.03871100662213
2021-08-05,16.653487841320974
2021-08-06,16.900425063687432
2021-08-09,16.9103042543659
2021-08-10,16.890549572776035
2021-08-11,17.374546183115996
2021-08-12,17.0782219239604
2021-08-13,16.939936657937984
2021-08-16,16.228753372779092
2021-08-17,16.120101050346634
2021-08-18,15.784265986404066
2021-08-19,15.596591949515785
2021-08-20,15.408920564145966
2021-08-23,16.238632747601944
2021-08-24,16.80165026310629
2021-08-25,16.969568671451434
2021-08-26,16.939931694823223
2021-08-27,16.94981374133759
2021-08-30,17.789402730174512
2021-08-31,17.838787204154162
2021-09-01,18.421560582005856
2021-09-02,19.251273783432808
2021-09-03,20.910694470404824
2021-09-07,21.473711971541015
2021-09-08,22.83681125795207
2021-09-09,22.421955981183945
2021-09-10,22.836810361730745
2021-09-13,25.32594344427821
2021-09-14,24.417212045411816
2021-09-15,24.57525201236318
2021-09-16,24.180151321356053
2021-09-17,23.56774796799987
2021-09-20,21.216894672397025
2021-09-21,21.4243252867382
2021-09-22,21.20701972276939
2021-09-23,21.04898180661977
2021-09-24,20.604493624469384
2021-09-27,20.021718726485997
2021-09-28,20.969962223629828
2021-09-29,20.782289424252536
2021-09-30,20.476083487159993
2021-10-01,21.582364450389957
2021-10-04,22.303424962305233
2021-10-05,21.730527037405032
2021-10-06,21.137878220242673
2021-10-07,21.671263260408804
2021-10-08,22.263912268719107
2021-10-11,21.335431055307506
2021-10-12,21.365058134911155
2021-10-13,24.00235608664591
2021-10-14,25.385210136572862
2021-10-15,25.18765998087156
2021-10-18,25.78030981547827
2021-10-19,26.689041656976183
2021-10-20,26.047002645229576
2021-10-21,26.372961338330953
2021-10-22,25.661779238707204
2021-10-25,25.869205058052067
2021-10-26,26.145776494534033
2021-10-27,25.167904574624878
2021-10-28,24.82219013806139
2021-10-29,24.328313425659754
2021-11-01,24.278927279996154
2021-11-02,24.693783808458676
2021-11-03,25.30618914886738
2021-11-04,27.17303873646643
2021-11-05,26.8767112640552
2021-11-08,27.103897442418777
2021-11-09,27.68667073299148
2021-11-10,27.074264719074893
2021-11-11,26.27418470657427
2021-11-12,26.945856715958588
2021-11-15,27.31132246197038
2021-11-16,26.817445442761247
2021-11-17,25.8889586472194
2021-11-18,25.87908290934515
2021-11-19,25.67165704487919
2021-11-22,25.138270810804052
2021-11-23,24.891333898939813
2021-11-24,24.94072300075818
2021-11-26,23.755418128444205
2021-11-29,24.36242121098087
2021-11-30,24.40203567367555
2021-12-01,23.471115598726968
2021-12-02,22.18366748815121
2021-12-03,22.896714786715528
2021-12-06,21.530039754322456
2021-12-07,22.738256994908127
2021-12-08,23.362177769817794
2021-12-09,22.92642498746868
2021-12-10,22.540190954576403
2021-12-13,21.787531336126207
2021-12-14,20.856607401580064
2021-12-15,20.807094966100443
2021-12-16,22.391640071143676
2021-12-17,20.896223385532878
2021-12-20,20.34163204512004
2021-12-21,20.9457410999235
2021-12-22,21.98560021357135
2021-12-23,22.153958283518232
2021-12-27,22.153958969506466
2021-12-28,22.77787456760322
2021-12-29,21.985601858249062
2021-12-30,21.78753150406344
2021-12-31,21.56965617401347
2022-01-03,22.391640344835828
2022-01-04,22.688744079236663
2022-01-05,24.718943700061512
2022-01-06,24.39213169887982
2022-01-07,22.886811273393228
2022-01-10,23.12449581639216
2022-01-11,23.12449292448218
2022-01-12,23.76821489930495
2022-01-13,23.788024367960578
2022-01-14,22.480769106676238
2022-01-18,22.282702787265663
2022-01-19,21.787530100619197
2022-01-20,21.955889074281963
2022-01-21,20.63873461014911
2022-01-24,18.73727547597192
2022-01-25,19.430516681710017
2022-01-26,20.31192215537275
2022-01-27,19.281964157258102
2022-01-28,18.222296927363335
2022-01-31,18.85611863259977
2022-02-01,19.489937773421552
2022-02-02,20.43076262029887
2022-02-03,19.30177221587299
2022-02-04,18.86601886374927
2022-02-07,19.529548574489084
2022-02-08,19.61868077410381
2022-02-09,20.995258624828452
2022-02-10,22.074731763184673
2022-02-11,21.629077875613905
2022-02-14,21.92617797990586
2022-02-15,21.55975468838179
2022-02-16,21.728109336535873
2022-02-17,21.173520027323463
2022-02-18,20.6486378686203
2022-02-22,19.955396446543546
2022-02-23,20.787284530250393
2022-02-24,20.103950797773905
2022-02-25,22.005406194418367
2022-02-28,23.26314180430108
2022-03-01,24.758558534382434
2022-03-02,24.56048987506348
2022-03-03,25.26363203068138
2022-03-04,22.985843896057485
2022-03-07,24.30300163917415
2022-03-08,24.164353215828005
2022-03-09,24.461456270629416
2022-03-10,26.778855230579534
2022-03-11,27.0759590500387
2022-03-14,26.283686733493354
2022-03-15,24.75855827331543
2022-03-16,25.16459909569836
2022-03-17,24.89720632408515
2022-03-18,26.877891245321628
2022-03-21,27.491901018478423
2022-03-22,29.066547116941543
2022-03-23,29.333940946951188
2022-03-24,28.828867006655543
2022-03-25,28.828864670917586
2022-03-28,28.056396758108292
2022-03-29,26.94721605952359
2022-03-30,27.63054807022921
2022-03-31,28.42282554410297
2022-04-01,29.205194154357226
2022-04-04,29.096257765358228
2022-04-05,28.7199290740906
2022-04-06,28.03659165301039
2022-04-07,28.2247571544279
2022-04-08,30.254956784053462
2022-04-11,30.56196481741474
2022-04-12,30.968003665206812
2022-04-13,31.36414132670778
2022-04-14,31.275008352919404
2022-04-18,31.106652545574374
2022-04-19,30.37380119362195
2022-04-20,29.93804869712838
2022-04-21,31.2254956298891
2022-04-22,27.977168352534136
2022-04-25,26.382717519305594
2022-04-26,26.986826993931796
2022-04-27,26.3926227021949
2022-04-28,25.937066408679808
2022-04-29,26.224265157190246
2022-05-02,25.07546663244127
2022-05-03,25.22401763986583
2022-05-04,25.689481508085564
2022-05-05,26.2143588185901
2022-05-06,24.23367509440226
2022-05-09,22.93632754044771
2022-05-10,21.490430049042192
2022-05-11,21.5795592086312
2022-05-12,20.133660278363035
2022-05-13,20.95564253567702
2022-05-16,21.955887051063712
2022-05-17,22.975943464870607
2022-05-18,23.292850901000094
2022-05-19,22.381737387181893
2022-05-20,23.37207815858782
2022-05-23,23.481014282752167
2022-05-24,23.649373732993826
2022-05-25,23.411693356384507
2022-05-26,23.827635420695447
2022-05-27,24.6100058270293
2022-05-31,25.402281199416354
2022-06-01,24.35251682372108
2022-06-02,24.055415751279984
2022-06-03,25.035854805990674
2022-06-06,25.04575863857062
2022-06-07,24.39213043175685
2022-06-08,27.194798448405813
2022-06-09,26.640206181874564
2022-06-10,25.253728687172643
2022-06-13,24.005896377269394
2022-06-14,22.97594068787956
2022-06-15,22.55009558945126
2022-06-16,21.62907376078085
2022-06-17,20.995257150933288
2022-06-21,21.24284206085578
2022-06-22,20.797188596973097
2022-06-23,20.985354345684907
2022-06-24,21.282455554205647
2022-06-27,22.60951469360218
2022-06-28,23.154203274255888
2022-06-29,22.520385545104013
2022-06-30,21.114097555461534
2022-07-01,20.64863685950879
2022-07-05,20.965546588094536
2022-07-06,21.1438060688977
2022-07-07,21.351778132331606
2022-07-08,22.045018454825872
2022-07-11,21.698400742544713
2022-07-12,21.16361566410043
2022-07-13,20.668446315262567
2022-07-14,20.836804769213078
2022-07-15,22.57980346305133
2022-07-18,22.619417782968984
2022-07-19,22.659032278445896
2022-07-20,23.481015934043064
2022-07-21,23.19381700048947
2022-07-22,23.23343098230324
2022-07-25,22.55999833404164
2022-07-26,22.797680554854598
2022-07-27,23.669179287783507
2022-07-28,25.263633547199433
2022-07-29,25.352761814438743
2022-08-01,25.154694020695647
2022-08-02,24.35251951919003
2022-08-03,25.382472006943036
2022-08-04,24.402035671782524
2022-08-05,24.164350366524456
2022-08-08,25.88754681478019
2022-08-09,25.600350304063944
2022-08-10,25.511219500055375
2022-08-11,25.283439536995914
2022-08-12,25.025951457704927
2022-08-15,24.4218408668127
2022-08-16,24.97643335933192
2022-08-17,25.194308763762773
2022-08-18,24.510972565696722
2022-08-19,23.79792494152153
2022-08-22,22.035115687774432
2022-08-23,22.797679868076788
2022-08-24,24.619911715373533
2022-08-25,26.897696891648444
2022-08-26,26.986828992100026
2022-08-29,26.253974505086145
2022-08-30,28.957608991529057
2022-08-31,28.62089319052347
2022-09-01,28.373307530021897
2022-09-02,28.73973333452456
2022-09-06,29.324038359714585
2022-09-07,28.234660503698528
2022-09-08,29.056642377310364
2022-09-09,30.46293092696698
2022-09-12,30.21534165151174
2022-09-13,28.908093272540114
2022-09-14,29.492394912146636
2022-09-15,29.720170127877946
2022-09-16,27.996978214135982
2022-09-19,26.937312553163135
2022-09-20,27.719682665196927
2022-09-21,28.24456439315642
2022-09-22,27.382965922167784
2022-09-23,26.085617923892247
2022-09-26,24.817977546462437
2022-09-27,25.580540520611336
2022-09-28,26.353009688746564
2022-09-29,27.006635815373293
2022-09-30,26.39262223375669
2022-10-03,26.99673431336236
2022-10-04,28.076206029115877
2022-10-05,27.333449509044183
2022-10-06,27.254222156950732
2022-10-07,26.452042340121864
2022-10-10,26.570886120406836
2022-10-11,25.26363117878848
2022-10-12,22.213378432311725
2022-10-13,21.58945999229191
2022-10-14,22.243087424785013
2022-10-17,21.658785781818906
2022-10-18,22.797681515805593
2022-10-19,23.18391556098541
2022-10-20,22.55009511127046
2022-10-21,22.926426282974116
2022-10-24,23.48101455146776
2022-10-25,23.64937304106921
2022-10-26,24.342613911432288
2022-10-27,25.43199039486008
2022-10-28,23.778119242551856
2022-10-31,23.718699281983543
2022-11-01,24.114838372204055
2022-11-02,23.441403580037534
2022-11-03,22.619419323442163
2022-11-04,23.510727734709157
2022-11-07,23.035361833247745
2022-11-08,23.68898936704529
2022-11-09,23.9464794954738
2022-11-10,24.233675704058832
2022-11-11,24.09502788419096
2022-11-14,24.085123258465416
2022-11-15,24.421842014746016
2022-11-16,24.30300163917415
2022-11-17,23.41169027543378
2022-11-18,23.282947405115504
2022-11-21,23.094783378569264
2022-11-22,23.203721598526496
2022-11-23,23.72859999008366
2022-11-25,24.14454382092638
2022-11-28,23.629567903356943
2022-11-29,23.005273679515273
2022-11-30,23.51230307601751
2022-12-01,24.38717848396657
2022-12-02,23.39300083205793
2022-12-05,23.651487448904685
2022-12-06,22.468417988402173
2022-12-07,21.523946178314926
2022-12-08,22.021035588770033
2022-12-09,21.6929571475876
2022-12-12,21.354935433595553
2022-12-13,22.657309321242916
2022-12-14,21.98127092772875
2022-12-15,21.683016252840215
2022-12-16,21.325112647210148
2022-12-19,21.583597638436395
2022-12-20,21.295286928987405
2022-12-21,22.02103404809127
2022-12-22,21.792376051850066
2022-12-23,22.021038390717273
2022-12-27,22.259637980312444
2022-12-28,22.67719487111061
2022-12-29,22.45847511291504
2022-12-30,22.35905734535259
2023-01-03,22.587716235226704
2023-01-04,22.726904180501812
2023-01-05,22.339173304421728
2023-01-06,22.985388568113393
2023-01-09,24.60589858115941
2023-01-10,24.764967097701224
2023-01-11,25.33164738219886
2023-01-12,25.351530669561985
2023-01-13,25.1626385811028
2023-01-17,25.460891747538714
2023-01-18,25.530482750211743
2023-01-19,24.32752739575433
2023-01-20,25.252112056563234
2023-01-23,26.146873393905494
2023-01-24,26.68373165020488
2023-01-25,26.445129140628804
2023-01-26,27.5088963471068
2023-01-27,26.743378425102563
2023-01-30,27.17087599319313
2023-01-31,27.648081804000622
2023-02-01,27.79720837652792
2023-02-02,28.672085867292555
2023-02-03,27.95627799491243
2023-02-06,27.359771466952825
2023-02-07,27.0615165403462
2023-02-08,27.578489157901927
2023-02-09,28.731735286578477
2023-02-10,28.71185177128314
2023-02-13,29.02004777476016
2023-02-14,28.532902077799232
2023-02-15,28.632316796881888
2023-02-16,29.029989904854396
2023-02-17,28.304237047052403
2023-02-21,28.224705356498887
2023-02-22,27.001866190050023
2023-02-23,27.30012048279138
2023-02-24,26.723496531429046
2023-02-27,27.19076070433621
2023-02-28,27.687851356859074
2023-03-01,27.220584602092647
2023-03-02,27.48901454337276
2023-03-03,27.916509795437577
2023-03-06,27.936394472021526
2023-03-07,26.842797920432655
2023-03-08,26.06733764694237
2023-03-09,26.057395426127197
2023-03-10,25.98780389484452
2023-03-13,24.854441562245537
2023-03-14,25.540427191896068
2023-03-15,24.46671358482862
2023-03-16,24.03921625215025
2023-03-17,24.29770332917539
2023-03-20,24.99362526743231
2023-03-21,25.053278938916808
2023-03-22,25.25211128438188
2023-03-23,24.605898047638203
2023-03-24,23.83043801386846
2023-03-27,24.50648007767207
2023-03-28,24.516420709645924
2023-03-29,25.560306435314015
2023-03-30,25.908272654877184
2023-03-31,26.10710767905815
2023-04-03,26.48489254708785
2023-04-04,25.95798049928803
2023-04-05,25.202405667422102
2023-04-06,24.85444097235651
2023-04-10,24.95386011361679
2023-04-11,25.31176308147107
2023-04-12,25.43106625251919
2023-04-13,25.361473557191687
2023-04-14,26.117046965138265
2023-04-17,26.18664022535653
2023-04-18,25.948038514479645
2023-04-19,25.510598641611466
2023-04-20,25.11292795627229
2023-04-21,25.311764865892314
2023-04-24,25.232229022001064
2023-04-25,25.35153110764995
2023-04-26,25.97786479672025
2023-04-27,26.36559434653685
2023-04-28,26.75332162329069
2023-05-01,27.31005897941064
2023-05-02,27.339886691304905
2023-05-03,26.763265123920334
2023-05-04,26.564428758499893
2023-05-05,26.743380882102556
2023-05-08,27.618256950739077
2023-05-09,27.329944874651094
2023-05-10,28.582611418780107
2023-05-11,28.055695986434806
2023-05-12,27.568548102791752
2023-05-15,27.71767370016155
2023-05-16,27.170876080458367
2023-05-17,27.141052158050396
2023-05-18,27.0217518884455
2023-05-19,27.28023656038114
2023-05-22,26.73343794962241
2023-05-23,27.47907019382248
2023-05-24,27.89662544949579
2023-05-25,27.618256417477923
2023-05-26,27.83697671786381
2023-05-30,27.051573974763272
2023-05-31,26.23634948772682
2023-06-01,27.827032938159856
2023-06-02,30.511314271220176
2023-06-05,29.964516460422242
2023-06-06,30.451662878526324
2023-06-07,30.521255897573557
2023-06-08,29.75573872521349
2023-06-09,30.401953627044996
2023-06-12,30.441722664480054
2023-06-13,32.072170754897805
2023-06-14,31.8136872955299
2023-06-15,30.749916677251836
2023-06-16,31.545260577511
2023-06-20,31.79380307617688
2023-06-21,31.555199623951374
2023-06-22,30.720089772165874
2023-06-23,30.252828885509786
2023-06-26,29.676203067468787
2023-06-27,29.865100537567535
2023-06-28,29.377950113742916
2023-06-29,29.894923344902004
2023-06-30,30.809568144263583
2023-07-03,31.048168642837968
2023-07-05,30.421838270373986
2023-07-06,30.103700540348616
2023-07-07,29.198998578402954
2023-07-10,29.328242629323107
2023-07-11,30.193178433260996
2023-07-12,31.266887664794922
2023-07-13,31.644675845330642
2023-07-14,32.18153267071825
2023-07-17,31.25694843174604
2023-07-18,31.515436397753998
2023-07-19,33.07629318214363
2023-07-20,32.55931813506582
2023-07-21,32.807863372126995
2023-07-24,32.38036545165886
2023-07-25,32.8973409992927
2023-07-26,33.48390418795676
2023-07-27,33.762272788205415
2023-07-28,32.907279489968516
2023-07-31,34.17983053755015
2023-08-01,34.64709420517674
2023-08-02,33.135944779762745
2023-08-03,33.27512579422791
2023-08-04,33.46401898373299
2023-08-07,33.54355618626036
2023-08-08,33.16577075378497
2023-08-09,34.030699871466865
2023-08-10,34.37866879173051
2023-08-11,33.80204022729896
2023-08-14,34.458197327070586
2023-08-15,34.418433493926024
2023-08-16,33.722506270157695
2023-08-17,34.140058829860905
2023-08-18,33.4640218223663
2023-08-21,34.895633633287986
2023-08-22,35.989234924316406
2023-08-23,35.73074541581511
2023-08-24,35.730745248800496
2023-08-25,35.780457487255624
2023-08-28,36.168185343049956
2023-08-29,36.35708016164096
2023-08-30,36.47637775986263
2023-08-31,36.93370459415648
2023-09-01,37.15241803536755
2023-09-05,36.51614675195561
2023-09-06,36.804459647726674
2023-09-07,36.26760212787329
2023-09-08,37.182246381439136
2023-09-11,36.82434396471613
2023-09-12,37.20212904912915
2023-09-13,38.246017785824336
2023-09-14,39.36943293619633
2023-09-15,39.896352632354244
2023-09-18,40.19460477328772
2023-09-19,40.413323587192174
2023-09-20,38.77293067642405
2023-09-21,38.81270183488467
2023-09-22,39.01153729045807
2023-09-25,39.93611787227897
2023-09-26,40.97006416974222
2023-09-27,40.67181124342092
2023-09-28,40.69169153801292
2023-09-29,40.86070503154318
2023-10-02,39.41914481436745
2023-10-03,37.12259740075559
2023-10-04,36.52608773548067
2023-10-05,35.60150412378468
2023-10-06,37.08282469095965
2023-10-09,37.699216019646315
2023-10-10,37.281664159913724
2023-10-11,37.46061673877869
2023-10-12,37.22201112051031
2023-10-13,36.1980094909668
2023-10-16,36.38690171432161
2023-10-17,35.85998934618356
2023-10-18,37.669393439554426
2023-10-19,37.46061459303197
2023-10-20,38.36531632159145
2023-10-23,37.56003144507672
2023-10-24,38.31560934750879
2023-10-25,39.031413038756924
2023-10-26,38.77292981294952
2023-10-27,38.38520486256391
2023-10-30,38.02729702506012
2023-10-31,39.548388270819515
2023-11-01,41.21860589356908
2023-11-02,41.22854998486527
2023-11-03,42.60051483568905
2023-11-06,42.013946077339526
2023-11-07,40.26419582223918
2023-11-08,40.85076210846467
2023-11-09,40.701632141876956
2023-11-10,42.073603542533924
2023-11-13,42.26249335183031
2023-11-14,43.71399926391949
2023-11-15,43.86312120034908
2023-11-16,42.7993521623896
2023-11-17,43.992363719935526
2023-11-20,44.44968722167803
2023-11-21,45.03624751362032
2023-11-22,44.56898676420743
2023-11-24,45.04619319612934
2023-11-27,44.62863614568979
2023-11-28,45.21520014965297
2023-11-29,45.05431767872662
2023-11-30,43.97851279856352
2023-12-01,45.542412430566195
2023-12-04,46.26957727047082
2023-12-05,45.74163190772591
2023-12-06,45.492606307302815
2023-12-07,44.73555917646627
2023-12-08,44.1777324373594
2023-12-11,44.94473994425656
2023-12-12,44.785364140947735
2023-12-13,45.8213257697875
2023-12-14,45.87113157361656
2023-12-15,46.17992578357481
2023-12-18,45.19377017586701
2023-12-19,46.34926889571557
2023-12-20,43.59002352096902
2023-12-21,42.50425976551702
2023-12-22,43.71952086875656
2023-12-26,43.729480038921096
2023-12-27,43.66971583985501
2023-12-28,43.131811946753444
2023-12-29,42.79313107496572
2024-01-02,42.882784266593454
2024-01-03,41.40853082429895
2024-01-04,41.3686875435639
2024-01-05,42.464416784166836
2024-01-08,42.30503986221304
2024-01-09,42.30503912542226
2024-01-10,45.32326744736014
2024-01-11,45.153927821921876
2024-01-12,48.59052574413719
2024-01-16,49.935286261678584
2024-01-17,47.863363764134085
2024-01-18,48.09246994102615
2024-01-19,47.634253938957016
2024-01-22,46.78755796433285
2024-01-23,45.97074255392197
2024-01-24,47.60437246671207
2024-01-25,47.61433345877969
2024-01-26,45.75159773971737
2024-01-29,46.04046962416836
2024-01-30,46.907092147836785
2024-01-31,47.81355836878272
2024-02-01,49.71614014405577
2024-02-02,50.13450591289166
2024-02-05,48.520800461067026
2024-02-06,48.39130591772472
2024-02-07,47.31549845232847
2024-02-08,47.24577183758056
2024-02-09,43.92870435313178
2024-02-12,43.58006666367132
2024-02-13,42.98239702495197
2024-02-14,42.09585120948996
2024-02-15,42.185499015746196
2024-02-16,42.315000680826685
2024-02-20,42.12573643378352
2024-02-21,40.5319516821052
2024-02-22,41.667525422793936
2024-02-23,40.68136651414732
2024-02-26,39.88447619507506
2024-02-27,40.84074587730017
2024-02-28,41.33880427953646
2024-02-29,40.98020125191241
2024-03-01,40.521989876242614
2024-03-04,42.06596772574399
2024-03-05,41.03000635199699
2024-03-06,41.08977481557639
2024-03-07,41.53802941409163
2024-03-08,44.18769831186245
2024-03-11,40.721214274290055
2024-03-12,40.80090038937152
2024-03-13,41.93647347416247
2024-03-14,39.15731301095697
2024-03-15,39.92432313818039
2024-03-18,41.23919683799558
2024-03-19,41.398573722133904
2024-03-20,40.76105248642484
2024-03-21,42.27515276048678
2024-03-22,42.47437675947875
2024-03-25,43.251344961386714
2024-03-26,42.01616111278598
2024-03-27,41.95639704717332
2024-03-28,42.583951497163014
2024-04-01,44.32715227259671
2024-04-02,46.08031418786454
2024-04-03,47.67410073115896
2024-04-04,49.3376108671944
2024-04-05,48.2418869652318
2024-04-08,49.06866345162539
2024-04-09,49.17823490619069
2024-04-10,47.15612095405316
2024-04-11,49.11846979160635
2024-04-12,50.90151395872632
2024-04-15,49.606563629856375
2024-04-16,47.58445224898443
2024-04-17,48.40126693802252
2024-04-18,48.2817326688664
2024-04-19,47.72390542163456
2024-04-22,47.38522681206141
2024-04-23,47.0166625864386
2024-04-24,48.53076448637157
2024-04-25,48.44111121614384
2024-04-26,49.18819599245183
2024-04-29,49.467108240987486
2024-04-30,47.93308868608524
2024-05-01,47.48483784900819
2024-05-02,46.86724836103636
2024-05-03,48.749905948531634
2024-05-06,48.540719862334456
2024-05-07,51.329841668636575
2024-05-08,50.901516595219306
2024-05-09,50.662448768669336
2024-05-10,52.5351472489927
2024-05-13,50.652488500735856
2024-05-14,48.96905115537819
2024-05-15,49.88547895041662
2024-05-16,49.6862567507972
2024-05-17,49.91536174476493
2024-05-20,53.700598304069665
2024-05-21,53.35196340813338
2024-05-22,53.25234966149174
2024-05-23,52.0370902010438
2024-05-24,51.79801959698974
2024-05-28,53.30215190044659
2024-05-29,53.302151255011616
2024-05-30,53.64083391545797
2024-05-31,54.646911040521864
2024-06-03,55.51353184237308
2024-06-04,53.03320663879421
2024-06-05,53.720525266925726
2024-06-06,54.03928084189892
2024-06-07,54.467611993536934
2024-06-10,53.29219368442688
2024-06-11,52.7443313587048
2024-06-12,51.39957166167798
2024-06-13,52.276153648562484
2024-06-14,52.375769062441286
2024-06-17,51.29996174890293
2024-06-18,50.80190474235288
2024-06-20,51.7980194548095
2024-06-21,51.758174483623314
2024-06-24,51.65856600194476
2024-06-25,50.03489509037828
2024-06-26,49.41730138147504
2024-06-27,50.71225166623211
2024-06-28,52.10681647803448
2024-07-01,49.4870332322255
2024-07-02,49.98508755454789
2024-07-03,50.10462470368582
2024-07-05,50.463225158096975
2024-07-08,49.606565482481365
2024-07-09,48.461033621730245
2024-07-10,49.985090310108696
2024-07-11,53.5113410949707
2024-07-12,53.64083149609115
2024-07-15,51.9075927962524
2024-07-16,52.136700914793586
2024-07-17,50.3436930036307
2024-07-18,48.14227568733715
2024-07-19,45.920935301938094
2024-07-22,46.94693660976537
2024-07-23,47.116276148701594
2024-07-24,46.80748325551022
2024-07-25,45.59221763444462
2024-07-26,45.25353859746582
2024-07-29,44.9646640114194
2024-07-30,44.12792829526782
2024-07-31,44.82520653578624
2024-08-01,44.17773575082078
2024-08-02,39.89443660776842
2024-08-05,35.8601662298201
2024-08-06,37.4539511678109
2024-08-07,39.486027142114594
2024-08-08,38.579561850636544
2024-08-09,39.446182591520085
2024-08-12,39.77490501316538
2024-08-13,39.29676745399333
2024-08-14,39.63544880148154
2024-08-15,40.27296209471675
2024-08-16,40.352647560560484
2024-08-19,40.44230002880385
2024-08-20,41.079817010367066
2024-08-21,41.4682998186027
2024-08-22,41.358729840458345
2024-08-23,42.48434169998507
2024-08-26,43.370879872974946
2024-08-27,41.3388034633444
2024-08-28,41.03997065469562
2024-08-29,40.77102133211815
2024-08-30,40.23311313491441
2024-09-03,39.84462974569188
2024-09-04,37.73286967718517
2024-09-05,38.99793183634356
2024-09-06,37.68306410011552
2024-09-09,37.344382471620676
2024-09-10,37.09535362835571
2024-09-11,37.802593284753165
2024-09-12,40.223154320312254
2024-09-13,40.7610559509834
2024-09-16,40.362614723742816
2024-09-17,40.890549931814164
2024-09-18,40.14346518964296
2024-09-19,41.298958108450236
2024-09-20,43.32107765452822
2024-09-23,45.26349859602654
2024-09-24,47.13619602119277
2024-09-25,46.518608907685234
2024-09-26,48.15223654796839
2024-09-27,48.05262472634622
2024-09-30,47.79363245622676
2024-10-01,47.88328698161716
2024-10-02,48.530762171700744
2024-10-03,49.805787161573505
2024-10-04,49.98508934118775
2024-10-07,51.29996315129912
2024-10-08,50.08470037236641
2024-10-09,50.81186357617701
2024-10-10,49.985087036785025
2024-10-11,49.696215102272745
2024-10-14,51.15054194204452
2024-10-15,51.837867685418956
2024-10-16,53.17265989434108
2024-10-17,55.33423009753995
2024-10-18,56.72879223338472
2024-10-21,58.27277154362204
2024-10-22,56.92801831417687
2024-10-23,55.97174275700048
2024-10-24,54.696718934115225
2024-10-25,53.59102561696375
2024-10-28,53.05312281759416
2024-10-29,54.78636859698333
2024-10-30,54.34807748918845
2024-10-31,53.21250200828687
2024-11-01,52.83398115401921
2024-11-04,51.04097503648631
2024-11-05,51.38961404895418
2024-11-06,52.39568968219826
2024-11-07,51.59879478393374
2024-11-08,53.541221382691965
2024-11-11,52.54510414240364
2024-11-12,51.39957135454262
2024-11-13,55.42387962175643
2024-11-14,52.545107124685074
2024-11-15,52.385727809945486
2024-11-18,54.1488535824551
2024-11-19,55.96178559163359
2024-11-20,58.1432767866341
2024-11-21,58.511840557617354
2024-11-22,59.92632709483036
2024-11-25,60.26500093086227
2024-11-26,57.50576482520579
2024-11-27,58.56596679186427
2024-11-29,58.4761432694643
2024-12-02,59.98320786356265
2024-12-03,58.715676418721905
2024-12-04,59.93330326997613
2024-12-05,59.38437442832574
2024-12-06,61.38048880477591
2024-12-09,61.550155244917114
2024-12-10,56.809384480863706
2024-12-11,56.55987071569116
2024-12-12,56.88923100062779
2024-12-13,55.72150602745759
2024-12-16,53.97490705736268
2024-12-17,53.04671684494358
2024-12-18,53.56570288217445
2024-12-19,52.497779557586576
2024-12-20,51.68935822308009
2024-12-23,52.02869614164866
2024-12-24,53.286246268013244
2024-12-26,52.477824445384634
2024-12-27,52.28818872147039
2024-12-30,51.66939488169387
2024-12-31,51.49972542819374
2025-01-02,51.17036963488072
2025-01-03,52.657472186541845
2025-01-06,54.07471439960692
2025-01-07,55.49195146297801
2025-01-08,51.51968666186871
2025-01-10,50.80108778968635
2025-01-13,48.54547694442849
2025-01-14,49.27405960832826
2025-01-15,50.37192329666595
2025-01-16,50.14237261711946
2025-01-17,49.423770378101324
2025-01-21,52.098559659177425
2025-01-22,54.60368034296157
2025-01-23,56.14068889835892
2025-01-24,57.438161415492814
2025-01-27,51.26019170695764
2025-01-28,48.006525848168
2025-01-29,48.625323201790664
2025-01-30,51.010678734940214
2025-01-31,50.691300484849364
2025-02-03,47.34780920140298
2025-02-04,48.315925566030835
2025-02-05,50.15235115293262
2025-02-06,50.63141581643619
2025-02-07,48.80497625331403
2025-02-10,50.401865702054266
2025-02-11,50.04256158953276
2025-02-12,49.104389400315526
2025-02-13,49.36388559108449
2025-02-14,49.19421461440478
2025-02-18,47.208083475532
2025-02-19,46.8388001090211
2025-02-20,48.4057523895955
2025-02-21,46.32978926694012
2025-02-24,43.52525286925026
2025-02-25,43.26575570586764
2025-02-26,44.58319271949971
2025-02-27,45.55130627472254
2025-02-28,42.81663414834523
2025-03-03,44.553252296629765
2025-03-04,39.96219041341361
2025-03-05,42.467312417545266
2025-03-06,41.86847952397016
2025-03-07,42.267700591283905
2025-03-10,40.78059740466953
2025-03-11,40.610926799258124
2025-03-12,43.43542991210488
2025-03-13,42.297644152537394
2025-03-14,42.4573339113906
2025-03-17,42.48727477002967
2025-03-18,43.11605058003961
2025-03-19,43.455391379836236
2025-03-20,43.57515420048675
2025-03-21,44.553249214877034
2025-03-24,45.271852803079184
2025-03-25,45.451503807575186
2025-03-26,44.3636234555275
2025-03-27,42.856552421395214
2025-03-28,42.197836925429954
2025-03-31,40.4212960109629
2025-04-01,41.76867114676029
2025-04-02,40.94028723551281
2025-04-03,40.64087214421146
2025-04-04,39.54300749469322
2025-04-07,35.93004198322785
2025-04-08,38.71461904986713
2025-04-09,36.419092216117754
2025-04-10,38.77450333076579
2025-04-11,38.515007823251494
2025-04-14,41.85849788264446
2025-04-15,41.299585810877794
2025-04-16,40.36141172709679
2025-04-17,41.15986035910671
2025-04-21,41.13989959194671
2025-04-22,40.111896158331184
2025-04-23,41.519159254619154
2025-04-24,42.14793265598498
2025-04-25,43.36556656845089
2025-04-28,43.76478519746177
2025-04-29,45.231929556048954
2025-04-30,44.73290293594122
2025-05-01,45.91060783443794
2025-05-02,46.40963670788936
2025-05-05,46.67911380730359
2025-05-06,45.4016001917592
2025-05-07,47.90672076163872
2025-05-08,50.31203832920197
2025-05-09,49.31398177132219
2025-05-12,52.348075278839104
2025-05-13,51.00069469605763
2025-05-14,51.958834372406216
2025-05-15,52.667453322366875
2025-05-16,51.35999759965825
2025-05-19,50.20225253354565
2025-05-20,51.59953155370681
2025-05-21,52.01871288737333
2025-05-22,51.79914314742853
2025-05-23,55.96103929956751
2025-05-27,60.53213998083982
2025-05-28,60.262665870465476
2025-05-29,60.77167364497577
2025-05-30,58.316455614552815
2025-06-02,58.6857344083339
2025-06-03,60.59202309123134
2025-06-04,59.22468471246505
2025-06-05,59.853460557838595
2025-06-06,59.91334408754564
2025-06-09,63.07718272712442
2025-06-10,66.50051742017384
2025-06-11,64.38464030808224
2025-06-12,65.37271132580975
2025-06-13,65.41263791207491
2025-06-16,68.66630279171213
2025-06-17,69.6443939320844
2025-06-18,69.2152291011943
2025-06-20,69.74420103411565
2025-06-23,67.5285239464245
2025-06-24,69.97375496542972
2025-06-25,71.95988726928897
2025-06-26,72.50881982128814
2025-06-27,74.57479600093689
2025-06-30,73.85619799629477
2025-07-01,73.42703287003108
2025-07-02,71.32112842183658
2025-07-03,71.86007949528204
2025-07-07,72.49883669509224
2025-07-08,74.45502827775064
2025-07-09,71.58062514176525
2025-07-10,71.73033559593622
2025-07-11,70.51271165922071
2025-07-14,72.16947809741605
2025-07-15,75.9022165112452
2025-07-16,76.12178516426215
2025-07-17,75.85230644488446
2025-07-18,78.3773885810229
2025-07-21,79.13591836920465
2025-07-22,76.45114231330447
2025-07-23,77.34939777907992
2025-07-24,78.99619386117621
2025-07-25,79.3754488349646
2025-07-28,79.72476587523981
2025-07-29,79.01614945285338
2025-07-30,77.65878843530486
2025-07-31,79.7946348939407
2025-08-01,72.76831888843424
2025-08-04,73.36714748156989
2025-08-05,75.45308486855336
2025-08-06,75.29340154656926
2025-08-07,76.73059921766246
2025-08-08,76.60085525197336
2025-08-11,76.36132398782463
2025-08-12,77.50908757609498
2025-08-13,78.33747017780988
2025-08-14,75.35328472939634
2025-08-15,75.15367440440362
2025-08-18,75.27343443016342
2025-08-19,76.3313786268102
2025-08-20,72.51880796313785
2025-08-21,70.65243541582902
2025-08-22,73.49689847750712
2025-08-25,75.0139435080508
2025-08-26,74.68458492960953
2025-08-27,76.3014296192922
2025-08-28,75.3832214863521
2025-08-29,80.83261142503659
2025-09-02,74.26540567513365
2025-09-03,75.85231026218345
2025-09-04,76.7805029178329
2025-09-05,76.88030577302106
2025-09-08,76.61083420528813
2025-09-09,77.8085007890885
2025-09-10,78.01809026323993
2025-09-11,79.245703191334
2025-09-12,79.32555430286851
2025-09-15,78.32749149157146
2025-09-16,86.16224135281752
2025-09-17,81.69093941712177
2025-09-18,82.53928433677416
2025-09-19,82.83870682736968
2025-09-22,86.631326223842
2025-09-23,86.54149512017834
2025-09-24,87.6094162077248
2025-09-25,80.24375769296128
2025-09-26,85.49354265449918
2025-09-29,87.06048924149508
2025-09-30,83.48744574672698
2025-10-01,82.928526959587
2025-10-02,84.12619838441353
2025-10-03,84.43559627011825
2025-10-06,86.21213885695921
2025-10-07,86.00254302619663
2025-10-08,87.00059870612763
2025-10-09,86.98064439592206
2025-10-10,87.24013837081519
2025-10-13,89.82510099736842
2025-10-14,89.52568024302381
2025-10-15,95.8134463630947
2025-10-16,94.06684337287061
2025-10-17,87.61940270628158
2025-10-20,87.47966956432198
2025-10-21,84.13618696945647
2025-10-22,82.13008419323708
2025-10-23,84.61524329800883
2025-10-24,86.83093129605783
2025-10-27,87.4297667318126
2025-10-28,100.33464087094845
2025-10-29,103.95759065777152
2025-10-30,105.61436326462167
2025-10-31,105.7640707893628
2025-11-03,103.07929262275421
2025-11-04,97.13088041008577
2025-11-05,94.81538490993205
2025-11-06,94.16664995654548
2025-11-07,88.02859606886197
2025-11-10,96.05297529020713
2025-11-11,92.75939193169768
2025-11-12,92.8492113584256
2025-11-13,91.69147305275871
2025-11-14,83.2179679676778
2025-11-17,83.6670931021814
2025-11-18,81.66100284993823
2025-11-19,84.03637393296941
2025-11-20,87.37986964403613
2025-11-21,81.64104377050464
2025-11-24,79.53513878257164
2025-11-25,83.83676362039101
2025-11-26,88.63741302490234
2025-11-28,88.82705074129078
2025-12-01,87.13999938964844
2025-12-02,88.0999984741211
2025-12-03,88.0999984741211
2025-12-04,89.27999877929688
2025-12-05,95.0
2025-12-08,91.66000366210938
2025-12-09,90.0
2025-12-10,93.0199966430664
2025-12-11,93.19000244140625
2025-12-12,95.1500015258789
2025-12-15,92.41999816894531
2025-12-16,88.95999908447266
2025-12-17,88.20999908447266
2025-12-18,86.45999908447266
2025-12-19,88.26000213623047
2025-12-22,91.98999786376953
2025-12-23,91.70999908447266
2025-12-24,93.08000183105469
2025-12-26,93.91999816894531
2025-12-29,91.66999816894531
2025-12-30,93.30000305175781
2025-12-31,91.12999725341797
2026-01-02,93.0
2026-01-05,100.16999816894531
2026-01-06,101.1500015258789
2026-01-07,102.30000305175781
2026-01-08,104.47000122070312
2026-01-09,109.58000183105469
2026-01-12,108.5
2026-01-13,111.11000061035156
2026-01-14,108.95999908447266
2026-01-15,111.05000305175781
2026-01-16,114.56999969482422
2026-01-20,115.2699966430664
2026-01-21,119.6500015258789
2026-01-22,124.7300033569336
2026-01-23,122.91000366210938
2026-01-26,126.87999725341797
2026-01-27,122.12999725341797
2026-01-28,128.00999450683594
2026-01-29,135.24000549316406
2026-01-30,128.5
2026-02-02,122.19000244140625
2026-02-03,125.52999877929688
2026-02-04,125.29000091552734
2026-02-05,111.0
2026-02-06,112.33999633789062
2026-02-09,114.2699966430664
2026-02-10,120.27999877929688
2026-02-11,121.58000183105469
2026-02-12,119.0
2026-02-13,113.25
2026-02-17,110.75
2026-02-18,114.5
2026-02-19,115.52999877929688
2026-02-20,118.88999938964844
2026-02-23,122.0
2026-02-24,118.73999786376953
2026-02-25,122.55000305175781
2026-02-26,118.38999938964844
2026-02-27,116.19999694824219
2026-03-02,118.83999633789062
2026-03-03,118.0
2026-03-04,119.51000213623047
2026-03-05,118.05000305175781
2026-03-06,111.4000015258789
2026-03-09,107.18000030517578
2026-03-10,116.5
2026-03-11,119.18000030517578
2026-03-12,116.2300033569336
2026-03-13,115.75
2026-03-16,108.66999816894531
2026-03-17,110.2300033569336
2026-03-18,111.19999694824219
2026-03-19,105.0
2026-03-20,106.37000274658203
2026-03-23,102.5
2026-03-24,104.41999816894531
2026-03-25,110.30999755859375
2026-03-26,107.5199966430664
2026-03-27,102.7699966430664
