Date,volume
2014-10-02,16000600
2014-10-03,4069700
2014-10-06,802900
2014-10-07,937500
2014-10-08,1020200
2014-10-09,1775000
2014-10-10,1337900
2014-10-13,479100
2014-10-14,800900
2014-10-15,1361200
2014-10-16,620700
2014-10-17,801400
2014-10-20,683800
2014-10-21,941900
2014-10-22,952500
2014-10-23,946200
2014-10-24,1005900
2014-10-27,1538900
2014-10-28,378800
2014-10-29,341500
2014-10-30,758400
2014-10-31,827100
2014-11-03,1020700
2014-11-04,387500
2014-11-05,420500
2014-11-06,313700
2014-11-07,451500
2014-11-10,616300
2014-11-11,2331500
2014-11-12,1659900
2014-11-13,1143900
2014-11-14,826300
2014-11-17,554100
2014-11-18,483800
2014-11-19,713500
2014-11-20,457400
2014-11-21,654100
2014-11-24,189800
2014-11-25,456500
2014-11-26,166200
2014-11-28,136800
2014-12-01,425800
2014-12-02,803400
2014-12-03,320400
2014-12-04,876900
2014-12-05,617300
2014-12-08,407100
2014-12-09,345300
2014-12-10,418400
2014-12-11,748700
2014-12-12,2432300
2014-12-15,876400
2014-12-16,461700
2014-12-17,947700
2014-12-18,867800
2014-12-19,2301400
2014-12-22,945800
2014-12-23,531500
2014-12-24,171900
2014-12-26,144100
2014-12-29,429100
2014-12-30,637200
2014-12-31,425900
2015-01-02,325300
2015-01-05,596600
2015-01-06,1012000
2015-01-07,899100
2015-01-08,694000
2015-01-09,859500
2015-01-12,875800
2015-01-13,660500
2015-01-14,1026900
2015-01-15,1500700
2015-01-16,512200
2015-01-20,656800
2015-01-21,432900
2015-01-22,721900
2015-01-23,674600
2015-01-26,518600
2015-01-27,652400
2015-01-28,396000
2015-01-29,513400
2015-01-30,570300
2015-02-02,335300
2015-02-03,441200
2015-02-04,275900
2015-02-05,816000
2015-02-06,506400
2015-02-09,234900
2015-02-10,475900
2015-02-11,510500
2015-02-12,1242600
2015-02-13,411900
2015-02-17,575600
2015-02-18,401100
2015-02-19,682500
2015-02-20,1025000
2015-02-23,1086000
2015-02-24,359100
2015-02-25,447500
2015-02-26,384300
2015-02-27,345300
2015-03-02,769400
2015-03-03,1706400
2015-03-04,5394600
2015-03-05,1372900
2015-03-06,1679600
2015-03-09,579600
2015-03-10,620100
2015-03-11,539100
2015-03-12,598200
2015-03-13,2756000
2015-03-16,1161100
2015-03-17,630700
2015-03-18,589700
2015-03-19,755500
2015-03-20,1400000
2015-03-23,554600
2015-03-24,790200
2015-03-25,732300
2015-03-26,317100
2015-03-27,454100
2015-03-30,323700
2015-03-31,1016900
2015-04-01,895300
2015-04-02,358500
2015-04-06,773200
2015-04-07,629000
2015-04-08,1154700
2015-04-09,322800
2015-04-10,1068000
2015-04-13,919300
2015-04-14,523400
2015-04-15,305400
2015-04-16,459800
2015-04-17,725100
2015-04-20,639500
2015-04-21,355200
2015-04-22,359100
2015-04-23,253200
2015-04-24,487700
2015-04-27,656300
2015-04-28,816200
2015-04-29,542100
2015-04-30,697100
2015-05-01,1304900
2015-05-04,970000
2015-05-05,314100
2015-05-06,1089800
2015-05-07,682600
2015-05-08,2409300
2015-05-11,4248800
2015-05-12,1690900
2015-05-13,989200
2015-05-14,769400
2015-05-15,1107500
2015-05-18,925800
2015-05-19,531800
2015-05-20,841600
2015-05-21,1405800
2015-05-22,551300
2015-05-26,599400
2015-05-27,428200
2015-05-28,481000
2015-05-29,623700
2015-06-01,940400
2015-06-02,554400
2015-06-03,730000
2015-06-04,469800
2015-06-05,920700
2015-06-08,543700
2015-06-09,453200
2015-06-10,1144400
2015-06-11,507500
2015-06-12,535000
2015-06-15,816200
2015-06-16,600800
2015-06-17,961900
2015-06-18,2092300
2015-06-19,1177100
2015-06-22,838900
2015-06-23,609900
2015-06-24,272000
2015-06-25,1031000
2015-06-26,1173500
2015-06-29,499800
2015-06-30,529900
2015-07-01,710500
2015-07-02,695800
2015-07-06,364200
2015-07-07,302200
2015-07-08,307400
2015-07-09,663400
2015-07-10,978100
2015-07-13,474400
2015-07-14,583700
2015-07-15,381300
2015-07-16,711300
2015-07-17,921400
2015-07-20,613000
2015-07-21,387700
2015-07-22,956200
2015-07-23,489600
2015-07-24,498400
2015-07-27,444200
2015-07-28,482800
2015-07-29,443300
2015-07-30,291200
2015-07-31,559100
2015-08-03,582600
2015-08-04,1002000
2015-08-05,470400
2015-08-06,697000
2015-08-07,758800
2015-08-10,1566200
2015-08-11,1596300
2015-08-12,7211200
2015-08-13,6591300
2015-08-14,3533200
2015-08-17,1819000
2015-08-18,5630300
2015-08-19,1997600
2015-08-20,1496500
2015-08-21,1329500
2015-08-24,1471400
2015-08-25,1449000
2015-08-26,1255900
2015-08-27,989500
2015-08-28,740400
2015-08-31,3694400
2015-09-01,3140300
2015-09-02,1992800
2015-09-03,1030000
2015-09-04,1124400
2015-09-08,1893100
2015-09-09,1649500
2015-09-10,1142600
2015-09-11,1837000
2015-09-14,1242800
2015-09-15,1185800
2015-09-16,1372200
2015-09-17,628800
2015-09-18,1412800
2015-09-21,675900
2015-09-22,1054800
2015-09-23,682600
2015-09-24,764300
2015-09-25,833900
2015-09-28,655600
2015-09-29,585200
2015-09-30,439400
2015-10-01,1992800
2015-10-02,422200
2015-10-05,1200600
2015-10-06,1321800
2015-10-07,853000
2015-10-08,616600
2015-10-09,605900
2015-10-12,708900
2015-10-13,479300
2015-10-14,756000
2015-10-15,595900
2015-10-16,1238000
2015-10-19,1217800
2015-10-20,1604700
2015-10-21,935100
2015-10-22,778400
2015-10-23,737200
2015-10-26,539500
2015-10-27,697300
2015-10-28,540700
2015-10-29,1158100
2015-10-30,607400
2015-11-02,886900
2015-11-03,1214200
2015-11-04,723600
2015-11-05,784900
2015-11-06,1154200
2015-11-09,2604200
2015-11-10,7939300
2015-11-11,3137000
2015-11-12,1831200
2015-11-13,1668500
2015-11-16,1358000
2015-11-17,1997500
2015-11-18,1434800
2015-11-19,828000
2015-11-20,936700
2015-11-23,1301000
2015-11-24,836300
2015-11-25,348800
2015-11-27,393600
2015-11-30,1359100
2015-12-01,1409100
2015-12-02,3160400
2015-12-03,935500
2015-12-04,544000
2015-12-07,1531900
2015-12-08,757700
2015-12-09,1335600
2015-12-10,689100
2015-12-11,465400
2015-12-14,723900
2015-12-15,757600
2015-12-16,1071400
2015-12-17,477900
2015-12-18,1485900
2015-12-21,1001400
2015-12-22,524300
2015-12-23,628500
2015-12-24,231800
2015-12-28,484500
2015-12-29,494300
2015-12-30,486000
2015-12-31,761000
2016-01-04,1051200
2016-01-05,821100
2016-01-06,983400
2016-01-07,994700
2016-01-08,498500
2016-01-11,468200
2016-01-12,997700
2016-01-13,835100
2016-01-14,1291200
2016-01-15,996800
2016-01-19,579500
2016-01-20,2278700
2016-01-21,887500
2016-01-22,707400
2016-01-25,1159300
2016-01-26,677300
2016-01-27,822200
2016-01-28,823200
2016-01-29,1039100
2016-02-01,1205700
2016-02-02,1039300
2016-02-03,686100
2016-02-04,876700
2016-02-05,2884700
2016-02-08,3278600
2016-02-09,3447100
2016-02-10,1533200
2016-02-11,720300
2016-02-12,744100
2016-02-16,1298700
2016-02-17,1211200
2016-02-18,800200
2016-02-19,666200
2016-02-22,1129400
2016-02-23,910100
2016-02-24,2045500
2016-02-25,5083500
2016-02-26,1994600
2016-02-29,1022700
2016-03-01,1172500
2016-03-02,1796500
2016-03-03,1573900
2016-03-04,982000
2016-03-07,916100
2016-03-08,679900
2016-03-09,801000
2016-03-10,691100
2016-03-11,574900
2016-03-14,965400
2016-03-15,741100
2016-03-16,1136800
2016-03-17,534900
2016-03-18,1578100
2016-03-21,3321900
2016-03-22,2088700
2016-03-23,870500
2016-03-24,754100
2016-03-28,591500
2016-03-29,876800
2016-03-30,944700
2016-03-31,1533500
2016-04-01,1299000
2016-04-04,729600
2016-04-05,717100
2016-04-06,810700
2016-04-07,843300
2016-04-08,1396600
2016-04-11,1060600
2016-04-12,494200
2016-04-13,518100
2016-04-14,775200
2016-04-15,410100
2016-04-18,914500
2016-04-19,809300
2016-04-20,695600
2016-04-21,390800
2016-04-22,566000
2016-04-25,999800
2016-04-26,982700
2016-04-27,724300
2016-04-28,588900
2016-04-29,716900
2016-05-02,2105000
2016-05-03,1208800
2016-05-04,1010900
2016-05-05,1123600
2016-05-06,2024400
2016-05-09,5079400
2016-05-10,2563600
2016-05-11,812300
2016-05-12,891700
2016-05-13,621900
2016-05-16,646800
2016-05-17,1238100
2016-05-18,787300
2016-05-19,684900
2016-05-20,884300
2016-05-23,824400
2016-05-24,2600400
2016-05-25,1311700
2016-05-26,740800
2016-05-27,584100
2016-05-31,1191000
2016-06-01,825300
2016-06-02,762500
2016-06-03,671100
2016-06-06,740300
2016-06-07,662800
2016-06-08,792000
2016-06-09,1998100
2016-06-10,1411200
2016-06-13,1512700
2016-06-14,1101600
2016-06-15,1370600
2016-06-16,1170500
2016-06-17,1046100
2016-06-20,914700
2016-06-21,1171500
2016-06-22,1360100
2016-06-23,1533600
2016-06-24,2767100
2016-06-27,1835300
2016-06-28,910900
2016-06-29,1079400
2016-06-30,696100
2016-07-01,927800
2016-07-05,1223500
2016-07-06,918600
2016-07-07,1058400
2016-07-08,829400
2016-07-11,763300
2016-07-12,760300
2016-07-13,474900
2016-07-14,682700
2016-07-15,457700
2016-07-18,1308500
2016-07-19,571400
2016-07-20,839100
2016-07-21,766900
2016-07-22,654700
2016-07-25,549500
2016-07-26,813500
2016-07-27,384500
2016-07-28,1542100
2016-07-29,825200
2016-08-01,1177200
2016-08-02,2449100
2016-08-03,2338000
2016-08-04,1105000
2016-08-05,1103100
2016-08-08,2068600
2016-08-09,13282400
2016-08-10,7979900
2016-08-11,2525500
2016-08-12,1596200
2016-08-15,1563400
2016-08-16,941300
2016-08-17,927800
2016-08-18,742500
2016-08-19,1008800
2016-08-22,950900
2016-08-23,884600
2016-08-24,1050300
2016-08-25,598500
2016-08-26,1037000
2016-08-29,1325900
2016-08-30,1169100
2016-08-31,533500
2016-09-01,769600
2016-09-02,593700
2016-09-06,1311400
2016-09-07,1286700
2016-09-08,1312700
2016-09-09,2041900
2016-09-12,900400
2016-09-13,1177300
2016-09-14,1138100
2016-09-15,1463600
2016-09-16,2647400
2016-09-19,991500
2016-09-20,593300
2016-09-21,1157900
2016-09-22,869600
2016-09-23,1027500
2016-09-26,1360500
2016-09-27,792000
2016-09-28,532100
2016-09-29,866700
2016-09-30,1318500
2016-10-03,1186800
2016-10-04,1246600
2016-10-05,618500
2016-10-06,718600
2016-10-07,860100
2016-10-10,676400
2016-10-11,1264700
2016-10-12,637500
2016-10-13,1554200
2016-10-14,1361900
2016-10-17,918600
2016-10-18,900700
2016-10-19,606000
2016-10-20,1285700
2016-10-21,1100500
2016-10-24,976800
2016-10-25,1826500
2016-10-26,1310700
2016-10-27,1175300
2016-10-28,1466800
2016-10-31,604500
2016-11-01,776300
2016-11-02,872600
2016-11-03,1038800
2016-11-04,2391300
2016-11-07,3295800
2016-11-08,9759400
2016-11-09,3437800
2016-11-10,2394700
2016-11-11,1106400
2016-11-14,1318300
2016-11-15,1384500
2016-11-16,786000
2016-11-17,1019100
2016-11-18,2055300
2016-11-21,1379000
2016-11-22,1352000
2016-11-23,718500
2016-11-25,295500
2016-11-28,1316400
2016-11-29,1281900
2016-11-30,1894300
2016-12-01,1133900
2016-12-02,894100
2016-12-05,1217900
2016-12-06,1961100
2016-12-07,948000
2016-12-08,863700
2016-12-09,904400
2016-12-12,713600
2016-12-13,440000
2016-12-14,429800
2016-12-15,470700
2016-12-16,1498700
2016-12-19,696000
2016-12-20,1298200
2016-12-21,1139500
2016-12-22,1575900
2016-12-23,1209300
2016-12-27,585500
2016-12-28,516900
2016-12-29,617800
2016-12-30,761300
2017-01-03,1016400
2017-01-04,1111500
2017-01-05,1202300
2017-01-06,1304000
2017-01-09,708600
2017-01-10,3070000
2017-01-11,1042800
2017-01-12,1030800
2017-01-13,993400
2017-01-17,1508600
2017-01-18,619400
2017-01-19,677800
2017-01-20,467000
2017-01-23,748700
2017-01-24,778000
2017-01-25,766800
2017-01-26,1045200
2017-01-27,978200
2017-01-30,1508400
2017-01-31,901900
2017-02-01,796100
2017-02-02,512500
2017-02-03,949100
2017-02-06,699300
2017-02-07,1242700
2017-02-08,1106500
2017-02-09,802400
2017-02-10,436600
2017-02-13,613100
2017-02-14,763400
2017-02-15,1090800
2017-02-16,977000
2017-02-17,909900
2017-02-21,1196200
2017-02-22,1526900
2017-02-23,6727300
2017-02-24,3158300
2017-02-27,1123400
2017-02-28,1487900
2017-03-01,696000
2017-03-02,1394900
2017-03-03,1776900
2017-03-06,1249600
2017-03-07,849400
2017-03-08,911200
2017-03-09,822300
2017-03-10,801000
2017-03-13,1091600
2017-03-14,497700
2017-03-15,883500
2017-03-16,822500
2017-03-17,936700
2017-03-20,1081500
2017-03-21,676800
2017-03-22,695500
2017-03-23,436100
2017-03-24,486400
2017-03-27,1020700
2017-03-28,824600
2017-03-29,1305300
2017-03-30,505500
2017-03-31,696600
2017-04-03,908700
2017-04-04,407400
2017-04-05,634700
2017-04-06,748000
2017-04-07,1632500
2017-04-10,1366800
2017-04-11,952500
2017-04-12,665000
2017-04-13,696600
2017-04-17,794800
2017-04-18,472800
2017-04-19,1298600
2017-04-20,1436100
2017-04-21,491200
2017-04-24,3444500
2017-04-25,1254000
2017-04-26,438900
2017-04-27,846700
2017-04-28,837400
2017-05-01,1885600
2017-05-02,3005000
2017-05-03,907800
2017-05-04,625500
2017-05-05,1097000
2017-05-08,3437200
2017-05-09,11973200
2017-05-10,4097300
2017-05-11,4567500
2017-05-12,4701600
2017-05-15,2101600
2017-05-16,1405800
2017-05-17,1829700
2017-05-18,1980100
2017-05-19,1494900
2017-05-22,1089500
2017-05-23,1066400
2017-05-24,1326900
2017-05-25,1423200
2017-05-26,727100
2017-05-30,1345300
2017-05-31,1498000
2017-06-01,1733900
2017-06-02,1863600
2017-06-05,1008100
2017-06-06,1600000
2017-06-07,1608900
2017-06-08,1837900
2017-06-09,3211500
2017-06-12,2430600
2017-06-13,934400
2017-06-14,1011400
2017-06-15,1698200
2017-06-16,3037100
2017-06-19,1899100
2017-06-20,1101700
2017-06-21,801100
2017-06-22,761400
2017-06-23,4242800
2017-06-26,1279400
2017-06-27,965900
2017-06-28,1259400
2017-06-29,1118900
2017-06-30,1144200
2017-07-03,858800
2017-07-05,911900
2017-07-06,771900
2017-07-07,750000
2017-07-10,944400
2017-07-11,603200
2017-07-12,608500
2017-07-13,1293800
2017-07-14,604700
2017-07-17,799800
2017-07-18,716300
2017-07-19,546900
2017-07-20,600800
2017-07-21,716100
2017-07-24,546200
2017-07-25,548800
2017-07-26,1323500
2017-07-27,1122500
2017-07-28,704500
2017-07-31,971700
2017-08-01,992600
2017-08-02,1155900
2017-08-03,1346300
2017-08-04,1059000
2017-08-07,2524200
2017-08-08,4644900
2017-08-09,1890200
2017-08-10,2586900
2017-08-11,1198600
2017-08-14,1255500
2017-08-15,861600
2017-08-16,939700
2017-08-17,1712100
2017-08-18,1192700
2017-08-21,1228000
2017-08-22,872800
2017-08-23,734900
2017-08-24,983700
2017-08-25,1366000
2017-08-28,611200
2017-08-29,1284500
2017-08-30,796000
2017-08-31,1458100
2017-09-01,1327100
2017-09-05,916300
2017-09-06,1166500
2017-09-07,1319900
2017-09-08,2053400
2017-09-11,2118000
2017-09-12,3727700
2017-09-13,2733800
2017-09-14,1397700
2017-09-15,1637300
2017-09-18,1024200
2017-09-19,838000
2017-09-20,2320700
2017-09-21,1305200
2017-09-22,4132000
2017-09-25,1849300
2017-09-26,2003600
2017-09-27,1640500
2017-09-28,1575600
2017-09-29,1471400
2017-10-02,1305600
2017-10-03,1969900
2017-10-04,1374300
2017-10-05,1601800
2017-10-06,1588000
2017-10-09,805000
2017-10-10,2048600
2017-10-11,1719900
2017-10-12,1587000
2017-10-13,1919500
2017-10-16,2346100
2017-10-17,1736100
2017-10-18,3130500
2017-10-19,1527700
2017-10-20,1683100
2017-10-23,3014400
2017-10-24,1068400
2017-10-25,1305900
2017-10-26,1411300
2017-10-27,3117700
2017-10-30,2212100
2017-10-31,1643600
2017-11-01,4635500
2017-11-02,14186600
2017-11-03,6132900
2017-11-06,2455200
2017-11-07,3223300
2017-11-08,2845600
2017-11-09,1840600
2017-11-10,2192600
2017-11-13,1865600
2017-11-14,1754500
2017-11-15,1348600
2017-11-16,1212500
2017-11-17,1246900
2017-11-20,957400
2017-11-21,702300
2017-11-22,623100
2017-11-24,351300
2017-11-27,890600
2017-11-28,1599400
2017-11-29,2230000
2017-11-30,2217400
2017-12-01,1295500
2017-12-04,1898000
2017-12-05,728900
2017-12-06,1809400
2017-12-07,720200
2017-12-08,1225800
2017-12-11,975000
2017-12-12,935500
2017-12-13,1076100
2017-12-14,1035500
2017-12-15,2064100
2017-12-18,2091500
2017-12-19,1412600
2017-12-20,1925800
2017-12-21,2699100
2017-12-22,1429600
2017-12-26,1443100
2017-12-27,1003400
2017-12-28,596600
2017-12-29,964300
2018-01-02,2045100
2018-01-03,2693900
2018-01-04,1202300
2018-01-05,1245900
2018-01-08,1591200
2018-01-09,1231500
2018-01-10,1216500
2018-01-11,1177300
2018-01-12,1135600
2018-01-16,1115900
2018-01-17,989800
2018-01-18,680800
2018-01-19,988500
2018-01-22,2507900
2018-01-23,1259500
2018-01-24,1292300
2018-01-25,908600
2018-01-26,922300
2018-01-29,1150600
2018-01-30,849000
2018-01-31,715900
2018-02-01,869000
2018-02-02,1197000
2018-02-05,1619000
2018-02-06,1047200
2018-02-07,1186200
2018-02-08,933600
2018-02-09,1404600
2018-02-12,928700
2018-02-13,1156300
2018-02-14,1605400
2018-02-15,1412100
2018-02-16,1029400
2018-02-20,2135000
2018-02-21,3230800
2018-02-22,12900000
2018-02-23,11334100
2018-02-26,4019800
2018-02-27,2703500
2018-02-28,2669200
2018-03-01,2283900
2018-03-02,1657100
2018-03-05,1208400
2018-03-06,1301800
2018-03-07,1532200
2018-03-08,1292900
2018-03-09,1198000
2018-03-12,1271300
2018-03-13,990800
2018-03-14,991100
2018-03-15,1480000
2018-03-16,3287000
2018-03-19,2231800
2018-03-20,1818500
2018-03-21,2841600
2018-03-22,2423200
2018-03-23,2125100
2018-03-26,1905800
2018-03-27,2458100
2018-03-28,2596700
2018-03-29,1857100
2018-04-02,3461500
2018-04-03,2671500
2018-04-04,1912200
2018-04-05,1432600
2018-04-06,1122100
2018-04-09,678200
2018-04-10,895900
2018-04-11,807100
2018-04-12,719300
2018-04-13,1173700
2018-04-16,1397900
2018-04-17,1808700
2018-04-18,1496200
2018-04-19,905900
2018-04-20,2221900
2018-04-23,2694800
2018-04-24,1585500
2018-04-25,1514200
2018-04-26,1426300
2018-04-27,2703100
2018-04-30,3734200
2018-05-01,3085500
2018-05-02,7213300
2018-05-03,2331100
2018-05-04,2527800
2018-05-07,1748400
2018-05-08,1829000
2018-05-09,1697500
2018-05-10,981500
2018-05-11,812700
2018-05-14,1046200
2018-05-15,1216700
2018-05-16,849800
2018-05-17,1545600
2018-05-18,1284200
2018-05-21,1448000
2018-05-22,854800
2018-05-23,887900
2018-05-24,863600
2018-05-25,1498400
2018-05-29,1624800
2018-05-30,1495900
2018-05-31,1767100
2018-06-01,1795800
2018-06-04,1341500
2018-06-05,1632900
2018-06-06,1933200
2018-06-07,2010500
2018-06-08,2344100
2018-06-11,2859600
2018-06-12,1698400
2018-06-13,1125500
2018-06-14,1667800
2018-06-15,1888900
2018-06-18,1262000
2018-06-19,1426600
2018-06-20,2068300
2018-06-21,3703200
2018-06-22,2565300
2018-06-25,1457000
2018-06-26,1368600
2018-06-27,1517700
2018-06-28,1970200
2018-06-29,1117400
2018-07-02,1346200
2018-07-03,607500
2018-07-05,978300
2018-07-06,1344000
2018-07-09,1238200
2018-07-10,872500
2018-07-11,1752100
2018-07-12,1149800
2018-07-13,860200
2018-07-16,830400
2018-07-17,1410800
2018-07-18,1443700
2018-07-19,1297300
2018-07-20,1135100
2018-07-23,1183900
2018-07-24,1104700
2018-07-25,927000
2018-07-26,1948800
2018-07-27,1784400
2018-07-30,2681500
2018-07-31,1778200
2018-08-01,2539900
2018-08-02,5190000
2018-08-03,2084200
2018-08-06,1512600
2018-08-07,1262500
2018-08-08,803800
2018-08-09,1796000
2018-08-10,4050600
2018-08-13,1616500
2018-08-14,813100
2018-08-15,1187500
2018-08-16,724900
2018-08-17,859700
2018-08-20,673900
2018-08-21,778000
2018-08-22,1120500
2018-08-23,1709000
2018-08-24,1357200
2018-08-27,1002300
2018-08-28,1439900
2018-08-29,1085500
2018-08-30,1019200
2018-08-31,1039300
2018-09-04,1763900
2018-09-05,1393700
2018-09-06,895900
2018-09-07,2110800
2018-09-10,1277100
2018-09-11,1069700
2018-09-12,1745600
2018-09-13,1246100
2018-09-14,1148800
2018-09-17,1751400
2018-09-18,985700
2018-09-19,1946100
2018-09-20,1137100
2018-09-21,2259200
2018-09-24,1092900
2018-09-25,978600
2018-09-26,747600
2018-09-27,914500
2018-09-28,877300
2018-10-01,1357400
2018-10-02,1666500
2018-10-03,882700
2018-10-04,1143000
2018-10-05,752800
2018-10-08,1121200
2018-10-09,859800
2018-10-10,2106600
2018-10-11,1952000
2018-10-12,1792100
2018-10-15,1450300
2018-10-16,929800
2018-10-17,809300
2018-10-18,603000
2018-10-19,939900
2018-10-22,1609600
2018-10-23,1526000
2018-10-24,1916800
2018-10-25,1364000
2018-10-26,1903100
2018-10-29,2406000
2018-10-30,2170500
2018-10-31,3324200
2018-11-01,9948100
2018-11-02,4328000
2018-11-05,2989900
2018-11-06,1623300
2018-11-07,1783900
2018-11-08,1279300
2018-11-09,1830200
2018-11-12,2276000
2018-11-13,1346400
2018-11-14,4202800
2018-11-15,4136000
2018-11-16,1950200
2018-11-19,2133000
2018-11-20,2687800
2018-11-21,3002200
2018-11-23,973100
2018-11-26,2999000
2018-11-27,3769800
2018-11-28,7203300
2018-11-29,2779200
2018-11-30,4650200
2018-12-03,2812400
2018-12-04,3566600
2018-12-06,2394300
2018-12-07,1788100
2018-12-10,2224500
2018-12-11,1984100
2018-12-12,1739000
2018-12-13,2302400
2018-12-14,1748900
2018-12-17,4003500
2018-12-18,3313300
2018-12-19,2993100
2018-12-20,3796700
2018-12-21,3189200
2018-12-24,954600
2018-12-26,2280100
2018-12-27,1467800
2018-12-28,1013300
2018-12-31,1378200
2019-01-02,1286000
2019-01-03,2054000
2019-01-04,2165400
2019-01-07,1937800
2019-01-08,1447600
2019-01-09,1502500
2019-01-10,2356700
2019-01-11,1161300
2019-01-14,1278200
2019-01-15,1721700
2019-01-16,1179700
2019-01-17,1218600
2019-01-18,1574200
2019-01-22,1974700
2019-01-23,1161100
2019-01-24,1094200
2019-01-25,1266900
2019-01-28,1589200
2019-01-29,1226000
2019-01-30,1413100
2019-01-31,1014700
2019-02-01,1451700
2019-02-04,1196600
2019-02-05,2948300
2019-02-06,1828200
2019-02-07,1484200
2019-02-08,2103300
2019-02-11,1760900
2019-02-12,2063900
2019-02-13,1945000
2019-02-14,1987200
2019-02-15,1594000
2019-02-19,2245600
2019-02-20,2792200
2019-02-21,2550700
2019-02-22,12382400
2019-02-25,7815700
2019-02-26,4241500
2019-02-27,3034300
2019-02-28,2085400
2019-03-01,2807100
2019-03-04,2873400
2019-03-05,2120700
2019-03-06,1524900
2019-03-07,1907600
2019-03-08,1464100
2019-03-11,2225900
2019-03-12,1632400
2019-03-13,2549100
2019-03-14,2670100
2019-03-15,2004200
2019-03-18,1713000
2019-03-19,1275200
2019-03-20,1372100
2019-03-21,1283300
2019-03-22,2719700
2019-03-25,2907300
2019-03-26,1644300
2019-03-27,3376800
2019-03-28,2331900
2019-03-29,1851700
2019-04-01,1776400
2019-04-02,1573600
2019-04-03,2053100
2019-04-04,1355900
2019-04-05,1190700
2019-04-08,1068000
2019-04-09,1229600
2019-04-10,1697700
2019-04-11,1448100
2019-04-12,1289600
2019-04-15,1448500
2019-04-16,984900
2019-04-17,1485200
2019-04-18,1284900
2019-04-22,1103500
2019-04-23,1162600
2019-04-24,1936600
2019-04-25,1214600
2019-04-26,3025700
2019-04-29,2530200
2019-04-30,2332700
2019-05-01,2384400
2019-05-02,6642400
2019-05-03,1860000
2019-05-06,1978000
2019-05-07,2074200
2019-05-08,1061500
2019-05-09,1212400
2019-05-10,1830500
2019-05-13,1697900
2019-05-14,1759400
2019-05-15,1025700
2019-05-16,913800
2019-05-17,1492700
2019-05-20,1317200
2019-05-21,1342900
2019-05-22,761800
2019-05-23,1136700
2019-05-24,1264700
2019-05-28,1025700
2019-05-29,1097800
2019-05-30,734500
2019-05-31,692800
2019-06-03,1277300
2019-06-04,1162800
2019-06-05,1485300
2019-06-06,1233700
2019-06-07,878200
2019-06-10,1021400
2019-06-11,954300
2019-06-12,744300
2019-06-13,1322400
2019-06-14,977500
2019-06-17,754100
2019-06-18,1489000
2019-06-19,1014600
2019-06-20,2465400
2019-06-21,1161100
2019-06-24,1341000
2019-06-25,1970000
2019-06-26,1125100
2019-06-27,1243400
2019-06-28,1260700
2019-07-01,1378700
2019-07-02,1328500
2019-07-03,800200
2019-07-05,1480300
2019-07-08,1185100
2019-07-09,1289700
2019-07-10,1559100
2019-07-11,1012900
2019-07-12,584700
2019-07-15,898100
2019-07-16,711800
2019-07-17,1163400
2019-07-18,3129700
2019-07-19,1910000
2019-07-22,921800
2019-07-23,1032600
2019-07-24,2283300
2019-07-25,2221000
2019-07-26,1799000
2019-07-29,1733200
2019-07-30,1598600
2019-07-31,2561000
2019-08-01,5399700
2019-08-02,2778400
2019-08-05,2629200
2019-08-06,2355100
2019-08-07,977900
2019-08-08,1990900
2019-08-09,1708400
2019-08-12,1782000
2019-08-13,1530500
2019-08-14,5132000
2019-08-15,4941200
2019-08-16,2883000
2019-08-19,2793400
2019-08-20,2116600
2019-08-21,1554800
2019-08-22,2652200
2019-08-23,1993600
2019-08-26,1688000
2019-08-27,1636600
2019-08-28,2049600
2019-08-29,1734800
2019-08-30,1604900
2019-09-03,2612300
2019-09-04,3063400
2019-09-05,1848300
2019-09-06,1236100
2019-09-09,2688600
2019-09-10,1711500
2019-09-11,2343800
2019-09-12,1657200
2019-09-13,2037700
2019-09-16,1050300
2019-09-17,1130300
2019-09-18,1698800
2019-09-19,2211700
2019-09-20,2748800
2019-09-23,2466600
2019-09-24,1917400
2019-09-25,1604600
2019-09-26,983200
2019-09-27,1631100
2019-09-30,1388400
2019-10-01,2362500
2019-10-02,2444300
2019-10-03,2208100
2019-10-04,1887800
2019-10-07,1420500
2019-10-08,1900700
2019-10-09,906400
2019-10-10,1755000
2019-10-11,1767200
2019-10-14,1170600
2019-10-15,1274500
2019-10-16,1291000
2019-10-17,2177300
2019-10-18,1867700
2019-10-21,1573800
2019-10-22,1218100
2019-10-23,555300
2019-10-24,731600
2019-10-25,1645200
2019-10-28,2827900
2019-10-29,5260200
2019-10-30,2824300
2019-10-31,12448800
2019-11-01,5770800
2019-11-04,3231200
2019-11-05,3026100
2019-11-06,2268600
2019-11-07,2020900
2019-11-08,2379000
2019-11-11,2301200
2019-11-12,3426900
2019-11-13,3056700
2019-11-14,2273200
2019-11-15,3384000
2019-11-18,2036800
2019-11-19,2763700
2019-11-20,1789400
2019-11-21,1778500
2019-11-22,1577300
2019-11-25,1428500
2019-11-26,1904600
2019-11-27,1330400
2019-11-29,736400
2019-12-02,2101700
2019-12-03,1765500
2019-12-04,3335200
2019-12-05,2378500
2019-12-06,5274500
2019-12-09,2139600
2019-12-10,1822200
2019-12-11,1250600
2019-12-12,2013100
2019-12-13,1904400
2019-12-16,2516900
2019-12-17,2496300
2019-12-18,1872900
2019-12-19,2048600
2019-12-20,1785600
2019-12-23,1740200
2019-12-24,766300
2019-12-26,1162400
2019-12-27,1540200
2019-12-30,2800000
2019-12-31,1298300
2020-01-02,1882500
2020-01-03,1003600
2020-01-06,1929500
2020-01-07,1877400
2020-01-08,2251200
2020-01-09,1441000
2020-01-10,1932800
2020-01-13,3245500
2020-01-14,2802000
2020-01-15,1797300
2020-01-16,2375000
2020-01-17,1580600
2020-01-21,1782300
2020-01-22,1901000
2020-01-23,1972000
2020-01-24,1320100
2020-01-27,1363900
2020-01-28,1157300
2020-01-29,1145400
2020-01-30,1148000
2020-01-31,3464900
2020-02-03,2028500
2020-02-04,1601200
2020-02-05,1109300
2020-02-06,2762300
2020-02-07,928200
2020-02-10,1471800
2020-02-11,1365200
2020-02-12,1284300
2020-02-13,7112300
2020-02-14,2913900
2020-02-18,2020800
2020-02-19,1947500
2020-02-20,1941000
2020-02-21,2856400
2020-02-24,3990300
2020-02-25,3065100
2020-02-26,2038800
2020-02-27,3570000
2020-02-28,10696100
2020-03-02,5417500
2020-03-03,3936700
2020-03-04,2923500
2020-03-05,3393200
2020-03-06,2483400
2020-03-09,3782700
2020-03-10,3135700
2020-03-11,3919800
2020-03-12,5759100
2020-03-13,4337900
2020-03-16,4577400
2020-03-17,6924500
2020-03-18,5690300
2020-03-19,5622100
2020-03-20,7193000
2020-03-23,4618700
2020-03-24,7121700
2020-03-25,9181300
2020-03-26,6164900
2020-03-27,5310700
2020-03-30,4150200
2020-03-31,5578800
2020-04-01,5212600
2020-04-02,3686400
2020-04-03,4818700
2020-04-06,11242700
2020-04-07,8401700
2020-04-08,5289700
2020-04-09,4575600
2020-04-13,3196400
2020-04-14,4786400
2020-04-15,3265900
2020-04-16,3398400
2020-04-17,2687800
2020-04-20,6892200
2020-04-21,4170800
2020-04-22,2382300
2020-04-23,3683000
2020-04-24,8395300
2020-04-27,6847300
2020-04-28,4776000
2020-04-29,2869000
2020-04-30,3211500
2020-05-01,3723300
2020-05-04,4926300
2020-05-05,17695300
2020-05-06,7284100
2020-05-07,5196800
2020-05-08,5521300
2020-05-11,2598400
2020-05-12,3203800
2020-05-13,3700900
2020-05-14,3931700
2020-05-15,3641800
2020-05-18,6111500
2020-05-19,3726200
2020-05-20,2976100
2020-05-21,1859200
2020-05-22,1590600
2020-05-26,2488500
2020-05-27,3084600
2020-05-28,2559900
2020-05-29,3667900
2020-06-01,1911000
2020-06-02,4495400
2020-06-03,2343700
2020-06-04,2374200
2020-06-05,2805000
2020-06-08,1741800
2020-06-09,1347700
2020-06-10,2280600
2020-06-11,2430300
2020-06-12,1716600
2020-06-15,2899700
2020-06-16,1682200
2020-06-17,2775200
2020-06-18,1641400
2020-06-19,2747200
2020-06-22,2659900
2020-06-23,2270600
2020-06-24,1920500
2020-06-25,1943800
2020-06-26,2284800
2020-06-29,1702900
2020-06-30,1339700
2020-07-01,3069400
2020-07-02,1956900
2020-07-06,1633600
2020-07-07,1252500
2020-07-08,2033400
2020-07-09,1481300
2020-07-10,1452200
2020-07-13,2570500
2020-07-14,1925400
2020-07-15,1518400
2020-07-16,1047200
2020-07-17,1036000
2020-07-20,1606900
2020-07-21,1347100
2020-07-22,812200
2020-07-23,1120100
2020-07-24,1290900
2020-07-27,1507900
2020-07-28,1203700
2020-07-29,1718700
2020-07-30,2120800
2020-07-31,3042000
2020-08-03,2859100
2020-08-04,4279000
2020-08-05,5131400
2020-08-06,2991000
2020-08-07,3172100
2020-08-10,2403400
2020-08-11,11085800
2020-08-12,4381300
2020-08-13,2580300
2020-08-14,1575600
2020-08-17,2621500
2020-08-18,3290100
2020-08-19,2543500
2020-08-20,2585400
2020-08-21,2205000
2020-08-24,1660800
2020-08-25,1479500
2020-08-26,1589500
2020-08-27,1905000
2020-08-28,2543700
2020-08-31,4239600
2020-09-01,1707800
2020-09-02,1955800
2020-09-03,2800100
2020-09-04,4850200
2020-09-08,2321200
2020-09-09,1737700
2020-09-10,4921900
2020-09-11,2499700
2020-09-14,3522400
2020-09-15,3359100
2020-09-16,2024100
2020-09-17,2525700
2020-09-18,4711100
2020-09-21,2718500
2020-09-22,2029900
2020-09-23,2254300
2020-09-24,2095500
2020-09-25,1813700
2020-09-28,1365900
2020-09-29,1241800
2020-09-30,2179200
2020-10-01,3991700
2020-10-02,2302700
2020-10-05,1375200
2020-10-06,1848500
2020-10-07,1654400
2020-10-08,1028500
2020-10-09,2995500
2020-10-12,2699000
2020-10-13,3119100
2020-10-14,2393600
2020-10-15,1405600
2020-10-16,1543200
2020-10-19,2036900
2020-10-20,1732500
2020-10-21,2306400
2020-10-22,2728900
2020-10-23,1874100
2020-10-26,2187300
2020-10-27,2025400
2020-10-28,2591400
2020-10-29,4138600
2020-10-30,3079400
2020-11-02,2808600
2020-11-03,8715100
2020-11-04,3276400
2020-11-05,3555500
2020-11-06,1853800
2020-11-09,6498900
2020-11-10,3765400
2020-11-11,1934400
2020-11-12,1427800
2020-11-13,2734900
2020-11-16,2311200
2020-11-17,1394900
2020-11-18,1390200
2020-11-19,1763100
2020-11-20,1857500
2020-11-23,1440800
2020-11-24,2246100
2020-11-25,1734300
2020-11-27,1547500
2020-11-30,1952200
2020-12-01,1440700
2020-12-02,891200
2020-12-03,1058300
2020-12-04,1149600
2020-12-07,1109400
2020-12-08,1263800
2020-12-09,1294200
2020-12-10,977700
2020-12-11,1070000
2020-12-14,2410200
2020-12-15,2386200
2020-12-16,1749900
2020-12-17,3065600
2020-12-18,2925500
2020-12-21,1084300
2020-12-22,1131900
2020-12-23,2948100
2020-12-24,864600
2020-12-28,2460400
2020-12-29,1698200
2020-12-30,1557600
2020-12-31,1226500
2021-01-04,1897500
2021-01-05,1416900
2021-01-06,1251700
2021-01-07,1323900
2021-01-08,2374900
2021-01-11,1043400
2021-01-12,2203700
2021-01-13,4029700
2021-01-14,9033900
2021-01-15,4144900
2021-01-19,2424800
2021-01-20,1605500
2021-01-21,2041400
2021-01-22,2247500
2021-01-25,2766000
2021-01-26,2674000
2021-01-27,2411500
2021-01-28,1298600
2021-01-29,1918900
2021-02-01,1455300
2021-02-02,1241000
2021-02-03,1730400
2021-02-04,1562400
2021-02-05,1344500
2021-02-08,1496400
2021-02-09,1492300
2021-02-10,1137900
2021-02-11,1739300
2021-02-12,828000
2021-02-16,1330600
2021-02-17,1111300
2021-02-18,1004700
2021-02-19,2646300
2021-02-22,3093500
2021-02-23,2380100
2021-02-24,1724100
2021-02-25,5948000
2021-02-26,3928300
2021-03-01,6508300
2021-03-02,2166100
2021-03-03,1738000
2021-03-04,2094900
2021-03-05,3576300
2021-03-08,2686800
2021-03-09,1617400
2021-03-10,1380200
2021-03-11,1422700
2021-03-12,970800
2021-03-15,1261700
2021-03-16,1040100
2021-03-17,727100
2021-03-18,2146500
2021-03-19,1637300
2021-03-22,1482800
2021-03-23,1561500
2021-03-24,1340400
2021-03-25,1451100
2021-03-26,1540700
2021-03-29,1369200
2021-03-30,1389000
2021-03-31,1700400
2021-04-01,2076700
2021-04-05,1557600
2021-04-06,1419600
2021-04-07,1086500
2021-04-08,1169000
2021-04-09,770200
2021-04-12,1086600
2021-04-13,712100
2021-04-14,1165400
2021-04-15,991900
2021-04-16,1458500
2021-04-19,1280000
2021-04-20,912500
2021-04-21,1214900
2021-04-22,1074000
2021-04-23,1053900
2021-04-26,1004700
2021-04-27,847600
2021-04-28,870100
2021-04-29,1188600
2021-04-30,1610000
2021-05-03,2185300
2021-05-04,1938800
2021-05-05,2059500
2021-05-06,4397700
2021-05-07,2778600
2021-05-10,3098300
2021-05-11,1583800
2021-05-12,2256300
2021-05-13,1633400
2021-05-14,1257100
2021-05-17,878100
2021-05-18,1501700
2021-05-19,823500
2021-05-20,2044400
2021-05-21,1063400
2021-05-24,1025200
2021-05-25,1211500
2021-05-26,1476300
2021-05-27,1726400
2021-05-28,1089700
2021-06-01,1332000
2021-06-02,1615800
2021-06-03,1244100
2021-06-04,897200
2021-06-07,1752000
2021-06-08,934500
2021-06-09,785800
2021-06-10,798300
2021-06-11,818900
2021-06-14,1467300
2021-06-15,1257200
2021-06-16,1243500
2021-06-17,931900
2021-06-18,988800
2021-06-21,926200
2021-06-22,719300
2021-06-23,700800
2021-06-24,1156100
2021-06-25,1695300
2021-06-28,745200
2021-06-29,2310200
2021-06-30,1551300
2021-07-01,853600
2021-07-02,1217700
2021-07-06,854600
2021-07-07,1139900
2021-07-08,1119300
2021-07-09,1106600
2021-07-12,1007500
2021-07-13,990400
2021-07-14,1414500
2021-07-15,1144500
2021-07-16,1108700
2021-07-19,1637000
2021-07-20,1139000
2021-07-21,750000
2021-07-22,826600
2021-07-23,781300
2021-07-26,813700
2021-07-27,1204400
2021-07-28,931200
2021-07-29,2010200
2021-07-30,2971100
2021-08-02,2653300
2021-08-03,2049000
2021-08-04,2183600
2021-08-05,4526400
2021-08-06,1779800
2021-08-09,1999200
2021-08-10,2326800
2021-08-11,3086000
2021-08-12,2186000
2021-08-13,1287700
2021-08-16,1315000
2021-08-17,1242900
2021-08-18,1124900
2021-08-19,1118000
2021-08-20,889600
2021-08-23,572900
2021-08-24,809000
2021-08-25,555000
2021-08-26,1085800
2021-08-27,563000
2021-08-30,906600
2021-08-31,1112800
2021-09-01,627800
2021-09-02,1015500
2021-09-03,675300
2021-09-07,875400
2021-09-08,784100
2021-09-09,1050000
2021-09-10,724300
2021-09-13,845500
2021-09-14,703100
2021-09-15,1283400
2021-09-16,1638300
2021-09-17,1537000
2021-09-20,1042800
2021-09-21,745800
2021-09-22,917000
2021-09-23,1390600
2021-09-24,960000
2021-09-27,1168700
2021-09-28,881000
2021-09-29,1064500
2021-09-30,2248400
2021-10-01,1804000
2021-10-04,2365700
2021-10-05,1929300
2021-10-06,1057400
2021-10-07,939100
2021-10-08,739700
2021-10-11,963900
2021-10-12,1300800
2021-10-13,2284900
2021-10-14,1532800
2021-10-15,782800
2021-10-18,1233400
2021-10-19,1063100
2021-10-20,839300
2021-10-21,899300
2021-10-22,1272900
2021-10-25,1376600
2021-10-26,1028400
2021-10-27,2500500
2021-10-28,2119900
2021-10-29,1377900
2021-11-01,1469100
2021-11-02,1801300
2021-11-03,3463200
2021-11-04,3165300
2021-11-05,2255900
2021-11-08,1250800
2021-11-09,1049500
2021-11-10,1101700
2021-11-11,583200
2021-11-12,1284500
2021-11-15,712600
2021-11-16,1677800
2021-11-17,1005600
2021-11-18,681900
2021-11-19,1761300
2021-11-22,1057200
2021-11-23,840500
2021-11-24,1896100
2021-11-26,984300
2021-11-29,983300
2021-11-30,2034600
2021-12-01,1393400
2021-12-02,1606500
2021-12-03,1506800
2021-12-06,2277300
2021-12-07,1595700
2021-12-08,936500
2021-12-09,2036700
2021-12-10,2748900
2021-12-13,1332000
2021-12-14,1363600
2021-12-15,1353400
2021-12-16,2813600
2021-12-17,2091200
2021-12-20,1395500
2021-12-21,1078800
2021-12-22,807700
2021-12-23,623800
2021-12-27,700100
2021-12-28,948400
2021-12-29,789700
2021-12-30,653600
2021-12-31,787200
2022-01-03,1220600
2022-01-04,1829600
2022-01-05,2802600
2022-01-06,1622700
2022-01-07,1374600
2022-01-10,1593800
2022-01-11,941900
2022-01-12,1175100
2022-01-13,1566100
2022-01-14,1455800
2022-01-18,2192600
2022-01-19,2211800
2022-01-20,2734600
2022-01-21,3368000
2022-01-24,4426700
2022-01-25,2662400
2022-01-26,2477300
2022-01-27,1871700
2022-01-28,1871400
2022-01-31,1709000
2022-02-01,1224500
2022-02-02,2828000
2022-02-03,2518300
2022-02-04,2308300
2022-02-07,1526300
2022-02-08,1559000
2022-02-09,1250000
2022-02-10,1312300
2022-02-11,1165400
2022-02-14,1641700
2022-02-15,1365200
2022-02-16,1898800
2022-02-17,1545300
2022-02-18,2422100
2022-02-22,2623300
2022-02-23,3144200
2022-02-24,6258600
2022-02-25,3233800
2022-02-28,2893100
2022-03-01,2117100
2022-03-02,1858600
2022-03-03,2049900
2022-03-04,2211400
2022-03-07,2570100
2022-03-08,1984400
2022-03-09,1700900
2022-03-10,1735600
2022-03-11,2582100
2022-03-14,2304400
2022-03-15,3182200
2022-03-16,3645200
2022-03-17,2636800
2022-03-18,3131600
2022-03-21,1675200
2022-03-22,1861200
2022-03-23,1451800
2022-03-24,953200
2022-03-25,1534500
2022-03-28,1271600
2022-03-29,1907600
2022-03-30,3373800
2022-03-31,2213900
2022-04-01,2102200
2022-04-04,1938700
2022-04-05,1281000
2022-04-06,2321400
2022-04-07,2987400
2022-04-08,2394800
2022-04-11,2043700
2022-04-12,3021600
2022-04-13,5465100
2022-04-14,2872600
2022-04-18,3258900
2022-04-19,2005300
2022-04-20,3133000
2022-04-21,3157800
2022-04-22,5240700
2022-04-25,3482400
2022-04-26,3519500
2022-04-27,3488700
2022-04-28,4231900
2022-04-29,4581100
2022-05-02,4651700
2022-05-03,2962200
2022-05-04,5113300
2022-05-05,13634300
2022-05-06,8927600
2022-05-09,4915700
2022-05-10,6218000
2022-05-11,5419500
2022-05-12,8837100
2022-05-13,6668100
2022-05-16,4758500
2022-05-17,5805500
2022-05-18,5900000
2022-05-19,4277800
2022-05-20,4029000
2022-05-23,3803100
2022-05-24,4087500
2022-05-25,4634400
2022-05-26,4574600
2022-05-27,2850400
2022-05-31,3711800
2022-06-01,2896200
2022-06-02,4554700
2022-06-03,3880000
2022-06-06,2597700
2022-06-07,2593000
2022-06-08,3339900
2022-06-09,3308200
2022-06-10,3560600
2022-06-13,4227300
2022-06-14,2759000
2022-06-15,2938200
2022-06-16,2564100
2022-06-17,4070700
2022-06-21,2992000
2022-06-22,3216200
2022-06-23,4865000
2022-06-24,5021100
2022-06-27,3457000
2022-06-28,2734600
2022-06-29,2984300
2022-06-30,5178300
2022-07-01,2843600
2022-07-05,5500300
2022-07-06,4017100
2022-07-07,3353100
2022-07-08,4447100
2022-07-11,2749400
2022-07-12,2613100
2022-07-13,2392700
2022-07-14,1988700
2022-07-15,2542800
2022-07-18,2859300
2022-07-19,2090100
2022-07-20,2821000
2022-07-21,2961700
2022-07-22,2669900
2022-07-25,2329600
2022-07-26,3963300
2022-07-27,3551800
2022-07-28,4022700
2022-07-29,2960200
2022-08-01,2844600
2022-08-02,3413300
2022-08-03,5541500
2022-08-04,6842400
2022-08-05,3841300
2022-08-08,5580400
2022-08-09,5556400
2022-08-10,3545500
2022-08-11,4452000
2022-08-12,2788200
2022-08-15,2137600
2022-08-16,5200900
2022-08-17,3779100
2022-08-18,2913800
2022-08-19,9421500
2022-08-22,4332100
2022-08-23,2689500
2022-08-24,2575200
2022-08-25,1858600
2022-08-26,2645000
2022-08-29,2059200
2022-08-30,1927400
2022-08-31,2015900
2022-09-01,2767900
2022-09-02,2124000
2022-09-06,2597500
2022-09-07,2138700
2022-09-08,8032300
2022-09-09,7871300
2022-09-12,7584000
2022-09-13,6098700
2022-09-14,2743100
2022-09-15,4436200
2022-09-16,6448600
2022-09-19,2803000
2022-09-20,3241400
2022-09-21,5099800
2022-09-22,5428200
2022-09-23,4137200
2022-09-26,3018900
2022-09-27,3245000
2022-09-28,3106500
2022-09-29,3743300
2022-09-30,4189300
2022-10-03,3700200
2022-10-04,4626800
2022-10-05,2825800
2022-10-06,2330600
2022-10-07,5442300
2022-10-10,4941500
2022-10-11,6105600
2022-10-12,3558100
2022-10-13,5404900
2022-10-14,4327400
2022-10-17,6303600
2022-10-18,5757300
2022-10-19,4602300
2022-10-20,2823900
2022-10-21,2975300
2022-10-24,3115700
2022-10-25,3643500
2022-10-26,3864400
2022-10-27,2691800
2022-10-28,3408400
2022-10-31,4774100
2022-11-01,4030300
2022-11-02,4084900
2022-11-03,8087900
2022-11-04,6362500
2022-11-07,3215200
2022-11-08,3102400
2022-11-09,3883300
2022-11-10,10896000
2022-11-11,6537400
2022-11-14,6215500
2022-11-15,4157300
2022-11-16,4648500
2022-11-17,5476500
2022-11-18,5640000
2022-11-21,5994900
2022-11-22,4353100
2022-11-23,2537000
2022-11-25,1317500
2022-11-28,3432200
2022-11-29,3792700
2022-11-30,11910200
2022-12-01,7740800
2022-12-02,6229100
2022-12-05,5138000
2022-12-06,2527400
2022-12-07,3057800
2022-12-08,3080200
2022-12-09,3516300
2022-12-12,3478300
2022-12-13,4900200
2022-12-14,5636600
2022-12-15,4730100
2022-12-16,3445600
2022-12-19,3670700
2022-12-20,3309300
2022-12-21,2907200
2022-12-22,4370800
2022-12-23,2165600
2022-12-27,2215400
2022-12-28,2796000
2022-12-29,4342200
2022-12-30,3233900
2023-01-03,3982500
2023-01-04,5881000
2023-01-05,2869500
2023-01-06,3603600
2023-01-09,4687300
2023-01-10,4703500
2023-01-11,3463200
2023-01-12,5354500
2023-01-13,6150900
2023-01-17,3765500
2023-01-18,3464400
2023-01-19,4963400
2023-01-20,22042400
2023-01-23,27512600
2023-01-24,13643400
2023-01-25,8504900
2023-01-26,5669800
2023-01-27,10884800
2023-01-30,8694000
2023-01-31,3815200
2023-02-01,7224400
2023-02-02,10134200
2023-02-03,5661500
2023-02-06,3834700
2023-02-07,3614600
2023-02-08,2964400
2023-02-09,4233800
2023-02-10,5640200
2023-02-13,4225500
2023-02-14,5888600
2023-02-15,5202000
2023-02-16,3214400
2023-02-17,3973600
2023-02-21,4003300
2023-02-22,5306700
2023-02-23,27610900
2023-02-24,9527100
2023-02-27,7042000
2023-02-28,6235300
2023-03-01,3524300
2023-03-02,4316100
2023-03-03,3838900
2023-03-06,3546200
2023-03-07,4489600
2023-03-08,3520500
2023-03-09,3533200
2023-03-10,9073800
2023-03-13,6920400
2023-03-14,7407700
2023-03-15,7093600
2023-03-16,6476700
2023-03-17,5138800
2023-03-20,3974600
2023-03-21,4929500
2023-03-22,5115800
2023-03-23,5054600
2023-03-24,3165800
2023-03-27,4859200
2023-03-28,4270400
2023-03-29,4918200
2023-03-30,8074500
2023-03-31,4657500
2023-04-03,4432000
2023-04-04,3671000
2023-04-05,2965500
2023-04-06,3530400
2023-04-10,4417600
2023-04-11,3571100
2023-04-12,3504600
2023-04-13,3282300
2023-04-14,2551100
2023-04-17,2885200
2023-04-18,3788800
2023-04-19,3064900
2023-04-20,2781400
2023-04-21,2397100
2023-04-24,3295100
2023-04-25,2373400
2023-04-26,3289800
2023-04-27,3538300
2023-04-28,5005600
2023-05-01,7399700
2023-05-02,8810600
2023-05-03,5102000
2023-05-04,14353800
2023-05-05,9478100
2023-05-08,4129600
2023-05-09,12425100
2023-05-10,13524400
2023-05-11,6532400
2023-05-12,5713200
2023-05-15,4744300
2023-05-16,4065900
2023-05-17,4634400
2023-05-18,4949000
2023-05-19,6899300
2023-05-22,4643800
2023-05-23,5903600
2023-05-24,2719500
2023-05-25,2935800
2023-05-26,3644900
2023-05-30,7542400
2023-05-31,5243400
2023-06-01,6935600
2023-06-02,4712300
2023-06-05,5829600
2023-06-06,8293900
2023-06-07,10783000
2023-06-08,8464000
2023-06-09,6958000
2023-06-12,7251800
2023-06-13,9281300
2023-06-14,6818200
2023-06-15,4134500
2023-06-16,5112400
2023-06-20,4937500
2023-06-21,3806200
2023-06-22,3727600
2023-06-23,6130800
2023-06-26,4565800
2023-06-27,5768200
2023-06-28,4259600
2023-06-29,4686900
2023-06-30,4829600
2023-07-03,2381500
2023-07-05,6842300
2023-07-06,9315400
2023-07-07,5679400
2023-07-10,4534500
2023-07-11,5834600
2023-07-12,3870300
2023-07-13,5555900
2023-07-14,5193000
2023-07-17,2914000
2023-07-18,3347400
2023-07-19,3975200
2023-07-20,3599700
2023-07-21,3493100
2023-07-24,2817100
2023-07-25,3024300
2023-07-26,2973600
2023-07-27,3647700
2023-07-28,3857700
2023-07-31,7035100
2023-08-01,5413700
2023-08-02,4298600
2023-08-03,24525200
2023-08-04,6487000
2023-08-07,4154400
2023-08-08,3457300
2023-08-09,4356800
2023-08-10,4114000
2023-08-11,4353400
2023-08-14,4715700
2023-08-15,2356400
2023-08-16,2362100
2023-08-17,4200400
2023-08-18,2906100
2023-08-21,3036600
2023-08-22,3221400
2023-08-23,3479000
2023-08-24,2731700
2023-08-25,2368000
2023-08-28,2265800
2023-08-29,4014000
2023-08-30,2844700
2023-08-31,1999700
2023-09-01,2586900
2023-09-05,2872800
2023-09-06,3891600
2023-09-07,2341300
2023-09-08,2061600
2023-09-11,2872600
2023-09-12,2310600
2023-09-13,2301400
2023-09-14,2808500
2023-09-15,3371200
2023-09-18,5525000
2023-09-19,2232400
2023-09-20,1812900
2023-09-21,2370500
2023-09-22,2885200
2023-09-25,2650700
2023-09-26,2865300
2023-09-27,2400600
2023-09-28,1814400
2023-09-29,2286700
2023-10-02,2780000
2023-10-03,5429400
2023-10-04,2585200
2023-10-05,3604300
2023-10-06,2800700
2023-10-09,3028400
2023-10-10,3215100
2023-10-11,2666000
2023-10-12,3616200
2023-10-13,5451000
2023-10-16,2537700
2023-10-17,3406400
2023-10-18,3764400
2023-10-19,2532300
2023-10-20,3753400
2023-10-23,3395900
2023-10-24,2828600
2023-10-25,4456700
2023-10-26,5576600
2023-10-27,4475700
2023-10-30,3280900
2023-10-31,6267000
2023-11-01,12422100
2023-11-02,7195000
2023-11-03,5994000
2023-11-06,4972300
2023-11-07,3574200
2023-11-08,3742100
2023-11-09,5273900
2023-11-10,2889500
2023-11-13,4040400
2023-11-14,6155000
2023-11-15,6727400
2023-11-16,3528700
2023-11-17,2912300
2023-11-20,3921800
2023-11-21,3127500
2023-11-22,2819200
2023-11-24,1176100
2023-11-27,5204600
2023-11-28,5630400
2023-11-29,5276300
2023-11-30,3781700
2023-12-01,3595800
2023-12-04,2889100
2023-12-05,3794500
2023-12-06,4709200
2023-12-07,3480100
2023-12-08,6041100
2023-12-11,3692500
2023-12-12,5744100
2023-12-13,9591600
2023-12-14,9710800
2023-12-15,4525700
2023-12-18,3352600
2023-12-19,4752700
2023-12-20,3282800
2023-12-21,3429300
2023-12-22,2800500
2023-12-26,2192000
2023-12-27,1850300
2023-12-28,1822100
2023-12-29,2638000
2024-01-02,4931800
2024-01-03,5768500
2024-01-04,4908300
2024-01-05,3827900
2024-01-08,2874800
2024-01-09,2702300
2024-01-10,3220200
2024-01-11,3601200
2024-01-12,4273100
2024-01-16,4046700
2024-01-17,3544000
2024-01-18,3440800
2024-01-19,18554500
2024-01-22,7514600
2024-01-23,3867400
2024-01-24,5147100
2024-01-25,3342300
2024-01-26,4415500
2024-01-29,3712000
2024-01-30,3521800
2024-01-31,5047200
2024-02-01,4582400
2024-02-02,3986600
2024-02-05,2886700
2024-02-06,3189700
2024-02-07,4223500
2024-02-08,3821600
2024-02-09,2142600
2024-02-12,3930600
2024-02-13,4895900
2024-02-14,4246200
2024-02-15,2727900
2024-02-16,3870500
2024-02-20,4613700
2024-02-21,6153200
2024-02-22,14027800
2024-02-23,6673400
2024-02-26,3812100
2024-02-27,6503900
2024-02-28,4886900
2024-02-29,5682500
2024-03-01,3088800
2024-03-04,3573800
2024-03-05,2939500
2024-03-06,3555500
2024-03-07,2312000
2024-03-08,3673700
2024-03-11,3228900
2024-03-12,3021100
2024-03-13,3933600
2024-03-14,2612300
2024-03-15,2834100
2024-03-18,2538000
2024-03-19,3775300
2024-03-20,4322800
2024-03-21,3345900
2024-03-22,2159700
2024-03-25,3480000
2024-03-26,2934100
2024-03-27,5639800
2024-03-28,4565900
2024-04-01,4264000
2024-04-02,3051400
2024-04-03,3078500
2024-04-04,5256000
2024-04-05,2596900
2024-04-08,2274900
2024-04-09,3040000
2024-04-10,6296700
2024-04-11,3326700
2024-04-12,2688600
2024-04-15,5220700
2024-04-16,6994400
2024-04-17,3699300
2024-04-18,3118300
2024-04-19,3265700
2024-04-22,4090400
2024-04-23,3752400
2024-04-24,6794400
2024-04-25,3948600
2024-04-26,3781200
2024-04-29,4546400
2024-04-30,4950900
2024-05-01,7010800
2024-05-02,14143800
2024-05-03,8825400
2024-05-06,7102000
2024-05-07,5803800
2024-05-08,4354700
2024-05-09,5340100
2024-05-10,4104100
2024-05-13,6033400
2024-05-14,4365800
2024-05-15,3553200
2024-05-16,3425400
2024-05-17,2713500
2024-05-20,3040200
2024-05-21,4227300
2024-05-22,2676700
2024-05-23,3199000
2024-05-24,3330100
2024-05-28,3663100
2024-05-29,2733400
2024-05-30,3106900
2024-05-31,3572000
2024-06-03,4301500
2024-06-04,3749300
2024-06-05,3760200
2024-06-06,2832500
2024-06-07,3285000
2024-06-10,2783000
2024-06-11,4235000
2024-06-12,4665300
2024-06-13,4984300
2024-06-14,4741700
2024-06-17,2692500
2024-06-18,2863800
2024-06-20,3234900
2024-06-21,2611900
2024-06-24,3445400
2024-06-25,3044600
2024-06-26,2916600
2024-06-27,3969600
2024-06-28,5424300
2024-07-01,2717200
2024-07-02,2583100
2024-07-03,1593100
2024-07-05,1759000
2024-07-08,3452300
2024-07-09,2225500
2024-07-10,2929000
2024-07-11,4123400
2024-07-12,4494800
2024-07-15,4656000
2024-07-16,4279200
2024-07-17,3820600
2024-07-18,5004200
2024-07-19,2867700
2024-07-22,3034100
2024-07-23,4452300
2024-07-24,4812200
2024-07-25,4884800
2024-07-26,5022500
2024-07-29,5698200
2024-07-30,4581000
2024-07-31,4912900
2024-08-01,12448900
2024-08-02,5973400
2024-08-05,6190000
2024-08-06,4537400
2024-08-07,5341600
2024-08-08,3892200
2024-08-09,4139200
2024-08-12,4795900
2024-08-13,5671100
2024-08-14,4149300
2024-08-15,5699600
2024-08-16,3073700
2024-08-19,2776000
2024-08-20,3744400
2024-08-21,3202200
2024-08-22,3432900
2024-08-23,6233700
2024-08-26,2507700
2024-08-27,2930100
2024-08-28,2655200
2024-08-29,2649400
2024-08-30,3076900
2024-09-03,3985800
2024-09-04,4230400
2024-09-05,3675900
2024-09-06,3199400
2024-09-09,4063300
2024-09-10,5213100
2024-09-11,4295200
2024-09-12,3872400
2024-09-13,7174100
2024-09-16,3696500
2024-09-17,4163300
2024-09-18,5849900
2024-09-19,7268500
2024-09-20,4758800
2024-09-23,2697500
2024-09-24,3750800
2024-09-25,4304900
2024-09-26,5149100
2024-09-27,4609200
2024-09-30,4060400
2024-10-01,5366400
2024-10-02,4015700
2024-10-03,2694200
2024-10-04,4268500
2024-10-07,3847800
2024-10-08,3928800
2024-10-09,3290100
2024-10-10,4087900
2024-10-11,3787600
2024-10-14,3135700
2024-10-15,3350200
2024-10-16,3400400
2024-10-17,3009200
2024-10-18,3199200
2024-10-21,8300100
2024-10-22,6258900
2024-10-23,3567300
2024-10-24,3050200
2024-10-25,3247900
2024-10-28,4262900
2024-10-29,4073100
2024-10-30,5034900
2024-10-31,7785800
2024-11-01,16645900
2024-11-04,9506300
2024-11-05,5699800
2024-11-06,15600400
2024-11-07,5806900
2024-11-08,7303300
2024-11-11,3887200
2024-11-12,8204000
2024-11-13,4638000
2024-11-14,4324500
2024-11-15,3261400
2024-11-18,4774100
2024-11-19,4370100
2024-11-20,4463800
2024-11-21,3206300
2024-11-22,3975300
2024-11-25,7123400
2024-11-26,4146100
2024-11-27,2563900
2024-11-29,2251000
2024-12-02,3978800
2024-12-03,3044500
2024-12-04,4715800
2024-12-05,2262600
2024-12-06,5821300
2024-12-09,4327900
2024-12-10,3746100
2024-12-11,3162300
2024-12-12,4077600
2024-12-13,4030400
2024-12-16,4109800
2024-12-17,2848300
2024-12-18,5990800
2024-12-19,5445700
2024-12-20,5430100
2024-12-23,2250400
2024-12-24,996400
2024-12-26,1689400
2024-12-27,1542300
2024-12-30,2667100
2024-12-31,2159800
2025-01-02,2804400
2025-01-03,3303800
2025-01-06,4355500
2025-01-07,2855500
2025-01-08,2529300
2025-01-10,3764400
2025-01-13,3175100
2025-01-14,3286500
2025-01-15,4240600
2025-01-16,3357400
2025-01-17,5922900
2025-01-21,6763700
2025-01-22,2990800
2025-01-23,2582300
2025-01-24,3162400
2025-01-27,2503600
2025-01-28,2991800
2025-01-29,2589200
2025-01-30,2833900
2025-01-31,3375100
2025-02-03,3299000
2025-02-04,2000600
2025-02-05,1642300
2025-02-06,2422300
2025-02-07,5140600
2025-02-10,3176900
2025-02-11,2017500
2025-02-12,3956700
2025-02-13,4120900
2025-02-14,3852100
2025-02-18,4022000
2025-02-19,6020000
2025-02-20,10868000
2025-02-21,5679500
2025-02-24,4168300
2025-02-25,4685800
2025-02-26,2519400
2025-02-27,4003400
2025-02-28,3498700
2025-03-03,3951900
2025-03-04,7452900
2025-03-05,5015100
2025-03-06,4646400
2025-03-07,4626700
2025-03-10,4004000
2025-03-11,4185100
2025-03-12,4217400
2025-03-13,4148300
2025-03-14,3125500
2025-03-17,3517700
2025-03-18,4807200
2025-03-19,4020000
2025-03-20,5012000
2025-03-21,5519700
2025-03-24,7683900
2025-03-25,5505500
2025-03-26,4701500
2025-03-27,4327800
2025-03-28,7783500
2025-03-31,6054200
2025-04-01,4844100
2025-04-02,6550300
2025-04-03,23766700
2025-04-04,19484700
2025-04-07,10542100
2025-04-08,11390100
2025-04-09,16756900
2025-04-10,7873200
2025-04-11,6564300
2025-04-14,4812100
2025-04-15,3678800
2025-04-16,4991100
2025-04-17,5372500
2025-04-21,3645000
2025-04-22,5309700
2025-04-23,8545900
2025-04-24,3805000
2025-04-25,3870700
2025-04-28,7556400
2025-04-29,5988800
2025-04-30,10308200
2025-05-01,9909400
2025-05-02,10072900
2025-05-05,6332700
2025-05-06,5521300
2025-05-07,4646900
2025-05-08,8219000
2025-05-09,5805600
2025-05-12,14515400
2025-05-13,7677200
2025-05-14,6703600
2025-05-15,4930700
2025-05-16,3730300
2025-05-19,4300400
2025-05-20,3146800
2025-05-21,3199400
2025-05-22,3489400
2025-05-23,2743900
2025-05-27,6330600
2025-05-28,5426300
2025-05-29,4994500
2025-05-30,4276800
2025-06-02,4422500
2025-06-03,3430400
2025-06-04,5662600
2025-06-05,4877400
2025-06-06,3694000
2025-06-09,4910100
2025-06-10,3761600
2025-06-11,4331300
2025-06-12,3570400
2025-06-13,3950000
2025-06-16,4330800
2025-06-17,3699600
2025-06-18,3138900
2025-06-20,4839600
2025-06-23,3746900
2025-06-24,4060800
2025-06-25,3163600
2025-06-26,2834900
2025-06-27,4504500
2025-06-30,3345600
2025-07-01,5796100
2025-07-02,8274700
2025-07-03,3314900
2025-07-07,5240100
2025-07-08,5533000
2025-07-09,3510600
2025-07-10,5607100
2025-07-11,3738500
2025-07-14,3865400
2025-07-15,3846300
2025-07-16,4446400
2025-07-17,4961900
2025-07-18,2762100
2025-07-21,3833200
2025-07-22,5330500
2025-07-23,5878300
2025-07-24,3915400
2025-07-25,3575700
2025-07-28,4746600
2025-07-29,5064100
2025-07-30,5021200
2025-07-31,4793300
2025-08-01,6952900
2025-08-04,12023800
2025-08-05,7100000
2025-08-06,4719200
2025-08-07,5514700
2025-08-08,2953300
2025-08-11,2710300
2025-08-12,3831600
2025-08-13,5859400
2025-08-14,5089800
2025-08-15,3349800
2025-08-18,2650600
2025-08-19,4159100
2025-08-20,7902600
2025-08-21,5772900
2025-08-22,6930700
2025-08-25,7103200
2025-08-26,6028800
2025-08-27,2939100
2025-08-28,2687000
2025-08-29,2283400
2025-09-02,3764300
2025-09-03,3640500
2025-09-04,3953500
2025-09-05,7514900
2025-09-08,5137200
2025-09-09,3116200
2025-09-10,2278000
2025-09-11,3597500
2025-09-12,3426800
2025-09-15,2647500
2025-09-16,2647300
2025-09-17,3044400
2025-09-18,2557600
2025-09-19,4819000
2025-09-22,3240700
2025-09-23,4190900
2025-09-24,3220500
2025-09-25,2891700
2025-09-26,2985800
2025-09-29,3770400
2025-09-30,3163800
2025-10-01,3129700
2025-10-02,2517600
2025-10-03,2380500
2025-10-06,3255700
2025-10-07,3424000
2025-10-08,3466400
2025-10-09,3010200
2025-10-10,4487500
2025-10-13,3861700
2025-10-14,3199500
2025-10-15,3549900
2025-10-16,2450700
2025-10-17,2197900
2025-10-20,2078900
2025-10-21,2534300
2025-10-22,2467100
2025-10-23,2459700
2025-10-24,3049500
2025-10-27,6017800
2025-10-28,17480200
2025-10-29,5993900
2025-10-30,3527100
2025-10-31,3159700
2025-11-03,2905100
2025-11-04,3661900
2025-11-05,3580300
2025-11-06,3134600
2025-11-07,6824100
2025-11-10,5842500
2025-11-11,1863600
2025-11-12,2689400
2025-11-13,3396200
2025-11-14,3100900
2025-11-17,3443200
2025-11-18,3820900
2025-11-19,3128100
2025-11-20,4757100
2025-11-21,4503800
2025-11-24,2705300
2025-11-25,2380300
2025-11-26,2211200
2025-11-28,889700
2025-12-01,3301500
2025-12-02,4636900
2025-12-03,6078700
2025-12-04,3733000
2025-12-05,2339400
2025-12-08,3057600
2025-12-09,1923800
2025-12-10,2695600
2025-12-11,4685300
2025-12-12,2162000
2025-12-15,3240900
2025-12-16,1899300
2025-12-17,3090000
2025-12-18,3633000
2025-12-19,4000100
2025-12-22,1629100
2025-12-23,1977800
2025-12-24,666100
2025-12-26,1311200
2025-12-29,1540200
2025-12-30,1356100
2025-12-31,1091400
2026-01-02,3587400
2026-01-05,2844000
2026-01-06,2743400
2026-01-07,3549600
2026-01-08,2906900
2026-01-09,3259800
2026-01-12,1954300
2026-01-13,2139500
2026-01-14,2769700
2026-01-15,2315000
2026-01-16,2133800
2026-01-20,3762400
2026-01-21,3587900
2026-01-22,2931300
2026-01-23,1927500
2026-01-26,1874000
2026-01-27,1322300
2026-01-28,1925000
2026-01-29,2856100
2026-01-30,2718300
2026-02-02,3686700
2026-02-03,2763700
2026-02-04,9557100
2026-02-05,5026500
2026-02-06,3750500
2026-02-09,3472100
2026-02-10,2431400
2026-02-11,3385900
2026-02-12,6398900
2026-02-13,3900200
2026-02-17,3336500
2026-02-18,6852300
2026-02-19,11504000
2026-02-20,8448600
2026-02-23,6377700
2026-02-24,3441400
2026-02-25,3952700
2026-02-26,5432400
2026-02-27,3264000
2026-03-02,3669000
2026-03-03,2996100
2026-03-04,3928300
2026-03-05,4218600
2026-03-06,2912100
2026-03-09,3324700
2026-03-10,2735400
2026-03-11,2630200
2026-03-12,4505500
2026-03-13,3023900
2026-03-16,3257100
2026-03-17,3163400
2026-03-18,2451300
2026-03-19,2534600
2026-03-20,3683400
2026-03-23,3975300
2026-03-24,3775100
2026-03-25,3434300
2026-03-26,3661600
2026-03-27,3284146
