Date,open
2006-10-16,204.78643529509233
2006-10-17,203.89951577812204
2006-10-18,202.42122066674187
2006-10-19,202.02703403524825
2006-10-20,202.51983212706216
2006-10-23,201.5343350859925
2006-10-24,199.56328807991179
2006-10-25,199.0705788002265
2006-10-26,199.56328807991179
2006-10-27,199.07053062759704
2006-10-30,200.05603205924288
2006-10-31,199.56331895991175
2006-11-01,202.02703237719467
2006-11-02,200.05609605193945
2006-11-03,199.76038676440862
2006-11-06,199.16914726951262
2006-11-07,198.57784842271425
2006-11-08,198.28218173788395
2006-11-09,197.59233639742516
2006-11-10,197.09957340624211
2006-11-13,198.2821457828599
2006-11-14,198.28219219633326
2006-11-15,203.01252294877708
2006-11-16,205.18064880371094
2006-11-17,206.26468091186354
2006-11-20,207.64439208012308
2006-11-21,210.50234150637021
2006-11-22,213.36029470292354
2006-11-24,216.0211200066777
2006-11-27,215.8240250091849
2006-11-28,214.8384946136884
2006-11-29,214.83855257146422
2006-11-30,218.28773506932427
2006-12-01,220.7515411376953
2006-12-04,220.7514890796801
2006-12-05,219.47032710064119
2006-12-06,220.94861024330746
2006-12-07,221.04718516181143
2006-12-08,221.73697713041923
2006-12-11,229.1282204161299
2006-12-12,231.09922313514284
2006-12-13,233.07025189285133
2006-12-14,235.9281481251945
2006-12-15,236.5194890536152
2006-12-18,236.51945875771986
2006-12-19,233.5630078040177
2006-12-20,234.74558128414859
2006-12-21,233.562967609855
2006-12-22,234.44996284183836
2006-12-26,235.0412078440549
2006-12-27,233.5630191594036
2006-12-28,236.0266741406512
2006-12-29,235.23835468882663
2007-01-03,234.0557653766182
2007-01-04,234.54850300278906
2007-01-05,235.04120876389837
2007-01-08,232.87311144030494
2007-01-09,236.02673263057792
2007-01-10,235.53401231230728
2007-01-11,234.05570622096843
2007-01-12,235.82957562112142
2007-01-16,236.5194495327489
2007-01-17,239.77163506815526
2007-01-18,245.09325994511562
2007-01-19,244.79761897951508
2007-01-22,242.43244030859591
2007-01-23,244.10778622679547
2007-01-24,246.96576346631255
2007-01-25,248.74145643114443
2007-01-26,243.22497702938682
2007-01-29,240.2160163003155
2007-01-30,243.42560317215614
2007-01-31,242.7234359480833
2007-02-01,242.52287193931795
2007-02-02,237.20703389855314
2007-02-05,239.11269957939902
2007-02-06,239.41359131116812
2007-02-07,239.21296618127684
2007-02-08,241.51987898010339
2007-02-09,238.71147347080174
2007-02-12,237.70846663246974
2007-02-13,236.6052526921037
2007-02-14,239.71451149082947
2007-02-15,240.617211615683
2007-02-16,242.62314837298118
2007-02-20,243.2249344774283
2007-02-21,248.13958892592345
2007-02-22,247.5378194063681
2007-02-23,250.44644868530065
2007-02-26,248.03932378275903
2007-02-27,243.2249796877625
2007-02-28,232.693585296124
2007-03-01,234.69953353908772
2007-03-02,242.22195784612455
2007-03-05,245.33127531363874
2007-03-06,243.12469391090244
2007-03-07,241.7204739597051
2007-03-08,245.73247474332516
2007-03-09,240.71744945281267
2007-03-12,248.03928825161398
2007-03-13,248.3402181099588
2007-03-14,248.4405590653793
2007-03-15,243.92711214830408
2007-03-16,244.93006396515932
2007-03-19,247.63806544709817
2007-03-20,250.54678428116725
2007-03-21,258.7712975292107
2007-03-22,261.78023482477005
2007-03-23,261.78027055171907
2007-03-26,267.39698379333583
2007-03-27,265.7922058105469
2007-03-28,267.7982425361571
2007-03-29,265.792208297158
2007-03-30,264.7892281953073
2007-04-02,264.08714741218046
2007-04-03,265.69188380253104
2007-04-04,272.81319547226093
2007-04-05,273.9164127349458
2007-04-09,284.24721387492104
2007-04-10,275.2204188893455
2007-04-11,269.30272113980624
2007-04-12,270.10512409904993
2007-04-13,273.91641620558914
2007-04-16,276.42387755613646
2007-04-17,279.23227987815875
2007-04-18,280.0346455380108
2007-04-19,279.5331332566275
2007-04-20,281.3385402969749
2007-04-23,282.14091189765446
2007-04-24,282.7427828650342
2007-04-25,280.33555319677384
2007-04-26,285.8519922613478
2007-04-27,285.95232512398303
2007-04-30,291.8699819550916
2007-05-01,289.36251551635434
2007-05-02,290.2559484431366
2007-05-03,297.3849720458602
2007-05-04,315.2076834688092
2007-05-07,309.09702740603217
2007-05-08,317.7537923894246
2007-05-09,305.53254674692624
2007-05-10,313.17082176523763
2007-05-11,307.0601581135528
2007-05-14,314.69852333133923
2007-05-15,311.13398089326574
2007-05-16,314.18922613534306
2007-05-17,321.3183657001469
2007-05-18,331.50279994268186
2007-05-21,338.6319260671022
2007-05-22,329.9751110713298
2007-05-23,332.8267320820617
2007-05-24,330.9935233091363
2007-05-25,325.90131872413065
2007-05-29,336.08575344085693
2007-05-30,328.44744086265564
2007-05-31,329.9751078183493
2007-06-01,324.78106926735035
2007-06-04,331.50278017324854
2007-06-05,328.4475072380164
2007-06-06,322.33677405111894
2007-06-07,322.4386309439627
2007-06-08,321.8276090708487
2007-06-11,316.83725906246605
2007-06-12,324.78108566204764
2007-06-13,322.33680852429217
2007-06-14,325.7994818460845
2007-06-15,325.9012906585699
2007-06-18,318.4667489948017
2007-06-19,320.2999005855244
2007-06-20,322.1331485110385
2007-06-21,323.3552258878755
2007-06-22,319.0778114088944
2007-06-25,319.28154950672
2007-06-26,305.0233225589462
2007-06-27,308.1804562604176
2007-06-28,307.0601876439201
2007-06-29,317.4483022431071
2007-07-02,324.37367925696054
2007-07-03,325.3921544277662
2007-07-05,329.87331965801246
2007-07-06,327.83647711625326
2007-07-09,326.9198222558569
2007-07-10,327.42899899856667
2007-07-11,325.79945512451417
2007-07-12,330.89171094258353
2007-07-13,336.08571688363907
2007-07-16,352.2789559163209
2007-07-17,347.28866970196594
2007-07-18,360.01917659305275
2007-07-19,381.20275745987465
2007-07-20,403.81206644769475
2007-07-23,397.0904136898235
2007-07-24,399.63655308772724
2007-07-25,381.81373554701077
2007-07-26,407.3766696068549
2007-07-27,386.4986477750102
2007-07-30,397.19221781462977
2007-07-31,402.89558879126486
2007-08-01,397.5869107952565
2007-08-02,404.7970290966817
2007-08-03,379.2525801678524
2007-08-06,377.70761910805123
2007-08-07,350.2060350376839
2007-08-08,360.5062792841911
2007-08-09,350.2061124012244
2007-08-10,350.72110313495244
2007-08-13,359.47624468976846
2007-08-14,361.53625348304365
2007-08-15,342.7900019871795
2007-08-16,319.8205639206885
2007-08-17,322.39565296662164
2007-08-20,338.2579321898291
2007-08-21,336.9188898631981
2007-08-22,350.2060852050781
2007-08-23,354.8411899316083
2007-08-24,350.00008521452173
2007-08-27,345.05600056493427
2007-08-28,357.72523077974455
2007-08-29,358.96124267578125
2007-08-30,358.96124267578125
2007-08-31,360.5062740551107
2007-09-04,360.3002442095132
2007-09-05,360.1971949147082
2007-09-06,368.02545571996365
2007-09-07,360.50622912420744
2007-09-10,356.69514545681403
2007-09-11,353.8110772730411
2007-09-12,342.8929669794427
2007-09-13,364.7293376284537
2007-09-14,355.0471409481175
2007-09-17,350.2061237391866
2007-09-18,350.4120871383087
2007-09-19,356.9012125331464
2007-09-20,362.05120770585046
2007-09-21,362.77224784638196
2007-09-24,381.1065739876363
2007-09-25,372.3515126816892
2007-09-26,382.8576355872133
2007-09-27,378.53150183054294
2007-09-28,379.9736495263387
2007-10-01,371.73345558411825
2007-10-02,381.10661630659575
2007-10-03,371.2184507880606
2007-10-04,363.08132575125023
2007-10-05,360.7122190944437
2007-10-08,368.1284433567525
2007-10-09,362.77225159709826
2007-10-10,365.6564132710887
2007-10-11,361.6392964852588
2007-10-12,356.1801951740319
2007-10-15,360.5062602476588
2007-10-16,356.4891933343057
2007-10-17,354.944084986277
2007-10-18,358.343209730888
2007-10-19,367.7163955640924
2007-10-22,358.44622721994256
2007-10-23,365.7593521951111
2007-10-24,372.86642495667746
2007-10-25,366.6863614693381
2007-10-26,375.9565645345052
2007-10-29,385.12371826171875
2007-10-30,383.8877024323777
2007-10-31,378.84036603976136
2007-11-01,372.47597975965584
2007-11-02,383.1181828480095
2007-11-05,366.94622209905356
2007-11-06,366.00723590706843
2007-11-07,350.982965647593
2007-11-08,348.6875680603763
2007-11-09,340.966763790293
2007-11-12,339.9234362345711
2007-11-13,308.4142382659059
2007-11-14,328.23791900459537
2007-11-15,321.1432091226628
2007-11-16,320.7257973716028
2007-11-19,313.7353065711228
2007-11-20,307.78829869124445
2007-11-21,306.64064583673706
2007-11-23,312.0659686242878
2007-11-26,315.5090675059453
2007-11-27,303.30182905793873
2007-11-28,292.868363670477
2007-11-29,313.52667153502006
2007-11-30,319.2651672363281
2007-12-03,323.229871341774
2007-12-04,309.4576358898548
2007-12-05,306.2232360839844
2007-12-06,307.9969437564795
2007-12-07,310.5010469673708
2007-12-10,317.17843936936487
2007-12-11,309.97935242031235
2007-12-12,318.6391129687787
2007-12-13,316.0307611036265
2007-12-14,306.32759920031236
2007-12-17,301.52814468569824
2007-12-18,289.94701424589783
2007-12-19,294.95507002733
2007-12-20,286.60826508583995
2007-12-21,280.5567664376108
2007-12-24,284.3129112838043
2007-12-26,279.0961822979005
2007-12-27,278.05274141518703
2007-12-28,287.23424562138234
2007-12-31,275.96604420241255
2008-01-02,277.635464247931
2008-01-03,275.96605115359716
2008-01-04,271.2710345647584
2008-01-07,272.52307064982267
2008-01-08,277.6354805862533
2008-01-09,263.5502008086728
2008-01-10,257.08150758095996
2008-01-11,261.2548844378649
2008-01-14,272.41874873870984
2008-01-15,257.1858224547703
2008-01-16,253.53409965181453
2008-01-17,255.62078767851852
2008-01-18,252.6994019899836
2008-01-22,253.11678425438652
2008-01-23,269.18435709940485
2008-01-24,274.50542436214863
2008-01-25,284.3128665552194
2008-01-28,282.79545149180757
2008-01-29,288.20928219366186
2008-01-30,291.9247719969283
2008-01-31,287.4662561236318
2008-02-01,288.74017867438215
2008-02-04,313.4741453895898
2008-02-05,301.37249461348836
2008-02-06,294.79091590098153
2008-02-07,300.4171758546589
2008-02-08,296.3833084407936
2008-02-11,300.9478698382961
2008-02-12,313.2617887840563
2008-02-13,314.21718779587746
2008-02-14,319.1003585128095
2008-02-15,318.46334565598397
2008-02-19,317.08336870840355
2008-02-20,314.21719614944516
2008-02-21,314.3234029140515
2008-02-22,296.17094599054155
2008-02-25,292.56167519603434
2008-02-26,300.8417449751904
2008-02-27,295.5339279544103
2008-02-28,295.9586471271739
2008-02-29,287.9970148341261
2008-03-03,279.18621597992535
2008-03-04,280.46003604295925
2008-03-05,278.76156716271646
2008-03-06,285.23702532176816
2008-03-07,268.0399887527823
2008-03-10,266.44769910997064
2008-03-11,270.69383351837547
2008-03-12,269.63230513222345
2008-03-13,262.73228860110385
2008-03-14,263.58147254644143
2008-03-17,254.6645913981855
2008-03-18,249.4630304380841
2008-03-19,257.2121807418716
2008-03-20,256.8937654490619
2008-03-24,272.9231533247952
2008-03-25,264.85534131018596
2008-03-26,274.9400499832223
2008-03-27,275.7892068432682
2008-03-28,279.18618953157846
2008-03-31,267.40307617853
2008-04-01,265.38612501391873
2008-04-02,273.02926576428104
2008-04-03,277.16926795044174
2008-04-04,280.6724183300057
2008-04-07,286.08620844197793
2008-04-08,278.9739485443917
2008-04-09,287.3601305625492
2008-04-10,284.600160668715
2008-04-11,276.00156150577584
2008-04-14,276.74471117066065
2008-04-15,265.38613874066573
2008-04-16,269.63236585859823
2008-04-17,268.1461632418788
2008-04-18,276.2139540281164
2008-04-21,271.4369423572581
2008-04-22,275.8954522155645
2008-04-23,273.5600342832779
2008-04-24,269.42008839052124
2008-04-25,263.9000047061474
2008-04-28,270.82205602406924
2008-04-29,269.4159151681728
2008-04-30,268.3343833484286
2008-05-01,267.7936834381278
2008-05-02,271.4709037268024
2008-05-05,271.7953943583314
2008-05-06,269.41599917570926
2008-05-07,276.87866683737826
2008-05-08,280.1234336468202
2008-05-09,281.63756031884975
2008-05-12,282.39467505287
2008-05-13,288.7757925404381
2008-05-14,279.79890218773176
2008-05-15,271.0382681913695
2008-05-16,283.15178183806745
2008-05-19,281.421307427319
2008-05-20,285.31490342043577
2008-05-21,292.2367553456096
2008-05-22,283.90884787764685
2008-05-23,280.6641449877329
2008-05-27,280.66418575925024
2008-05-28,280.1234110669506
2008-05-29,286.39642502305145
2008-05-30,282.9354266259679
2008-06-02,280.6641351912603
2008-06-03,284.44964000509617
2008-06-04,274.8237639859746
2008-06-05,271.362740613337
2008-06-06,283.9087716289609
2008-06-09,277.4195502111244
2008-06-10,262.8185361124933
2008-06-11,264.98157541362747
2008-06-12,256.86983746051106
2008-06-13,248.21741959237156
2008-06-16,259.898251620834
2008-06-17,262.6022156226252
2008-06-18,264.873514928629
2008-06-19,260.54722736348157
2008-06-20,262.81847118421007
2008-06-23,255.24758440086472
2008-06-24,248.75818228077387
2008-06-25,242.80964088977146
2008-06-26,246.59512921629067
2008-06-27,237.29368246086557
2008-06-30,243.45862782292383
2008-07-01,238.3752595841098
2008-07-02,234.4815966737501
2008-07-03,228.9656723297399
2008-07-07,227.01891855225878
2008-07-08,219.1235867681764
2008-07-09,233.61640944446808
2008-07-10,227.23519920048787
2008-07-11,232.53481150748593
2008-07-14,241.7281258621334
2008-07-15,234.37344873123672
2008-07-16,235.34694895656446
2008-07-17,245.62170029903695
2008-07-18,254.16599098954512
2008-07-21,253.19262607015585
2008-07-22,252.2192199602673
2008-07-23,270.1730691194485
2008-07-24,275.79718957761827
2008-07-25,250.70500036503836
2008-07-28,252.543638769612
2008-07-29,246.5951754758907
2008-07-30,229.83095501091273
2008-07-31,219.77250308903155
2008-08-01,232.53489433964594
2008-08-04,218.2043126212581
2008-08-05,214.549099068525
2008-08-06,209.67549390447027
2008-08-07,208.34632613097452
2008-08-08,204.46961218074767
2008-08-11,215.65668268825107
2008-08-12,218.3150293755528
2008-08-13,223.41024191077875
2008-08-14,230.72058217987112
2008-08-15,239.24936025945007
2008-08-18,235.92640828082028
2008-08-19,239.13860298140577
2008-08-20,233.1573639843621
2008-08-21,227.95148626083756
2008-08-22,229.83446522738367
2008-08-25,233.7111925791306
2008-08-26,235.37266233812807
2008-08-27,231.49596753794074
2008-08-28,233.1573539746285
2008-08-29,233.71118076537047
2008-09-02,230.4990604758563
2008-09-03,231.38513686259
2008-09-04,224.4071213471519
2008-09-05,219.75499708524342
2008-09-08,217.9827400013236
2008-09-09,213.99527324852357
2008-09-10,203.47271237080835
2008-09-11,208.12479637071982
2008-09-12,213.10918235423347
2008-09-15,213.4414678372222
2008-09-16,206.68485959382957
2008-09-17,200.70364379882812
2008-09-18,211.4476937878805
2008-09-19,205.13420234002538
2008-09-22,207.23872572634923
2008-09-23,196.05155139741487
2008-09-24,190.8456887258448
2008-09-25,192.72864533044088
2008-09-26,185.9720899618741
2008-09-29,187.301236868399
2008-09-30,175.56030773978347
2008-10-01,162.93323414884875
2008-10-02,154.51524694889483
2008-10-03,133.47013638966294
2008-10-06,128.48574451979954
2008-10-07,114.64031202764814
2008-10-08,106.55460194792538
2008-10-09,111.42817303060401
2008-10-10,103.56396459247682
2008-10-13,107.9945068359375
2008-10-14,110.65284277006448
2008-10-15,105.44696259415093
2008-10-16,102.3455532120742
2008-10-17,97.47196921200913
2008-10-20,99.68723075635977
2008-10-21,99.57648649629083
2008-10-22,97.1396745080481
2008-10-23,87.94630522442971
2008-10-24,94.59211106002948
2008-10-27,82.51889145757029
2008-10-28,77.64529317351426
2008-10-29,85.50950113762491
2008-10-30,81.63277350815197
2008-10-31,88.05706134194742
2008-11-03,107.76439596247742
2008-11-04,104.83283546852239
2008-11-05,95.5690719115678
2008-11-06,105.30186925550021
2008-11-07,95.1000216827959
2008-11-10,98.38339877147548
2008-11-11,83.49102784298682
2008-11-12,79.03502820310105
2008-11-13,79.15230930523869
2008-11-14,75.86893810799171
2008-11-17,75.04809186267507
2008-11-18,70.70938709024482
2008-11-19,61.91468102733786
2008-11-20,56.52060735484052
2008-11-21,53.94082171729834
2008-11-24,36.93773615955334
2008-11-25,46.90506798057957
2008-11-26,49.36758359290997
2008-11-28,63.43908838862767
2008-12-01,64.37720426773298
2008-12-02,58.279545723593486
2008-12-03,57.927757876282875
2008-12-04,59.10039285831698
2008-12-05,62.14920169802748
2008-12-08,61.562903831276365
2008-12-09,58.74859258855257
2008-12-10,66.83970816608995
2008-12-11,61.91468701264298
2008-12-12,60.976585647352
2008-12-15,59.334909958605856
2008-12-16,60.97660327817076
2008-12-17,62.38374788490259
2008-12-18,73.05463899257977
2008-12-19,72.46833097990402
2008-12-22,71.41296226386568
2008-12-23,64.61172620983804
2008-12-24,67.19149780273438
2008-12-26,66.25339900692589
2008-12-29,70.35760761954334
2008-12-30,69.77128529337621
2008-12-31,76.80703634234203
2009-01-02,79.8558676714662
2009-01-05,89.82319892110618
2009-01-06,95.2172801144194
2009-01-07,108.35071381886462
2009-01-08,104.48104504611631
2009-01-09,116.44184288048766
2009-01-12,119.2561222714781
2009-01-13,98.38337347062564
2009-01-14,100.49410282520452
2009-01-15,94.1619025299315
2009-01-16,95.45180658507698
2009-01-20,87.94699595866244
2009-01-21,94.2791910433861
2009-01-22,89.11962728058403
2009-01-23,97.6798002417201
2009-01-26,90.99582684029563
2009-01-27,93.92737565977961
2009-01-28,105.41912135040502
2009-01-29,108.46796034375848
2009-01-30,97.91432122885098
2009-02-02,88.29879299148452
2009-02-03,86.07079701211143
2009-02-04,89.11963118329547
2009-02-05,81.26302232982238
2009-02-06,74.6963244422339
2009-02-09,83.8427914467426
2009-02-10,80.6767145141206
2009-02-11,75.16536184328176
2009-02-12,68.8331898137981
2009-02-13,69.30223499947357
2009-02-17,63.79089354043693
2009-02-18,60.97658571947259
2009-02-19,58.16228673985573
2009-02-20,55.934296595469796
2009-02-23,50.89200151172608
2009-02-24,46.78780475702384
2009-02-25,51.59557457927621
2009-02-26,52.76819190422664
2009-02-27,49.60210790565519
2009-03-02,50.65746675149741
2009-03-03,41.15919035047186
2009-03-04,37.87584511879604
2009-03-05,44.32528972292432
2009-03-06,37.52404978818168
2009-03-09,38.696679274835454
2009-03-10,41.3937190376374
2009-03-11,53.47177492388628
2009-03-12,45.73244069121573
2009-03-13,43.97350233986885
2009-03-16,42.331829596515085
2009-03-17,42.449089071006334
2009-03-18,42.449079505419476
2009-03-19,46.78779780590156
2009-03-20,45.02887051575423
2009-03-23,41.6282444179301
2009-03-24,41.74550084306186
2009-03-25,40.80740452355685
2009-03-26,41.98002581841041
2009-03-27,43.973506400608706
2009-03-30,39.75204189781119
2009-03-31,36.468690344041086
2009-04-01,38.69667451398915
2009-04-02,44.44254797570038
2009-04-03,43.738979905447266
2009-04-06,42.683604964787875
2009-04-07,40.10383936165885
2009-04-08,39.51751891764827
2009-04-09,43.269915674195815
2009-04-13,44.325285311638375
2009-04-14,45.4979057909372
2009-04-15,45.263396112005324
2009-04-16,44.55981625721647
2009-04-17,55.230709976416875
2009-04-20,59.80396527831943
2009-04-21,49.367578678017715
2009-04-22,53.9408312675833
2009-04-23,54.40988203269048
2009-04-24,49.48485960956867
2009-04-27,46.90507118820146
2009-04-28,44.91159882197937
2009-04-29,51.126529592345705
2009-04-30,49.48484794572087
2009-05-01,49.719376633482476
2009-05-04,50.071155271770415
2009-05-05,53.237255377935945
2009-05-06,52.18188870331809
2009-05-07,56.286072509386024
2009-05-08,55.69976346420365
2009-05-11,53.47177359423279
2009-05-12,50.89199581340823
2009-05-13,46.31874948115298
2009-05-14,44.32529073917626
2009-05-15,44.559813805068764
2009-05-18,44.794340000027724
2009-05-19,46.43601022445503
2009-05-20,51.00926364705783
2009-05-21,49.25031164927989
2009-05-22,49.250318584753074
2009-05-26,46.90506380091357
2009-05-27,48.07769167399797
2009-05-28,49.484846175147574
2009-05-29,48.6640080123927
2009-06-01,50.422952877846
2009-06-02,49.36758698134259
2009-06-03,49.133059088591665
2009-06-04,47.37411683842894
2009-06-05,46.31875716495308
2009-06-08,46.0842350444034
2009-06-09,44.325285311638375
2009-06-10,45.966967921646564
2009-06-11,46.43601061887915
2009-06-12,45.9669659084208
2009-06-15,46.43601423654215
2009-06-16,44.67707747668613
2009-06-17,42.2145594831063
2009-06-18,41.041924860504224
2009-06-19,41.276453469550326
2009-06-22,39.2829998035822
2009-06-23,36.116897386537836
2009-06-24,35.88237887883939
2009-06-25,39.400263120396254
2009-06-26,39.634779680454265
2009-06-29,39.98656764236596
2009-06-30,39.51752134661575
2009-07-01,37.64131269402673
2009-07-02,39.6347822942574
2009-07-06,37.52405027025895
2009-07-07,36.82047375687529
2009-07-08,36.234163963755535
2009-07-09,35.765115893197844
2009-07-10,34.592485161945646
2009-07-13,34.12343869570736
2009-07-14,34.59248486560402
2009-07-15,37.641313906492826
2009-07-16,38.11036791061912
2009-07-17,38.110364385777494
2009-07-20,38.11037120158405
2009-07-21,38.46215765464924
2009-07-22,37.87584791191881
2009-07-23,39.517522144582976
2009-07-24,42.44908542957479
2009-07-27,45.849700190419505
2009-07-28,50.188415993220175
2009-07-29,47.49138453470647
2009-07-30,45.26339446345146
2009-07-31,44.55981012100729
2009-08-03,45.84970576188399
2009-08-04,45.73243558518142
2009-08-05,46.43601423654215
2009-08-06,45.61517859573885
2009-08-07,42.800876181172065
2009-08-10,44.44254339675591
2009-08-11,44.20802450392969
2009-08-12,42.33182471157629
2009-08-13,43.973501327637756
2009-08-14,42.56634100684199
2009-08-17,39.63478411644395
2009-08-18,39.63477289538894
2009-08-19,39.282992941089304
2009-08-20,41.51098035079152
2009-08-21,43.50444801974473
2009-08-24,44.67708258540219
2009-08-25,45.02886459729186
2009-08-26,43.387192344295556
2009-08-27,43.62171773870147
2009-08-28,46.20149432872761
2009-08-31,43.387177807421125
2009-09-01,43.97350019202156
2009-09-02,42.331818539135085
2009-09-03,43.97349885447649
2009-09-04,44.09075909684903
2009-09-08,44.559817627566
2009-09-09,43.387182684138686
2009-09-10,45.49791144110186
2009-09-11,44.44255603452649
2009-09-14,43.621715724298944
2009-09-15,45.96696539909926
2009-09-16,51.947367364813196
2009-09-17,66.83971574405008
2009-09-18,74.11000473328039
2009-09-21,69.6540476981026
2009-09-22,63.79090488077862
2009-09-23,58.98311634111097
2009-09-24,58.04501921881956
2009-09-25,53.94082786361936
2009-09-28,54.527151403906345
2009-09-29,54.40987651901777
2009-09-30,56.98965114895541
2009-10-01,59.68670164191466
2009-10-02,54.52714709788595
2009-10-05,57.106920514424175
2009-10-06,58.396812438964844
2009-10-07,59.21763816497426
2009-10-08,59.80395456675308
2009-10-09,60.27301117743544
2009-10-12,58.98311634111097
2009-10-13,60.038489101507764
2009-10-14,60.859321068005045
2009-10-15,58.74858969750249
2009-10-16,58.6313329642735
2009-10-19,59.33490251670084
2009-10-20,58.0450203468065
2009-10-21,58.27954681615201
2009-10-22,57.693224954013125
2009-10-23,55.8170275653853
2009-10-26,52.29915185227998
2009-10-27,52.41641258850019
2009-10-28,50.774734613321925
2009-10-29,48.78127723849232
2009-10-30,51.12652030983273
2009-11-02,49.484848180982326
2009-11-03,47.491380093003656
2009-11-04,49.36758259256851
2009-11-05,49.8366388501882
2009-11-06,48.66400126820191
2009-11-09,47.84316560926313
2009-11-10,50.30568867960027
2009-11-11,52.064631869873
2009-11-12,53.70629818827463
2009-11-13,51.5955696105957
2009-11-16,53.237261702416326
2009-11-17,52.06462804458907
2009-11-18,52.76819537391476
2009-11-19,52.88545404167812
2009-11-20,51.24378702439551
2009-11-23,52.76820258136832
2009-11-24,52.064633490126454
2009-11-25,53.237252840644025
2009-11-27,49.36758497994054
2009-11-30,51.947359255407505
2009-12-01,51.83010196842776
2009-12-02,50.54020854979746
2009-12-03,51.71283767754059
2009-12-04,51.24378487443568
2009-12-07,52.18188269375922
2009-12-08,52.299150611979584
2009-12-09,50.77473613012767
2009-12-10,52.06462701325902
2009-12-11,52.88546207591998
2009-12-14,53.23725839731746
2009-12-15,53.589033875356776
2009-12-16,56.52060809574852
2009-12-17,56.28609053494016
2009-12-18,54.17534750616479
2009-12-21,54.64439932872805
2009-12-22,53.589038202668206
2009-12-23,53.00273086229055
2009-12-24,53.002724231185674
2009-12-28,53.82356570835368
2009-12-29,53.94082906017215
2009-12-30,53.35451389213683
2009-12-31,52.885466393618216
2010-01-04,53.35452056725367
2010-01-05,54.292620041572256
2010-01-06,56.16881685442549
2010-01-07,58.04502141731071
2010-01-08,57.4587053645073
2010-01-11,58.63133328217107
2010-01-12,57.458702355486196
2010-01-13,57.22418086128396
2010-01-14,56.40334117184807
2010-01-15,57.22418102778664
2010-01-19,57.34144320911447
2010-01-20,57.45870965910453
2010-01-21,55.34798213048798
2010-01-22,54.99619083088635
2010-01-25,56.05155146578934
2010-01-26,56.75513885047374
2010-01-27,55.113453787271304
2010-01-28,54.76165592922055
2010-01-29,54.52714268047805
2010-02-01,54.52713558689569
2010-02-02,54.7616714447954
2010-02-03,55.34797863174849
2010-02-04,53.94081966904868
2010-02-05,51.36105051359014
2010-02-08,47.37411106567787
2010-02-09,48.898539409557564
2010-02-10,48.7812688339713
2010-02-11,47.374117736942814
2010-02-12,46.43602044355497
2010-02-16,48.07768746293268
2010-02-17,47.608638763427734
2010-02-18,47.022340930561036
2010-02-19,48.07770699160857
2010-02-22,48.19495609301153
2010-02-23,48.19495488450657
2010-02-24,47.49138142592658
2010-02-25,47.022334486548125
2010-02-26,47.491386359973546
2010-03-01,47.37411143973818
2010-03-02,48.194969177246094
2010-03-03,48.78126310095618
2010-03-04,49.60211667762437
2010-03-05,50.0711560784526
2010-03-08,50.30568276669627
2010-03-09,50.65747311005398
2010-03-10,53.35451165908887
2010-03-11,55.93428939234217
2010-03-12,54.76166633660027
2010-03-15,52.768203702109844
2010-03-16,52.4164200126095
2010-03-17,54.292606353759766
2010-03-18,53.82356854914743
2010-03-19,57.458702087402344
2010-03-22,54.64440008062408
2010-03-23,55.11345998565029
2010-03-24,55.347988702378196
2010-03-25,54.17535217415074
2010-03-26,53.471776047402514
2010-03-29,52.76819850452024
2010-03-30,52.18187501152718
2010-03-31,50.07116267325605
2010-04-01,49.602106672226604
2010-04-05,51.59557843274704
2010-04-06,53.00272228920807
2010-04-07,52.65093481738765
2010-04-08,54.409878463929246
2010-04-09,57.106924844659666
2010-04-12,55.11346160510145
2010-04-13,56.28607189535204
2010-04-14,58.74859945258932
2010-04-15,59.686698746916704
2010-04-16,58.6313329642735
2010-04-19,58.39681026028528
2010-04-20,58.39679732675844
2010-04-21,61.445641668536716
2010-04-22,60.97659068027645
2010-04-23,59.217645525986896
2010-04-26,59.21764156663642
2010-04-27,59.33491026935822
2010-04-28,58.74859511897739
2010-04-29,59.21764156663642
2010-04-30,59.686698746916704
2010-05-03,59.686698746916704
2010-05-04,58.514070029876265
2010-05-05,56.872392145596024
2010-05-06,55.6997650881047
2010-05-07,53.11999233651946
2010-05-10,56.6378744122847
2010-05-11,52.885460656638976
2010-05-12,54.52713613836032
2010-05-13,51.94736438040858
2010-05-14,52.299149101378894
2010-05-17,51.36104613828704
2010-05-18,50.305691852649474
2010-05-19,49.01579359176238
2010-05-20,46.436011818555976
2010-05-21,43.387185228915925
2010-05-24,47.9604214583821
2010-05-25,43.85623726542239
2010-05-26,45.38065165634635
2010-05-27,45.849709595716305
2010-05-28,47.725905273643875
2010-06-01,47.49137898979879
2010-06-02,45.615177322304845
2010-06-03,47.37411707410935
2010-06-04,46.31875399926302
2010-06-07,47.3741219394941
2010-06-08,45.26339146675214
2010-06-09,43.38718586474297
2010-06-10,43.738979910768435
2010-06-11,46.08422522253253
2010-06-14,46.553278583685994
2010-06-15,46.55328097169279
2010-06-16,46.905064834714956
2010-06-17,47.13959278421396
2010-06-18,46.905072316980394
2010-06-21,47.49137878417969
2010-06-22,47.37411880493164
2010-06-23,46.90506902217731
2010-06-24,45.380658283021965
2010-06-25,45.146127348559304
2010-06-28,44.67707777394976
2010-06-29,45.028854062882466
2010-06-30,43.50445396129208
2010-07-01,44.442547886957605
2010-07-02,41.86277666515984
2010-07-06,44.32528629991115
2010-07-07,43.26991830008157
2010-07-08,43.8562420775285
2010-07-09,45.26339130205267
2010-07-12,46.90506634058945
2010-07-13,46.67053810354906
2010-07-14,46.20149224117172
2010-07-15,44.208023159251084
2010-07-16,44.44254839209653
2010-07-19,45.028856795511466
2010-07-20,43.26991830008157
2010-07-21,44.09076857453406
2010-07-22,43.387191260055936
2010-07-23,43.62170728209439
2010-07-26,45.615175209349104
2010-07-27,47.13959825268129
2010-07-28,48.78127723849232
2010-07-29,49.719369623127214
2010-07-30,49.01578954332506
2010-08-02,48.31222152709961
2010-08-03,47.84316560926313
2010-08-04,49.133064788312694
2010-08-05,49.95389780875774
2010-08-06,50.657479434632414
2010-08-09,49.48484597469558
2010-08-10,49.36757834209683
2010-08-11,49.719373083426774
2010-08-12,45.14612060015465
2010-08-13,46.3187525904946
2010-08-16,49.133055286557756
2010-08-17,47.72590459424811
2010-08-18,50.4229471926914
2010-08-19,48.19496205515769
2010-08-20,47.02232914106529
2010-08-23,47.374116633317534
2010-08-24,47.374116633317534
2010-08-25,46.0842275350484
2010-08-26,47.72590574069649
2010-08-27,46.90506269519368
2010-08-30,47.02232594919123
2010-08-31,47.13958668258128
2010-09-01,46.670542031335806
2010-09-02,46.08422960709663
2010-09-03,46.08422678305261
2010-09-07,45.26339446345146
2010-09-08,44.325285311638375
2010-09-09,44.79433483131325
2010-09-10,44.67707321143528
2010-09-13,43.62170643709885
2010-09-14,45.61517572676109
2010-09-15,46.3187577767517
2010-09-16,48.19495382227563
2010-09-17,48.42948071681103
2010-09-20,49.836630128859134
2010-09-21,49.83662568732516
2010-09-22,51.361047028242666
2010-09-23,51.12652305249456
2010-09-24,50.42293956973618
2010-09-27,51.1265270204368
2010-09-28,51.47830746070975
2010-09-29,51.0092615460382
2010-09-30,51.24378487443568
2010-10-01,51.94737131302253
2010-10-04,52.299140159267104
2010-10-05,51.12653292706188
2010-10-06,50.89199619482604
2010-10-07,51.24378809574113
2010-10-08,51.83009883862466
2010-10-11,51.47831017027038
2010-10-12,50.774723052978516
2010-10-13,50.774734663557936
2010-10-14,52.18188530004561
2010-10-15,51.94737131302253
2010-10-18,52.181885949171765
2010-10-19,52.18188269375922
2010-10-20,52.29914810443745
2010-10-21,52.768192168936125
2010-10-22,53.940836230612334
2010-10-25,55.23071796185012
2010-10-26,52.76820109119504
2010-10-27,52.7681999206543
2010-10-28,53.00272533009608
2010-10-29,53.00272533009608
2010-11-01,53.11998803239782
2010-11-02,53.00272750854492
2010-11-03,52.53367677546128
2010-11-04,52.88546869235434
2010-11-05,53.82356457744585
2010-11-08,51.83009710552155
2010-11-09,50.540215046246445
2010-11-10,49.95389491443567
2010-11-11,48.66400482909573
2010-11-12,48.66400126820191
2010-11-15,47.60864093504184
2010-11-16,47.3741167782332
2010-11-17,48.31222474210216
2010-11-18,48.19495600725406
2010-11-19,47.13958913643926
2010-11-22,46.90506580318566
2010-11-23,46.31875607321969
2010-11-24,45.497915164919895
2010-11-26,46.90506902217731
2010-11-29,45.380658283021965
2010-11-30,44.44255771973429
2010-12-01,45.14612953456074
2010-12-02,44.67707457630642
2010-12-03,45.38065772229089
2010-12-06,46.90506798814568
2010-12-07,46.670548554514106
2010-12-08,44.91159984561819
2010-12-09,45.02886857481751
2010-12-10,44.442553381977966
2010-12-13,44.67708043456806
2010-12-14,44.55980758634214
2010-12-15,45.028858702234906
2010-12-16,45.02886857481751
2010-12-17,44.67708206176758
2010-12-20,44.44255610107647
2010-12-21,44.67708043456806
2010-12-22,44.44254839209653
2010-12-23,44.20802048993274
2010-12-27,44.55981554154939
2010-12-28,44.911597507010335
2010-12-29,44.2080296422958
2010-12-30,43.738980963961296
2010-12-31,43.50445342963956
2011-01-03,43.97349698388747
2011-01-04,45.73243525345404
2011-01-05,46.78780630440543
2011-01-06,45.96696463168276
2011-01-07,46.08422960709663
2011-01-10,46.55327954946786
2011-01-11,47.96042374750474
2011-01-12,56.16882835222522
2011-01-13,54.058090052998715
2011-01-14,56.520610530727545
2011-01-18,53.70630521720175
2011-01-19,52.4164200126095
2011-01-20,54.2926073682968
2011-01-21,53.70629892551733
2011-01-24,54.6444031838468
2011-01-25,54.29260608140312
2011-01-26,51.59557133585663
2011-01-27,51.47831141750192
2011-01-28,52.65094153844096
2011-01-31,51.59557357640103
2011-02-01,53.00272280875772
2011-02-02,54.0580824478054
2011-02-03,55.34798213048798
2011-02-04,56.05154984079613
2011-02-07,56.403351416906155
2011-02-08,55.81702423095703
2011-02-09,55.465248107910156
2011-02-10,55.23072214980757
2011-02-11,55.34797727864235
2011-02-14,55.69976661806252
2011-02-15,56.520602470287585
2011-02-16,58.162287157986796
2011-02-17,60.27300914870966
2011-02-18,59.921229249494075
2011-02-22,58.162286885477755
2011-02-23,56.63786461395624
2011-02-24,57.693229336334184
2011-02-25,59.10037332131261
2011-02-28,58.514062629754854
2011-03-01,58.74859673406812
2011-03-02,58.631329628506506
2011-03-03,58.865857438046845
2011-03-04,59.803965313081974
2011-03-07,59.100378489677176
2011-03-08,59.21764373779297
2011-03-09,58.74859511897739
2011-03-10,58.514065302962315
2011-03-11,57.6932318558698
2011-03-14,56.87239349558874
2011-03-15,56.1688120613407
2011-03-16,57.81048934845931
2011-03-17,56.403337153856455
2011-03-18,56.40333393631137
2011-03-21,58.7485917765389
2011-03-22,58.514070029876265
2011-03-23,57.106915829239945
2011-03-24,58.045016042205994
2011-03-25,59.803967152606226
2011-03-28,63.20458379788566
2011-03-29,62.266470219179574
2011-03-30,62.73552610025707
2011-03-31,70.94391335527983
2011-04-01,80.09039031595273
2011-04-04,81.26303111633922
2011-04-05,91.4648682525255
2011-04-06,86.77437870910471
2011-04-07,89.00235877760107
2011-04-08,85.60173566687244
2011-04-11,77.74515028205066
2011-04-12,75.98621004122701
2011-04-13,78.09692607077778
2011-04-14,75.5171736859025
2011-04-15,75.04809756644434
2011-04-18,74.579059055941
2011-04-19,74.81357624478407
2011-04-20,72.23380241441834
2011-04-21,73.64094977626807
2011-04-25,73.7582175523441
2011-04-26,74.81357345297974
2011-04-27,72.58558633634209
2011-04-28,71.9992710725239
2011-04-29,72.82011548343743
2011-05-02,74.81358049360048
2011-05-03,77.04157013427621
2011-05-04,76.8070580771761
2011-05-05,79.97315320993445
2011-05-06,81.02849373923027
2011-05-09,79.15228365954385
2011-05-10,80.5594487332576
2011-05-11,83.2564949749558
2011-05-12,84.42912292480469
2011-05-13,84.19459222258833
2011-05-16,84.42911446747489
2011-05-17,83.37376609284034
2011-05-18,79.97315437461504
2011-05-19,79.38682948134651
2011-05-20,81.02849373923027
2011-05-23,77.39335775029359
2011-05-24,74.69631216125794
2011-05-25,72.35106135252461
2011-05-26,72.93738084928795
2011-05-27,71.53022391625379
2011-05-31,78.68326074109241
2011-06-01,75.75169149086942
2011-06-02,76.92429887826535
2011-06-03,75.7516804453447
2011-06-06,78.09693953948342
2011-06-07,76.80703800940599
2011-06-08,74.11000165492865
2011-06-09,71.41297942901296
2011-06-10,65.66709821164046
2011-06-13,63.20456412391258
2011-06-14,63.5563637733695
2011-06-15,62.735531848981445
2011-06-16,60.97657701042167
2011-06-17,60.976593017578125
2011-06-20,61.445640429083866
2011-06-21,60.390275813571286
2011-06-22,60.97657452027666
2011-06-23,67.3087766884004
2011-06-24,64.96352511581608
2011-06-27,62.735526125525936
2011-06-28,67.8950881745847
2011-06-29,66.37066426754792
2011-06-30,66.13615313053506
2011-07-01,64.72899549778654
2011-07-05,68.83318847577291
2011-07-06,65.6670979001511
2011-07-07,66.95698806492203
2011-07-08,66.1361486476701
2011-07-11,63.79088520197439
2011-07-12,60.97660350230777
2011-07-13,59.45217677336291
2011-07-14,60.507527420448916
2011-07-15,60.859320237604315
2011-07-18,59.45216612655453
2011-07-19,59.21763816497426
2011-07-20,58.0450203468065
2011-07-21,58.396821257707025
2011-07-22,56.40335001874519
2011-07-25,54.996199997124535
2011-07-26,53.82356287408103
2011-07-27,57.34144160807504
2011-07-28,54.058081806500155
2011-07-29,51.361047028242666
2011-08-01,52.885466393618216
2011-08-02,52.416417039782296
2011-08-03,50.42294651100003
2011-08-04,47.84317100654378
2011-08-05,42.449089071006334
2011-08-08,42.331817581019756
2011-08-09,36.23415840476987
2011-08-10,41.041934572461905
2011-08-11,43.387179809667224
2011-08-12,46.787796899575724
2011-08-15,47.374121037830434
2011-08-16,47.84316347678861
2011-08-17,47.60864137801578
2011-08-18,44.559813805068764
2011-08-19,43.152661554739446
2011-08-22,46.31875943776356
2011-08-23,43.85624481383981
2011-08-24,43.3871906522912
2011-08-25,43.15266357494182
2011-08-26,42.21456577772651
2011-08-29,43.856244186109706
2011-08-30,45.49791322581935
2011-08-31,44.911604773523486
2011-09-01,45.84970741723491
2011-09-02,44.794335359222806
2011-09-06,42.56635228154959
2011-09-07,43.973504173091264
2011-09-08,43.035404751305066
2011-09-09,43.97350468715077
2011-09-12,41.62824525509698
2011-09-13,41.62825174286695
2011-09-14,43.26992848435018
2011-09-15,43.387191260055936
2011-09-16,44.44254839209653
2011-09-19,43.15266692088869
2011-09-20,43.62171485069067
2011-09-21,42.09729611129416
2011-09-22,40.45562199584297
2011-09-23,39.752047906460575
2011-09-26,37.5240592956543
2011-09-27,38.462150670597715
2011-09-28,38.69667966933277
2011-09-29,38.46215015421891
2011-09-30,37.75857727605637
2011-10-03,38.2276302670835
2011-10-04,34.59248952258798
2011-10-05,33.77165121256811
2011-10-06,35.76511192409637
2011-10-07,37.52405027025895
2011-10-10,36.46868679926359
2011-10-11,36.46868887511299
2011-10-12,36.35142379955403
2011-10-13,39.1657322635605
2011-10-14,39.517523624639516
2011-10-17,37.40678830008006
2011-10-18,37.524054996343295
2011-10-19,37.406791898206436
2011-10-20,40.22109549851297
2011-10-21,41.15919658167869
2011-10-24,46.90506503779555
2011-10-25,45.26339379099925
2011-10-26,43.26992848435018
2011-10-27,44.208030700683594
2011-10-28,43.387184520930084
2011-10-31,45.26339138451391
2011-11-01,40.1038359693274
2011-11-02,39.048470099128224
2011-11-03,39.04846315602696
2011-11-04,38.93120289113643
2011-11-07,38.227624462990136
2011-11-08,39.63478107307654
2011-11-09,39.16572675336006
2011-11-10,39.400254683253955
2011-11-11,38.93120959929934
2011-11-14,40.22109934756101
2011-11-15,40.10383118943559
2011-11-16,39.75204964345024
2011-11-17,39.16572952270508
2011-11-18,39.51752471923828
2011-11-21,39.51751586177042
2011-11-22,38.57942144139912
2011-11-23,39.04847283350933
2011-11-25,39.048465728759766
2011-11-28,40.57288178772721
2011-11-29,39.16573053919918
2011-11-30,38.696678161621094
2011-12-01,38.34488852266298
2011-12-02,39.517525294747585
2011-12-05,40.103824615478516
2011-12-06,40.4556146835257
2011-12-07,41.980035039475005
2011-12-08,42.566349029541016
2011-12-09,41.74551500573337
2011-12-12,44.44254691726627
2011-12-13,43.50445800196594
2011-12-14,41.39372474313131
2011-12-15,40.69015010192829
2011-12-16,41.98003993021749
2011-12-19,40.22109274839086
2011-12-20,40.80741025449718
2011-12-21,41.98003170409407
2011-12-22,42.44908784769907
2011-12-23,40.80741234993242
2011-12-27,42.91814709242644
2011-12-28,41.04194259643555
2011-12-29,40.45562246262423
2011-12-30,39.28300094604492
2012-01-03,39.517516660847576
2012-01-04,39.986574593809685
2012-01-05,44.67708206176758
2012-01-06,44.559815317703766
2012-01-09,40.80740436915694
2012-01-10,39.98656248424448
2012-01-11,33.537131002781635
2012-01-12,41.04193600639374
2012-01-13,39.869311237169065
2012-01-17,40.572884158922264
2012-01-18,39.75203870021462
2012-01-19,39.51751586177042
2012-01-20,38.69668269811544
2012-01-23,41.39371501375353
2012-01-24,40.10383288994372
2012-01-25,41.04194259643555
2012-01-26,41.27646092575083
2012-01-27,41.510985331523834
2012-01-30,41.86277770996094
2012-01-31,41.98003824669002
2012-02-01,43.973496949541534
2012-02-02,43.50444110557999
2012-02-03,46.084235047134584
2012-02-06,45.497907646168294
2012-02-07,48.89853433625897
2012-02-08,53.23724491106468
2012-02-09,52.76820083472339
2012-02-10,50.071152656847104
2012-02-13,50.42294422501287
2012-02-14,48.31222535907685
2012-02-15,50.071156855064324
2012-02-16,47.843167429881284
2012-02-17,47.0223214592815
2012-02-21,47.49138585014975
2012-02-22,48.312231362883615
2012-02-23,47.4913879684537
2012-02-24,50.305690709445564
2012-02-27,49.015794684805805
2012-02-28,50.07115442466335
2012-02-29,49.250324803532706
2012-03-01,50.07115727107315
2012-03-02,49.83662836932302
2012-03-05,49.2503248129198
2012-03-06,49.01578707597678
2012-03-07,45.497915164919895
2012-03-08,46.20148968833171
2012-03-09,47.49138245917672
2012-03-12,45.028861765190456
2012-03-13,46.55327700728273
2012-03-14,45.849703900396314
2012-03-15,43.97350358564981
2012-03-16,43.269925466490385
2012-03-19,45.61517859573885
2012-03-20,43.3871906522912
2012-03-21,41.98003085985257
2012-03-22,41.39371286934186
2012-03-23,41.5109782003049
2012-03-26,41.98003775593456
2012-03-27,43.50445231165604
2012-03-28,43.504451751708984
2012-03-29,42.44908281801059
2012-03-30,45.02886431990008
2012-04-02,46.20148893442246
2012-04-03,45.61518316238819
2012-04-04,43.97349941931592
2012-04-05,44.55981012100729
2012-04-09,44.55980552998122
2012-04-10,43.50445509645608
2012-04-11,42.33181541323984
2012-04-12,44.325285311638375
2012-04-13,43.62171506982376
2012-04-16,44.7943447577932
2012-04-17,43.62170976339822
2012-04-18,44.208028572430464
2012-04-19,44.32528969982139
2012-04-20,44.55981242493657
2012-04-23,43.8562367020892
2012-04-24,44.090758757725965
2012-04-25,44.32528629991115
2012-04-26,43.269915674195815
2012-04-27,43.73897983995085
2012-04-30,43.50444985042132
2012-05-01,45.26338833233689
2012-05-02,46.08422542022233
2012-05-03,49.133056640625
2012-05-04,47.37412372784627
2012-05-07,49.83663138688464
2012-05-08,46.436015619153686
2012-05-09,45.73243840401308
2012-05-10,47.25685228085621
2012-05-11,50.42295402371471
2012-05-14,49.60210526047767
2012-05-15,47.49138302398538
2012-05-16,44.55981281156698
2012-05-17,43.97350635590158
2012-05-18,43.50444534325222
2012-05-21,43.73896740225055
2012-05-22,44.55981012100729
2012-05-23,44.91160269409158
2012-05-24,46.31875346176873
2012-05-25,46.90506269519368
2012-05-29,46.436011327898896
2012-05-30,46.43602044355497
2012-05-31,46.78779755455049
2012-06-01,48.19495643179264
2012-06-04,45.73243156108412
2012-06-05,49.83662592334213
2012-06-06,48.6640107756514
2012-06-07,48.89853878509531
2012-06-08,47.1395912973027
2012-06-11,47.96042958611869
2012-06-12,47.0223271891654
2012-06-13,45.966966989613866
2012-06-14,46.20149021767445
2012-06-15,46.55328109553357
2012-06-18,53.47177729343027
2012-06-19,48.6640080123927
2012-06-20,47.49138296226234
2012-06-21,50.422945728932
2012-06-22,50.422948103322064
2012-06-25,49.836630288470666
2012-06-26,47.37411926854163
2012-06-27,45.146126181474735
2012-06-28,47.49137878417969
2012-06-29,47.49138053259485
2012-07-02,47.139596150068556
2012-07-03,47.960426176963786
2012-07-05,48.664005279541016
2012-07-06,47.491386359973546
2012-07-09,45.73243713378906
2012-07-10,46.318752161757516
2012-07-11,49.133055669097565
2012-07-12,49.83663441971545
2012-07-13,49.25030896374304
2012-07-16,50.188419097962814
2012-07-17,47.37411880493164
2012-07-18,47.13959222925195
2012-07-19,47.02233118350807
2012-07-20,46.78780582939999
2012-07-23,46.5532815119086
2012-07-24,45.732440010380365
2012-07-25,46.08423014963413
2012-07-26,46.31874877247299
2012-07-27,47.02232353930782
2012-07-30,48.19495936533525
2012-07-31,47.37412419040581
2012-08-01,47.022330133094734
2012-08-02,47.84315999176543
2012-08-03,49.0157941477475
2012-08-06,46.55327881528284
2012-08-07,46.43601700634784
2012-08-08,51.24379878444134
2012-08-09,47.72590090894111
2012-08-10,46.905078744923514
2012-08-13,47.25685391600252
2012-08-14,47.49137703714311
2012-08-15,46.670547476832894
2012-08-16,47.02233014689138
2012-08-17,47.256849131733794
2012-08-20,47.256858825683594
2012-08-21,47.72590323189576
2012-08-22,47.4913798905367
2012-08-23,47.2568556809118
2012-08-24,47.13958809746889
2012-08-27,46.90506798814568
2012-08-28,46.31875502036924
2012-08-29,46.08421965221725
2012-08-30,43.97349491582222
2012-08-31,41.62825174286695
2012-09-04,42.3318213482451
2012-09-05,41.74551097815252
2012-09-06,39.75203941542346
2012-09-07,37.64131455585318
2012-09-10,39.16572895500537
2012-09-11,38.696677642093604
2012-09-12,38.462156575115934
2012-09-13,37.75858309521884
2012-09-14,37.99310086241151
2012-09-17,38.3448870993799
2012-09-18,38.22762786416457
2012-09-19,37.524053919117215
2012-09-20,37.875846808511795
2012-09-21,38.227633370979596
2012-09-24,37.0550021129742
2012-09-25,38.11037120158405
2012-09-26,37.524050448503985
2012-09-27,37.641319274902344
2012-09-28,36.93773985569266
2012-10-01,37.172264099121094
2012-10-02,36.58595494359833
2012-10-03,36.468692779541016
2012-10-04,36.46869668152819
2012-10-05,34.240699345778864
2012-10-08,35.178803612687986
2012-10-09,35.41332572369659
2012-10-10,35.1787953676483
2012-10-11,34.7097506069724
2012-10-12,34.12344141354962
2012-10-15,33.771652746998726
2012-10-16,33.18533559143321
2012-10-17,31.30912856607468
2012-10-18,30.957341975130216
2012-10-19,31.660924099072776
2012-10-22,32.71629004629613
2012-10-23,31.66092109680176
2012-10-24,30.95734493042153
2012-10-25,31.660924099072776
2012-10-26,31.66092109680176
2012-10-31,32.01271381319875
2012-11-01,31.660918442867086
2012-11-02,33.18533202702532
2012-11-05,34.59248147249009
2012-11-06,34.8270149230957
2012-11-07,35.06154144520374
2012-11-08,35.29605987532602
2012-11-09,35.88237981274792
2012-11-12,37.17227114118047
2012-11-13,36.46869147865861
2012-11-14,34.24069603913726
2012-11-15,33.18533280971651
2012-11-16,34.123437531202605
2012-11-19,33.302592609667514
2012-11-20,32.833545874864434
2012-11-21,30.957345159747653
2012-11-23,33.419861400812216
2012-11-26,33.88891993735106
2012-11-27,31.426402294011975
2012-11-28,30.253763993300456
2012-11-29,31.895456314086914
2012-11-30,31.191873292851785
2012-12-03,31.66092109680176
2012-12-04,31.074604034423828
2012-12-05,30.72282356988553
2012-12-06,30.605552673339844
2012-12-07,31.074601092460593
2012-12-10,31.660917981237365
2012-12-11,31.074605571154223
2012-12-12,30.48830163908538
2012-12-13,30.488293282764253
2012-12-14,32.129966735839844
2012-12-17,31.54366197730634
2012-12-18,31.074604034423828
2012-12-19,30.488299223523754
2012-12-20,30.60555867152871
2012-12-21,30.13650091915344
2012-12-24,30.136505126953125
2012-12-26,30.136498914187005
2012-12-27,29.90197728337654
2012-12-28,29.4329229272928
2012-12-31,30.01924728689709
2013-01-02,32.83354352213316
2013-01-03,33.06807327270508
2013-01-04,32.83354298216915
2013-01-07,35.29606474865922
2013-01-08,36.82048089515544
2013-01-09,37.64130889174973
2013-01-10,42.09729221893318
2013-01-11,39.28299716989573
2013-01-14,39.400254512116014
2013-01-15,40.57287688986213
2013-01-16,40.455622981495225
2013-01-17,38.69667451398915
2013-01-18,40.455622577244924
2013-01-22,42.09729712197156
2013-01-23,41.04192970407858
2013-01-24,41.62824071663752
2013-01-25,40.690145277789135
2013-01-28,47.608638763427734
2013-01-29,48.0776928807123
2013-01-30,49.13305168559307
2013-01-31,49.83662911364328
2013-02-01,47.02232594919123
2013-02-04,46.78780377381934
2013-02-05,48.19495600725406
2013-02-06,47.49137922606257
2013-02-07,45.9669659084208
2013-02-08,46.90506344947997
2013-02-11,44.677074382872156
2013-02-12,45.14611939126127
2013-02-13,43.50444604005601
2013-02-14,41.39371561313254
2013-02-15,37.05500276621403
2013-02-19,39.51752467556107
2013-02-20,42.4490901244741
2013-02-21,40.33835408144723
2013-02-22,38.93120357745166
2013-02-25,39.869310150022784
2013-02-26,39.869307985292195
2013-02-27,41.04192683707713
2013-02-28,40.80740947741398
2013-03-01,40.10383118943559
2013-03-04,40.92467241347954
2013-03-05,42.214561462402344
2013-03-06,42.09729611129416
2013-03-07,42.21455834962143
2013-03-08,43.0353957557769
2013-03-11,41.04192880858528
2013-03-12,42.449085774310475
2013-03-13,41.628250615198716
2013-03-14,41.74551888303778
2013-03-15,41.393722973236784
2013-03-18,38.69667622642603
2013-03-19,39.869307985292195
2013-03-20,41.04193551721092
2013-03-21,40.22108831609361
2013-03-22,41.745515495008746
2013-03-25,43.38718433308054
2013-03-26,47.4913798905367
2013-03-27,46.905067443847656
2013-03-28,46.90506768914395
2013-04-01,49.83664616648124
2013-04-02,48.664005718697275
2013-04-03,46.67054685470986
2013-04-04,44.442548446266684
2013-04-05,46.90506698482788
2013-04-08,47.13958934053525
2013-04-09,45.96696538176508
2013-04-10,47.37412029924054
2013-04-11,46.90506503779555
2013-04-12,45.146127348559304
2013-04-15,43.73896740225055
2013-04-16,44.32528969982139
2013-04-17,44.20801797527821
2013-04-18,45.96696203984693
2013-04-19,46.31875102693756
2013-04-22,49.133069857501184
2013-04-23,48.0776954080055
2013-04-24,47.49137631200925
2013-04-25,45.73243455517702
2013-04-26,46.67053810354906
2013-04-29,46.67053950435825
2013-04-30,48.19495781743241
2013-05-01,49.13306049201339
2013-05-02,49.484851838416844
2013-05-03,50.89199003056274
2013-05-06,50.422944916582225
2013-05-07,50.54020170718766
2013-05-08,51.47831241809785
2013-05-09,51.83009883862466
2013-05-10,51.71283702048934
2013-05-13,51.2437867060021
2013-05-14,48.781275639927124
2013-05-15,49.953901018610985
2013-05-16,48.42947918623088
2013-05-17,48.077689210027316
2013-05-20,49.71937060624807
2013-05-21,49.250328506139695
2013-05-22,51.36104762927915
2013-05-23,46.67054312907774
2013-05-24,46.67054089635783
2013-05-28,52.181879981272296
2013-05-29,48.78127037566952
2013-05-30,49.602112340310185
2013-05-31,50.657470703125
2013-06-03,49.60211169681615
2013-06-04,48.89852523803711
2013-06-05,48.31221924998505
2013-06-06,47.49138053259485
2013-06-07,48.077694058626726
2013-06-10,49.60211451334262
2013-06-11,48.664005279541016
2013-06-12,49.0157944865312
2013-06-13,49.71937060624807
2013-06-14,47.725909743401424
2013-06-17,50.188426486429705
2013-06-18,49.01579611857393
2013-06-19,49.25031925059115
2013-06-20,48.07768904058789
2013-06-21,50.422941640848556
2013-06-24,48.31221824681407
2013-06-25,47.49137892945405
2013-06-26,47.96044161081613
2013-06-27,47.84316814828367
2013-06-28,49.25031436721562
2013-07-01,52.65093689515526
2013-07-02,50.657470703125
2013-07-03,49.83663097199851
2013-07-05,50.65747409469508
2013-07-08,51.595574451497605
2013-07-09,50.6574725906957
2013-07-10,52.53367677546128
2013-07-11,53.35451490919596
2013-07-12,51.94737136272949
2013-07-15,51.009266915002655
2013-07-16,49.953896278980146
2013-07-17,51.126515589598675
2013-07-18,51.595574451497605
2013-07-19,51.47830951619898
2013-07-22,51.0092534521472
2013-07-23,52.18188917577547
2013-07-24,53.35451490919596
2013-07-25,52.299153606859605
2013-07-26,55.93428855242481
2013-07-29,56.168812853140636
2013-07-30,54.87892442306839
2013-07-31,51.478319458710274
2013-08-01,50.540208756439725
2013-08-02,52.181885830270105
2013-08-05,56.9896655210535
2013-08-06,55.81702392873856
2013-08-07,53.471781673197505
2013-08-08,55.58251304928764
2013-08-09,56.168812853140636
2013-08-12,56.28608328113048
2013-08-13,54.996194871282384
2013-08-14,52.53367561012292
2013-08-15,53.589034859469244
2013-08-16,53.00272540692879
2013-08-19,53.1199834121877
2013-08-20,54.17535238910065
2013-08-21,55.347977018103606
2013-08-22,55.34798134488302
2013-08-23,53.940830710602185
2013-08-26,54.52714102345531
2013-08-27,53.11998973861567
2013-08-28,52.65094108795336
2013-08-29,52.416414454034026
2013-08-30,51.71284103393555
2013-09-03,52.41641609783324
2013-09-04,52.768203183512014
2013-09-05,52.65094102099557
2013-09-06,53.9408312675833
2013-09-09,52.76820383084495
2013-09-10,54.9961889126055
2013-09-11,54.2926073682968
2013-09-12,53.35451144434684
2013-09-13,52.53367812890974
2013-09-16,52.18188269375922
2013-09-17,51.830109185513365
2013-09-18,52.06462469578758
2013-09-19,50.422948404860584
2013-09-20,48.89853255470764
2013-09-23,46.553278583685994
2013-09-24,45.73244040696719
2013-09-25,45.4979057909372
2013-09-26,44.559818267822266
2013-09-27,44.09075498255997
2013-09-30,45.9669659084208
2013-10-01,46.436015619153686
2013-10-02,45.96696752302594
2013-10-03,46.9050684643416
2013-10-04,46.0842275350484
2013-10-07,46.90506503779555
2013-10-08,46.43601823721588
2013-10-09,46.31875446950649
2013-10-10,46.08422678305261
2013-10-11,44.794339933712344
2013-10-14,45.02887418925841
2013-10-15,47.725903085903994
2013-10-16,47.84316643644985
2013-10-17,48.19495525974252
2013-10-18,49.71937668176541
2013-10-21,48.42947918623088
2013-10-22,47.0223271891654
2013-10-23,45.73243128198105
2013-10-24,45.49790700925049
2013-10-25,45.73244040696719
2013-10-28,45.4979057909372
2013-10-29,44.91159735823398
2013-10-30,46.905067443847656
2013-10-31,46.905067443847656
2013-11-01,46.90506527114249
2013-11-04,47.022334486548125
2013-11-05,47.022340930561036
2013-11-06,49.01579732649984
2013-11-07,49.83663833881691
2013-11-08,49.71937668176541
2013-11-11,47.96043456996021
2013-11-12,48.78126310095618
2013-11-13,47.96043030628186
2013-11-14,49.13306375168804
2013-11-15,49.01579848893388
2013-11-18,51.126515589598675
2013-11-19,51.12651824951172
2013-11-20,50.65747517060693
2013-11-21,51.83010108935344
2013-11-22,51.94736536127332
2013-11-25,51.59557516803892
2013-11-26,52.65094757080078
2013-11-27,51.5955687588544
2013-11-29,52.76820258136832
2013-12-02,51.94736163864039
2013-12-03,52.18188694387792
2013-12-04,51.71284103393555
2013-12-05,52.53367989910045
2013-12-06,52.181895667230386
2013-12-09,53.00272533009608
2013-12-10,52.65094108795336
2013-12-11,52.416406734294426
2013-12-12,53.354510904741645
2013-12-13,53.58903676450541
2013-12-16,53.82355780160088
2013-12-17,53.70630687395221
2013-12-18,52.533677153758795
2013-12-19,56.05156174310653
2013-12-20,54.64441232643621
2013-12-23,56.755130767822266
2013-12-24,56.989656717107266
2013-12-26,56.87239349558874
2013-12-27,56.87239134387789
2013-12-30,56.75513240642789
2013-12-31,56.52060489776321
2014-01-02,56.755137964640674
2014-01-03,60.507527400642154
2014-01-06,65.08076571435959
2014-01-07,71.88200689651134
2014-01-08,73.87547015687306
2014-01-09,77.74514027783496
2014-01-10,76.10348456625823
2014-01-13,78.44871932924349
2014-01-14,77.27610439538148
2014-01-15,75.8689492458217
2014-01-16,80.79398934953046
2014-01-17,83.25648498535156
2014-01-21,85.2499487051117
2014-01-22,90.64405545741458
2014-01-23,87.5952207190313
2014-01-24,85.48449056145657
2014-01-27,80.7939860647325
2014-01-28,75.28262128314299
2014-01-29,76.45526997314744
2014-01-30,78.56598188905754
2014-01-31,79.15229180417465
2014-02-03,77.39336365354696
2014-02-04,73.87547015687306
2014-02-05,76.45526189856992
2014-02-06,77.39335933866553
2014-02-07,75.2826208374628
2014-02-10,75.28263571604677
2014-02-11,75.0480962335126
2014-02-12,79.26955311628815
2014-02-13,78.33145564807953
2014-02-14,78.91777830780578
2014-02-18,81.02849373923027
2014-02-19,77.74514391103496
2014-02-20,76.10347676924681
2014-02-21,72.70285153822174
2014-02-24,73.99275261635896
2014-02-25,75.04810548448062
2014-02-26,74.81357244054664
2014-02-27,73.87547075715284
2014-02-28,73.05463990172892
2014-03-03,72.35105400053409
2014-03-04,72.8201163537074
2014-03-05,73.40642547607422
2014-03-06,73.40642520268365
2014-03-07,74.930844237791
2014-03-10,78.5659864530599
2014-03-11,78.91776790474505
2014-03-12,77.86242405837065
2014-03-13,79.03504943847656
2014-03-14,78.09693360095781
2014-03-17,77.15882916339622
2014-03-18,78.68326406644118
2014-03-19,78.91777290698423
2014-03-20,77.62787611914673
2014-03-21,78.33147620088933
2014-03-24,82.08387201278748
2014-03-25,80.32493061011095
2014-03-26,81.02849163765372
2014-03-27,80.79398298972534
2014-03-28,82.20111931808574
2014-03-31,85.60172789228216
2014-04-01,87.00889603948946
2014-04-02,87.47794486903167
2014-04-03,87.82973092525344
2014-04-04,85.13269129515298
2014-04-07,83.02197124346623
2014-04-08,75.04810064088973
2014-04-09,76.2207401546144
2014-04-10,77.27609477054632
2014-04-11,76.68977458990476
2014-04-14,76.33799060152172
2014-04-15,77.27609980313711
2014-04-16,74.57905107601198
2014-04-17,72.23379536551232
2014-04-21,71.76474677953547
2014-04-22,71.06117561870947
2014-04-23,68.01233837934167
2014-04-24,66.83972590360726
2014-04-25,65.78434936286354
2014-04-28,62.85279192312909
2014-04-29,62.149213246169836
2014-04-30,64.1426846796325
2014-05-01,66.72245632798136
2014-05-02,70.24034064679229
2014-05-05,68.12960106729177
2014-05-06,70.9439019205903
2014-05-07,70.3575907352966
2014-05-08,68.71592694406644
2014-05-09,74.22726691706063
2014-05-12,72.2337943392503
2014-05-13,71.06118232508555
2014-05-14,71.06116966122217
2014-05-15,71.53022584168635
2014-05-16,71.76474677953547
2014-05-19,71.5302236636747
2014-05-20,73.40643755705719
2014-05-21,74.46178584599475
2014-05-22,75.2826343179583
2014-05-23,74.69632051171602
2014-05-27,71.76474895179189
2014-05-28,70.00581031082946
2014-05-29,70.59211834531347
2014-05-30,69.88854816078582
2014-06-02,70.82665428220554
2014-06-03,70.35759648624804
2014-06-04,69.7712831126104
2014-06-05,70.82663929530021
2014-06-06,69.30222835414865
2014-06-09,70.59211158805611
2014-06-10,71.1784377355967
2014-06-11,70.47486939286023
2014-06-12,70.82665589531298
2014-06-13,71.17844191304124
2014-06-16,71.53022838151539
2014-06-17,71.5302332000856
2014-06-18,71.53022065461502
2014-06-19,71.99927553421782
2014-06-20,71.29569822656585
2014-06-23,71.4129664246704
2014-06-24,69.41949698380328
2014-06-25,69.0677174910759
2014-06-26,69.88855387952604
2014-06-27,65.7843512075593
2014-06-30,71.29568717166754
2014-07-01,68.48138331026574
2014-07-02,68.59866153002335
2014-07-03,67.89508220447885
2014-07-07,68.481408772767
2014-07-08,65.31531993226
2014-07-09,68.95044544009738
2014-07-10,67.54327988959068
2014-07-11,65.1980513653468
2014-07-14,66.83972508261313
2014-07-15,68.59866387103801
2014-07-16,68.01235158579412
2014-07-17,69.18497688668319
2014-07-18,68.59866881775461
2014-07-21,69.06770568397712
2014-07-22,69.4195006269948
2014-07-23,69.77129200631158
2014-07-24,69.53675532034701
2014-07-25,68.59867365778624
2014-07-28,66.9569925754357
2014-07-29,68.71591764301336
2014-07-30,67.19151156223641
2014-07-31,68.24687283271541
2014-08-01,66.48792874622859
2014-08-04,69.184970021182
2014-08-05,71.53022105477358
2014-08-06,70.00580926056011
2014-08-07,69.06770626801358
2014-08-08,71.99928120596687
2014-08-11,70.47485844963305
2014-08-12,72.11652572436505
2014-08-13,71.5302162101949
2014-08-14,63.908156464602285
2014-08-15,66.48793579007113
2014-08-18,64.49445608634984
2014-08-19,65.43256765505346
2014-08-20,64.96351266194125
2014-08-21,66.25340317444858
2014-08-22,67.77782453280484
2014-08-25,67.42603107998823
2014-08-26,69.53677180297275
2014-08-27,66.6051872620047
2014-08-28,68.36413498475706
2014-08-29,68.01235638445768
2014-09-02,68.48139440031474
2014-09-03,67.30875563287026
2014-09-04,68.12959488962592
2014-09-05,67.42604283476243
2014-09-08,66.0188651594237
2014-09-09,68.01234886006645
2014-09-10,68.24687506240521
2014-09-11,68.24685835623036
2014-09-12,68.24687010560292
2014-09-15,68.12960704139905
2014-09-16,67.7778178342408
2014-09-17,66.48793692849732
2014-09-18,65.31531524658203
2014-09-19,65.31530723997184
2014-09-22,62.26647256557128
2014-09-23,63.087316492623245
2014-09-24,61.445625538248834
2014-09-25,59.569436224825495
2014-09-26,60.624803302386105
2014-09-29,60.85932760435271
2014-09-30,62.149211142308445
2014-10-01,59.334897597935715
2014-10-02,57.69323092241126
2014-10-03,58.162286885477755
2014-10-06,58.04501407650865
2014-10-07,58.631331589396716
2014-10-08,55.58250685728717
2014-10-09,55.46524249244926
2014-10-10,54.76166148084679
2014-10-13,52.76820352963915
2014-10-14,50.774726222550264
2014-10-15,48.42948071681103
2014-10-16,49.60210894786435
2014-10-17,51.830102218953826
2014-10-20,53.94083336380028
2014-10-21,50.65747303560743
2014-10-22,51.59558158655606
2014-10-23,51.71283847523897
2014-10-24,54.17536226346121
2014-10-27,51.59557059302485
2014-10-28,54.409889221191406
2014-10-29,54.175344341305646
2014-10-30,59.803964999873045
2014-10-31,59.452166592318925
2014-11-03,65.90160303225562
2014-11-04,68.59867095947266
2014-11-05,69.65403062583661
2014-11-06,73.05463798349349
2014-11-07,72.82011368664566
2014-11-10,74.11000039761157
2014-11-11,70.82664140336114
2014-11-12,71.17843546328346
2014-11-13,70.12307833971404
2014-11-14,67.89508328719288
2014-11-17,66.6051872620047
2014-11-18,68.36412555165593
2014-11-19,66.83971692373495
2014-11-20,66.83972990249094
2014-11-21,70.9439185746699
2014-11-24,69.30223247639877
2014-11-25,70.3575957054133
2014-11-26,70.00579736933283
2014-11-28,67.42603137811587
2014-12-01,67.30877454886631
2014-12-02,66.13614055925987
2014-12-03,64.49446989669495
2014-12-04,65.43258279799463
2014-12-05,67.30876469455694
2014-12-08,67.42603137811587
2014-12-09,65.78435410715666
2014-12-10,65.08077074933686
2014-12-11,64.96351786919647
2014-12-12,63.321839280671604
2014-12-15,62.26647528627661
2014-12-16,69.30221820530056
2014-12-17,66.48794131753073
2014-12-18,65.66710175115662
2014-12-19,65.66710387907048
2014-12-22,69.41950962513391
2014-12-23,67.30876254092345
2014-12-24,65.90162878455412
2014-12-26,63.43908838862767
2014-12-29,61.680159194229745
2014-12-30,62.50100491015887
2014-12-31,63.4390904701963
2015-01-02,63.908162837974785
2015-01-05,63.90816320134415
2015-01-06,62.61825973590142
2015-01-07,61.797426103233356
2015-01-08,63.67361046820443
2015-01-09,61.56288674602244
2015-01-12,60.62478422424438
2015-01-13,60.74205813925175
2015-01-14,58.98311942838518
2015-01-15,58.86585816363234
2015-01-16,60.624783314144025
2015-01-20,60.85931487846488
2015-01-21,60.85932907540429
2015-01-22,60.62479161038233
2015-01-23,62.970052064525554
2015-01-26,59.334903717041016
2015-01-27,59.33490621420919
2015-01-28,58.1622835704521
2015-01-29,57.45870234486751
2015-01-30,58.98311641087376
2015-02-02,58.045025836519116
2015-02-03,56.98966325696768
2015-02-04,54.05809411792612
2015-02-05,56.40334019465227
2015-02-06,54.40987884841768
2015-02-09,65.66709419804795
2015-02-10,73.758222533706
2015-02-11,66.37066435764758
2015-02-12,66.95698247389556
2015-02-13,67.42603695457711
2015-02-17,69.1849765133948
2015-02-18,70.35760722537597
2015-02-19,70.94391360751335
2015-02-20,68.36414448109399
2015-02-23,70.12307508233332
2015-02-24,71.9992770061476
2015-02-25,70.82665224016367
2015-02-26,73.17190495803635
2015-02-27,71.53022946679518
2015-03-02,73.75821593797261
2015-03-03,74.2272709541795
2015-03-04,74.69633206309516
2015-03-05,73.87549044028782
2015-03-06,75.04810497167428
2015-03-09,74.1100196029405
2015-03-10,70.82664241916602
2015-03-11,70.24033330705133
2015-03-12,72.23381042480469
2015-03-13,72.46832889053007
2015-03-16,72.70284930887075
2015-03-17,73.4064281869148
2015-03-18,71.64748463304126
2015-03-19,73.64094646749643
2015-03-20,71.6474838256836
2015-03-23,71.64749073112051
2015-03-24,75.51715850830078
2015-03-25,75.86893958064272
2015-03-26,76.80703506906802
2015-03-27,75.86893958064272
2015-03-30,76.10346221923828
2015-03-31,76.22072766041443
2015-04-01,75.86894226074219
2015-04-02,76.22074674232937
2015-04-06,74.93085214950818
2015-04-07,74.9308354232244
2015-04-08,76.22073400455693
2015-04-09,75.16536032525339
2015-04-10,76.10346551369994
2015-04-13,75.2826343179583
2015-04-14,76.33798667560843
2015-04-15,73.87548287154054
2015-04-16,73.75821140997581
2015-04-17,69.65401837175693
2015-04-20,70.7093829350054
2015-04-21,71.0611775116733
2015-04-22,72.11653219442209
2015-04-23,73.75821593797261
2015-04-24,74.57906553443975
2015-04-27,75.28262395497725
2015-04-28,75.98620467071973
2015-04-29,75.16538076737974
2015-04-30,75.04810605633214
2015-05-01,71.88200689651134
2015-05-04,74.69633206309516
2015-05-05,75.0481185913086
2015-05-06,75.51716715899694
2015-05-07,76.3380001719896
2015-05-08,76.33798650251487
2015-05-11,76.10346742548417
2015-05-12,72.82011387449106
2015-05-13,75.63441654813262
2015-05-14,75.75167869425995
2015-05-15,72.70285344722011
2015-05-18,72.70285153822174
2015-05-19,73.87547809444727
2015-05-20,74.1100082397461
2015-05-21,74.11000449095278
2015-05-22,75.16536383789463
2015-05-26,75.63442341517153
2015-05-27,76.33798753217118
2015-05-28,75.75169372558594
2015-05-29,75.51715640714704
2015-06-01,75.63442502489053
2015-06-02,76.57252665242314
2015-06-03,76.45525195384339
2015-06-04,76.57252891135474
2015-06-05,75.8689379359617
2015-06-08,75.75167743646243
2015-06-09,74.69633206309516
2015-06-10,74.46179009056291
2015-06-11,75.28262246943369
2015-06-12,76.22072766041443
2015-06-15,76.2207260131836
2015-06-16,75.39990082709036
2015-06-17,75.63441365268511
2015-06-18,75.7516757943234
2015-06-19,76.22073800935375
2015-06-22,75.98620172482302
2015-06-23,77.51061847117694
2015-06-24,77.04158071836596
2015-06-25,78.21419891912882
2015-06-26,76.68978135633209
2015-06-29,76.33798667560843
2015-06-30,75.51715252963162
2015-07-01,75.86895589498148
2015-07-02,72.70286712977361
2015-07-06,72.8201074068368
2015-07-07,69.77128332658619
2015-07-08,68.71592603091244
2015-07-09,69.18497584838734
2015-07-10,64.14267175401916
2015-07-13,68.71592617492152
2015-07-14,68.48139937415063
2015-07-15,67.77782236160856
2015-07-16,68.59866933474139
2015-07-17,66.60519543208999
2015-07-20,69.18498018081166
2015-07-21,68.71592765115875
2015-07-22,67.89508612237476
2015-07-23,70.35760377868917
2015-07-24,68.83319109006639
2015-07-27,70.24033577943975
2015-07-28,70.59212386653599
2015-07-29,71.29570933176848
2015-07-30,70.592122235423
2015-07-31,70.70938110351562
2015-08-03,69.18496841728955
2015-08-04,72.7028468132506
2015-08-05,72.11653240637497
2015-08-06,72.35106347462175
2015-08-07,72.5855941772461
2015-08-10,72.35106060240331
2015-08-11,72.46831965850075
2015-08-12,71.17844103036362
2015-08-13,69.88854903053365
2015-08-14,72.2338013184637
2015-08-17,72.58559010899367
2015-08-18,70.47487305129722
2015-08-19,72.35105751200653
2015-08-20,73.17190495803635
2015-08-21,70.82664325006412
2015-08-24,68.01234097947186
2015-08-25,70.94391806279722
2015-08-26,71.17844173983947
2015-08-27,69.41948967951147
2015-08-28,69.65403472303639
2015-08-31,70.47485536714252
2015-09-01,70.12307848667211
2015-09-02,69.30223482731796
2015-09-03,71.53023569126418
2015-09-04,69.88855200005287
2015-09-08,70.24034505789172
2015-09-09,71.5302325539744
2015-09-10,71.64749073764106
2015-09-11,71.8820217929801
2015-09-14,72.11653240637497
2015-09-15,71.99927278052846
2015-09-16,71.06117084340066
2015-09-17,71.06116754316113
2015-09-18,70.35759899125874
2015-09-21,70.35759795977309
2015-09-22,67.66056559072003
2015-09-23,67.66055426515928
2015-09-24,70.70938709545017
2015-09-25,69.3022417159637
2015-09-28,68.12960312951549
2015-09-29,69.53676669642189
2015-09-30,73.64095901834828
2015-10-01,71.53022838151539
2015-10-02,71.06116670951172
2015-10-05,73.17190013191741
2015-10-06,74.69631464442142
2015-10-07,75.28263854980469
2015-10-08,74.93084135547502
2015-10-09,75.51716938679486
2015-10-12,75.86894226074219
2015-10-13,76.22072436087657
2015-10-14,76.45524864415316
2015-10-15,76.45526448648688
2015-10-16,76.80703839398683
2015-10-19,76.45525851258857
2015-10-20,76.22074674232937
2015-10-21,75.63441777131621
2015-10-22,76.92431979875624
2015-10-23,74.5790530895936
2015-10-26,75.2826249369372
2015-10-27,75.04810168823442
2015-10-28,75.04811022453518
2015-10-29,70.59212493896484
2015-10-30,70.59211892428564
2015-11-02,72.70285344722011
2015-11-03,73.28916332597728
2015-11-04,75.04809186267507
2015-11-05,71.9992770061476
2015-11-06,72.70285960370401
2015-11-09,72.82012273726231
2015-11-10,70.94390704673691
2015-11-11,70.70938438741742
2015-11-12,71.8820108211711
2015-11-13,70.70937763898424
2015-11-16,72.58559129571717
2015-11-17,71.64749745801159
2015-11-18,71.76474329651893
2015-11-19,71.53023366139558
2015-11-20,70.70938602123988
2015-11-23,71.1784491868406
2015-11-24,69.41950009446224
2015-11-25,68.59865654767064
2015-11-27,67.66055408639413
2015-11-30,70.82663929530021
2015-12-01,68.5986546704821
2015-12-02,70.0058121018069
2015-12-03,67.89508328719288
2015-12-04,66.9569853141491
2015-12-07,66.83971568064938
2015-12-08,64.49447631835938
2015-12-09,65.3152957389552
2015-12-10,63.321829967530654
2015-12-11,63.5563548773583
2015-12-14,65.1980367580933
2015-12-15,62.149196409564006
2015-12-16,62.61827187690018
2015-12-17,62.26648005671066
2015-12-18,62.14920465071402
2015-12-21,59.100381583089074
2015-12-22,59.217638273033025
2015-12-23,60.27300731058568
2015-12-24,59.68670055499614
2015-12-28,59.452171591672226
2015-12-29,58.63132818277623
2015-12-30,56.40333379738428
2015-12-31,64.9635113230998
2016-01-04,70.24033608676665
2016-01-05,70.59212513341055
2016-01-06,62.97004999206664
2016-01-07,62.031948986177575
2016-01-08,61.445637658097155
2016-01-11,60.97657512623039
2016-01-12,60.85931396484375
2016-01-13,62.14919739700469
2016-01-14,60.74205997347839
2016-01-15,60.038480314775164
2016-01-19,55.934292928144416
2016-01-20,56.52062129067973
2016-01-21,53.70630753279332
2016-01-22,54.409878463929246
2016-01-25,56.98965917229349
2016-01-26,54.99619265501844
2016-01-27,56.52060457361571
2016-01-28,58.51405945871523
2016-01-29,61.68014789623056
2016-02-01,62.26647206980375
2016-02-02,61.91467313661179
2016-02-03,59.68669655856272
2016-02-04,58.045022352827644
2016-02-05,60.85932441519659
2016-02-08,61.32836880673488
2016-02-09,60.038488114283915
2016-02-10,60.155743943235365
2016-02-11,57.57596249647419
2016-02-12,54.76165988429571
2016-02-16,55.817035178697445
2016-02-17,58.16228673985573
2016-02-18,56.87239378215286
2016-02-19,55.81704180408039
2016-02-22,53.70629666714211
2016-02-23,53.82356500449839
2016-02-24,53.94082715823063
2016-02-25,55.34797863174849
2016-02-26,53.82356842228207
2016-02-29,52.65093711042759
2016-03-01,51.947359255407505
2016-03-02,50.891985183665334
2016-03-03,49.83663441971545
2016-03-04,49.2503248129198
2016-03-07,49.602109283033414
2016-03-08,50.188411941080886
2016-03-09,49.71937385858051
2016-03-10,48.312217183154
2016-03-11,48.89853826016562
2016-03-14,49.133056640625
2016-03-15,49.83663441971545
2016-03-16,49.0158015806228
2016-03-17,49.48484649823244
2016-03-18,50.422950843269156
2016-03-21,50.422952877846
2016-03-22,51.00925816155507
2016-03-23,48.54674908123763
2016-03-24,47.13959031848056
2016-03-28,47.60863504928626
2016-03-29,46.43601656069688
2016-03-30,45.61518096368886
2016-03-31,45.146132296705666
2016-04-01,44.794335359222806
2016-04-04,44.09076633966147
2016-04-05,42.44908183525929
2016-04-06,42.33182853864883
2016-04-07,44.09076747271217
2016-04-08,45.146132302198026
2016-04-11,46.905071813450725
2016-04-12,48.077690540635054
2016-04-13,48.07768904058789
2016-04-14,50.188415993220175
2016-04-15,48.07770156336354
2016-04-18,45.8497005951564
2016-04-19,47.49138142592658
2016-04-20,47.96042783387543
2016-04-21,47.49137976475629
2016-04-22,46.78780582939999
2016-04-25,46.90506798814568
2016-04-26,46.67054312907774
2016-04-27,46.90506269519368
2016-04-28,47.608643117406466
2016-04-29,47.37411416725119
2016-05-02,46.78780145707245
2016-05-03,44.090768528292585
2016-05-04,44.208025043377084
2016-05-05,46.553281605866516
2016-05-06,42.80087210995074
2016-05-09,37.524057159451864
2016-05-10,38.110363715137645
2016-05-11,39.16573053919918
2016-05-12,38.81393831343093
2016-05-13,37.0550021129742
2016-05-16,38.34489001666812
2016-05-17,37.52405605247159
2016-05-18,37.5240592956543
2016-05-19,37.75857847921739
2016-05-20,37.055008031725166
2016-05-23,39.98657204439437
2016-05-24,39.40024863292088
2016-05-25,39.400259787579394
2016-05-26,38.696677642093604
2016-05-27,39.40025819862458
2016-05-31,39.986579764109614
2016-06-01,41.276466960251355
2016-06-02,41.041931588237915
2016-06-03,40.455619356228524
2016-06-06,41.041933328523974
2016-06-07,40.690140054485056
2016-06-08,42.56635121529667
2016-06-09,42.44909230514076
2016-06-10,41.04193015476361
2016-06-13,38.696685243716246
2016-06-14,37.87584574543471
2016-06-15,38.93120045533511
2016-06-16,36.82047231559869
2016-06-17,37.28952615165614
2016-06-20,37.52405710567485
2016-06-21,37.17226193646496
2016-06-22,37.406792833707435
2016-06-23,38.57941712352735
2016-06-24,38.4621509302655
2016-06-27,36.93773905058529
2016-06-28,35.4133213181892
2016-06-29,35.765110949940436
2016-06-30,34.94428603922507
2016-07-01,31.660920946619395
2016-07-05,33.771657747177294
2016-07-06,32.83354854678019
2016-07-07,35.1788011482638
2016-07-08,39.282994877854996
2016-07-11,48.781274002156536
2016-07-12,50.18842225482739
2016-07-13,53.237254289391714
2016-07-14,50.89200903237385
2016-07-15,48.07768708331703
2016-07-18,49.250316214388995
2016-07-19,53.00273410211256
2016-07-20,54.175344586647995
2016-07-21,55.69977355144135
2016-07-22,54.40988038378289
2016-07-25,50.77472862370142
2016-07-26,50.4229566686104
2016-07-27,51.94735374691266
2016-07-28,51.478317844561914
2016-07-29,49.250324803532706
2016-08-01,50.07116431536447
2016-08-02,51.2437852070627
2016-08-03,51.12652685333186
2016-08-04,51.009266915002655
2016-08-05,49.836632434678194
2016-08-08,50.54020378311656
2016-08-09,49.60210708516034
2016-08-10,47.37411683842894
2016-08-11,43.973504238938865
2016-08-12,44.794337691724664
2016-08-15,45.96696307513346
2016-08-16,44.67707226631419
2016-08-17,45.49791814320773
2016-08-18,43.387190210055465
2016-08-19,43.73898035126872
2016-08-22,42.2145591985794
2016-08-23,42.800878285197314
2016-08-24,42.2145635243358
2016-08-25,40.80740436915694
2016-08-26,39.86930964849345
2016-08-29,40.924669437781866
2016-08-30,40.572881968761095
2016-08-31,40.1038376667717
2016-09-01,36.82047788429217
2016-09-02,34.47523009379888
2016-09-06,34.82701596575753
2016-09-07,34.475225247580944
2016-09-08,34.827011304005154
2016-09-09,38.69667617152675
2016-09-12,37.28953282066078
2016-09-13,37.87584046421279
2016-09-14,35.88237380981445
2016-09-15,36.234166315200675
2016-09-16,36.116898539540195
2016-09-19,35.53058346372167
2016-09-20,35.178800129211126
2016-09-21,34.12343294856224
2016-09-22,33.302597186277914
2016-09-23,34.592486154693454
2016-09-26,34.006172722467774
2016-09-27,33.88891497135537
2016-09-28,32.481759270977
2016-09-29,33.06807017552826
2016-09-30,31.19187110264311
2016-10-03,31.07461003896587
2016-10-04,32.2472319280509
2016-10-05,31.074605750680647
2016-10-06,31.426393772991208
2016-10-07,31.191875457763672
2016-10-10,31.074604034423828
2016-10-11,31.074599164994787
2016-10-12,31.07460370553457
2016-10-13,28.84661492082272
2016-10-14,27.439460337137575
2016-10-17,27.908515189145813
2016-10-18,29.315664982379545
2016-10-19,28.72935437511832
2016-10-20,29.315673424061004
2016-10-21,30.722815893709107
2016-10-24,28.846621605054327
2016-10-25,29.432930653823632
2016-10-26,30.48829053358166
2016-10-27,31.309133643006405
2016-10-28,29.901979354483657
2016-10-31,29.315667367381305
2016-11-01,30.488296508789062
2016-11-02,30.488295340138226
2016-11-03,29.315667367381305
2016-11-04,29.901982499936523
2016-11-07,29.901976270744594
2016-11-08,29.31566583584458
2016-11-09,26.384104052877962
2016-11-10,26.970418115306167
2016-11-11,28.14303970336914
2016-11-14,28.14304304500799
2016-11-15,28.143043260194688
2016-11-16,44.559818722010334
2016-11-17,46.31874824590389
2016-11-18,38.11037281222239
2016-11-21,39.869311817801574
2016-11-22,39.282995049363834
2016-11-23,38.69668107046283
2016-11-25,39.86930583311071
2016-11-28,39.86930283612241
2016-11-29,38.69668744667508
2016-11-30,38.69667768624424
2016-12-01,36.35142517089844
2016-12-02,36.9377359033695
2016-12-05,36.9377359033695
2016-12-06,35.76511124327352
2016-12-07,36.35142576911087
2016-12-08,36.35142517089844
2016-12-09,35.76510874755123
2016-12-12,36.35143167783936
2016-12-13,36.35142517089844
2016-12-14,35.765114103728806
2016-12-15,35.178803612687986
2016-12-16,32.24723345177687
2016-12-19,33.41986311032947
2016-12-20,32.24723815917969
2016-12-21,32.2472319280509
2016-12-22,31.074607092292524
2016-12-23,32.2472319280509
2016-12-27,31.660917981237365
2016-12-28,31.074606131362515
2016-12-29,29.901982278428324
2016-12-30,31.660917981237365
2017-01-03,31.07461003896587
2017-01-04,32.833552219286595
2017-01-05,32.83354910582023
2017-01-06,31.074604034423828
2017-01-09,30.48829628293756
2017-01-10,31.66092109680176
2017-01-11,31.660924099072776
2017-01-12,31.660917981237365
2017-01-13,30.488293282764253
2017-01-17,31.074607322487303
2017-01-18,30.488295340138226
2017-01-19,30.488290157455985
2017-01-20,29.31566538913718
2017-01-23,31.074607092292524
2017-01-24,32.24723815917969
2017-01-25,31.07461003896587
2017-01-26,32.2472337090722
2017-01-27,31.074604034423828
2017-01-30,31.660920117740975
2017-01-31,30.488295340138226
2017-02-01,30.488295340138226
2017-02-02,30.488295340138226
2017-02-03,30.488290157455985
2017-02-06,29.31566540730673
2017-02-07,29.315664982379545
2017-02-08,28.729357107436197
2017-02-09,27.556729455545653
2017-02-10,31.660921331339843
2017-02-13,31.07460840961171
2017-02-14,30.488296508789062
2017-02-15,30.488296508789062
2017-02-16,30.605555433096168
2017-02-17,30.488293282764253
2017-02-21,31.074607092292524
2017-02-22,30.488296508789062
2017-02-23,30.488290157455985
2017-02-24,28.729353381002845
2017-02-27,29.901976270744594
2017-02-28,29.31566768899044
2017-03-01,28.729357107436197
2017-03-02,27.5567289057127
2017-03-03,27.55672663904899
2017-03-06,25.79778480529785
2017-03-07,25.79778717527941
2017-03-08,20.520971298217773
2017-03-09,19.934654615954738
2017-03-10,21.107280731201172
2017-03-13,20.52096432664901
2017-03-14,19.934651418061204
2017-03-15,19.934651418061204
2017-03-16,19.934654615954738
2017-03-17,22.279907355343052
2017-03-20,24.038849622984127
2017-03-21,22.27990797732883
2017-03-22,21.693591624967063
2017-03-23,20.520966756276728
2017-03-24,21.107279287716405
2017-03-27,19.348344686406527
2017-03-28,20.520971298217773
2017-03-29,20.520971298217773
2017-03-30,20.520971298217773
2017-03-31,20.16918315491666
2017-04-03,19.934650421142578
2017-04-04,19.348344686406527
2017-04-05,20.520965352888805
2017-04-06,19.348340404004897
2017-04-07,19.934657193523446
2017-04-10,20.520971298217773
2017-04-11,21.107281578011968
2017-04-12,21.69359310854856
2017-04-13,21.107280731201172
2017-04-17,20.520971298217773
2017-04-18,19.934650421142578
2017-04-19,19.934651418061204
2017-04-20,19.348338113213014
2017-04-21,19.934650421142578
2017-04-24,19.934651418061204
2017-04-25,19.934651418061204
2017-04-26,19.348339080810547
2017-04-27,19.70013282970764
2017-04-28,19.934650421142578
2017-05-01,19.934653581117985
2017-05-02,22.27990345964294
2017-05-03,21.693597910029023
2017-05-04,21.69359310854856
2017-05-05,19.934651418061204
2017-05-08,19.934652781352284
2017-05-09,21.69359054008501
2017-05-10,20.520963668823242
2017-05-11,18.17571258544922
2017-05-12,19.348337492977276
2017-05-15,17.589397430419922
2017-05-16,17.58940096435145
2017-05-17,15.83046054840088
2017-05-18,15.830457367862566
2017-05-19,15.244148254394531
2017-05-22,15.244148254394531
2017-05-23,15.244145078727993
2017-05-24,14.657834136959544
2017-05-25,15.244145078727993
2017-05-26,14.657831192016602
2017-05-30,15.24414814146878
2017-05-31,17.589399131669822
2017-06-01,15.83046054840088
2017-06-02,16.064986588726367
2017-06-05,15.24414814146878
2017-06-06,15.24414814146878
2017-06-07,15.713196749334276
2017-06-08,15.83046054840088
2017-06-09,16.416774552910116
2017-06-12,16.416772842407227
2017-06-13,17.00308518825004
2017-06-14,16.416774552910116
2017-06-15,16.416772842407227
2017-06-16,16.416772842407227
2017-06-19,16.416773713147272
2017-06-20,16.416772842407227
2017-06-21,17.00308609008789
2017-06-22,17.589397430419922
2017-06-23,17.003084939077088
2017-06-26,19.348344686406527
2017-06-27,20.52096432664901
2017-06-28,19.934650421142578
2017-06-29,18.762025145982946
2017-06-30,19.348338113213014
2017-07-03,19.348338113213014
2017-07-05,19.934656201270595
2017-07-06,18.175711899777014
2017-07-07,19.934652719769467
2017-07-10,19.34833884312212
2017-07-11,18.762026371120154
2017-07-12,19.934653581117985
2017-07-13,22.279905930526493
2017-07-14,28.14303939462438
2017-07-17,31.07460084901374
2017-07-18,35.17879797885546
2017-07-19,29.31566662258572
2017-07-20,26.38409996032715
2017-07-21,26.384100575143474
2017-07-24,24.625160217285156
2017-07-25,24.62515933619422
2017-07-26,24.625160088504604
2017-07-27,24.625160088504604
2017-07-28,24.03884770400275
2017-07-31,22.8662197398449
2017-08-01,24.62515933619422
2017-08-02,24.038846470901017
2017-08-03,23.4525386265346
2017-08-04,19.934652781352284
2017-08-07,21.107285402912105
2017-08-08,20.52096432664901
2017-08-09,19.934656201270595
2017-08-10,19.934651418061204
2017-08-11,18.76202964782715
2017-08-14,18.762026416063858
2017-08-15,17.00308560212711
2017-08-16,17.00308609008789
2017-08-17,17.00308518825004
2017-08-18,17.589399131669822
2017-08-21,15.830459738629598
2017-08-22,17.003086959842214
2017-08-23,17.00308609008789
2017-08-24,17.00308901887331
2017-08-25,20.52096432664901
2017-08-28,19.934650421142578
2017-08-29,19.934651846684766
2017-08-30,19.934651418061204
2017-08-31,19.348339080810547
2017-09-01,19.348340344233335
2017-09-05,18.17571403912324
2017-09-06,17.00308518825004
2017-09-07,17.00308518825004
2017-09-08,17.00308518825004
2017-09-11,16.416771254573955
2017-09-12,17.589400064605563
2017-09-13,18.175713075089604
2017-09-14,18.17571403912324
2017-09-15,17.589400064605563
2017-09-18,17.00308518825004
2017-09-19,17.589397430419922
2017-09-20,17.589399131669822
2017-09-21,16.416774552910116
2017-09-22,17.00308518825004
2017-09-25,16.416772842407227
2017-09-26,17.00308518825004
2017-09-27,16.416772842407227
2017-09-28,17.00308609008789
2017-09-29,17.00308518825004
2017-10-02,16.416772842407227
2017-10-03,16.416771254573955
2017-10-04,17.589400064605563
2017-10-05,17.589397430419922
2017-10-06,17.589398657824304
2017-10-09,18.762023606265885
2017-10-10,18.762026416063858
2017-10-11,17.00308609008789
2017-10-12,18.175713075089604
2017-10-13,16.416771254573955
2017-10-16,17.589400064605563
2017-10-17,17.589397430419922
2017-10-18,17.00308354370853
2017-10-19,17.589400064605563
2017-10-20,17.00308609008789
2017-10-23,17.589397430419922
2017-10-24,17.589397430419922
2017-10-25,17.589397430419922
2017-10-26,17.00308354370853
2017-10-27,17.00308354370853
2017-10-30,17.589397430419922
2017-10-31,17.00308901887331
2017-11-01,19.348340390581534
2017-11-02,17.00308354370853
2017-11-03,17.589397430419922
2017-11-06,17.589398657824304
2017-11-07,19.934657193523446
2017-11-08,19.934650421142578
2017-11-09,19.934656201270595
2017-11-10,18.76202420770658
2017-11-13,19.934656201270595
2017-11-14,19.348339296327318
2017-11-15,19.34834372333754
2017-11-16,18.762025145982946
2017-11-17,19.34834372333754
2017-11-20,19.934651418061204
2017-11-21,19.934656201270595
2017-11-22,18.76202964782715
2017-11-24,19.34834372333754
2017-11-27,18.76202964782715
2017-11-28,18.76202964782715
2017-11-29,18.175711317131313
2017-11-30,18.17571258544922
2017-12-01,18.17571258544922
2017-12-04,18.175711317131313
2017-12-05,17.589399131669822
2017-12-06,17.589399131669822
2017-12-07,17.00308518825004
2017-12-08,16.416772842407227
2017-12-11,16.416772842407227
2017-12-12,16.416772842407227
2017-12-13,16.416772842407227
2017-12-14,16.416772842407227
2017-12-15,16.41677424040104
2017-12-18,17.00308473019939
2017-12-19,18.762025420932414
2017-12-20,17.00308663617212
2017-12-21,17.00308609008789
2017-12-22,16.416771254573955
2017-12-26,17.941185442931392
2017-12-27,17.589397430419922
2017-12-28,17.589400064605563
2017-12-29,17.589400064605563
2018-01-02,17.589400064605563
2018-01-03,17.1203472795969
2018-01-04,18.17571258544922
2018-01-05,18.76202964782715
2018-01-08,18.762024915497207
2018-01-09,18.17571403912324
2018-01-10,17.00308609008789
2018-01-11,17.00308354370853
2018-01-12,18.175711317131313
2018-01-16,17.589400064605563
2018-01-17,17.00308663617212
2018-01-18,17.00308518825004
2018-01-19,17.589400064605563
2018-01-22,17.00308354370853
2018-01-23,17.589400064605563
2018-01-24,17.00308518825004
2018-01-25,17.589399131669822
2018-01-26,16.416773713147272
2018-01-29,16.416772842407227
2018-01-30,17.00308741966334
2018-01-31,15.830460665669921
2018-02-01,15.24414814146878
2018-02-02,15.83046097651021
2018-02-05,16.416771254573955
2018-02-06,15.830460665669921
2018-02-07,15.24414814146878
2018-02-08,15.830460665669921
2018-02-09,15.830460665669921
2018-02-12,15.830460665669921
2018-02-13,16.416774552910116
2018-02-14,15.83046054840088
2018-02-15,15.83046054840088
2018-02-16,15.83046054840088
2018-02-20,15.83046097651021
2018-02-21,15.24414814146878
2018-02-22,15.83046054840088
2018-02-23,15.83046054840088
2018-02-26,16.41677467452246
2018-02-27,15.244148254394531
2018-02-28,15.244148254394531
2018-03-01,15.830460665669921
2018-03-02,15.830460665669921
2018-03-05,15.244148254394531
2018-03-06,15.244145078727993
2018-03-07,15.244148254394531
2018-03-08,15.244145078727993
2018-03-09,15.244145078727993
2018-03-12,15.244148254394531
2018-03-13,14.657831192016602
2018-03-14,15.244148785303706
2018-03-15,14.657831192016602
2018-03-16,14.657834245541991
2018-03-19,15.244145078727993
2018-03-20,15.244145078727993
2018-03-21,14.657834245541991
2018-03-22,15.244148785303706
2018-03-23,15.244145078727993
2018-03-26,15.244148785303706
2018-03-27,15.244145078727993
2018-03-28,14.657831192016602
2018-03-29,14.657831192016602
2018-04-02,14.657834245541991
2018-04-03,15.244147837305873
2018-04-04,13.485206347232639
2018-04-05,13.485206347232639
2018-04-06,13.485206604003906
2018-04-09,13.485207280144303
2018-04-10,12.898892781224834
2018-04-11,13.485206604003906
2018-04-12,12.898892402648926
2018-04-13,13.485206604003906
2018-04-16,13.485207280144303
2018-04-17,12.312580108642578
2018-04-18,12.664368668188255
2018-04-19,13.485206604003906
2018-04-20,13.485207799746277
2018-04-23,13.485206604003906
2018-04-24,13.485206347232639
2018-04-25,12.898892648256213
2018-04-26,13.485206347232639
2018-04-27,12.898892648256213
2018-04-30,13.485206347232639
2018-05-01,13.485206604003906
2018-05-02,13.485207456451024
2018-05-03,13.485207456451024
2018-05-04,13.485207456451024
2018-05-07,14.071518962174595
2018-05-08,13.485207825414061
2018-05-09,15.244145078727993
2018-05-10,15.244145078727993
2018-05-11,15.244148254394531
2018-05-14,15.244145078727993
2018-05-15,14.657834245541991
2018-05-16,14.657831192016602
2018-05-17,14.65783475603156
2018-05-18,15.244148254394531
2018-05-21,15.244145078727993
2018-05-22,15.244145078727993
2018-05-23,15.244145078727993
2018-05-24,14.657834245541991
2018-05-25,15.244148785303706
2018-05-29,14.65783475603156
2018-05-30,14.657834136959544
2018-05-31,16.416773713147272
2018-06-01,17.003086879188725
2018-06-04,16.416772842407227
2018-06-05,16.416774552910116
2018-06-06,15.83046054840088
2018-06-07,15.244148254394531
2018-06-08,15.830462075243615
2018-06-11,15.244148254394531
2018-06-12,15.24414814146878
2018-06-13,15.83046054840088
2018-06-14,15.830460665669921
2018-06-15,15.24414814146878
2018-06-18,15.830457367862566
2018-06-19,15.244145078727993
2018-06-20,16.416771254573955
2018-06-21,18.175712808732293
2018-06-22,19.934651418061204
2018-06-25,19.34833884312212
2018-06-26,18.175714051733067
2018-06-27,25.211473762941104
2018-06-28,21.10727902841994
2018-06-29,18.762028155765144
2018-07-02,24.038846166700658
2018-07-03,26.97041393180968
2018-07-05,26.3841009200914
2018-07-06,28.72935369617979
2018-07-09,28.729348497321812
2018-07-10,28.14303970336914
2018-07-11,26.38409996032715
2018-07-12,26.38409925226012
2018-07-13,26.384097766046445
2018-07-16,23.4525386265346
2018-07-17,20.520966756276728
2018-07-18,20.52096432664901
2018-07-19,19.348344686406527
2018-07-20,19.934650421142578
2018-07-23,19.348344686406527
2018-07-24,20.52096432664901
2018-07-25,19.934650421142578
2018-07-26,19.934650421142578
2018-07-27,19.934656201270595
2018-07-30,18.762024915497207
2018-07-31,18.762025145982946
2018-08-01,19.348339080810547
2018-08-02,18.76202964782715
2018-08-03,18.76202420770658
2018-08-06,19.934651418061204
2018-08-07,19.34834372333754
2018-08-08,18.762025145982946
2018-08-09,18.76202964782715
2018-08-10,18.76202420770658
2018-08-13,19.34833884312212
2018-08-14,18.175711317131313
2018-08-15,17.589397430419922
2018-08-16,17.00308354370853
2018-08-17,18.17571258544922
2018-08-20,18.175711317131313
2018-08-21,17.589398657824304
2018-08-22,18.17571258544922
2018-08-23,17.589397430419922
2018-08-24,17.589398657824304
2018-08-27,18.175717169894092
2018-08-28,18.17571258544922
2018-08-29,18.76202964782715
2018-08-30,19.348338113213014
2018-08-31,19.934651418061204
2018-09-04,19.34834372333754
2018-09-05,18.175712808732293
2018-09-06,19.34834372333754
2018-09-07,18.76202964782715
2018-09-10,18.17571258544922
2018-09-11,18.175717169894092
2018-09-12,18.76202964782715
2018-09-13,18.762024915497207
2018-09-14,18.175711317131313
2018-09-17,17.589397430419922
2018-09-18,18.17571258544922
2018-09-19,18.17571258544922
2018-09-20,18.76202964782715
2018-09-21,18.17571258544922
2018-09-24,18.762025145982946
2018-09-25,18.17571258544922
2018-09-26,18.175711317131313
2018-09-27,14.657831192016602
2018-09-28,14.07151985168457
2018-10-01,14.071517743376798
2018-10-02,14.540571213719359
2018-10-03,13.719732316756765
2018-10-04,13.83699575959194
2018-10-05,13.602468756122644
2018-10-08,13.250681310384723
2018-10-09,13.016155351323366
2018-10-10,12.898892402648926
2018-10-11,12.898893876618583
2018-10-12,12.781630036522518
2018-10-15,12.547103677696695
2018-10-16,12.78162956237793
2018-10-17,13.133419380280055
2018-10-18,13.719730908241381
2018-10-19,13.485207222963744
2018-10-22,13.016155599163453
2018-10-23,13.250684159575604
2018-10-24,13.367943790900515
2018-10-25,12.781630627897297
2018-10-26,12.54710578918457
2018-10-29,12.781629422402576
2018-10-30,12.547104752164552
2018-10-31,11.960790432584393
2018-11-01,12.312579618221617
2018-11-02,12.664368751258767
2018-11-05,12.781631082803752
2018-11-06,12.89889329499917
2018-11-07,12.8988921897136
2018-11-08,12.781630036522518
2018-11-09,12.312579491297022
2018-11-12,13.485205471164322
2018-11-13,12.312579048548681
2018-11-14,12.42984362589895
2018-11-15,12.8988921897136
2018-11-16,13.25068070218943
2018-11-19,13.485205618844743
2018-11-20,12.781631137000977
2018-11-21,13.016155136452259
2018-11-23,13.133417590611337
2018-11-26,12.898893240304727
2018-11-27,13.016155733340883
2018-11-28,13.016155351323366
2018-11-29,12.898892402648926
2018-11-30,13.250680225707884
2018-12-03,12.781630036522518
2018-12-04,12.429841398021702
2018-12-06,11.960791974520362
2018-12-07,11.843531333455308
2018-12-10,11.843528577549598
2018-12-11,9.85006306850075
2018-12-12,10.43637571337972
2018-12-13,10.319114960143548
2018-12-14,10.319115083138081
2018-12-17,10.201851092289235
2018-12-18,10.201851465510693
2018-12-19,9.967326996323049
2018-12-20,10.201851356887165
2018-12-21,10.084588520361807
2018-12-24,9.38101234716172
2018-12-26,9.381012095180676
2018-12-27,7.0357593331525345
2018-12-28,7.739336441903276
2018-12-31,8.091122690187019
2019-01-02,8.79469899713529
2019-01-03,10.436377920613749
2019-01-04,10.553639156008733
2019-01-07,10.67090129852295
2019-01-08,10.788164724972411
2019-01-09,11.022691092405497
2019-01-10,11.139954566955566
2019-01-11,11.139953345984402
2019-01-14,11.022689819335938
2019-01-15,11.022688794151714
2019-01-16,10.084589345418737
2019-01-17,10.08458818958656
2019-01-18,10.436376214706081
2019-01-22,10.553638649049477
2019-01-23,10.319112777709961
2019-01-24,10.201851092289235
2019-01-25,9.967325469086491
2019-01-28,9.967325575212922
2019-01-29,10.084588151430262
2019-01-30,9.615537186782802
2019-01-31,10.319114456115397
2019-02-01,11.022688794151714
2019-02-04,10.319115913395011
2019-02-05,10.553639630608883
2019-02-06,10.788166469140968
2019-02-07,10.553638649049477
2019-02-08,9.967325575212922
2019-02-11,9.732800380074274
2019-02-12,10.08458761297577
2019-02-13,9.732800380074274
2019-02-14,9.732800127641775
2019-02-15,9.732800483703613
2019-02-19,10.319113234359776
2019-02-20,10.319115083138081
2019-02-21,10.201851092289235
2019-02-22,10.788163622986144
2019-02-25,10.55364133686077
2019-02-26,11.374479173974912
2019-02-27,11.491741634943619
2019-02-28,11.960791209618867
2019-03-01,12.898893709279717
2019-03-04,12.195318297233069
2019-03-05,11.609003559135537
2019-03-06,11.257214913699466
2019-03-07,11.022689323642469
2019-03-08,10.319113273403428
2019-03-11,11.139955103913003
2019-03-12,11.37447845255997
2019-03-13,11.022689819335938
2019-03-14,10.905429971119524
2019-03-15,10.788164239825601
2019-03-18,10.553638552578818
2019-03-19,10.788166999816895
2019-03-20,10.788166999816895
2019-03-21,10.788164239825601
2019-03-22,10.43637571337972
2019-03-25,10.319113234359776
2019-03-26,10.319113234359776
2019-03-27,10.436377410857991
2019-03-28,10.670900785930836
2019-03-29,9.967324769489085
2019-04-01,10.201852798461914
2019-04-02,10.436377920613749
2019-04-03,10.084589958190918
2019-04-04,10.084589837991713
2019-04-05,9.967326996323049
2019-04-08,10.08458980781658
2019-04-09,11.726266978035147
2019-04-10,11.491743218684157
2019-04-11,11.37447845255997
2019-04-12,11.374477860275466
2019-04-15,10.905427181128253
2019-04-16,10.788164724972411
2019-04-17,11.139955114936146
2019-04-18,10.788166999816895
2019-04-22,10.553639156008733
2019-04-23,10.553641006873821
2019-04-24,9.967326359884733
2019-04-25,7.739336717249456
2019-04-26,8.208386836910766
2019-04-29,9.615537538554728
2019-04-30,10.319113234359776
2019-05-01,9.967326996323049
2019-05-02,9.967323445373584
2019-05-03,8.911962965615762
2019-05-06,9.221870630882831
2019-05-07,9.012473717195492
2019-05-08,8.627180902638852
2019-05-09,8.643933188921888
2019-05-10,9.00409605354409
2019-05-13,8.962219120051829
2019-05-14,9.121359982685608
2019-05-15,9.045976976095483
2019-05-16,9.381013515595608
2019-05-17,10.96405936127776
2019-05-20,11.307473714739702
2019-05-21,11.784900127082997
2019-05-22,11.541995252337909
2019-05-23,10.955684793478186
2019-05-24,10.813294195266476
2019-05-28,10.696032946251655
2019-05-29,10.453127886383067
2019-05-30,10.511759757995605
2019-05-31,10.235355407502967
2019-06-03,10.327489879997106
2019-06-04,10.444754812636884
2019-06-05,10.017580757748922
2019-06-06,9.406139628770944
2019-06-07,9.381012245630632
2019-06-10,9.431267657634491
2019-06-11,8.836580195297858
2019-06-12,8.786321950358522
2019-06-13,8.551799543673967
2019-06-14,8.509918137187658
2019-06-17,8.593680113992644
2019-06-18,8.191635999305532
2019-06-19,7.119518597747219
2019-06-20,7.328915596008301
2019-06-21,7.2870378494262695
2019-06-24,7.32891720363492
2019-06-25,6.575084947185217
2019-06-26,6.7761078122308875
2019-06-27,6.6923482867320585
2019-06-28,6.616965067418611
2019-07-01,6.9101217803174455
2019-07-02,7.178149296076108
2019-07-03,7.622073116361
2019-07-05,7.370795623641328
2019-07-08,7.44617910254998
2019-07-09,7.66395353384282
2019-07-10,7.873350620269776
2019-07-11,7.957109992336111
2019-07-12,7.806343442132136
2019-07-15,8.007365542127593
2019-07-16,7.78959167909203
2019-07-17,8.040868898090318
2019-07-18,7.521561907780393
2019-07-19,6.80123386230161
2019-07-22,7.144645642347998
2019-07-23,6.952001109223044
2019-07-24,7.270285184156765
2019-07-25,7.119519029881143
2019-07-26,7.0776413588629925
2019-07-29,7.161398713344031
2019-07-30,7.161398713344031
2019-07-31,7.077639610869982
2019-08-01,7.077639610869982
2019-08-02,6.952002285159383
2019-08-05,6.307058153072424
2019-08-06,6.181418054064096
2019-08-07,6.114410877227783
2019-08-08,6.214921585863318
2019-08-09,6.089282217158785
2019-08-12,5.946892341411824
2019-08-13,5.86313292746023
2019-08-14,5.938517058870748
2019-08-15,5.754245975897021
2019-08-16,5.9468923996089735
2019-08-19,5.9217645849011
2019-08-20,6.072530721091088
2019-08-21,6.147914409637451
2019-08-22,6.19816925782323
2019-08-23,6.332184115650116
2019-08-26,6.273553606640863
2019-08-27,6.005523256691901
2019-08-28,5.896637526926402
2019-08-29,5.938516702393307
2019-08-30,5.896637214303199
2019-09-03,6.005524101984981
2019-09-04,6.231673204242196
2019-09-05,6.047403047618588
2019-09-06,6.055780034490257
2019-09-09,5.779373879366471
2019-09-10,5.595103849326731
2019-09-11,5.913388435874676
2019-09-12,6.231674065632221
2019-09-13,6.700723619621618
2019-09-16,6.784483689121345
2019-09-17,6.926872874694014
2019-09-18,7.119520703482801
2019-09-19,7.044135704344416
2019-09-20,7.236780944650881
2019-09-23,7.370797407946443
2019-09-24,7.404301263032305
2019-09-25,6.985505048996343
2019-09-26,7.446179627515009
2019-09-27,7.689081407832379
2019-09-30,7.136271294317339
2019-10-01,7.429428182875453
2019-10-02,7.471306020062392
2019-10-03,7.328915747461298
2019-10-04,7.295412385932982
2019-10-07,7.454555342162095
2019-10-08,7.379173254675876
2019-10-09,7.538314342498779
2019-10-10,7.538314946670109
2019-10-11,8.962217717282797
2019-10-14,9.431268625926
2019-10-15,10.051085257155307
2019-10-16,10.235355296894205
2019-10-17,10.553640486802202
2019-10-18,10.352619941886458
2019-10-21,10.453128925132225
2019-10-22,10.28560978368003
2019-10-23,9.908693653782628
2019-10-24,10.29398648273099
2019-10-25,9.79143240564874
2019-10-28,9.799809081513619
2019-10-29,10.025958838737333
2019-10-30,9.498276710510254
2019-10-31,9.339132968253503
2019-11-01,8.643933765383757
2019-11-04,9.129735261134956
2019-11-05,10.134845368995258
2019-11-06,10.344241496519388
2019-11-07,10.059461757151553
2019-11-08,9.883566345767987
2019-11-11,9.439645185388372
2019-11-12,9.255374942881785
2019-11-13,9.523401926000307
2019-11-14,9.883564763495466
2019-11-15,9.00409856709567
2019-11-18,8.375905631798574
2019-11-19,8.853330197536609
2019-11-20,8.551798926466166
2019-11-21,7.7477128178750725
2019-11-22,4.690507785210571
2019-11-25,4.908279590645664
2019-11-26,4.8412725044968745
2019-11-27,5.201436493174015
2019-11-29,5.276819842443484
2019-12-02,5.8631329227669005
2019-12-03,5.628607747986145
2019-12-04,5.653735160993371
2019-12-05,5.678863393148036
2019-12-06,5.770998027741168
2019-12-09,5.804501583236168
2019-12-10,6.147913624409109
2019-12-11,6.290306110445161
2019-12-12,7.019007431309649
2019-12-13,7.245157001087722
2019-12-16,7.387547572131311
2019-12-17,7.328916284604832
2019-12-18,7.119518546504144
2019-12-19,7.278660732977379
2019-12-20,7.756088743066544
2019-12-23,7.6723304026052
2019-12-24,7.722587339561366
2019-12-26,7.806343442132136
2019-12-27,7.864975765936208
2019-12-30,7.55506698097102
2019-12-31,7.538315111020984
2020-01-02,7.722584868854373
2020-01-03,7.772840114336329
2020-01-06,7.680705390933503
2020-01-07,8.04924496282937
2020-01-08,8.049244604898725
2020-01-09,7.906853805743876
2020-01-10,7.9068549398835595
2020-01-13,7.806344115216174
2020-01-14,7.479682687313789
2020-01-15,7.5885697759645545
2020-01-16,7.488057978620962
2020-01-17,7.303788415178285
2020-01-21,7.127894450032275
2020-01-22,6.365687856418877
2020-01-23,5.955268091713974
2020-01-24,6.139537702146825
2020-01-27,5.770999454787307
2020-01-28,5.511345196651181
2020-01-29,5.703991241799227
2020-01-30,5.5029693811535205
2020-01-31,4.99203916013684
2020-02-03,4.673754611996868
2020-02-04,4.799392996575238
2020-02-05,4.883151805335482
2020-02-06,5.5448494804227915
2020-02-07,4.874776650367326
2020-02-10,4.975287198259158
2020-02-11,5.402457947207911
2020-02-12,5.293572041016172
2020-02-13,5.863133517167518
2020-02-14,5.72911877192351
2020-02-18,5.737493736251039
2020-02-19,5.662111547790541
2020-02-20,5.829629669255136
2020-02-21,5.6286076221338455
2020-02-24,5.050670693155281
2020-02-25,5.276819694899859
2020-02-26,4.933406380444836
2020-02-27,4.841272391887018
2020-02-28,4.229832147508291
2020-03-02,4.321966783255932
2020-03-03,4.355469654082901
2020-03-04,4.4894859349998555
2020-03-05,4.5229881743436655
2020-03-06,4.187952965618426
2020-03-09,3.9953064179428166
2020-03-10,4.07906470220915
2020-03-11,3.978555539263328
2020-03-12,3.408994174743733
2020-03-13,3.5681351856278933
2020-03-16,3.3671143900914613
2020-03-17,2.847808284157477
2020-03-18,2.9064393994876525
2020-03-19,2.6970412332579006
2020-03-20,2.7137931078282387
2020-03-23,2.3452529533511606
2020-03-24,2.604906269359899
2020-03-25,3.0069497314339078
2020-03-26,3.0990849595969494
2020-03-27,3.375489579122609
2020-03-30,3.2749784231329557
2020-03-31,3.434121034136723
2020-04-01,3.1660920875310823
2020-04-02,3.207971237835877
2020-04-03,2.9231913540912005
2020-04-06,2.939942822352233
2020-04-07,3.0572051473784416
2020-04-08,3.1325886574710573
2020-04-09,3.3336097825958695
2020-04-13,4.062314057675306
2020-04-14,4.053938279197196
2020-04-15,3.9115479570965106
2020-04-16,3.869667470423635
2020-04-17,3.8696686410799717
2020-04-20,4.0706900737643625
2020-04-21,4.079065553919715
2020-04-22,3.8194120948798873
2020-04-23,3.8110372252976847
2020-04-24,4.020434866261419
2020-04-27,4.003682229722688
2020-04-28,4.397349898444571
2020-04-29,4.020434325887761
2020-04-30,4.0874417985131695
2020-05-01,3.9366754783517943
2020-05-04,3.601639332976536
2020-05-05,3.543008033974118
2020-05-06,3.316858257856173
2020-05-07,3.2079716929356232
2020-05-08,3.400617288428327
2020-05-11,3.769157042032382
2020-05-12,3.693773753640023
2020-05-13,3.4173693869504693
2020-05-14,3.2163475843590277
2020-05-15,3.140964423817378
2020-05-18,3.241475287918452
2020-05-19,3.8026610125781186
2020-05-20,3.5011280106044427
2020-05-21,3.5346318137137422
2020-05-22,3.517880101701442
2020-05-26,3.4592483287521683
2020-05-27,3.5178794934595023
2020-05-28,3.7105252656921732
2020-05-29,3.5597594362578198
2020-06-01,3.3503622667118464
2020-06-02,3.392241688546781
2020-06-03,3.4676242404841413
2020-06-04,3.626766600985856
2020-06-05,3.769157340581258
2020-06-08,3.7021508148667217
2020-06-09,3.936676569605827
2020-06-10,3.9031710157762474
2020-06-11,3.459249074292178
2020-06-12,3.40899334116543
2020-06-15,3.2414751600423166
2020-06-16,3.744029923187392
2020-06-17,3.5430076122283936
2020-06-18,3.484376512115279
2020-06-19,3.5597594362578198
2020-06-22,3.3671139139065294
2020-06-23,3.400617390392899
2020-06-24,3.1828442516281297
2020-06-25,3.124212602186188
2020-06-26,3.1912201496706842
2020-06-29,3.1828439376826916
2020-06-30,3.149339953509752
2020-07-01,3.124212615450205
2020-07-02,3.1409651281568234
2020-07-06,3.140963932837488
2020-07-07,3.0572054846621444
2020-07-08,3.0404532604046053
2020-07-09,2.9818220967172886
2020-07-10,2.93994280802463
2020-07-13,2.939942412895109
2020-07-14,2.9231906469973516
2020-07-15,2.998573701012897
2020-07-16,2.898063450738069
2020-07-17,2.9064393935961386
2020-07-20,2.8813112597792814
2020-07-21,2.889687597643194
2020-07-22,2.8813114307182057
2020-07-23,2.906439052043473
2020-07-24,2.8478077461124616
2020-07-27,2.9734462987259604
2020-07-28,2.931566812768693
2020-07-29,2.9315663993744323
2020-07-30,2.9315669248405745
2020-07-31,2.9315667152404785
2020-08-03,2.931567269110332
2020-08-04,3.6686465289731487
2020-08-05,3.8277881536899745
2020-08-06,3.559759377174943
2020-08-07,3.559759565287191
2020-08-10,4.020434446219971
2020-08-11,4.288463563540391
2020-08-12,4.439229717953288
2020-08-13,4.522988913235897
2020-08-14,4.4392297155601135
2020-08-17,4.690507411956787
2020-08-18,4.732385398784357
2020-08-19,4.564867680452212
2020-08-20,4.439229111325086
2020-08-21,4.330342717439358
2020-08-24,4.338718577012959
2020-08-25,4.3135904021008695
2020-08-26,4.414102409786048
2020-08-27,4.187953085787926
2020-08-28,4.146072698156506
2020-08-31,4.187952959874485
2020-09-01,4.1879522579924995
2020-09-02,4.062313776978294
2020-09-03,3.911547744876486
2020-09-04,3.852916513853849
2020-09-08,3.995307468661441
2020-09-09,4.070690004232143
2020-09-10,3.9953067133550855
2020-09-11,4.171200457233557
2020-09-14,4.447605551708357
2020-09-15,4.8580252380655455
2020-09-16,5.092550986080803
2020-09-17,5.544849658303853
2020-09-18,5.737494284311914
2020-09-21,5.91338820558853
2020-09-22,5.234940052032471
2020-09-23,5.243316334191923
2020-09-24,5.092549906929195
2020-09-25,5.0422943952594785
2020-09-28,5.24331788677371
2020-09-29,5.662111799084219
2020-09-30,5.846381717226773
2020-10-01,6.273552427695103
2020-10-02,6.424319719704696
2020-10-05,7.513188047792545
2020-10-06,7.119519720801432
2020-10-07,6.692348842261708
2020-10-08,6.549957743101258
2020-10-09,7.370795635281711
2020-10-12,7.119517956388351
2020-10-13,7.379173323985497
2020-10-14,7.46293140654472
2020-10-15,7.30378877041899
2020-10-16,7.940358080708591
2020-10-19,7.957110259803104
2020-10-20,7.797967273782853
2020-10-21,8.233514101131298
2020-10-22,8.065994092428555
2020-10-23,7.814718644956342
2020-10-26,7.647200184348514
2020-10-27,7.245157146588554
2020-10-28,7.488058062144195
2020-10-29,7.111142210353131
2020-10-30,6.968752574192583
2020-11-02,6.868241540714487
2020-11-03,7.186526840296907
2020-11-04,7.4545551150359115
2020-11-05,7.5299375367752415
2020-11-06,8.124627585275775
2020-11-09,8.292144646161796
2020-11-10,8.978969337426488
2020-11-11,9.875191311830594
2020-11-12,10.12647146349903
2020-11-13,9.04597599102135
2020-11-16,9.69929782484747
2020-11-17,11.131578184601192
2020-11-18,12.982652900261998
2020-11-19,11.985919396924244
2020-11-20,12.5554812486428
2020-11-23,11.893783837381797
2020-11-24,10.377745761850353
2020-11-25,10.210228506788441
2020-11-27,11.483368338554287
2020-11-30,11.265591419794013
2020-12-01,11.056193284386701
2020-12-02,10.386121993659481
2020-12-03,11.01431577069675
2020-12-04,11.106450090020319
2020-12-07,11.94404021906882
2020-12-08,11.91053738868103
2020-12-09,12.563856523697865
2020-12-10,12.145060678342785
2020-12-11,13.493582837306084
2020-12-14,15.461918422242094
2020-12-15,14.548946683127859
2020-12-16,15.813711638673272
2020-12-17,15.746701827919527
2020-12-18,16.081738766160957
2020-12-21,16.785312592122683
2020-12-22,17.589399489943272
2020-12-23,16.82719452254193
2020-12-24,18.13383381614201
2020-12-28,17.84067494328874
2020-12-29,17.689910712292352
2020-12-30,17.212479672321287
2020-12-31,17.19573470586279
2021-01-04,18.778778912003013
2021-01-05,18.326481450129563
2021-01-06,20.026787301559644
2021-01-07,20.74711934940695
2021-01-08,23.594922791295062
2021-01-11,22.6484503311673
2021-01-12,26.049062329629542
2021-01-13,28.302180606148838
2021-01-14,25.110960174133176
2021-01-15,23.51953801093223
2021-01-19,24.591658454077592
2021-01-20,25.127715766146263
2021-01-21,24.79267846829506
2021-01-22,23.07561501512736
2021-01-25,24.74242693737447
2021-01-26,23.151003153767505
2021-01-27,21.6600913535754
2021-01-28,22.196147140553183
2021-01-29,20.931388044985194
2021-02-01,22.614942232935547
2021-02-02,24.29012717051529
2021-02-03,23.2347574993327
2021-02-04,24.290124637804166
2021-02-05,27.472969103980343
2021-02-08,28.863366236923984
2021-02-09,27.648858466089425
2021-02-10,29.943856163455518
2021-02-11,30.019240370068903
2021-02-12,28.419444960921556
2021-02-16,33.084818965865864
2021-02-17,33.50361571165095
2021-02-18,32.03783463154658
2021-02-19,32.26398495218311
2021-02-22,32.68277310734235
2021-02-23,32.24723585619415
2021-02-24,31.560414343476474
2021-02-25,34.04805234059027
2021-02-26,34.156943607138295
2021-03-01,35.48033344261869
2021-03-02,34.642742612907846
2021-03-03,34.550606127043565
2021-03-04,34.96939813638035
2021-03-05,32.93406395191642
2021-03-08,33.52874515285155
2021-03-09,32.247232420603176
2021-03-10,35.178795190927275
2021-03-11,39.19086457706824
2021-03-12,40.304851136581306
2021-03-15,40.62314334926538
2021-03-16,41.37697580978056
2021-03-17,40.49749406615739
2021-03-18,42.281562485165615
2021-03-19,42.1140489505868
2021-03-22,46.40251395140973
2021-03-23,44.44255273987605
2021-03-24,40.77389866903145
2021-03-25,39.366747577078115
2021-03-26,44.559809813659506
2021-03-29,46.06748878187569
2021-03-30,43.55470038095239
2021-03-31,43.135905604967455
2021-04-01,41.49423890512716
2021-04-05,43.68034441186339
2021-04-06,44.450924345287184
2021-04-07,43.50444162455221
2021-04-08,44.89484932531457
2021-04-09,47.700782791107926
2021-04-12,47.11446331712463
2021-04-13,45.33039414335929
2021-04-14,43.052149130538986
2021-04-15,45.22987945497437
2021-04-16,43.55470251395083
2021-04-19,44.48442634318995
2021-04-20,44.30853704665188
2021-04-21,40.59801054250301
2021-04-22,42.549591997661345
2021-04-23,42.717114078937776
2021-04-26,43.54632548900525
2021-04-27,44.8110876367225
2021-04-28,44.14940003096764
2021-04-29,46.90506924272642
2021-04-30,44.928358421357096
2021-05-03,46.41088771978275
2021-05-04,51.528570895772724
2021-05-05,53.85707062230925
2021-05-06,54.937553061453436
2021-05-07,53.01947673113215
2021-05-10,55.83378417373581
2021-05-11,48.66400561593047
2021-05-12,47.432746183783415
2021-05-13,47.072584141493614
2021-05-14,47.04745988325546
2021-05-17,48.906904635589704
2021-05-18,50.67422492230561
2021-05-19,48.67239235198896
2021-05-20,51.51181715516328
2021-05-21,52.34939698910574
2021-05-24,52.768206819948986
2021-05-25,54.192109303087136
2021-05-26,51.00460340012841
2021-05-27,52.34727126765438
2021-05-28,53.41127045820722
2021-06-01,55.083282165339675
2021-06-02,55.72505246127726
2021-06-03,54.31483216417022
2021-06-04,52.35571066836516
2021-06-07,53.03126852918522
2021-06-08,57.169054438616335
2021-06-09,56.89883819428608
2021-06-10,58.31749789122746
2021-06-11,60.977519851173
2021-06-14,63.73041554937743
2021-06-15,61.05350722280132
2021-06-16,59.92196442136361
2021-06-17,61.99086821015513
2021-06-18,59.643298631459295
2021-06-21,60.90995902893611
2021-06-22,62.497520559696945
2021-06-23,63.72196786498792
2021-06-24,62.793080840047324
2021-06-25,64.51574188717197
2021-06-28,66.88019590465815
2021-06-29,65.03086070938141
2021-06-30,62.48908462070464
2021-07-01,65.11531297072203
2021-07-02,63.78953000145154
2021-07-06,63.781082754338684
2021-07-07,62.38772985981106
2021-07-08,58.88329404450801
2021-07-09,58.26683771828486
2021-07-12,60.46240901186725
2021-07-13,61.13795829923457
2021-07-14,59.04373379816408
2021-07-15,56.13039387802695
2021-07-16,55.96994411218851
2021-07-19,50.312159139579784
2021-07-20,54.58505624369537
2021-07-21,55.463269610482484
2021-07-22,59.812178417396765
2021-07-23,58.53706865845992
2021-07-26,56.76372194777266
2021-07-27,56.18105634983616
2021-07-28,54.95661471777102
2021-07-29,57.42239165571517
2021-07-30,57.405507023503965
2021-08-02,57.354840526177995
2021-08-03,57.70950346107447
2021-08-04,58.2583910484366
2021-08-05,58.92550137087123
2021-08-06,60.7832963581728
2021-08-09,59.73618209965189
2021-08-10,58.140167959907025
2021-08-11,61.281504574175415
2021-08-12,61.54329686947761
2021-08-13,61.579357769272576
2021-08-16,60.04030893117995
2021-08-17,62.07253401291883
2021-08-18,63.39052501562532
2021-08-19,63.11841212871477
2021-08-20,63.37351458905355
2021-08-23,65.62683149969834
2021-08-24,70.32052190298124
2021-08-25,72.81192370988151
2021-08-26,72.1997256453324
2021-08-27,70.80520623987307
2021-08-30,72.36126772609173
2021-08-31,71.85109726902925
2021-09-01,71.06879716360848
2021-09-02,75.67747820185703
2021-09-03,72.88846281663587
2021-09-07,73.97685935938308
2021-09-08,74.69961729480144
2021-09-09,72.6843955652301
2021-09-10,74.11289684942535
2021-09-13,73.1265546271691
2021-09-14,71.0432896683614
2021-09-15,69.20663309756652
2021-09-16,71.53646778851261
2021-09-17,70.13346865081397
2021-09-20,65.63533726965801
2021-09-21,66.4771353271245
2021-09-22,66.19654457192546
2021-09-23,66.97031917654733
2021-09-24,67.1743869960279
2021-09-27,66.47712570976653
2021-09-28,70.38855227374752
2021-09-29,70.15047143009423
2021-09-30,69.257654056605
2021-10-01,69.9549109705863
2021-10-04,69.24065307264055
2021-10-05,61.46880932066091
2021-10-06,60.907609334416705
2021-10-07,64.06224872736728
2021-10-08,63.5605759954944
2021-10-11,60.51647122711966
2021-10-12,60.967133165790884
2021-10-13,62.42966321323625
2021-10-14,61.23073189390349
2021-10-15,59.793717036217735
2021-10-18,59.904255195572
2021-10-19,63.00787234625786
2021-10-20,65.48228835679005
2021-10-21,66.32408871005885
2021-10-22,63.92622149261252
2021-10-25,62.42965913025015
2021-10-26,64.62346335227357
2021-10-27,62.42966260495083
2021-10-28,62.072530817720086
2021-10-29,62.20859277122583
2021-11-01,63.77315515615205
2021-11-02,63.77316103041658
2021-11-03,63.501055437150455
2021-11-04,65.46526179665462
2021-11-05,61.95349771558314
2021-11-08,61.681388891371476
2021-11-09,64.62347538164114
2021-11-10,64.33435163102571
2021-11-11,62.99936721799915
2021-11-12,61.698407266540116
2021-11-15,63.42453925321109
2021-11-16,61.78345200834744
2021-11-17,61.91098278951253
2021-11-18,62.07722212077471
2021-11-19,61.28092531596281
2021-11-22,62.57383330266663
2021-11-23,61.43503887447058
2021-11-24,60.424679814157166
2021-11-26,59.59413684450628
2021-11-29,62.3426580392844
2021-11-30,59.96231568216563
2021-12-01,59.67975418478505
2021-12-02,56.25480774455459
2021-12-03,59.140336562190235
2021-12-06,58.51527514836242
2021-12-07,59.936622688925276
2021-12-08,61.212435656362075
2021-12-09,61.73472850279877
2021-12-10,62.15427450435417
2021-12-13,61.31517919481587
2021-12-14,58.13853691977014
2021-12-15,57.1709818903571
2021-12-16,61.57204603410297
2021-12-17,58.7464644288843
2021-12-20,59.1745862799755
2021-12-21,60.29625939099332
2021-12-22,60.484621774408566
2021-12-23,60.24488028424047
2021-12-27,59.55988164844445
2021-12-28,60.621621546904166
2021-12-29,59.93662671386106
2021-12-30,61.04973442442014
2021-12-31,61.691927560843034
2022-01-03,65.0740587162398
2022-01-04,62.5995201802832
2022-01-05,61.86315698964073
2022-01-06,60.21063449133579
2022-01-07,60.36474940280329
2022-01-10,59.69689097028245
2022-01-11,60.48463910687245
2022-01-12,63.36157398831363
2022-01-13,63.327329737565
2022-01-14,61.64910267814919
2022-01-18,64.21780893769163
2022-01-19,68.3619981185169
2022-01-20,71.49585443484752
2022-01-21,69.02986830701953
2022-01-24,65.17680671972438
2022-01-25,65.18536695742603
2022-01-26,68.89286225568057
2022-01-27,70.39128945606217
2022-01-28,73.63642906627504
2022-01-31,78.91941121727982
2022-02-01,79.19341812375923
2022-02-02,82.5926734859179
2022-02-03,80.03253078509057
2022-02-04,81.05146115238183
2022-02-07,81.94193741090191
2022-02-08,83.81709098432114
2022-02-09,82.60125459298656
2022-02-10,82.14743401260068
2022-02-11,84.15104329279013
2022-02-14,83.38896503442416
2022-02-15,86.12038361715389
2022-02-16,85.837491852825
2022-02-17,84.32779425196202
2022-02-18,82.88712546801315
2022-02-22,80.53196428392232
2022-02-23,81.95540813954219
2022-02-24,76.51183625417916
2022-02-25,80.66137186399072
2022-02-28,80.47156599542201
2022-03-01,80.57508797123276
2022-03-02,77.9180258440589
2022-03-03,78.56503062229768
2022-03-04,80.0143564802603
2022-03-07,76.15811497444102
2022-03-08,76.88278674380136
2022-03-09,80.70450483961173
2022-03-10,80.6613534145677
2022-03-11,80.76488080959906
2022-03-14,82.37812654505575
2022-03-15,81.27389051807461
2022-03-16,85.80298218732877
2022-03-17,92.15238502287144
2022-03-18,92.3076562128087
2022-03-21,91.6520031205547
2022-03-22,90.15094526197558
2022-03-23,89.83175104931817
2022-03-24,89.77999037077342
2022-03-25,88.09774342331448
2022-03-28,88.42555582873801
2022-03-29,91.0136202534148
2022-03-30,90.0819183330391
2022-03-31,89.71958368407375
2022-04-01,89.41765080686883
2022-04-04,89.7196026431373
2022-04-05,83.67214337794763
2022-04-06,78.95323137977856
2022-04-07,77.54705727390989
2022-04-08,78.56504037312864
2022-04-11,77.18474064186978
2022-04-12,75.95971682473628
2022-04-13,75.32995195616783
2022-04-14,76.71888200129193
2022-04-18,77.13297021292675
2022-04-19,80.23001231409634
2022-04-20,81.1272145761742
2022-04-21,78.40113348884962
2022-04-22,74.38100446104777
2022-04-25,69.84325009181555
2022-04-26,68.40257226057379
2022-04-27,66.91873523375357
2022-04-28,71.93958366542476
2022-04-29,71.1804098120436
2022-05-02,69.94677375869946
2022-05-03,70.7404398858495
2022-05-04,74.38963208400541
2022-05-05,75.51111598652199
2022-05-06,74.42412461825187
2022-05-09,70.86985905940143
2022-05-10,69.47231193827032
2022-05-11,69.38603112512098
2022-05-12,66.55640795144588
2022-05-13,67.62614981974733
2022-05-16,69.01506994608218
2022-05-17,71.86196285622088
2022-05-18,69.09271161382918
2022-05-19,63.53701280553985
2022-05-20,69.01506223662676
2022-05-23,70.63693211609089
2022-05-24,70.86985396122715
2022-05-25,70.26595760694993
2022-05-26,71.24839631666386
2022-05-27,72.20616829190901
2022-05-31,73.10298376686008
2022-06-01,72.25841230940732
2022-06-02,74.40901243427976
2022-06-03,73.48609536160045
2022-06-06,74.87917642764832
2022-06-07,70.52573498450977
2022-06-08,68.1748809809144
2022-06-09,64.43092428591322
2022-06-10,60.948159532098174
2022-06-13,58.962998698161016
2022-06-14,59.84239722691857
2022-06-15,62.14971744414038
2022-06-16,59.755308423587785
2022-06-17,59.206794607716404
2022-06-21,60.51281964835318
2022-06-22,58.57990548869821
2022-06-23,56.21162600546863
2022-06-24,55.20163070003582
2022-06-27,54.85336103657483
2022-06-28,57.38706274021674
2022-06-29,56.081024181118785
2022-06-30,53.98266265391941
2022-07-01,54.18291678442058
2022-07-05,52.833355350404986
2022-07-06,52.35447922760588
2022-07-07,51.884306541958715
2022-07-08,52.46766538254572
2022-07-11,52.37189387434784
2022-07-12,51.37059878893677
2022-07-13,49.93396137003747
2022-07-14,50.68275360105067
2022-07-15,50.83076732143661
2022-07-18,54.02619756941329
2022-07-19,55.689215902551865
2022-07-20,57.13456265656918
2022-07-21,59.807574802160175
2022-07-22,59.650848527167284
2022-07-25,58.30127237545819
2022-07-26,59.01523893838588
2022-07-27,60.042653310588875
2022-07-28,60.4083396471968
2022-07-29,62.576353952844414
2022-08-01,64.4309226252302
2022-08-02,65.08394770942533
2022-08-03,67.02557493855309
2022-08-04,64.72696233731409
2022-08-05,64.46574338416322
2022-08-08,66.48573881216242
2022-08-09,66.52928688708853
2022-08-10,66.84271986217333
2022-08-11,68.30548263507087
2022-08-12,66.60765002190743
2022-08-15,63.92592344351558
2022-08-16,63.733191012798166
2022-08-17,62.985466483783895
2022-08-18,62.27292406248677
2022-08-19,63.557263769900054
2022-08-22,59.924158681404094
2022-08-23,61.92104667135056
2022-08-24,59.91537306707544
2022-08-25,59.8186057239459
2022-08-26,60.39040224649481
2022-08-29,57.44344895900826
2022-08-30,57.00361523949714
2022-08-31,60.865433915212265
2022-09-01,59.880175831173176
2022-09-02,60.05610587651467
2022-09-06,59.220417140003136
2022-09-07,57.170754056067636
2022-09-08,55.76325555797465
2022-09-09,59.6954452161226
2022-09-12,62.202545549837296
2022-09-13,60.900628420273165
2022-09-14,60.22325254824233
2022-09-15,59.18522077204206
2022-09-16,56.880449210277845
2022-09-19,55.13867733545707
2022-09-20,53.07141948280622
2022-09-21,53.880728368336605
2022-09-22,52.52600857685665
2022-09-23,50.76664020541237
2022-09-26,49.631841078762335
2022-09-27,49.4647112222258
2022-09-28,50.99536018588766
2022-09-29,49.86055529817141
2022-09-30,47.916458533451745
2022-10-03,49.55267077533576
2022-10-04,50.775443368061794
2022-10-05,50.73144945194397
2022-10-06,50.68746224627696
2022-10-07,50.177252773679186
2022-10-10,50.14206238266905
2022-10-11,47.423840478771304
2022-10-12,48.07480796428721
2022-10-13,47.81089918611405
2022-10-14,51.25046485681438
2022-10-17,52.086171322317604
2022-10-18,51.32084284992269
2022-10-19,52.07736706765731
2022-10-20,50.476345738101145
2022-10-21,50.32679471408624
2022-10-24,51.391215824964604
2022-10-25,51.58474621086201
2022-10-26,52.49961396864725
2022-10-27,51.98060794537899
2022-10-28,49.596660228939335
2022-10-31,50.0980799004567
2022-11-01,50.41477135108508
2022-11-02,51.4615872031764
2022-11-03,49.95732132709991
2022-11-04,51.514373846896504
2022-11-07,53.66080163122784
2022-11-08,53.28253463378789
2022-11-09,51.276850451593866
2022-11-10,51.021749736285635
2022-11-11,52.42924331923096
2022-11-14,54.25019399180966
2022-11-15,53.14179006144758
2022-11-16,51.989402203028995
2022-11-17,50.13556379906916
2022-11-18,50.07316581406413
2022-11-21,49.03034866713143
2022-11-22,50.59903426779852
2022-11-23,50.49207977370901
2022-11-25,50.928815506769936
2022-11-28,50.66143293991426
2022-11-29,49.42252407345899
2022-11-30,48.816434605234534
2022-12-01,49.520565965407
2022-12-02,48.727307674014504
2022-12-05,49.1462119807303
2022-12-06,47.98752800053907
2022-12-07,46.74862601661694
2022-12-08,46.68623451055744
2022-12-09,47.7112177858323
2022-12-12,48.49556823054566
2022-12-13,49.15512870709014
2022-12-14,48.7540489852928
2022-12-15,48.183613868836915
2022-12-16,48.37078590155445
2022-12-19,47.72905235807395
2022-12-20,45.97319430403333
2022-12-21,48.13905026512736
2022-12-22,48.28165749355163
2022-12-23,47.62210368455571
2022-12-27,48.41535664347315
2022-12-28,47.1229725557254
2022-12-29,48.281646609748776
2022-12-30,47.9162260479967
2023-01-03,47.45275332875209
2023-01-04,47.56862420506684
2023-01-05,47.149708405863166
2023-01-06,48.085567227542356
2023-01-09,48.950126558118754
2023-01-10,48.56686741170558
2023-01-11,49.823602652286674
2023-01-12,48.49556935427363
2023-01-13,49.377958842255666
2023-01-17,49.02143991110025
2023-01-18,50.01968771607258
2023-01-19,50.21577677334342
2023-01-20,50.795125925372915
2023-01-23,51.08033847949147
2023-01-24,51.5705512487043
2023-01-25,51.48142441432177
2023-01-26,51.50816569409717
2023-01-27,51.1783832313362
2023-01-30,52.515326762213455
2023-01-31,51.82902976539203
2023-02-01,52.86293339298263
2023-02-02,55.00204909738797
2023-02-03,53.923577562967935
2023-02-06,53.3174887846196
2023-02-07,54.17313847529668
2023-02-08,55.34965793994786
2023-02-09,54.72575403408685
2023-02-10,54.12857630738218
2023-02-13,54.06618005711885
2023-02-14,53.03227638879349
2023-02-15,51.47250650735619
2023-02-16,51.16055469283414
2023-02-17,52.586624322355654
2023-02-21,53.1481489207213
2023-02-22,51.64185617773999
2023-02-23,50.723818276021504
2023-02-24,52.31923747258687
2023-02-27,53.48350875246959
2023-02-28,54.36812964731171
2023-03-01,52.84259872981581
2023-03-02,53.0141134140249
2023-03-03,53.97997764812743
2023-03-06,53.257841982736174
2023-03-07,52.18365474200353
2023-03-08,52.08436059663176
2023-03-09,51.53372804691862
2023-03-10,50.044310844665375
2023-03-13,49.25898603214366
2023-03-14,50.18873352682438
2023-03-15,48.91596676274267
2023-03-16,48.60905108025471
2023-03-17,48.00426964336828
2023-03-20,47.02035244355191
2023-03-21,47.390449893725176
2023-03-22,47.68832987665887
2023-03-23,48.60002885880893
2023-03-24,47.48070802552891
2023-03-27,47.6341699115001
2023-03-28,48.49170740630225
2023-03-29,48.31117255570292
2023-03-30,49.21385432389156
2023-03-31,48.609062544648324
2023-04-03,49.8276772804435
2023-04-04,50.08944653282013
2023-04-05,48.744461475719106
2023-04-06,49.746427944380294
2023-04-10,49.12357836972495
2023-04-11,50.23387266000684
2023-04-12,51.76841874665468
2023-04-13,52.2287828281234
2023-04-14,53.5286358864875
2023-04-17,54.016081795362446
2023-04-18,54.38618263012641
2023-04-19,54.26884043818819
2023-04-20,54.19662085416827
2023-04-21,52.99605713130127
2023-04-24,51.68717291770359
2023-04-25,52.32808195755312
2023-04-26,52.084363757627074
2023-04-27,52.31002801692751
2023-04-28,51.55177974668486
2023-05-01,52.291974406475966
2023-05-02,51.082386667120105
2023-05-03,50.74839558648742
2023-05-04,49.50271224044248
2023-05-05,49.15969033497433
2023-05-08,51.28097672249782
2023-05-09,51.181688822788786
2023-05-10,51.912846206186934
2023-05-11,50.86574972042954
2023-05-12,51.53373094188194
2023-05-15,51.326107386007344
2023-05-16,54.61184605687361
2023-05-17,56.16444843154254
2023-05-18,55.965862653881956
2023-05-19,56.796312563905616
2023-05-22,55.71311303987211
2023-05-23,53.79943577676119
2023-05-24,53.88970771839318
2023-05-25,53.39640570719479
2023-05-26,53.93576515255741
2023-05-30,53.1769984634448
2023-05-31,55.471560131075805
2023-06-01,53.478676412052316
2023-06-02,55.151602428770374
2023-06-05,55.71838642300501
2023-06-06,55.30700855785591
2023-06-07,57.775253774031114
2023-06-08,58.808265754505236
2023-06-09,60.11552500458829
2023-06-12,59.42075275359116
2023-06-13,59.62187213998144
2023-06-14,59.128218204326295
2023-06-15,59.29277468210785
2023-06-16,60.52689427692754
2023-06-20,59.612729309744
2023-06-21,60.43546880105005
2023-06-22,60.79200863416944
2023-06-23,60.536034137562446
2023-06-26,60.764578819436565
2023-06-27,60.58174062149196
2023-06-28,61.24908105975371
2023-06-29,60.499471432860354
2023-06-30,61.37706250328341
2023-07-03,61.30393365223123
2023-07-05,62.25466439272687
2023-07-06,61.29479510692358
2023-07-07,62.24552651249593
2023-07-10,62.51976361116488
2023-07-11,63.44308856721751
2023-07-12,64.2749684821239
2023-07-13,62.84887764709349
2023-07-14,62.92200786690392
2023-07-17,60.28921269359113
2023-07-18,60.645739504531775
2023-07-19,61.42278317401059
2023-07-20,61.62389803624474
2023-07-21,60.910836323285245
2023-07-24,60.08810424269086
2023-07-25,61.45935040691536
2023-07-26,60.371488360666554
2023-07-27,61.980412433820455
2023-07-28,61.91642579917904
2023-07-31,65.3628344902379
2023-08-01,64.08298669123164
2023-08-02,63.24196646047136
2023-08-03,62.163246497401815
2023-08-04,63.02256798624722
2023-08-07,63.98244167444398
2023-08-08,61.569044370987406
2023-08-09,63.99157714843749
2023-08-10,64.34810897671984
2023-08-11,63.717334278369286
2023-08-14,63.60763765060233
2023-08-15,62.84887224650212
2023-08-16,63.46137397273213
2023-08-17,64.13785340236116
2023-08-18,63.01342962972223
2023-08-21,63.525337742568055
2023-08-22,63.949056498666884
2023-08-23,62.23943884370554
2023-08-24,62.359576140207785
2023-08-25,61.03808383702546
2023-08-28,61.63875237889382
2023-08-29,61.18594688212214
2023-08-30,61.79585966499416
2023-08-31,62.211714666444664
2023-09-01,62.220956615738714
2023-09-05,61.73117945008716
2023-09-06,59.50404080821398
2023-09-07,59.36542129634317
2023-09-08,59.014259327628615
2023-09-11,60.234102439279276
2023-09-12,60.45588995077274
2023-09-13,59.52252588512419
2023-09-14,59.762800052806256
2023-09-15,59.55948813126674
2023-09-18,59.21757352510566
2023-09-19,59.78127716254747
2023-09-20,59.799764643237005
2023-09-21,60.08623723758032
2023-09-22,61.11200250024704
2023-09-25,60.991878509521484
2023-09-26,60.807048664827285
2023-09-27,61.740407549709275
2023-09-28,61.44469709951267
2023-09-29,61.02884484418182
2023-10-02,61.278352583832195
2023-10-03,60.4281591626119
2023-10-04,60.197127172201284
2023-10-05,59.614938226467984
2023-10-06,61.038082485823374
2023-10-09,61.25987847531278
2023-10-10,62.16550189722092
2023-10-11,62.27640340310987
2023-10-12,61.879031244909456
2023-10-13,61.48165769141151
2023-10-16,61.41696942131519
2023-10-17,60.58526736336061
2023-10-18,60.7331250150462
2023-10-19,61.02884011011571
2023-10-20,60.80705397043416
2023-10-23,60.46512401029373
2023-10-24,61.28759368559517
2023-10-25,60.94566606465635
2023-10-26,60.98262870011487
2023-10-27,60.78856261957978
2023-10-30,60.84400906532021
2023-10-31,61.823586860404106
2023-11-01,61.241388197242124
2023-11-02,61.34304430909541
2023-11-03,62.100814565789875
2023-11-06,61.16746047207929
2023-11-07,60.06775560642601
2023-11-08,59.873695461621395
2023-11-09,58.32117411309417
2023-11-10,58.64460963545577
2023-11-13,58.348893539328095
2023-11-14,60.99187487612416
2023-11-15,62.20246889811477
2023-11-16,63.47775451896598
2023-11-17,63.49623709529862
2023-11-20,63.6533301846055
2023-11-21,63.579407487240275
2023-11-22,64.21706272107093
2023-11-24,64.72005151532112
2023-11-27,64.48633954929775
2023-11-28,64.77613943571559
2023-11-29,64.87897436999903
2023-11-30,64.29936985666683
2023-12-01,65.8138404942901
2023-12-04,66.51497805344692
2023-12-05,66.7580388110429
2023-12-06,65.09397416169465
2023-12-07,64.6826489203889
2023-12-08,63.64496838271545
2023-12-11,63.476685518177106
2023-12-12,62.84098426593243
2023-12-13,62.85033348246261
2023-12-14,63.40190542569868
2023-12-15,64.13108410001655
2023-12-18,67.30959103011406
2023-12-19,65.77644054224068
2023-12-20,66.92629436418815
2023-12-21,67.46852654833887
2023-12-22,68.73992428187329
2023-12-26,68.9455931820849
2023-12-27,69.10450891017275
2023-12-28,69.05777303785179
2023-12-29,69.00168345950846
2024-01-02,69.30084010513919
2024-01-03,69.5532541106847
2024-01-04,72.03995721431238
2024-01-05,72.71304682826315
2024-01-08,73.35811526342091
2024-01-09,72.46999042934083
2024-01-10,71.82495301529109
2024-01-11,71.34817540761789
2024-01-12,72.81588422283811
2024-01-16,71.71275980677825
2024-01-17,71.01163217639208
2024-01-18,71.18925093416982
2024-01-19,71.61927971395832
2024-01-22,70.534843137445
2024-01-23,70.4039775987084
2024-01-24,71.60058600290597
2024-01-25,72.2175918500979
2024-01-26,71.85299224591479
2024-01-29,72.26433430964865
2024-01-30,71.2359798500879
2024-01-31,72.91872834354119
2024-02-01,71.7688505676865
2024-02-02,71.02097725902084
2024-02-05,69.22605403872997
2024-02-06,69.68413114980375
2024-02-07,68.85211042658528
2024-02-08,69.53454398128673
2024-02-09,69.46910971210586
2024-02-12,70.08612105227647
2024-02-13,71.03965857828588
2024-02-14,67.91725841890535
2024-02-15,67.64614597367387
2024-02-16,67.3469977698505
2024-02-20,66.9730444536037
2024-02-21,66.54300302630406
2024-02-22,67.59005996104602
2024-02-23,67.78636460950004
2024-02-26,68.67448878114166
2024-02-27,68.01073646321073
2024-02-28,68.68186535287877
2024-02-29,68.17144018627252
2024-03-01,68.21868974904861
2024-03-04,68.49280931569943
2024-03-05,65.92172921104316
2024-03-06,65.78939407314279
2024-03-07,67.25454575337133
2024-03-08,67.26399457087862
2024-03-11,66.70628783440033
2024-03-12,66.8480736235484
2024-03-13,67.65154327568932
2024-03-14,66.4983475083432
2024-03-15,66.20531334367838
2024-03-18,66.24312081428522
2024-03-19,66.16750798610427
2024-03-20,66.01626036091643
2024-03-21,67.51921029284468
2024-03-22,67.81223726070941
2024-03-25,67.63264283857153
2024-03-26,67.89730578141172
2024-03-27,68.31322342650643
2024-03-28,68.90872675432328
2024-04-01,68.24705539126558
2024-04-02,68.71967887722859
2024-04-03,68.52117599090222
2024-04-04,70.68579247560139
2024-04-05,69.94849694220274
2024-04-08,69.63656616210938
2024-04-09,69.73108852447476
2024-04-10,69.24901456239705
2024-04-11,69.56094190435805
2024-04-12,69.60820669594952
2024-04-15,68.60625252412778
2024-04-16,68.41719395575423
2024-04-17,68.50227751664617
2024-04-18,68.56844178546318
2024-04-19,68.02018884677322
2024-04-22,68.95598327833628
2024-04-23,69.8539792071637
2024-04-24,70.51565146079653
2024-04-25,69.55149451696364
2024-04-26,70.28879354705786
2024-04-29,71.81064827777884
2024-04-30,72.40614447304527
2024-05-01,72.16984006342854
2024-05-02,72.67081372206607
2024-05-03,73.29468681634933
2024-05-06,74.2021334477356
2024-05-07,75.19464603262854
2024-05-08,75.58219618574408
2024-05-09,77.00952860905997
2024-05-10,78.45575932235647
2024-05-13,78.45574987829627
2024-05-14,78.92838503635645
2024-05-15,79.89253493698713
2024-05-16,79.84526806463637
2024-05-17,80.92285123407072
2024-05-20,80.34624886327708
2024-05-21,80.76217200769958
2024-05-22,81.30094567405231
2024-05-23,81.85864940039967
2024-05-24,83.65462654284909
2024-05-28,82.90786951677545
2024-05-29,83.18200784006162
2024-05-30,86.53763948643828
2024-05-31,89.79875056735592
2024-06-03,92.03899475373609
2024-06-04,91.68925442963388
2024-06-05,89.01419909087697
2024-06-06,91.67979724497366
2024-06-07,89.94054608238427
2024-06-10,89.2505117241061
2024-06-11,87.69888979697896
2024-06-12,88.00393179436443
2024-06-13,87.58449822232946
2024-06-14,87.17459853620653
2024-06-17,85.96396547534188
2024-06-18,86.08789824394886
2024-06-20,85.79238069946148
2024-06-21,87.36525055405815
2024-06-24,88.17549648318278
2024-06-25,88.82371760600739
2024-06-26,89.60538524202596
2024-06-27,89.60538057808782
2024-06-28,88.75699746100136
2024-07-01,89.48147274501632
2024-07-02,86.91722958701503
2024-07-03,87.43197911865077
2024-07-05,87.79421075475196
2024-07-08,85.31577349290723
2024-07-09,83.38065910470901
2024-07-10,82.93264515431694
2024-07-11,85.38250370277612
2024-07-12,85.38249644222415
2024-07-15,83.3044039103986
2024-07-16,83.78102966179212
2024-07-17,83.63805390810292
2024-07-18,83.35208310099894
2024-07-19,82.6085437489988
2024-07-22,80.59718880587353
2024-07-23,82.36069177383429
2024-07-24,82.208165491738
2024-07-25,80.72111423696111
2024-07-26,79.2816970898291
2024-07-29,80.53046109295474
2024-07-30,81.05474621904632
2024-07-31,81.63621983950323
2024-08-01,81.85546663212034
2024-08-02,79.33889311701307
2024-08-05,75.80233867902503
2024-08-06,76.92717290920243
2024-08-07,77.25127815064796
2024-08-08,77.21315357944178
2024-08-09,77.27988023529707
2024-08-12,77.05110088387558
2024-08-13,78.75741351426842
2024-08-14,78.81461054442968
2024-08-15,78.89087041698036
2024-08-16,78.21406338030339
2024-08-19,78.86226416820901
2024-08-20,80.11891819482523
2024-08-21,80.36914713110048
2024-08-22,79.04103200004062
2024-08-23,78.78118380650086
2024-08-26,79.83981877029706
2024-08-27,79.21427591801307
2024-08-28,79.25276417081575
2024-08-29,78.9159266743522
2024-08-30,79.01217064261412
2024-09-03,78.6368290848865
2024-09-04,76.48108524558819
2024-09-05,76.52919971441017
2024-09-06,75.41282398507693
2024-09-09,74.20022083508016
2024-09-10,74.1713484914325
2024-09-11,73.14159373858243
2024-09-12,75.87477080478236
2024-09-13,76.30785072136418
2024-09-16,75.84590708889573
2024-09-17,77.2317398704989
2024-09-18,76.89491682763546
2024-09-19,77.95354228208782
2024-09-20,78.01128769942343
2024-09-23,78.10751738067484
2024-09-24,79.39712445444633
2024-09-25,81.26416022218459
2024-09-26,82.73661655784502
2024-09-27,82.56338238425833
2024-09-30,82.9579623525291
2024-10-01,83.12156100138606
2024-10-02,83.94923342218911
2024-10-03,84.24756826854362
2024-10-04,83.71824435849301
2024-10-07,83.46802787069706
2024-10-08,83.64126494482763
2024-10-09,82.45752069329805
2024-10-10,82.64038321126745
2024-10-11,83.99734112875382
2024-10-14,83.33328938647267
2024-10-15,81.61061685206202
2024-10-16,79.89755754112778
2024-10-17,80.17665391417044
2024-10-18,80.63860851656165
2024-10-21,80.98506294459222
2024-10-22,82.17843422726385
2024-10-23,81.79347032631168
2024-10-24,79.32012877779103
2024-10-25,79.60885268746388
2024-10-28,79.73395826466034
2024-10-29,78.38661898894635
2024-10-30,77.46271244433927
2024-10-31,77.30873797222705
2024-11-01,79.44523728834076
2024-11-04,78.8678060530326
2024-11-05,78.50209672217731
2024-11-06,79.14689517152198
2024-11-07,79.1372906237217
2024-11-08,79.65695913088317
2024-11-11,78.53097887718923
2024-11-12,77.33760996019302
2024-11-13,79.53185788454006
2024-11-14,83.43915226679874
2024-11-15,82.92909120904605
2024-11-18,82.7654844740628
2024-11-19,82.76548622122363
2024-11-20,83.26592154226199
2024-11-21,81.6009876266326
2024-11-22,81.11979779143331
2024-11-25,82.39698458963888
2024-11-26,78.73252009626019
2024-11-27,77.00235350039308
2024-11-29,77.07039803363305
2024-12-02,77.27450636846501
2024-12-03,78.57699303917704
2024-12-04,80.09333704878438
2024-12-05,78.73252396255043
2024-12-06,78.61588219611589
2024-12-09,79.14076556479303
2024-12-10,79.70453171167298
2024-12-11,79.95725341017089
2024-12-12,76.42887214193698
2024-12-13,77.13843245552854
2024-12-16,77.00234664587929
2024-12-17,75.58322284148925
2024-12-18,75.38882015242457
2024-12-19,75.37910132306472
2024-12-20,73.93081306240039
2024-12-23,74.35848990627814
2024-12-24,77.32311276559021
2024-12-26,77.60499139861007
2024-12-27,76.79823371029009
2024-12-30,76.47746318026537
2024-12-31,76.63298862187249
2025-01-02,78.50895954065811
2025-01-03,80.76401371517396
2025-01-06,79.66564531681531
2025-01-07,77.80911823435953
2025-01-08,78.12016609029753
2025-01-10,77.50779090973637
2025-01-13,76.02062408318426
2025-01-14,76.30250487157791
2025-01-15,78.917208042338
2025-01-16,77.55640206373894
2025-01-17,75.40826943148897
2025-01-21,75.2818957237728
2025-01-22,74.6695357444742
2025-01-23,74.71813991890684
2025-01-24,75.45686530917561
2025-01-27,75.10693402139604
2025-01-28,75.5151848517862
2025-01-29,75.42769868967133
2025-01-30,77.14814622100764
2025-01-31,77.76051136103752
2025-02-03,76.17615211696794
2025-02-04,76.292784393527
2025-02-05,77.73135794414864
2025-02-06,77.5466731881243
2025-02-07,77.44947208665297
2025-02-10,78.00351267893264
2025-02-11,79.32544483481362
2025-02-12,81.23058063067266
2025-02-13,80.24884971458741
2025-02-14,80.6862669831419
2025-02-18,81.60965692985751
2025-02-19,82.1734293115209
2025-02-20,81.45414352570269
2025-02-21,83.58283361602417
2025-02-24,82.48585134222199
2025-02-25,81.13089044602478
2025-02-26,80.66941686669124
2025-02-27,79.88393225426003
2025-02-28,78.14603717374825
2025-03-03,77.68457084742396
2025-03-04,74.621167933995
2025-03-05,76.55543066550565
2025-03-06,77.2132741087893
2025-03-07,77.71401869600489
2025-03-10,79.23589390060046
2025-03-11,78.50933055179615
2025-03-12,79.50100866068347
2025-03-13,79.66792035922556
2025-03-14,77.32127591849621
2025-03-17,78.45042097185049
2025-03-18,79.08862680474704
2025-03-19,79.71701330187142
2025-03-20,80.26685852766087
2025-03-21,81.59235444535437
2025-03-24,79.80537479218819
2025-03-25,80.17848925911252
2025-03-26,79.03953138074998
2025-03-27,78.7646128245497
2025-03-28,77.77293836477286
2025-03-31,76.9972655726043
2025-04-01,76.98745043426203
2025-04-02,77.64529734578193
2025-04-03,76.29032901449274
2025-04-04,69.80025237277047
2025-04-07,66.01027942609693
2025-04-08,69.49587199119837
2025-04-09,64.94005969714087
2025-04-10,70.20281874696822
2025-04-11,68.69075100313384
2025-04-14,74.77826774407984
2025-04-15,75.56375251710153
2025-04-16,74.21860742401402
2025-04-17,75.48520469378492
2025-04-21,75.1808311036838
2025-04-22,75.22993135464316
2025-04-23,75.94667958072276
2025-04-24,78.02821496440804
2025-04-25,78.40131810924424
2025-04-28,78.97079733379307
2025-04-29,78.35222810211427
2025-04-30,78.234407682771
2025-05-01,79.9624769868432
2025-05-02,80.02139001146028
2025-05-05,80.31594953853703
2025-05-06,80.56141034911784
2025-05-07,79.2457191913014
2025-05-08,80.07048250264042
2025-05-09,82.26983721980397
2025-05-12,84.18446146577878
2025-05-13,85.56888320082902
2025-05-14,83.1731511673324
2025-05-15,83.52661976542772
2025-05-16,84.49865547631723
2025-05-19,84.96995071746011
2025-05-20,85.13686301826189
2025-05-21,83.457885392686
2025-05-22,82.476029532682
2025-05-23,81.24871172290473
2025-05-27,83.5506335925271
2025-05-28,83.26301191402204
2025-05-29,83.491133811923
2025-05-30,83.56055630448242
2025-06-02,84.84992435730513
2025-06-03,84.01678999246431
2025-06-04,84.00687253256822
2025-06-05,84.40359985984551
2025-06-06,85.49459571862953
2025-06-09,85.99050277723325
2025-06-10,85.29623760558849
2025-06-11,85.11770847165974
2025-06-12,84.99868951925755
2025-06-13,86.14920162069335
2025-06-16,88.7973463344104
2025-06-17,85.51443730937478
2025-06-18,86.0698503660452
2025-06-20,87.13109645694423
2025-06-23,86.6451061507889
2025-06-24,85.05820189138062
2025-06-25,85.23673272246138
2025-06-26,86.80379344778342
2025-06-27,86.53600846454603
2025-06-30,86.30788706593071
2025-07-01,85.5342688394914
2025-07-02,85.68304443359375
2025-07-03,86.16903390768093
2025-07-07,86.77404195192406
2025-07-08,88.62874234472258
2025-07-09,88.9758753341654
2025-07-10,86.62526680899326
2025-07-11,88.26176287080403
2025-07-14,89.24366955117392
2025-07-15,88.53947039324552
2025-07-16,87.85512833096975
2025-07-17,87.62700575937977
2025-07-18,90.25532084282021
2025-07-21,89.51145473448169
2025-07-22,89.1345684111844
2025-07-23,89.75940893836936
2025-07-24,91.35623921545363
2025-07-25,91.33639444161864
2025-07-28,91.48517373470754
2025-07-29,91.95132604398108
2025-07-30,92.92330882022243
2025-07-31,90.66196469156411
2025-08-01,91.18762967803151
2025-08-04,90.41401414242993
2025-08-05,89.75941038802647
2025-08-06,92.59600939597306
2025-08-07,94.63915020304893
2025-08-08,94.18291504293047
2025-08-11,93.33986678209286
2025-08-12,94.41103287651721
2025-08-13,93.42913081940206
2025-08-14,93.23077268409612
2025-08-15,92.17944995537295
2025-08-18,91.81247010990481
2025-08-19,92.39764365470347
2025-08-20,90.6123726001699
2025-08-21,91.77279580944301
2025-08-22,91.92157110158163
2025-08-25,92.81421216755912
2025-08-26,91.26696589368694
2025-08-27,91.28681182861328
2025-08-28,91.28680771881551
2025-08-29,91.24713762906593
2025-09-02,90.9991859291304
2025-09-03,91.63394363849946
2025-09-04,93.97463376633165
2025-09-05,93.00264516700072
2025-09-08,94.67882159202742
2025-09-09,94.45070697009814
2025-09-10,94.87719208728895
2025-09-11,92.82411849820465
2025-09-12,93.99446744426321
2025-09-15,93.97463134029292
2025-09-16,94.71849279761793
2025-09-17,93.73659889524349
2025-09-18,94.15316122999927
2025-09-19,93.62749719260891
2025-09-22,91.7827153728471
2025-09-23,92.46707625629479
2025-09-24,92.04059573775154
2025-09-25,92.33813559442447
2025-09-26,92.32821068788853
2025-09-29,91.16778744218286
2025-09-30,88.73784392778073
2025-10-01,88.99571329601666
2025-10-02,88.41054255044395
2025-10-03,87.85512657036773
2025-10-06,87.98406167782012
2025-10-07,87.77577593389337
2025-10-08,86.63518705392445
2025-10-09,86.37730989797474
2025-10-10,84.30442198570505
2025-10-13,83.7589158670085
2025-10-14,83.13407670219112
2025-10-15,83.36219341474242
2025-10-16,85.39541698453016
2025-10-17,85.72271626507641
2025-10-20,86.12936127923335
2025-10-21,85.29623906548176
2025-10-22,85.52435402557997
2025-10-23,86.11944746354315
2025-10-24,87.11126037953669
2025-10-27,87.37904986014573
2025-10-28,87.63692058687027
2025-10-29,88.60889859079576
2025-10-30,88.77751667977438
2025-10-31,89.51146068992493
2025-11-03,90.53302587321774
2025-11-04,89.58088475308298
2025-11-05,88.40062103661576
2025-11-06,91.10828482852212
2025-11-07,91.74304598574564
2025-11-10,91.60418903245625
2025-11-11,93.87545454958565
2025-11-12,93.43905260730132
2025-11-13,94.07381149586148
2025-11-14,93.4489693804703
2025-11-17,93.72668036513441
2025-11-18,93.43905082921718
2025-11-19,94.68874170040256
2025-11-20,94.10356529924758
2025-11-21,92.53650234244168
2025-11-24,92.93321912830964
2025-11-25,96.20621625429827
2025-11-26,96.7021284475318
2025-11-28,96.70213151858803
2025-12-01,96.99967727595555
2025-12-02,95.73014344592923
2025-12-03,95.8392427216248
2025-12-04,98.0014062306995
2025-12-05,96.86082277099133
2025-12-08,97.87247235654596
2025-12-09,96.65253176855938
2025-12-10,95.14497941811311
2025-12-11,93.31011686964881
2025-12-12,93.64733107899161
2025-12-15,92.83404021308051
2025-12-16,93.25060428373071
2025-12-17,94.29201275266004
2025-12-18,92.98281518217713
2025-12-19,92.73486249214633
2025-12-22,91.36615463425683
2025-12-23,94.09365496399089
2025-12-24,94.22258789196448
2025-12-26,93.41921805344563
2025-12-29,93.845700579377
2025-12-30,94.39119633579236
2025-12-31,92.8935527903357
2026-01-02,93.42913232131781
2026-01-05,94.2325050406405
2026-01-06,93.73659660811265
2026-01-07,95.35325430953652
2026-01-08,97.84272055220121
2026-01-09,97.6542709894197
2026-01-12,97.9220646521643
2026-01-13,100.15365746448515
2026-01-14,99.49904954937686
2026-01-15,99.6775801789801
2026-01-16,100.17348426061139
2026-01-20,98.59650010231714
2026-01-21,99.08249315639571
2026-01-22,100.16356398906187
2026-01-23,100.61979885061798
2026-01-26,100.5900491205834
2026-01-27,101.16530640176973
2026-01-28,102.35548006351449
2026-01-29,102.68278384103375
2026-01-30,103.05967402975023
2026-02-02,101.83973723885579
2026-02-03,103.46631726043529
2026-02-04,101.74056124907476
2026-02-05,99.82634889402108
2026-02-06,99.5486461246574
2026-02-09,101.13554976418054
2026-02-10,104.33911574179524
2026-02-11,104.8449431004779
2026-02-12,105.72765771918743
2026-02-13,104.14075049797597
2026-02-17,107.10628227076003
2026-02-18,106.61037467373481
2026-02-19,106.43185113670829
2026-02-20,106.6202931343984
2026-02-23,109.30000305175781
2026-02-24,108.5999984741211
2026-02-25,111.93000030517578
2026-02-26,114.16000366210938
2026-02-27,116.41999816894531
2026-03-02,118.6500015258789
2026-03-03,114.95999908447266
2026-03-04,114.93000030517578
2026-03-05,113.2300033569336
2026-03-06,110.7300033569336
2026-03-09,109.5
2026-03-10,112.55999755859375
2026-03-11,112.5
2026-03-12,113.0
2026-03-13,108.91999816894531
2026-03-16,108.16999816894531
2026-03-17,111.47000122070312
2026-03-18,111.81999969482422
2026-03-19,112.83000183105469
2026-03-20,114.66000366210938
2026-03-23,111.58000183105469
2026-03-24,114.20999908447266
2026-03-25,115.54000091552734
2026-03-26,113.58000183105469
2026-03-27,111.33000183105469
