Date,open
2000-01-03,3.912512248212641
2000-01-04,3.7163109213113783
2000-01-05,3.7163109213113783
2000-01-06,3.7163105264174203
2000-01-07,4.027924945787325
2000-01-10,4.004842964210951
2000-01-11,4.039468457189838
2000-01-12,4.108714445070787
2000-01-13,4.062550311618381
2000-01-14,4.154881411057743
2000-01-18,4.270294783587125
2000-01-19,4.154880464691477
2000-01-20,4.408788985785702
2000-01-21,4.235670885711751
2000-01-24,4.351085534659765
2000-01-25,4.293377458093
2000-01-26,4.270294372071611
2000-01-27,4.374168084167979
2000-01-28,4.258752115523618
2000-01-31,4.189505019086472
2000-02-01,4.316462740302086
2000-02-02,4.316461511837539
2000-02-03,4.3280010527752815
2000-02-04,4.33954432156105
2000-02-07,4.304918447726874
2000-02-08,4.593453464707779
2000-02-09,4.408791142961253
2000-02-10,4.270293718808658
2000-02-11,4.4216559252401035
2000-02-14,4.444805260860559
2000-02-15,4.606853605474083
2000-02-16,4.74574938416481
2000-02-17,4.849930436690272
2000-02-18,4.838352658640799
2000-02-22,4.595278464123645
2000-02-23,4.491101202046337
2000-02-24,4.29432727566999
2000-02-25,4.606853472849397
2000-02-28,4.421653853522407
2000-02-29,4.641579643661427
2000-03-01,4.884652905131495
2000-03-02,4.977250658305346
2000-03-03,5.255054150308882
2000-03-06,5.1161529629241
2000-03-07,5.255053702342152
2000-03-08,5.324504205158779
2000-03-09,5.185602812092155
2000-03-10,5.00040340423584
2000-03-13,4.988830185811453
2000-03-14,5.058280670247371
2000-03-15,4.8846538228896055
2000-03-16,4.792054981266687
2000-03-17,4.861505449665666
2000-03-20,4.896229431909673
2000-03-21,4.687877788100132
2000-03-22,4.861505255273605
2000-03-23,5.023554901870345
2000-03-24,5.081427867513908
2000-03-27,5.12772931446109
2000-03-28,5.231902734046559
2000-03-29,5.046704548261898
2000-03-30,5.324503466366873
2000-03-31,5.509702259494412
2000-04-03,5.764354660843585
2000-04-04,5.891679912252524
2000-04-05,5.613882020274039
2000-04-06,5.556003382948578
2000-04-07,5.625452519422566
2000-04-10,5.706479299196633
2000-04-11,5.556003291432451
2000-04-12,5.671755546747252
2000-04-13,5.85695311856368
2000-04-14,5.671754572881944
2000-04-17,5.683330387561456
2000-04-18,5.4402532228609415
2000-04-19,5.5560044727879445
2000-04-20,5.5791549131689795
2000-04-24,5.810653442289771
2000-04-25,5.68332802611614
2000-04-26,5.613877514238569
2000-04-27,5.648604254599357
2000-04-28,5.8106568159457455
2000-05-01,5.775928974151611
2000-05-02,5.741203666433196
2000-05-03,5.903253214699881
2000-05-04,5.787505402555779
2000-05-05,5.995857336582281
2000-05-08,6.296803736115907
2000-05-09,6.2505061348793465
2000-05-10,6.285230202611044
2000-05-11,6.008719689810454
2000-05-12,6.194321679805523
2000-05-15,6.321920230984688
2000-05-16,6.565516636695391
2000-05-17,6.48431621771466
2000-05-18,6.716312542983464
2000-05-19,6.495916967993384
2000-05-22,6.41471953224563
2000-05-23,6.1595188565485355
2000-05-24,6.46111897533075
2000-05-25,6.345120102768645
2000-05-26,6.426315444103185
2000-05-30,6.3915183024363476
2000-05-31,6.42631619888664
2000-06-01,6.89031263760158
2000-06-02,6.867109534984431
2000-06-05,6.426321170749736
2000-06-06,6.24072105724483
2000-06-07,6.565513233450007
2000-06-08,6.5307149419122945
2000-06-09,6.832312408379749
2000-06-12,6.577114232434522
2000-06-13,6.890312136136569
2000-06-14,6.785912608769779
2000-06-15,6.797514110395353
2000-06-16,6.611913884351701
2000-06-19,6.878709975604353
2000-06-20,6.693115547299385
2000-06-21,6.658310831777307
2000-06-22,7.006311610984473
2000-06-23,6.716313482535006
2000-06-26,6.901911039587477
2000-06-27,6.58871634212541
2000-06-28,6.577117181480478
2000-06-29,6.333516564360641
2000-06-30,6.345120329962482
2000-07-03,6.878707897433466
2000-07-05,6.635113983729016
2000-07-06,6.147920299609053
2000-07-07,6.182717722326347
2000-07-10,6.066722393035889
2000-07-11,6.043521303789956
2000-07-12,6.530712713056536
2000-07-13,6.217518573897999
2000-07-14,6.182720233867695
2000-07-17,6.240717464639235
2000-07-18,5.9855234927700876
2000-07-19,6.1247197892129535
2000-07-20,6.1247202361944515
2000-07-21,6.124719277024269
2000-07-24,5.915923637728537
2000-07-25,5.7535270627073665
2000-07-26,5.544729726478117
2000-07-27,5.591126407135815
2000-07-28,5.788324887681716
2000-07-31,5.869522640481591
2000-08-01,5.904324631654579
2000-08-02,6.113121861802008
2000-08-03,6.310315658797079
2000-08-04,6.240717239664032
2000-08-07,6.252319098497383
2000-08-08,6.368317127227783
2000-08-09,6.426314734388975
2000-08-10,6.484314577797799
2000-08-11,6.451816855273069
2000-08-14,6.521567020219626
2000-08-15,6.8121879425723995
2000-08-16,6.614562687935767
2000-08-17,6.626191419713637
2000-08-18,6.7540645172721465
2000-08-21,6.695938910637702
2000-08-22,6.661061705391982
2000-08-23,6.8121862570976335
2000-08-24,6.951688542085535
2000-08-25,6.765685711235835
2000-08-28,6.742436269513604
2000-08-29,6.8354378454198725
2000-08-30,6.881938228380498
2000-08-31,6.719185796889356
2000-09-01,6.870310713216214
2000-09-05,6.986558242094295
2000-09-06,6.998189453199675
2000-09-07,7.12605897454839
2000-09-08,7.0679370880126955
2000-09-11,6.986559555747292
2000-09-12,7.0563121676051574
2000-09-13,7.044687660576786
2000-09-14,6.707564793539777
2000-09-15,6.83543830323896
2000-09-18,6.928438428375456
2000-09-19,6.695937868148561
2000-09-20,6.661065820759503
2000-09-21,6.323940074805058
2000-09-22,6.12631922684844
2000-09-25,6.230941548478713
2000-09-26,6.382067763022262
2000-09-27,6.463441119573813
2000-09-28,6.579690620408836
2000-09-29,6.626191419713637
2000-10-02,6.730810985045295
2000-10-03,6.881936310494948
2000-10-04,6.730815051031895
2000-10-05,6.370442570580376
2000-10-06,6.323943284306213
2000-10-09,6.440191909886789
2000-10-10,6.498317909072822
2000-10-11,6.695935352739081
2000-10-12,6.754064881801605
2000-10-13,7.033059745254912
2000-10-16,6.730816092939008
2000-10-17,6.358820178292015
2000-10-18,6.382066653055303
2000-10-19,6.35881534891391
2000-10-20,6.370442508805728
2000-10-23,6.556440058876486
2000-10-24,6.300692659244645
2000-10-25,6.137944107055664
2000-10-26,5.975194538661412
2000-10-27,6.103067276046032
2000-10-30,5.672948726874863
2000-10-31,5.870572255098558
2000-11-01,5.893818356331735
2000-11-02,6.230943314572598
2000-11-03,5.765947248237775
2000-11-06,5.917073485279872
2000-11-07,5.754321659915149
2000-11-08,5.882197502047517
2000-11-09,5.975193948515
2000-11-10,5.765948505322468
2000-11-13,5.6055304288349195
2000-11-14,5.442374967324613
2000-11-15,5.8735684414971585
2000-11-16,6.048378827876614
2000-11-17,6.199880244181707
2000-11-20,6.1066489623143125
2000-11-21,6.060032736986203
2000-11-22,6.153263685768216
2000-11-24,6.0250700483553015
2000-11-27,6.258148718688448
2000-11-28,6.129954343523298
2000-11-29,6.1299574607409255
2000-11-30,5.7919928442757085
2000-12-01,5.65214536229118
2000-12-04,5.826955761160575
2000-12-05,5.838605865629592
2000-12-06,5.931839869146882
2000-12-07,6.025070949476592
2000-12-08,6.281454932689667
2000-12-11,6.549495547041934
2000-12-12,6.7243032112513506
2000-12-13,6.782571792602539
2000-12-14,6.770920429637726
2000-12-15,6.526190561066468
2000-12-18,6.840844865335337
2000-12-19,7.2953468134182975
2000-12-20,7.178805374669951
2000-12-21,7.108884225113626
2000-12-22,7.283689919859171
2000-12-26,7.446849248861266
2000-12-27,8.017889890301348
2000-12-28,8.099467164219016
2000-12-29,8.20435622342971
2001-01-02,8.227664053609908
2001-01-03,8.029542082663276
2001-01-04,7.8430792215589715
2001-01-05,7.621655000499421
2001-01-08,7.598345254368413
2001-01-09,7.773159993661417
2001-01-10,7.83142554241678
2001-01-11,8.134432732889115
2001-01-12,8.157734926036328
2001-01-16,8.041198797393264
2001-01-17,7.9829265719316505
2001-01-18,7.6566143727829035
2001-01-19,7.295342899718375
2001-01-22,7.435189688971283
2001-01-23,7.6216571162728695
2001-01-24,7.924655815933359
2001-01-25,8.146084255500128
2001-01-26,8.693814303354433
2001-01-29,8.683564400961766
2001-01-30,8.929690271888852
2001-01-31,8.819675764070084
2001-02-01,8.948337187178655
2001-02-02,8.694744681624094
2001-02-05,8.966980175858467
2001-02-06,9.397711587595374
2001-02-07,9.379068514288445
2001-02-08,9.826574544848672
2001-02-09,9.696048802097534
2001-02-12,9.8377638004516
2001-02-13,9.797604692228502
2001-02-14,10.096368614008599
2001-02-15,10.055289782683518
2001-02-16,9.747189590418335
2001-02-20,9.775199671734546
2001-02-21,10.129981335838663
2001-02-22,9.849890908044816
2001-02-23,9.47083559681815
2001-02-26,9.57353438036517
2001-02-27,9.887234116139398
2001-02-28,9.885366431623122
2001-03-01,9.689307944038575
2001-03-02,9.778933535547045
2001-03-05,10.223347480420069
2001-03-06,10.643478735351138
2001-03-07,10.65282029276948
2001-03-08,10.925443791896313
2001-03-09,10.86755201548099
2001-03-12,10.841414565667957
2001-03-13,10.283094308504896
2001-03-14,9.459629172755024
2001-03-15,9.586604907693657
2001-03-16,9.27103336644096
2001-03-19,9.130990067466053
2001-03-20,9.468963979789113
2001-03-21,9.747189660854811
2001-03-22,9.579131129907076
2001-03-23,9.42601895937542
2001-03-26,9.840553757866196
2001-03-27,9.70051009564873
2001-03-28,9.215014117025436
2001-03-29,8.916249808290525
2001-03-30,8.58761026320983
2001-04-02,8.722050090180469
2001-04-03,8.32805788956355
2001-04-04,8.17867184890749
2001-04-05,8.44009797564905
2001-04-06,8.729519959512611
2001-04-09,8.854631987043414
2001-04-10,9.14032587003795
2001-04-11,9.27663733267634
2001-04-12,9.041359135708083
2001-04-16,9.28783767995477
2001-04-17,9.429753557153782
2001-04-18,9.336388078202699
2001-04-19,9.102978852191555
2001-04-20,8.813546691128998
2001-04-23,8.875169771796367
2001-04-24,9.42041571853175
2001-04-25,9.244890423147835
2001-04-26,9.102979383033203
2001-04-27,9.523118643215692
2001-04-30,9.521252461184869
2001-05-01,9.567931918658608
2001-05-02,8.869568633891545
2001-05-03,8.290711352807065
2001-05-04,8.30004468391751
2001-05-07,8.496112947238528
2001-05-08,8.206685693180546
2001-05-09,8.128263264321822
2001-05-10,8.45876805305158
2001-05-11,8.294069256237961
2001-05-14,8.1389474402218
2001-05-15,8.419277784553836
2001-05-16,8.544494721608478
2001-05-17,8.501510761840386
2001-05-18,8.641675180319952
2001-05-21,8.750073135617576
2001-05-22,8.550099694388253
2001-05-23,8.17632534094816
2001-05-24,7.899730193497754
2001-05-25,7.606317308335287
2001-05-29,7.662383799100618
2001-05-30,7.602578906589048
2001-05-31,7.522222046151854
2001-06-01,7.342808318747428
2001-06-04,7.438120106604474
2001-06-05,7.410086667021841
2001-06-06,7.307297706386368
2001-06-07,7.096115874859463
2001-06-08,7.1017238540314755
2001-06-11,7.204512931601148
2001-06-12,7.0512648422814905
2001-06-13,7.140968702609044
2001-06-14,7.0176230305821825
2001-06-15,6.90549321899083
2001-06-18,6.918575131421453
2001-06-19,6.765327945979608
2001-06-20,6.6625387615807625
2001-06-21,6.597127658193542
2001-06-22,6.2233548123557325
2001-06-25,6.193450744793052
2001-06-26,6.185974872034807
2001-06-27,6.316795396453149
2001-06-28,6.036465096851085
2001-06-29,5.868265710006872
2001-07-02,5.784165980076688
2001-07-03,5.756135451663426
2001-07-05,5.784167585032948
2001-07-06,5.896298400720954
2001-07-09,5.914988856243093
2001-07-10,5.711281692755405
2001-07-11,5.644005352029934
2001-07-12,5.662692035208212
2001-07-13,5.457113938111438
2001-07-16,5.567379098589913
2001-07-17,5.33750578112866
2001-07-18,5.462719411495267
2001-07-19,5.445901576243311
2001-07-20,5.681380009884833
2001-07-23,5.698196187213311
2001-07-24,5.709414126988653
2001-07-25,5.610361558066557
2001-07-26,5.943022833549477
2001-07-27,6.0084337606083125
2001-07-30,6.126172295354678
2001-07-31,5.9878740503037
2001-08-01,5.885087675685159
2001-08-02,5.737446755292175
2001-08-03,5.787906906982571
2001-08-06,5.610360643709497
2001-08-07,5.587935862619027
2001-08-08,5.6178376607494895
2001-08-09,5.326293400957675
2001-08-10,5.382360015147771
2001-08-13,5.587117524324684
2001-08-14,5.499055404724842
2001-08-15,5.635828760982397
2001-08-16,5.97120940968534
2001-08-17,5.843804659197619
2001-08-20,5.916872814579397
2001-08-21,5.914997911854282
2001-08-22,6.182924866676331
2001-08-23,5.995566060223918
2001-08-24,5.920619797860779
2001-08-27,5.864410739719086
2001-08-28,6.0049317325612686
2001-08-29,5.864411501662308
2001-08-30,5.864412971870268
2001-08-31,5.650817433212935
2001-09-04,5.751994653831668
2001-09-05,5.864410861802687
2001-09-06,5.489688854549969
2001-09-07,5.770730174825881
2001-09-10,5.695785504175639
2001-09-17,5.80820320411947
2001-09-18,5.686416171719684
2001-09-19,5.319192276577846
2001-09-20,4.914489909216796
2001-09-21,4.609086882673952
2001-09-24,4.82642936898976
2001-09-25,4.712139125031419
2001-09-26,4.573490589971164
2001-09-27,4.447960048844465
2001-09-28,4.721509086619989
2001-10-01,4.888259608109344
2001-10-02,4.770222792589979
2001-10-03,4.758979933215859
2001-10-04,4.983816510355056
2001-10-05,5.231128831660828
2001-10-08,5.1992796218888095
2001-10-09,5.283592076417947
2001-10-10,5.369776578146476
2001-10-11,5.517793662532022
2001-10-12,5.270477257887366
2001-10-15,5.319190702155868
2001-10-16,5.030654547263065
2001-10-17,5.377271019859562
2001-10-18,5.330431297331794
2001-10-19,5.124334669790886
2001-10-22,5.285465199858996
2001-10-23,5.358537546204887
2001-10-24,5.272349043840033
2001-10-25,5.433478924267901
2001-10-26,5.695785585525076
2001-10-29,6.089244161967813
2001-10-30,5.883149162516682
2001-10-31,5.785719208448739
2001-11-01,5.682669657963566
2001-11-02,5.5646332138503
2001-11-05,5.532784027013678
2001-11-06,5.32106337658289
2001-11-07,5.4109998741697725
2001-11-08,5.527161926354484
2001-11-09,5.587118124413017
2001-11-12,5.686418393885502
2001-11-13,5.672428679045557
2001-11-14,5.465818030753898
2001-11-15,5.221641562497667
2001-11-16,4.7896348155787845
2001-11-19,4.770849429745268
2001-11-20,5.11833668792767
2001-11-21,5.221640191979354
2001-11-23,5.090159678790015
2001-11-26,5.249814512661934
2001-11-27,5.1389958170670225
2001-11-28,5.214128346689689
2001-11-29,5.1859521902402665
2001-11-30,5.294891494512784
2001-12-03,5.2911358922243945
2001-12-04,5.330580357942401
2001-12-05,5.522166730636421
2001-12-06,5.58790639845864
2001-12-07,5.296772029573816
2001-12-10,5.304286804548567
2001-12-11,5.2779883844633
2001-12-12,5.428255968835324
2001-12-13,5.426371992475189
2001-12-14,5.497749983817668
2001-12-17,5.6160791690357765
2001-12-18,5.591662318218042
2001-12-19,5.608567099533753
2001-12-20,5.813302249993408
2001-12-21,5.785125680478684
2001-12-24,5.954174352215779
2001-12-26,6.051842447730423
2001-12-27,6.226525734600758
2001-12-28,6.3298291663895485
2001-12-31,6.235914659801673
2002-01-02,6.158908075991299
2002-01-03,6.010521611021379
2002-01-04,6.057477275031183
2002-01-07,6.085655279097828
2002-01-08,6.01991300908038
2002-01-09,5.871527597810643
2002-01-10,5.832085249270664
2002-01-11,5.728776963686645
2002-01-14,5.381294572855359
2002-01-15,5.411346270961157
2002-01-16,5.3531192683467514
2002-01-17,5.360633638293897
2002-01-18,5.409468691141753
2002-01-22,5.385051127025062
2002-01-23,5.231031559464121
2002-01-24,5.4714513105430465
2002-01-25,5.7081134146619785
2002-01-28,5.663037160309345
2002-01-29,5.559731130978696
2002-01-30,5.49962604257232
2002-01-31,5.6254706482568215
2002-02-01,5.738171425659039
2002-02-04,5.700604236597372
2002-02-05,5.514654159496007
2002-02-06,5.492111910664149
2002-02-07,5.503383193917183
2002-02-08,5.353119978841007
2002-02-11,5.462062997173704
2002-02-12,5.5803922583916075
2002-02-13,5.460919280731258
2002-02-14,5.620980692306422
2002-02-15,5.666171814351257
2002-02-19,5.639810602172505
2002-02-20,5.649226272424402
2002-02-21,5.639809579311662
2002-02-22,5.903441642673856
2002-02-25,6.261223663581254
2002-02-26,6.383624958539939
2002-02-27,6.30830157138952
2002-02-28,6.28005412410724
2002-03-01,6.400572816024318
2002-03-04,6.564403218662139
2002-03-05,6.873222872618199
2002-03-06,6.8826365474832
2002-03-07,6.96738166588958
2002-03-08,7.02575449275855
2002-03-11,7.0050403810940045
2002-03-12,6.892056233979486
2002-03-13,7.26867071068304
2002-03-14,7.24984205629073
2002-03-15,7.2008775005429175
2002-03-18,7.325166840930743
2002-03-19,7.513471871580746
2002-03-20,7.739441168064926
2002-03-21,7.579379380993146
2002-03-22,7.438148076331591
2002-03-25,7.136853739354126
2002-03-26,7.161333814235884
2002-03-27,7.24983740164187
2002-03-28,7.466394586298497
2002-04-01,7.560548515280242
2002-04-02,7.720609137643262
2002-04-03,7.74320666421074
2002-04-04,7.494638931472824
2002-04-05,7.409900865913559
2002-04-08,7.278081442613175
2002-04-09,7.438147282167665
2002-04-10,7.1575706125965555
2002-04-11,7.240425020723783
2002-04-12,7.155685039553746
2002-04-15,7.089778792520556
2002-04-16,7.2592569186457245
2002-04-17,7.456977608681806
2002-04-18,7.603857089314178
2002-04-19,7.664118962787742
2002-04-22,7.701777741199887
2002-04-23,7.645286074483397
2002-04-24,7.673529624938966
2002-04-25,7.675415329957949
2002-04-26,7.897620229678296
2002-04-29,7.899501359544496
2002-04-30,7.794050622831974
2002-05-01,7.628338107232585
2002-05-02,8.033197665325696
2002-05-03,8.063327884242526
2002-05-06,7.908913870845897
2002-05-07,7.620807911133276
2002-05-08,7.852428617412399
2002-05-09,7.955994422814935
2002-05-10,7.748855059113279
2002-05-13,7.9286527606031205
2002-05-14,8.045611037232675
2002-05-15,7.885261508833739
2002-05-16,7.706058313687537
2002-05-17,7.60230214749379
2002-05-20,7.4325222291391055
2002-05-21,7.417431844600712
2002-05-22,7.287268463147605
2002-05-23,7.404226782570681
2002-05-24,7.347633552111076
2002-05-28,7.341974020512834
2002-05-29,7.253313240106483
2002-05-30,7.092967905607513
2002-05-31,7.064670391436913
2002-06-03,7.187285017430103
2002-06-04,6.8854573662713205
2002-06-05,6.734545066681365
2002-06-06,6.677950546036511
2002-06-07,6.696816889833668
2002-06-10,6.89489220237659
2002-06-11,6.65908687227795
2002-06-12,6.442149958182417
2002-06-13,6.560995793895235
2002-06-14,6.677955866589232
2002-06-17,6.791138057611679
2002-06-18,6.942052643384573
2002-06-19,6.845840486860696
2002-06-20,6.857163476043041
2002-06-21,6.725115534014369
2002-06-24,6.810000759718925
2002-06-25,6.857161701035151
2002-06-26,6.725116637974723
2002-06-27,6.817548705525543
2002-06-28,6.657201541967042
2002-07-01,6.691158231073427
2002-07-02,6.555333711805135
2002-07-03,6.451581720334741
2002-07-05,6.551561877187736
2002-07-08,6.715680196427427
2002-07-09,6.385556186360361
2002-07-10,6.6685193957474125
2002-07-11,6.404419948987307
2002-07-12,6.262938689527142
2002-07-15,6.083725673905443
2002-07-16,6.01770055751559
2002-07-17,6.281801401140276
2002-07-18,6.202574480722319
2002-07-19,6.196912556951159
2002-07-22,5.989406464424337
2002-07-23,5.829061784886425
2002-07-24,5.593256246809353
2002-07-25,5.898857643851927
2002-07-26,5.944133072472101
2002-07-29,5.970542818042108
2002-07-30,6.31009980116426
2002-07-31,6.262937735840262
2002-08-01,6.219554096730771
2002-08-02,6.083727274805641
2002-08-05,5.736624805425377
2002-08-06,5.702669633624857
2002-08-07,5.864903165446838
2002-08-08,5.798877446747531
2002-08-09,6.168617616106155
2002-08-12,6.5326984400562536
2002-08-13,6.679732398778256
2002-08-14,6.71187627313529
2002-08-15,6.796954904031032
2002-08-16,7.0238333212238215
2002-08-19,7.033283978191354
2002-08-20,7.080554520790689
2002-08-21,6.863125682027564
2002-08-22,6.910395715324113
2002-08-23,7.131601804819987
2002-08-26,7.014380416667294
2002-08-27,7.231808017333435
2002-08-28,6.910392836424874
2002-08-29,6.806407697049746
2002-08-30,6.7496886803800304
2002-09-03,6.759141159602498
2002-09-04,6.447178364754056
2002-09-05,6.473648871607987
2002-09-06,6.341303647080227
2002-09-09,6.371556454901537
2002-09-10,6.447179591247737
2002-09-11,6.692967520124386
2002-09-12,6.5814185211097955
2002-09-13,6.362099855038137
2002-09-16,6.507678349560067
2002-09-17,6.522806479895473
2002-09-18,6.3715558497022124
2002-09-19,6.4339455304454995
2002-09-20,6.309160141723717
2002-09-23,6.144671831633186
2002-09-24,6.095515864724184
2002-09-25,6.050141406887431
2002-09-26,6.1333285479267925
2002-09-27,6.420710764333608
2002-09-30,6.432056394790217
2002-10-01,6.474345613251328
2002-10-02,6.732696430192811
2002-10-03,6.841201571555672
2002-10-04,6.936795878405084
2002-10-07,6.743029833120369
2002-10-08,6.407171950645366
2002-10-09,6.355501597734803
2002-10-10,6.218571463179242
2002-10-11,6.626773503985506
2002-10-14,6.433005168991817
2002-10-15,7.1047253023434855
2002-10-16,7.120226897217446
2002-10-17,7.0013824486633265
2002-10-18,7.24940294111746
2002-10-21,7.3837458725340746
2002-10-22,7.427665354803366
2002-10-23,7.293321838000766
2002-10-24,7.647267805017558
2002-10-25,7.324326192688464
2002-10-28,6.936793865489921
2002-10-29,7.096975582410464
2002-10-30,6.941963428841057
2002-10-31,7.396664151900139
2002-11-01,7.3630803897896815
2002-11-04,7.706688854247621
2002-11-05,7.272654898166652
2002-11-06,7.463837463702061
2002-11-07,7.577514756684873
2002-11-08,7.337246629433811
2002-11-11,7.298492706552484
2002-11-12,7.233900728364334
2002-11-13,6.788967715035671
2002-11-14,6.516890825216929
2002-11-15,6.724186155895441
2002-11-18,6.724187495234019
2002-11-19,6.770829401327298
2002-11-20,6.711231261114286
2002-11-21,6.970350054767375
2002-11-22,7.177646084615472
2002-11-25,7.022172596180843
2002-11-26,7.0739986089248195
2002-11-27,6.962579209681984
2002-11-29,7.074000564896823
2002-12-02,7.203558667408971
2002-12-03,7.48599941187624
2002-12-04,7.2683430960663635
2002-12-05,7.216517690203134
2002-12-06,7.099913710141936
2002-12-09,7.34607553863602
2002-12-10,7.226881562236946
2002-12-11,7.283887212370007
2002-12-12,7.255384582124343
2002-12-13,7.726984194397634
2002-12-16,7.773626030780212
2002-12-17,7.734756467299371
2002-12-18,7.54818935496512
2002-12-19,7.449722841307869
2002-12-20,7.488594351578015
2002-12-23,7.677748203277587
2002-12-24,7.695890120915339
2002-12-26,7.6570224566188285
2002-12-27,7.514503591442286
2002-12-30,7.325344532999109
2002-12-31,7.138781506766743
2003-01-02,7.2320633493233615
2003-01-03,7.462682836304735
2003-01-06,7.216513163450237
2003-01-07,7.001444545458551
2003-01-08,6.866702436492891
2003-01-09,6.75787053169953
2003-01-10,6.838200775319337
2003-01-13,6.866700725212838
2003-01-14,6.594626806365281
2003-01-15,6.592036531925672
2003-01-16,6.845975039827077
2003-01-17,6.954803588080183
2003-01-21,6.79673596827906
2003-01-22,6.62571905379623
2003-01-23,6.270724467982663
2003-01-24,6.426196894640406
2003-01-27,6.364006224406692
2003-01-28,6.133391697153582
2003-01-29,6.120432624126693
2003-01-30,6.2836802286239815
2003-01-31,6.309589108145085
2003-02-03,6.475429430227019
2003-02-04,6.485797377885787
2003-02-05,6.607581459871567
2003-02-06,6.46506727418237
2003-02-07,6.529847505409712
2003-02-10,6.465064274074669
2003-02-11,6.7112252166790896
2003-02-12,6.66977222745946
2003-02-13,6.550204104279637
2003-02-14,6.342259349865517
2003-02-18,6.407242633839236
2003-02-19,6.70616238789135
2003-02-20,6.667173536965849
2003-02-21,6.719158596258825
2003-02-24,6.966088283466244
2003-02-25,7.223421531253208
2003-02-26,7.0908582477040305
2003-02-27,7.265008277577821
2003-02-28,7.005079687064162
2003-03-03,7.127244775778675
2003-03-04,7.062265396403103
2003-03-05,7.031072327253372
2003-03-06,6.914100839894388
2003-03-07,7.044070460034766
2003-03-10,7.018073570788853
2003-03-11,6.893314691203265
2003-03-12,6.708762216991428
2003-03-13,6.638579528011442
2003-03-14,6.565801772622328
2003-03-17,6.524210789190613
2003-03-18,6.563197913330136
2003-03-19,6.875115037202528
2003-03-20,6.677569910511417
2003-03-21,6.992083993205317
2003-03-24,6.693162206083299
2003-03-25,6.591791992784026
2003-03-26,6.687967604445346
2003-03-27,6.641175009736955
2003-03-28,6.7061629227907495
2003-03-31,6.823127163494986
2003-04-01,6.6359800812796745
2003-04-02,6.690565336091517
2003-04-03,6.7477513908465605
2003-04-04,6.690565001983662
2003-04-07,6.7581464972995136
2003-04-08,6.56320039623014
2003-04-09,6.508615098905663
2003-04-10,6.583993220600038
2003-04-11,6.778941598118299
2003-04-14,6.841323523287159
2003-04-15,6.825728277009899
2003-04-16,6.737356593274628
2003-04-17,6.6021892000488815
2003-04-21,6.719153881072998
2003-04-22,6.721757059989278
2003-04-23,6.8231308675762525
2003-04-24,6.836126260143089
2003-04-25,6.8023324518558095
2003-04-28,6.708759082136987
2003-04-29,6.583993324532276
2003-04-30,6.480023091489321
2003-05-01,6.667171378190652
2003-05-02,6.695764424567994
2003-05-05,6.901108719286044
2003-05-06,6.7893377508442265
2003-05-07,6.810132781590556
2003-05-08,7.1558370558351925
2003-05-09,7.290996558564037
2003-05-12,7.433961618462899
2003-05-13,7.493794829832568
2003-05-14,7.676252225100273
2003-05-15,7.780516353474267
2003-05-16,7.793544787579064
2003-05-19,7.780513703644119
2003-05-20,7.6918928399904924
2003-05-21,7.585026561301133
2003-05-22,7.910842403653008
2003-05-23,7.897810157925893
2003-05-27,7.8378594412889555
2003-05-28,8.035957898268665
2003-05-29,7.8587107187941845
2003-05-30,7.793543145407188
2003-06-02,8.048984352232036
2003-06-03,7.882168615892134
2003-06-04,7.871747987354697
2003-06-05,7.788333363354981
2003-06-06,7.962974625160749
2003-06-09,7.702317900186978
2003-06-10,7.8196152301216095
2003-06-11,7.91084072971999
2003-06-12,8.429541226487261
2003-06-13,8.158461565185117
2003-06-16,8.067236382754706
2003-06-17,7.9108439825045815
2003-06-18,7.8326465338314435
2003-06-19,7.762270320111154
2003-06-20,7.994250257764286
2003-06-23,7.806580761289392
2003-06-24,7.699714683862051
2003-06-25,7.767481895823502
2003-06-26,7.923871128535555
2003-06-27,7.715353021605995
2003-06-30,7.780516494464334
2003-07-01,7.613694582912974
2003-07-02,7.52246927670006
2003-07-03,7.624122799888129
2003-07-07,7.590236566068285
2003-07-08,7.340008514108946
2003-07-09,7.350437486770228
2003-07-10,7.496400775942199
2003-07-11,7.238354668633381
2003-07-14,7.285270959413657
2003-07-15,7.014193698119718
2003-07-16,6.9412086548709935
2003-07-17,6.7717839142642084
2003-07-18,6.8682252441780625
2003-07-21,7.154946610023534
2003-07-22,7.175798149279358
2003-07-23,6.933389966770535
2003-07-24,6.920359365881407
2003-07-25,6.724865431341717
2003-07-28,6.829128670418749
2003-07-29,6.928178007805268
2003-07-30,6.870832416637766
2003-07-31,6.881259954256591
2003-08-01,6.998556825334012
2003-08-04,7.011586812486459
2003-08-05,6.920354754898026
2003-08-06,6.920356557145216
2003-08-07,7.076748272930289
2003-08-08,7.337405459754459
2003-08-11,7.303518356930399
2003-08-12,7.41299310017606
2003-08-13,7.530297380138214
2003-08-14,7.574729329032988
2003-08-15,7.540748107402827
2003-08-18,7.540750316042408
2003-08-19,7.6949628595662745
2003-08-20,7.736780925010512
2003-08-21,7.789060441306765
2003-08-22,7.867469692546004
2003-08-25,7.606094228317495
2003-08-26,7.5668888822006775
2003-08-27,7.4754060835108955
2003-08-28,7.501545711179652
2003-08-29,7.687119836130781
2003-09-02,7.593023496317459
2003-09-03,7.579952239990234
2003-09-04,7.59563936634753
2003-09-05,7.501542396777437
2003-09-08,7.566887429296691
2003-09-09,7.475403466732561
2003-09-10,7.3734662687243295
2003-09-11,7.174820448269072
2003-09-12,7.148683661697564
2003-09-15,7.12516051650733
2003-09-16,7.0310629547503005
2003-09-17,7.075496545054468
2003-09-18,6.913443000355894
2003-09-19,6.94742137875607
2003-09-22,6.978785961664275
2003-09-23,7.012766367821999
2003-09-24,7.0179953942940845
2003-09-25,7.161750481821703
2003-09-26,7.05720159705182
2003-09-29,6.876848341475699
2003-09-30,6.793209010180172
2003-10-01,6.8742367741216945
2003-10-02,7.01015387929548
2003-10-03,7.146067955905488
2003-10-06,7.057198263944799
2003-10-07,7.04935796592205
2003-10-08,7.057202491125829
2003-10-09,6.978782309644858
2003-10-10,6.986627351354474
2003-10-13,7.096407428547959
2003-10-14,7.017992084452301
2003-10-15,7.051973772002446
2003-10-16,6.892529364205852
2003-10-17,6.978787238620841
2003-10-20,7.031061392632251
2003-10-21,6.913444901513038
2003-10-22,6.900373869054375
2003-10-23,6.832417211897153
2003-10-24,6.8350299181937215
2003-10-27,7.057201217700341
2003-10-28,6.795823740782094
2003-10-29,6.811507772652686
2003-10-30,6.8846905161294085
2003-10-31,6.848098333257198
2003-11-03,6.9735606194735995
2003-11-04,6.829801343595352
2003-11-05,6.790597327232508
2003-11-06,6.835029418592613
2003-11-07,6.874234440485788
2003-11-10,6.8376423617205715
2003-11-11,6.717406418520188
2003-11-12,6.620496221347061
2003-11-13,6.712265958100282
2003-11-14,6.751594899133137
2003-11-17,6.712262000978355
2003-11-18,6.573299793191026
2003-11-19,6.515614844543997
2003-11-20,6.5103729929040295
2003-11-21,6.423846882805359
2003-11-24,6.305856484537752
2003-11-25,6.292746548495472
2003-11-26,6.269151642863492
2003-11-28,6.2953680742194384
2003-12-01,6.3215892135835725
2003-12-02,6.358297132188041
2003-12-03,6.345188342033828
2003-12-04,6.316344394369584
2003-12-05,6.62836208489468
2003-12-08,6.712263432879992
2003-12-09,6.869580955039957
2003-12-10,6.777814348744968
2003-12-11,6.804033794094566
2003-12-12,6.8433630295964045
2003-12-15,7.026897773948511
2003-12-16,6.945620488410046
2003-12-17,6.869583181418908
2003-12-18,6.974460705936362
2003-12-19,7.275988652489402
2003-12-22,7.171110680015229
2003-12-23,7.2628809768226485
2003-12-24,7.157999324815541
2003-12-26,7.184216810770501
2003-12-29,7.249771540776601
2003-12-30,7.373003869824265
2003-12-31,7.464773469651695
2004-01-02,7.3415364935181024
2004-01-05,7.393977983426429
2004-01-06,7.443797605448412
2004-01-07,7.36251415734916
2004-01-08,7.18946217640683
2004-01-09,7.275989882727264
2004-01-12,7.422818708294938
2004-01-13,7.302210850256718
2004-01-14,7.289099044406757
2004-01-15,7.2969670738092685
2004-01-16,7.076720231854304
2004-01-20,7.2786137088913225
2004-01-21,7.420198024840732
2004-01-22,7.49885998323162
2004-01-23,7.459527488995478
2004-01-26,7.716479120907329
2004-01-27,7.695506445194008
2004-01-28,7.700748117059264
2004-01-29,7.677150970888546
2004-01-30,7.637822075039413
2004-02-02,7.674527617113728
2004-02-03,7.648312524280494
2004-02-04,7.674529023432186
2004-02-05,7.614225915354574
2004-02-06,7.438552409906371
2004-02-09,7.433308774759495
2004-02-10,7.682395311874658
2004-02-11,7.829309216609121
2004-02-12,7.858224965731029
2004-02-13,7.797755909834773
2004-02-17,7.776724282828402
2004-02-18,7.873998463066447
2004-02-19,7.687333691604181
2004-02-20,7.7425454197977235
2004-02-23,7.72414130777001
2004-02-24,7.663672944078954
2004-02-25,7.858222122990571
2004-02-26,7.826675470731683
2004-02-27,7.913431651918976
2004-03-01,7.847704312226679
2004-03-02,7.981789700759605
2004-03-03,8.018592380475729
2004-03-04,8.04751459733043
2004-03-05,7.994933881954706
2004-03-08,8.013336351146814
2004-03-09,7.916060383615082
2004-03-10,7.834562003929658
2004-03-11,7.6084641982603
2004-03-12,7.498045889852257
2004-03-15,7.624241073601734
2004-03-16,7.68996340959805
2004-03-17,7.52433473851612
2004-03-18,7.653156560468647
2004-03-19,7.68996513345882
2004-03-22,7.434950700951794
2004-03-23,7.335044379286593
2004-03-24,7.22988485776982
2004-03-25,7.169414563289493
2004-03-26,7.282461775223474
2004-03-29,7.329784209002303
2004-03-30,7.290346648953585
2004-03-31,7.479641612874591
2004-04-01,7.479640658418595
2004-04-02,7.40340008260238
2004-04-05,7.47963897134712
2004-04-06,7.348189215503182
2004-04-07,7.33504392469921
2004-04-08,7.492788280096751
2004-04-12,7.5401073041724525
2004-04-13,7.647901310865239
2004-04-14,7.450717118444265
2004-04-15,7.424431345210291
2004-04-16,7.566400187041592
2004-04-19,7.7425454197977235
2004-04-20,7.663675700703805
2004-04-21,7.461234654056076
2004-04-22,7.3771074313130915
2004-04-23,7.479642135610101
2004-04-26,7.413914685047664
2004-04-27,7.413916516655078
2004-04-28,7.4139133967300666
2004-04-29,7.282462185333558
2004-04-30,7.124718651527812
2004-05-03,7.045845355783367
2004-05-04,7.137866497039795
2004-05-05,7.072140800190979
2004-05-06,6.982750353810072
2004-05-07,6.835524822843063
2004-05-10,6.730362510999316
2004-05-11,6.625198864373364
2004-05-12,6.609443782148229
2004-05-13,6.643730518817208
2004-05-14,6.619992629719309
2004-05-17,6.622630137308437
2004-05-18,6.659554167343431
2004-05-19,6.501307235033555
2004-05-20,6.5144956035338755
2004-05-21,6.4749347985002474
2004-05-24,6.448556243265672
2004-05-25,6.672736882518112
2004-05-26,6.685931322531891
2004-05-27,6.593620043812782
2004-05-28,6.464384103358252
2004-06-01,6.646367802089215
2004-06-02,6.619993551410146
2004-06-03,6.593618446309077
2004-06-04,6.4881217426564834
2004-06-07,6.496032827223145
2004-06-08,6.522406467981099
2004-06-09,6.546143399292222
2004-06-10,6.580432541765205
2004-06-14,6.5672434249768
2004-06-15,6.580428321212915
2004-06-16,6.717576798402163
2004-06-17,6.83890319131819
2004-06-18,6.928573017431997
2004-06-21,6.947035725511965
2004-06-22,6.820439242323346
2004-06-23,6.857364102477401
2004-06-24,7.10000867957244
2004-06-25,6.918026672350128
2004-06-28,6.857359432134145
2004-06-29,6.725490128106558
2004-06-30,6.794065152815174
2004-07-01,6.896924729737741
2004-07-02,6.904837765620496
2004-07-06,7.047258684249853
2004-07-07,6.978685361039828
2004-07-08,6.939128895671288
2004-07-09,6.907476087367714
2004-07-12,7.028795667154443
2004-07-13,6.90483856201172
2004-07-14,6.838902505215228
2004-07-15,7.063083858782225
2004-07-16,7.305727323120463
2004-07-19,7.252981761022992
2004-07-20,7.200233325197056
2004-07-21,7.202869117393939
2004-07-22,6.889013428438226
2004-07-23,6.902202012222961
2004-07-26,6.81252453279536
2004-07-27,6.593617849525363
2004-07-28,6.741313908232338
2004-07-29,6.728129508789589
2004-07-30,6.699111438005113
2004-08-02,6.659554444579836
2004-08-03,6.569880991632133
2004-08-04,6.633180944943017
2004-08-05,6.540867989622006
2004-08-06,6.46174690272601
2004-08-09,6.435372479728133
2004-08-10,6.509219767697243
2004-08-11,6.504732029561053
2004-08-12,6.50208548320843
2004-08-13,6.412110405431809
2004-08-16,6.517962148073165
2004-08-17,6.562951191449073
2004-08-18,6.417399280720557
2004-08-19,6.488852226396782
2004-08-20,6.629109172314059
2004-08-23,6.766718158014404
2004-08-24,6.642343044281007
2004-08-25,6.639691658659954
2004-08-26,6.724377190221719
2004-08-27,6.764070539986563
2004-08-30,6.737609940935156
2004-08-31,6.716437261203535
2004-09-01,6.846110065446173
2004-09-02,7.028709246780361
2004-09-03,7.018122807550774
2004-09-07,7.06046572453412
2004-09-08,6.9731347527890355
2004-09-09,7.076341741335006
2004-09-10,7.216599299751492
2004-09-13,7.171605381635702
2004-09-14,7.145146192266003
2004-09-15,7.121332655766324
2004-09-16,7.19013315023743
2004-09-17,7.391261139574856
2004-09-20,7.30392875047203
2004-09-21,7.22983010737594
2004-09-22,7.38331883477235
2004-09-23,7.412427023684195
2004-09-24,7.473295867537292
2004-09-27,7.68764784282119
2004-09-28,7.647955578224606
2004-09-29,7.658537297406345
2004-09-30,7.610903942366928
2004-10-01,7.592381687868156
2004-10-04,7.809381034289331
2004-10-05,7.777622529274702
2004-10-06,7.69294200075739
2004-10-07,8.047553064708232
2004-10-08,7.899358307052523
2004-10-11,7.95492895296608
2004-10-12,7.666480485825752
2004-10-13,7.62942868814601
2004-10-14,7.61884450511977
2004-10-15,7.703527995360391
2004-10-18,7.6744193435424135
2004-10-19,7.502404960863841
2004-10-20,7.539454562069661
2004-10-21,7.857015470045032
2004-10-22,7.846431897694239
2004-10-25,7.724694640449772
2004-10-26,7.737924859262338
2004-10-27,7.809380225793478
2004-10-28,7.595023507949037
2004-10-29,7.515634646653739
2004-11-01,7.557975840091626
2004-11-02,7.565917784004597
2004-11-03,7.449475921417771
2004-11-04,7.565916114505226
2004-11-05,7.4706483235363965
2004-11-08,7.340976343597631
2004-11-09,7.348916662697275
2004-11-10,7.315181439915067
2004-11-11,7.5646849795631805
2004-11-12,7.69739756464928
2004-11-15,7.925667092237626
2004-11-16,7.758444419500607
2004-11-17,7.976095355117661
2004-11-18,7.949556786530174
2004-11-19,8.063687055032743
2004-11-22,8.291951417166565
2004-11-23,8.4273242278511
2004-11-24,8.506953230081646
2004-11-26,8.62639602340449
2004-11-29,8.639666173579679
2004-11-30,8.589229836349523
2004-12-01,8.660895825263328
2004-12-02,8.26806756561139
2004-12-03,8.236215705833958
2004-12-06,8.355658423532178
2004-12-07,8.268066711696365
2004-12-08,8.07961756989893
2004-12-09,8.201710189237675
2004-12-10,8.326461541033899
2004-12-13,8.22825075602897
2004-12-14,8.29460855308231
2004-12-15,8.626396630515895
2004-12-16,8.793613828264679
2004-12-17,8.732563419854491
2004-12-20,8.756453472736968
2004-12-21,8.820155311049197
2004-12-22,9.021883378276742
2004-12-23,8.902440384349564
2004-12-27,8.931638788875716
2004-12-28,8.759105128340751
2004-12-29,8.870589256025381
2004-12-30,9.067002742267482
2004-12-31,9.011265821863377
2005-01-03,9.008612581319358
2005-01-04,8.660896935652195
2005-01-05,8.525532220730264
2005-01-06,8.469792022098673
2005-01-07,8.695401559784772
2005-01-10,8.493680781424702
2005-01-11,8.48571665995049
2005-01-12,8.475101248660168
2005-01-13,8.692747990071508
2005-01-14,8.735223399784545
2005-01-18,8.86527708788105
2005-01-19,8.934290100799396
2005-01-20,9.027186979172667
2005-01-21,9.024533745605531
2005-01-24,9.276696424312279
2005-01-25,9.297928681376934
2005-01-26,9.422676749334487
2005-01-27,9.555393085444104
2005-01-28,9.704033071283948
2005-01-31,9.879209278622055
2005-02-01,10.08093767976672
2005-02-02,10.065011611146508
2005-02-03,10.34901742666032
2005-02-04,10.330437991534364
2005-02-07,10.378212565948372
2005-02-08,10.245506320025587
2005-02-09,10.346362279683701
2005-02-10,10.28531581540651
2005-02-11,10.479864993189942
2005-02-14,10.61551595981616
2005-02-15,10.559660083732066
2005-02-16,10.57030230456102
2005-02-17,10.902780560346024
2005-02-18,10.705949865462213
2005-02-22,10.8974629271186
2005-02-23,10.567640041197857
2005-02-24,10.705957682800001
2005-02-25,10.67935440449325
2005-02-28,10.804369462469973
2005-03-01,10.650098702827579
2005-03-02,10.517102301121188
2005-03-03,10.591579257002028
2005-03-04,10.971940493180046
2005-03-07,10.9347009080984
2005-03-08,10.8336256079959
2005-03-09,10.777770319417735
2005-03-10,10.314951192113552
2005-03-11,10.011727583886074
2005-03-14,10.160679188352638
2005-03-15,10.38942877877962
2005-03-16,10.216538165084621
2005-03-17,10.495824073132173
2005-03-18,10.394748872802293
2005-03-21,10.493163432800475
2005-03-22,10.439970529736058
2005-03-23,10.376129110199715
2005-03-24,10.293670439891066
2005-03-28,10.208555064833877
2005-03-29,10.43996504364222
2005-03-30,10.080886815348375
2005-03-31,10.34421310581433
2005-04-01,10.63413988125621
2005-04-04,10.74585056846138
2005-04-05,10.604879593416863
2005-04-06,10.474545303349277
2005-04-07,10.902784618895842
2005-04-08,10.82830505123416
2005-04-11,10.626160378511447
2005-04-12,10.700630431054186
2005-04-13,10.586256897410024
2005-04-14,10.360170235970703
2005-04-15,10.37347186302451
2005-04-18,10.043647608209508
2005-04-19,10.253776508292484
2005-04-20,10.533064449350404
2005-04-21,10.431985921845197
2005-04-22,10.692653145139793
2005-04-25,10.900126590870478
2005-04-26,10.900123566364318
2005-04-27,10.612858749358658
2005-04-28,10.30165175789537
2005-04-29,10.277716268888236
2005-05-02,10.248452646518025
2005-05-03,10.538381540712086
2005-05-04,10.37612832289023
2005-05-05,10.612857685162602
2005-05-06,10.830967513346238
2005-05-09,10.905442776375487
2005-05-10,11.198032221912051
2005-05-11,11.081679489012535
2005-05-12,10.860466771504358
2005-05-13,10.380748763172456
2005-05-16,10.034277501657819
2005-05-17,9.940995887077104
2005-05-18,10.234160753158443
2005-05-19,10.260812368115529
2005-05-20,10.330108166971538
2005-05-23,10.287460692505098
2005-05-24,10.620608995805497
2005-05-25,10.51133455526132
2005-05-26,10.59395403299527
2005-05-27,10.660583871773152
2005-05-31,10.873794289813965
2005-06-01,11.06035663241124
2005-06-02,10.96707637301706
2005-06-03,11.140307698259829
2005-06-06,11.246916966709803
2005-06-07,11.268238443069842
2005-06-08,11.116326868463034
2005-06-09,11.23359265450811
2005-06-10,11.54541568191373
2005-06-13,11.526757702034198
2005-06-14,11.481451064239698
2005-06-15,11.526760002370992
2005-06-16,11.68133690879731
2005-06-17,12.006486516545085
2005-06-20,12.033138994080245
2005-06-21,11.87589677312354
2005-06-22,11.801268138242571
2005-06-23,11.953181640568664
2005-06-24,12.126411102900418
2005-06-27,12.257005645117278
2005-06-28,12.339627602692588
2005-06-29,12.227690469467923
2005-06-30,12.366280823027228
2005-07-01,12.526190448337895
2005-07-05,12.81935244787341
2005-07-06,13.259102766728935
2005-07-07,12.984592207560476
2005-07-08,13.245781165580963
2005-07-11,13.149826455440047
2005-07-12,13.624227741373899
2005-07-13,13.821448964535083
2005-07-14,13.67220115452776
2005-07-15,13.195143941557745
2005-07-18,13.085864060360299
2005-07-19,13.056551342273192
2005-07-20,13.578916283550367
2005-07-21,13.485638077529615
2005-07-22,13.352379775993233
2005-07-25,14.08263235851299
2005-07-26,14.445088727602428
2005-07-27,14.471742311871084
2005-07-28,15.191335400225478
2005-07-29,15.124704163943832
2005-08-01,15.311261353852334
2005-08-02,15.85762111393613
2005-08-03,16.01752525223644
2005-08-04,15.423194153336501
2005-08-05,15.84428848033852
2005-08-08,15.484504534097516
2005-08-09,15.724357268863354
2005-08-10,15.857617948073866
2005-08-11,15.95970002180995
2005-08-12,15.93301120928149
2005-08-15,15.471295077636444
2005-08-16,15.025598699036474
2005-08-17,14.825432998982958
2005-08-18,14.216948206023359
2005-08-19,14.406430607599088
2005-08-22,14.66798155535963
2005-08-23,14.638613751169867
2005-08-24,14.750708256186789
2005-08-25,15.105661077991968
2005-08-26,15.21242308685037
2005-08-29,15.025601969440059
2005-08-30,14.945530520301714
2005-08-31,15.412576037152148
2005-09-01,15.858275912601247
2005-09-02,15.674130486064781
2005-09-06,15.812907401120352
2005-09-07,15.810241940296033
2005-09-08,15.751526487942698
2005-09-09,15.6794642584825
2005-09-12,15.81290482252072
2005-09-13,15.612737603804723
2005-09-14,15.647443843289885
2005-09-15,15.927668652457347
2005-09-16,15.85828077464923
2005-09-19,16.15185467734746
2005-09-20,16.266612955843694
2005-09-21,16.279962037835986
2005-09-22,16.10648079686326
2005-09-23,15.826254389129696
2005-09-26,15.514003196502612
2005-09-27,15.85026779598172
2005-09-28,16.06378327427742
2005-09-29,16.293302320982175
2005-09-30,16.22658536246304
2005-10-03,16.119828765332773
2005-10-04,16.053112141594564
2005-10-05,15.559369967056176
2005-10-06,14.478486676175264
2005-10-07,14.13153343991373
2005-10-10,14.321019988703492
2005-10-11,14.15822615863995
2005-10-12,14.064817826876997
2005-10-13,13.90468432988425
2005-10-14,13.552386096782778
2005-10-17,14.011441057740083
2005-10-18,14.05147107930234
2005-10-19,13.531047370302943
2005-10-20,13.624453962630678
2005-10-21,13.25081555499757
2005-10-24,13.4696653247611
2005-10-25,14.158226936659618
2005-10-26,14.483820750304716
2005-10-27,14.457137250142102
2005-10-28,14.158223430326695
2005-10-31,14.745369214140712
2005-11-01,14.665301750491304
2005-11-02,14.918846583767651
2005-11-03,15.465959059948784
2005-11-04,15.383218153769386
2005-11-07,14.782737030086645
2005-11-08,14.625276837390915
2005-11-09,14.812085006846939
2005-11-10,14.73546217284131
2005-11-11,14.206237551238148
2005-11-14,14.51360825601649
2005-11-15,14.457484026929908
2005-11-16,14.438768470760882
2005-11-17,14.82900654626643
2005-11-18,14.700705316811623
2005-11-21,14.770205985873934
2005-11-22,15.502568619497453
2005-11-23,15.550680312560019
2005-11-25,15.6094809117466
2005-11-28,15.457131088642594
2005-11-29,15.048180496376721
2005-11-30,15.179143960072388
2005-12-01,15.662939893898203
2005-12-02,16.440735008461523
2005-12-05,16.11732303498327
2005-12-06,16.184146057232514
2005-12-07,16.504892745175834
2005-12-08,16.38460733467904
2005-12-09,17.039469362991255
2005-12-12,17.159731935161346
2005-12-13,17.333479001523777
2005-12-14,17.03946181887272
2005-12-15,17.282688323675025
2005-12-16,17.18647056007827
2005-12-19,16.64120529951678
2005-12-20,16.491520171668753
2005-12-21,16.84434515294066
2005-12-22,16.95927722395258
2005-12-23,16.54498458622732
2005-12-27,16.598442745920906
2005-12-28,16.333828317590786
2005-12-29,16.57170859371093
2005-12-30,16.224237832882903
2006-01-03,16.718719498128035
2006-01-04,17.333478837901005
2006-01-05,17.66757959539286
2006-01-06,17.44039135662007
2006-01-09,17.7076740407232
2006-01-10,17.90813433238397
2006-01-11,18.51221195703011
2006-01-12,18.482800814989588
2006-01-13,18.335801890169684
2006-01-17,19.057469595127337
2006-01-18,19.17239806925438
2006-01-19,18.522899740591832
2006-01-20,19.25793414481829
2006-01-23,19.24723788731051
2006-01-24,19.407617575038255
2006-01-25,19.538587186369778
2006-01-26,19.31139085931148
2006-01-27,20.01969226702743
2006-01-30,20.308364064242287
2006-01-31,20.580991387040662
2006-02-01,21.00864656907922
2006-02-02,20.062459389154796
2006-02-03,20.086515033129864
2006-02-06,20.71464496509382
2006-02-07,20.66118379437033
2006-02-08,20.180066510719723
2006-02-09,19.800511557983064
2006-02-10,19.16171553915728
2006-02-13,19.079572667731764
2006-02-14,17.928907261403033
2006-02-15,18.09749719330706
2006-02-16,17.701450493682124
2006-02-17,17.821870388700543
2006-02-21,17.647927718697442
2006-02-22,18.0091918994698
2006-02-23,17.789752836379915
2006-02-24,18.22325750090084
2006-02-27,18.11890365673147
2006-02-28,17.71483775327734
2006-03-01,17.71215580712535
2006-03-02,17.851302670231124
2006-03-03,18.094811932432204
2006-03-06,17.942283085693678
2006-03-07,17.12077518456631
2006-03-08,16.45713264019351
2006-03-09,16.67120889184964
2006-03-10,16.136018507757093
2006-03-13,16.483894409083497
2006-03-14,16.764864787525074
2006-03-15,17.206395584134345
2006-03-16,17.67469315558715
2006-03-17,18.049320942658447
2006-03-20,17.647932138751585
2006-03-21,17.08598557111918
2006-03-22,17.12612431004609
2006-03-23,17.326812986651817
2006-03-24,17.556940394294077
2006-03-27,17.819196599218763
2006-03-28,17.92623140211913
2006-03-29,18.20988296496613
2006-03-30,18.91900410614409
2006-03-31,18.91633399709664
2006-04-03,18.76380054167288
2006-04-04,17.931586394270102
2006-04-05,18.290156444091103
2006-04-06,18.76916086445839
2006-04-07,18.65141611528061
2006-04-10,18.704936257636557
2006-04-11,19.066186479004287
2006-04-12,18.611278107048506
2006-04-13,18.501562620972162
2006-04-17,18.972524156110595
2006-04-18,19.15984304649275
2006-04-19,19.40335224631568
2006-04-20,20.029528678914204
2006-04-21,19.962635216086515
2006-04-24,20.066990550899956
2006-04-25,20.064327072121202
2006-04-26,19.601370841506323
2006-04-27,19.28027110264339
2006-04-28,19.159847819798046
2006-05-01,19.095619106904945
2006-05-02,19.75925998150857
2006-05-03,20.259657852982087
2006-05-04,19.97602247803189
2006-05-05,20.51655438506074
2006-05-08,20.190089095293594
2006-05-09,20.60754261909603
2006-05-10,20.87245968141979
2006-05-11,21.445984458629525
2006-05-12,20.86738610178961
2006-05-15,19.42086569415993
2006-05-16,19.47443422757226
2006-05-17,19.04047498368712
2006-05-18,18.33596550351353
2006-05-19,17.660924239385903
2006-05-22,17.37162841467591
2006-05-23,17.532344471838822
2006-05-24,16.97517178703127
2006-05-25,16.742119816536864
2006-05-26,16.98052624333705
2006-05-30,17.505556328619875
2006-05-31,16.94302661934648
2006-06-01,17.559132849509304
2006-06-02,17.81361132685981
2006-06-05,18.29579163095891
2006-06-06,16.964456609139734
2006-06-07,16.835873092513033
2006-06-08,15.56347383697755
2006-06-09,16.0590412991949
2006-06-12,15.71884007459234
2006-06-13,14.483939716253943
2006-06-14,14.237496793828738
2006-06-15,15.00094303080515
2006-06-16,15.734914380634411
2006-06-19,15.46971486550575
2006-06-20,14.920579143895676
2006-06-21,14.478586311556557
2006-06-22,14.800029679033361
2006-06-23,14.963437492860214
2006-06-26,15.172373253421782
2006-06-27,15.341144004864237
2006-06-28,15.07593632829441
2006-06-29,15.244696691513528
2006-06-30,15.775098952481713
2006-07-03,16.179585008188358
2006-07-05,16.21976281136693
2006-07-06,16.09922514221597
2006-07-07,15.938494868302227
2006-07-10,15.649192843918225
2006-07-11,15.542041222577097
2006-07-12,15.563479821020595
2006-07-13,15.199170429056592
2006-07-14,15.12952176977889
2006-07-17,14.749137997281332
2006-07-18,14.406255587602834
2006-07-19,14.02587704363917
2006-07-20,14.170530408882529
2006-07-21,13.527633840387518
2006-07-24,13.329406698305894
2006-07-25,13.849084875495077
2006-07-26,14.186598876437014
2006-07-27,15.525974019938714
2006-07-28,14.502696361324876
2006-07-31,14.518763694659636
2006-08-01,14.808071509837152
2006-08-02,14.952729020740442
2006-08-03,14.250895797805823
2006-08-04,14.272314247939281
2006-08-07,13.78479018602798
2006-08-08,13.795506521874819
2006-08-09,13.634783525438968
2006-08-10,13.575851489201314
2006-08-11,13.487476356972572
2006-08-14,13.390866029975417
2006-08-15,13.245958405774747
2006-08-16,13.299627307694173
2006-08-17,13.471370682478605
2006-08-18,13.686054299646514
2006-08-21,13.584080794950582
2006-08-22,13.696780343558157
2006-08-23,13.734358995179468
2006-08-24,13.57871170646326
2006-08-25,13.686054161612462
2006-08-28,13.680693943505455
2006-08-29,13.321098986091314
2006-08-30,13.331833559546526
2006-08-31,13.068839634057287
2006-09-01,13.224486148291556
2006-09-05,13.272788751046972
2006-09-06,13.712895096404921
2006-09-07,13.186915276571828
2006-09-08,13.294264926201848
2006-09-11,12.371124110729173
2006-09-12,12.075932352417626
2006-09-13,12.05446767788965
2006-09-14,12.53750214488094
2006-09-15,12.253046853626033
2006-09-18,12.344284976998072
2006-09-19,12.719982557690487
2006-09-20,12.236940987345918
2006-09-21,11.861246902261332
2006-09-22,12.236944309117536
2006-09-25,11.700236398348599
2006-09-26,11.941755326279651
2006-09-27,12.1993731472827
2006-09-28,12.183272886711793
2006-09-29,12.210110109005425
2006-10-02,12.376486752389443
2006-10-03,11.753908807629065
2006-10-04,11.68413619198524
2006-10-05,12.006163379576913
2006-10-06,11.979326332314338
2006-10-09,12.183274656933094
2006-10-10,11.914920065400958
2006-10-11,12.408690303890166
2006-10-12,12.263781151079664
2006-10-13,12.639480140631386
2006-10-16,12.736086188440368
2006-10-17,12.902459570510914
2006-10-18,12.746816725134531
2006-10-19,12.730718702678038
2006-10-20,13.224489469376563
2006-10-23,12.768284943417664
2006-10-24,12.719986594253967
2006-10-25,12.99907190274872
2006-10-26,13.546515831164589
2006-10-27,13.380137595944793
2006-10-30,13.095682824103303
2006-10-31,12.897099789490737
2006-11-01,12.891730336097888
2006-11-02,12.553599253966674
2006-11-03,12.585802129968018
2006-11-06,12.880993160983762
2006-11-07,13.058105334402645
2006-11-08,12.897099133931631
2006-11-09,13.353294881937703
2006-11-10,13.460636476931212
2006-11-13,13.189505350588915
2006-11-14,13.205642298071954
2006-11-15,13.13574150282506
2006-11-16,14.248756030998608
2006-11-17,13.517499828408369
2006-11-20,13.17337942312842
2006-11-21,13.495991454627164
2006-11-22,13.759460139892903
2006-11-24,13.829350037233425
2006-11-27,13.823984176508567
2006-11-28,13.614282642194159
2006-11-29,13.78634100556272
2006-11-30,14.329406321236403
2006-12-01,14.22187140521416
2006-12-04,14.512217996588198
2006-12-05,14.512219398082605
2006-12-06,14.431568910897106
2006-12-07,14.68428818710974
2006-12-08,14.738053081969111
2006-12-11,14.603631609696135
2006-12-12,14.625141295848982
2006-12-13,14.522977343048002
2006-12-14,14.463830601108063
2006-12-15,14.517595006694892
2006-12-18,14.41006107655722
2006-12-19,13.737952219413744
2006-12-20,14.11433431528116
2006-12-21,13.79172096771819
2006-12-22,13.517500173491115
2006-12-26,13.29167024198848
2006-12-27,13.103476529407436
2006-12-28,13.544383559257476
2006-12-29,13.361575718777038
2007-01-03,13.022826507006243
2007-01-04,12.366842124548215
2007-01-05,12.372219745488026
2007-01-08,12.641066477314672
2007-01-09,12.350713478671665
2007-01-10,12.474378269142056
2007-01-11,12.46362867927046
2007-01-12,12.630314972648895
2007-01-16,12.995943904417446
2007-01-17,13.038955933019889
2007-01-18,13.243273715379042
2007-01-19,13.076597147233203
2007-01-22,13.619669149869921
2007-01-23,13.587404349736282
2007-01-24,13.872374438475967
2007-01-25,14.162724666236151
2007-01-26,13.958398199742438
2007-01-29,13.936896279859313
2007-01-30,14.017555139975247
2007-01-31,14.474581493162342
2007-02-01,14.813330914089972
2007-02-02,15.02302831307123
2007-02-05,15.313380944554494
2007-02-06,15.377903031505294
2007-02-07,15.18970823600252
2007-02-08,15.00151480537333
2007-02-09,15.039153404855348
2007-02-12,14.721921421932514
2007-02-13,14.730158558360593
2007-02-14,14.7517045900558
2007-02-15,14.487796401389021
2007-02-16,14.59551928006627
2007-02-20,14.498571953709257
2007-02-21,14.547045742080869
2007-02-22,14.7301630897951
2007-02-23,15.004836833978445
2007-02-26,14.945595341938262
2007-02-27,14.730159261433998
2007-02-28,14.590124457267537
2007-03-01,14.471641177194886
2007-03-02,14.541654905285329
2007-03-05,13.986920220905102
2007-03-06,14.326222447398528
2007-03-07,14.590126634555421
2007-03-08,15.026379827781648
2007-03-09,15.091009363655154
2007-03-12,14.988678558831404
2007-03-13,15.085624088214
2007-03-14,14.956364127578526
2007-03-15,15.241811471393618
2007-03-16,15.274127006530762
2007-03-19,15.494946157125193
2007-03-20,15.91503429420739
2007-03-21,15.83424323374123
2007-03-22,16.36205909930725
2007-03-23,16.507476806640625
2007-03-26,16.615190075699033
2007-03-27,16.582870467188236
2007-03-28,16.61519468506717
2007-03-29,16.426689577355678
2007-03-30,16.426687843223736
2007-04-02,16.35128639920557
2007-04-03,16.496701392517473
2007-04-04,16.421304088758284
2007-04-05,16.51286318826539
2007-04-09,16.690587815241557
2007-04-10,16.765990435713128
2007-04-11,16.852157145642355
2007-04-12,16.932950058476294
2007-04-13,17.223789429311733
2007-04-16,17.207625539556506
2007-04-17,17.390746767904808
2007-04-18,17.019126206202735
2007-04-19,16.830622579445308
2007-04-20,17.046047495818225
2007-04-23,16.91141344922595
2007-04-24,17.046056501169627
2007-04-25,17.083759383418393
2007-04-26,17.347659086748497
2007-04-27,17.42305835202028
2007-04-30,17.681584614751078
2007-05-01,17.412280756213473
2007-05-02,16.73367844711244
2007-05-03,17.23994113472257
2007-05-04,17.455373081685238
2007-05-07,17.223786513779217
2007-05-08,17.26148305460315
2007-05-09,17.159157900003247
2007-05-10,17.342268361980672
2007-05-11,17.059590187705098
2007-05-14,17.11891718968161
2007-05-15,17.259151119460558
2007-05-16,17.37241419902535
2007-05-17,17.636693637201013
2007-05-18,17.93333037957612
2007-05-21,17.976484618124083
2007-05-22,18.068168746598765
2007-05-23,17.960302348714233
2007-05-24,17.793103349412032
2007-05-25,17.518030764943592
2007-05-29,17.43174188240686
2007-05-30,17.44792475084774
2007-05-31,18.235373773394983
2007-06-01,18.337838926064137
2007-06-04,18.176041980786366
2007-06-05,18.461896896362305
2007-06-06,18.327066679929278
2007-06-07,17.971091172898213
2007-06-08,17.588151692805052
2007-06-11,17.798500216314956
2007-06-12,17.954913938353013
2007-06-13,17.9872686386463
2007-06-14,18.354037132087228
2007-06-15,18.796296787082397
2007-06-18,18.98505076795917
2007-06-19,18.98506561388455
2007-06-20,19.2547364737793
2007-06-21,19.11451706529484
2007-06-22,19.421935962592123
2007-06-25,19.33564351401038
2007-06-26,19.421935427476175
2007-06-27,18.634488864763668
2007-06-28,19.357217168009814
2007-06-29,19.06596929432519
2007-07-02,19.119907567524077
2007-07-03,19.416553634662108
2007-07-05,19.34642808328545
2007-07-06,19.335635361444222
2007-07-09,19.643069149974707
2007-07-10,19.481267847573772
2007-07-11,19.34103533837264
2007-07-12,19.48126355153973
2007-07-13,19.540599644213533
2007-07-16,19.664640872152134
2007-07-17,19.330247713943788
2007-07-18,18.904167388700856
2007-07-19,19.012041467181106
2007-07-20,19.260129093374562
2007-07-23,19.594533102173138
2007-07-24,18.82865570702116
2007-07-25,18.3648099196132
2007-07-26,18.203009048638435
2007-07-27,17.674449690166714
2007-07-30,17.453325506288994
2007-07-31,17.582757699368244
2007-08-01,17.798497240086665
2007-08-02,18.014233667556155
2007-08-03,18.21379816264986
2007-08-06,17.259150812429095
2007-08-07,16.703622490202196
2007-08-08,16.811502294551346
2007-08-09,16.471701227675677
2007-08-10,15.64109985160767
2007-08-13,17.067753674950442
2007-08-14,17.283801404513635
2007-08-15,16.78689259496495
2007-08-16,15.72826045003663
2007-08-17,16.53303428525614
2007-08-20,16.149559115095993
2007-08-21,16.01992588804269
2007-08-22,16.003720556448656
2007-08-23,16.40340822375695
2007-08-24,16.257584002050137
2007-08-27,17.013744409276043
2007-08-28,16.689670715110964
2007-08-29,16.85170343825903
2007-08-30,16.797701407299083
2007-08-31,16.959731963203946
2007-09-04,17.067752951386083
2007-09-05,17.44583597427694
2007-09-06,17.737505750127198
2007-09-07,17.175780239113465
2007-09-10,17.202783625985592
2007-09-11,17.37562269460433
2007-09-12,17.451236833532548
2007-09-13,17.96975656202139
2007-09-14,17.6132712425452
2007-09-17,17.877933117461453
2007-09-18,17.72669704120747
2007-09-19,18.434254338026744
2007-09-20,18.38565203913098
2007-09-21,18.455859051828178
2007-09-24,18.74752877308555
2007-09-25,18.174996729283166
2007-09-26,18.331628017182993
2007-09-27,18.153395067766496
2007-09-28,17.98595974821593
2007-10-01,17.705092623594243
2007-10-02,18.03997492858282
2007-10-03,17.861734406907324
2007-10-04,17.82391809465125
2007-10-05,17.823923016665812
2007-10-08,17.715899883920493
2007-10-09,17.613274264263104
2007-10-10,17.553866839997507
2007-10-11,17.99676049882419
2007-10-12,17.759112629189865
2007-10-15,17.958954034631077
2007-10-16,17.899534306116042
2007-10-17,17.88332987599178
2007-10-18,17.64028078858372
2007-10-19,17.62947274672522
2007-10-22,16.857101741900447
2007-10-23,16.80850130180751
2007-10-24,16.641059235146567
2007-10-25,16.98133433892648
2007-10-26,16.98673348600763
2007-10-29,16.608654051775755
2007-10-30,16.641065397433255
2007-10-31,16.58705073434376
2007-11-01,16.824699532616545
2007-11-02,17.121765674011883
2007-11-05,16.986734633192025
2007-11-06,17.17577692095328
2007-11-07,17.391825388677283
2007-11-08,16.96513619690355
2007-11-09,17.148777212189334
2007-11-12,17.3216103663385
2007-11-13,16.633227050698515
2007-11-14,16.779280029796766
2007-11-15,17.57983169823268
2007-11-16,17.936837045568694
2007-11-19,18.358757684868067
2007-11-20,18.84557026240274
2007-11-21,18.223520034483077
2007-11-23,18.39121268157323
2007-11-26,18.98622084918856
2007-11-27,18.90508835571197
2007-11-28,18.932130235998418
2007-11-29,18.96998639044263
2007-11-30,18.62921937955251
2007-12-03,18.66707910942782
2007-12-04,18.84558022061461
2007-12-05,19.148488791650717
2007-12-06,19.321593539112698
2007-12-07,19.75973941201018
2007-12-10,19.781360010040512
2007-12-11,20.235743847135236
2007-12-12,20.327698678462454
2007-12-13,20.39261128544798
2007-12-14,20.360158290331043
2007-12-17,19.70023061511609
2007-12-18,19.640728364808965
2007-12-19,19.797589078083984
2007-12-20,20.105920967966693
2007-12-21,21.090395003023406
2007-12-24,21.101204280765018
2007-12-26,21.631306186565077
2007-12-27,21.728671675219474
2007-12-28,21.820633314726464
2007-12-31,21.804402740246378
2008-01-02,21.69080508935122
2008-01-03,22.945743982027032
2008-01-04,21.896369096487625
2008-01-07,21.917990658876768
2008-01-08,21.550166036844427
2008-01-09,20.711744096430724
2008-01-10,20.338521977797566
2008-01-11,20.39260825829848
2008-01-14,20.798294594004144
2008-01-15,21.301344485750114
2008-01-16,20.668471067306555
2008-01-17,19.894957254716395
2008-01-18,19.35945105139439
2008-01-22,18.13157183363167
2008-01-23,18.169440515884567
2008-01-24,19.202589832111652
2008-01-25,19.483868044518875
2008-01-28,19.316186986192562
2008-01-29,20.67388298279935
2008-01-30,20.44669593831175
2008-01-31,19.80301131479015
2008-02-01,21.29052992404568
2008-02-04,21.72325834733941
2008-02-05,21.826032672684857
2008-02-06,21.658353614121623
2008-02-07,21.025481770670446
2008-02-08,21.728678098601186
2008-02-11,22.393999137387404
2008-02-12,23.048515019269495
2008-02-13,23.046074493558013
2008-02-14,23.37097129770487
2008-02-15,22.89988531872512
2008-02-19,22.99193755240573
2008-02-20,23.56048817647127
2008-02-21,24.40522633448336
2008-02-22,23.457611235817122
2008-02-25,23.706708907908368
2008-02-26,25.19581131435531
2008-02-27,25.033368180307807
2008-02-28,24.551434321257165
2008-02-29,25.260787216323358
2008-03-03,24.096581820248
2008-03-04,24.713877630832066
2008-03-05,24.28069696415671
2008-03-06,24.81677160717921
2008-03-07,23.96119795271296
2008-03-10,24.069512755032637
2008-03-11,23.69587681588805
2008-03-12,24.199459128835564
2008-03-13,23.53342446860757
2008-03-14,24.957567395497684
2008-03-17,24.34567136968561
2008-03-18,24.860080174843016
2008-03-19,25.731900654578084
2008-03-20,24.372740120154248
2008-03-24,23.398053465546816
2008-03-25,23.961210567819432
2008-03-26,25.082094220423198
2008-03-27,25.26079633866428
2008-03-28,24.908832619165697
2008-03-31,25.087518413818717
2008-04-01,25.639840765742836
2008-04-02,25.758975853988378
2008-04-03,26.224658540696854
2008-04-04,26.928602004500373
2008-04-07,27.285991118707557
2008-04-08,27.329305889281624
2008-04-09,27.383465247057686
2008-04-10,27.513414355599455
2008-04-11,27.930371906163657
2008-04-14,27.854562494081872
2008-04-15,28.856331442570887
2008-04-16,29.45739622520819
2008-04-17,29.549455232842384
2008-04-18,29.5277809143365
2008-04-21,30.632454566361456
2008-04-22,30.534976207427054
2008-04-23,30.83821003628421
2008-04-24,29.80394946295205
2008-04-25,29.24620738964076
2008-04-28,30.10719912020051
2008-04-29,29.5223793125649
2008-04-30,29.132510736432646
2008-05-01,28.41772453470321
2008-05-02,27.648793197418822
2008-05-05,29.522367566335753
2008-05-06,29.966393487713805
2008-05-07,30.78948294064484
2008-05-08,30.275056272550568
2008-05-09,31.13062021985756
2008-05-12,31.395940798306203
2008-05-13,30.813816338720827
2008-05-14,31.599611770242134
2008-05-15,32.00605567167246
2008-05-16,32.835180741864036
2008-05-19,33.35001927144531
2008-05-20,33.71853373302371
2008-05-21,33.729367951539395
2008-05-22,33.17117662043115
2008-05-23,33.12782948480039
2008-05-27,32.53713648256572
2008-05-28,31.778451176841802
2008-05-29,32.66179981344777
2008-05-30,33.11158030752695
2008-06-02,33.98948779620485
2008-06-03,34.26046538624803
2008-06-04,34.57476515384654
2008-06-05,34.563930047003794
2008-06-06,36.623233234301814
2008-06-09,35.66404805681394
2008-06-10,35.452689237147524
2008-06-11,35.36598652997152
2008-06-12,36.42815894437334
2008-06-13,35.729069957633165
2008-06-16,35.766993850024775
2008-06-17,36.31434719248944
2008-06-18,38.09186157250152
2008-06-19,39.24073926660767
2008-06-20,38.79095239782628
2008-06-23,39.29493660808065
2008-06-24,41.85822634472432
2008-06-25,40.19452962251063
2008-06-26,38.61753507648883
2008-06-27,38.88850515745664
2008-06-30,39.36538684831399
2008-07-01,39.14860362416412
2008-07-02,38.790940422507916
2008-07-03,38.043094215908276
2008-07-07,37.230199268508706
2008-07-08,35.31720466489062
2008-07-09,34.639809110002744
2008-07-10,34.82405467328052
2008-07-11,35.69113193838512
2008-07-14,37.11098751380975
2008-07-15,37.23019383655387
2008-07-16,35.66946674544095
2008-07-17,34.607285365592766
2008-07-18,32.41791583737777
2008-07-21,32.8243605778269
2008-07-22,34.30381378978201
2008-07-23,33.49090259466318
2008-07-24,30.900530083111338
2008-07-25,31.334055676283036
2008-07-28,31.491221081237725
2008-07-29,31.881415956236786
2008-07-30,30.802977384058337
2008-07-31,33.05738916136982
2008-08-01,32.14152622685788
2008-08-04,33.371690972776726
2008-08-05,29.410233935575967
2008-08-06,29.307253485435982
2008-08-07,31.008914543004227
2008-08-08,29.80582741071593
2008-08-11,28.66237504686804
2008-08-12,29.123022963818222
2008-08-13,29.166396408166445
2008-08-14,29.92037544157695
2008-08-15,29.32369518909683
2008-08-18,29.26403418431015
2008-08-19,28.03814275431621
2008-08-20,28.94399363394629
2008-08-21,30.831654970217155
2008-08-22,30.104786417386773
2008-08-25,30.376022269259614
2008-08-26,30.419409024268475
2008-08-27,31.672400182874405
2008-08-28,31.710391003881224
2008-08-29,31.498837777946658
2008-09-02,29.84443614187652
2008-09-03,28.06526067608495
2008-09-04,28.005594915872294
2008-09-05,27.289598564635078
2008-09-08,27.094321031353434
2008-09-09,25.336846348264412
2008-09-10,23.367832432320373
2008-09-11,24.97885110211805
2008-09-12,25.152422151733607
2008-09-15,24.854091467212886
2008-09-16,23.32444578422729
2008-09-17,25.087329667296572
2008-09-18,25.835875433071408
2008-09-19,26.682077283177073
2008-09-22,28.851793754587625
2008-09-23,28.428690815438255
2008-09-24,26.448827312688593
2008-09-25,25.765367067342826
2008-09-26,24.7022140392097
2008-09-29,23.4491889449162
2008-09-30,22.49994882605976
2008-10-01,23.026104772758
2008-10-02,22.147365999680083
2008-10-03,20.21631733880802
2008-10-06,19.039253687079878
2008-10-07,18.16593944029944
2008-10-08,16.142688542768518
2008-10-09,17.265512298063417
2008-10-10,14.819155060203432
2008-10-13,14.379789641038844
2008-10-14,17.363146405036666
2008-10-15,15.952828589703579
2008-10-16,13.810234715093022
2008-10-17,13.718026814834516
2008-10-20,14.520820285696576
2008-10-21,14.911369186114719
2008-10-22,15.367003891693566
2008-10-23,15.790104735320998
2008-10-24,13.761421841402242
2008-10-27,14.602186316667412
2008-10-28,14.189938698478956
2008-10-29,16.131828837898365
2008-10-30,17.455360438434585
2008-10-31,18.155092753558066
2008-11-03,18.182216502234475
2008-11-04,18.534802702257284
2008-11-05,18.686673454043863
2008-11-06,17.742843355694944
2008-11-07,16.272861045913125
2008-11-10,16.522384281819193
2008-11-11,15.350741267666196
2008-11-12,14.232584333845622
2008-11-13,13.417434874678655
2008-11-14,14.607554663371607
2008-11-17,14.04781883200424
2008-11-18,14.199976694702332
2008-11-19,14.216285499606256
2008-11-20,12.080580977583638
2008-11-21,10.999142658617723
2008-11-24,11.526275545731666
2008-11-25,12.346865392717419
2008-11-26,12.287086018158744
2008-11-28,14.210845049339389
2008-12-01,12.499027687572495
2008-12-02,11.613225668692852
2008-12-03,11.135004077759183
2008-12-04,10.825242369045775
2008-12-05,9.645987993417673
2008-12-08,10.808939546328919
2008-12-09,10.602436470854103
2008-12-10,11.711041192514754
2008-12-11,12.379475375648541
2008-12-12,11.45563060061244
2008-12-15,12.352298989833784
2008-12-16,12.417512955275857
2008-12-17,12.607715235111973
2008-12-18,12.537068309189584
2008-12-19,11.10239935589538
2008-12-22,11.466497241101626
2008-12-23,10.961100094464166
2008-12-24,10.635042290198836
2008-12-26,10.819809450718061
2008-12-29,11.384976967716538
2008-12-30,11.526277968206237
2008-12-31,11.787128678348061
2009-01-02,12.55336792974353
2009-01-05,13.585901891363486
2009-01-06,15.09121505601529
2009-01-07,14.602130087901838
2009-01-08,13.835878174916589
2009-01-09,14.074988200220336
2009-01-12,13.151152892694165
2009-01-13,12.754434295504243
2009-01-14,13.17832107856203
2009-01-15,12.249043755052709
2009-01-16,13.248965823902777
2009-01-20,12.374035405651336
2009-01-21,11.727347354319718
2009-01-22,12.830521766391787
2009-01-23,12.14035377190812
2009-01-26,13.694588828160475
2009-01-27,13.591327715210822
2009-01-28,13.45547561380038
2009-01-29,12.689232598240045
2009-01-30,12.40664293606502
2009-02-02,12.009936661637678
2009-02-03,11.711046218462798
2009-02-04,11.846901366791595
2009-02-05,11.7001783216837
2009-02-06,12.053407128421883
2009-02-09,12.716401962977281
2009-02-10,12.84682455814069
2009-02-11,12.216516483611723
2009-02-12,11.878830840599976
2009-02-13,12.178389560605801
2009-02-17,12.031336525901043
2009-02-18,11.85703822467613
2009-02-19,12.292763020936581
2009-02-20,12.319996191380403
2009-02-23,12.510620908264123
2009-02-24,11.8624946027732
2009-02-25,12.483391919415332
2009-02-26,12.891878627728305
2009-02-27,12.445265968505574
2009-03-02,12.369013926441191
2009-03-03,11.49212653168989
2009-03-04,11.312392824783945
2009-03-05,11.192573442654886
2009-03-06,11.219799877899693
2009-03-09,10.871225833688744
2009-03-10,11.78079350085621
2009-03-11,12.35267546685178
2009-03-12,12.194724579733183
2009-03-13,12.336336918203344
2009-03-16,12.238295309345997
2009-03-17,12.412584480515209
2009-03-18,12.592322963662523
2009-03-19,13.022599767640338
2009-03-20,13.469207391126531
2009-03-23,12.98447049109748
2009-03-24,13.153308666185701
2009-03-25,12.88098488335756
2009-03-26,13.485547625753778
2009-03-27,13.975733574379078
2009-03-30,12.913667327100981
2009-03-31,12.946338919461075
2009-04-01,12.096689734537092
2009-04-02,13.300371268516605
2009-04-03,13.828680730624633
2009-04-06,15.310123504615301
2009-04-07,14.776373787288977
2009-04-08,14.711018817583623
2009-04-09,15.38637827800453
2009-04-13,15.413607686346886
2009-04-14,15.206642884733666
2009-04-15,15.4462907501157
2009-04-16,16.268713178421
2009-04-17,17.417922770732602
2009-04-20,17.472396897034287
2009-04-21,15.811211653717809
2009-04-22,17.42882021033531
2009-04-23,18.5616940826806
2009-04-24,17.913559530200597
2009-04-27,17.439706432964563
2009-04-28,16.649969413282857
2009-04-29,17.73927312036429
2009-04-30,18.381955200699863
2009-05-01,16.726223707784957
2009-05-04,16.987653283097703
2009-05-05,17.973466873168945
2009-05-06,18.354723206894658
2009-05-07,19.710910617344478
2009-05-08,18.311153746481317
2009-05-11,18.387402757644956
2009-05-12,17.864536355371953
2009-05-13,17.695278487844384
2009-05-14,16.549773370852503
2009-05-15,16.70250660612612
2009-05-18,16.457042255333292
2009-05-19,17.71164219394915
2009-05-20,18.04437777217892
2009-05-21,17.351628944336078
2009-05-22,17.43344690084092
2009-05-26,17.15525781324645
2009-05-27,17.880737906916202
2009-05-28,17.788003381189867
2009-05-29,18.78077266445266
2009-06-01,19.631718777700517
2009-06-02,19.86081551694326
2009-06-03,19.642628091411133
2009-06-04,18.655316257625977
2009-06-05,19.189888438973888
2009-06-08,18.055296452207724
2009-06-09,18.442584826362566
2009-06-10,18.709862013042176
2009-06-11,18.75349593713572
2009-06-12,19.151705280394477
2009-06-15,18.562588395041743
2009-06-16,18.578954687659113
2009-06-17,17.45526507044979
2009-06-18,16.827968803074405
2009-06-19,17.20434769465192
2009-06-22,16.484315925152195
2009-06-23,15.944293752942711
2009-06-24,16.09157260541328
2009-06-25,16.298859149963818
2009-06-26,16.926154055184703
2009-06-29,17.466175773592273
2009-06-30,17.035251610830244
2009-07-01,17.13342928966102
2009-07-02,16.337029068904986
2009-07-06,15.47518848725974
2009-07-07,15.447909981799294
2009-07-08,14.90789186816539
2009-07-09,15.278816790426253
2009-07-10,14.842432209036472
2009-07-13,15.235173680879107
2009-07-14,16.102473969311834
2009-07-15,16.46249841029115
2009-07-16,16.658867039508213
2009-07-17,17.378898580075184
2009-07-20,17.684369816940883
2009-07-21,17.913466414681427
2009-07-22,17.455259387690777
2009-07-23,17.771646169895455
2009-07-24,18.33893584895493
2009-07-27,18.742599008770547
2009-07-28,18.38257813805879
2009-07-29,17.989832868788938
2009-07-30,18.36621435351142
2009-07-31,18.055287769050953
2009-08-03,19.091703120090084
2009-08-04,18.949880514117414
2009-08-05,19.020788930774714
2009-08-06,19.60989985961782
2009-08-07,19.473530143665684
2009-08-10,18.906234037784596
2009-08-11,18.628043294703623
2009-08-12,18.20816899415385
2009-08-13,18.585106976285807
2009-08-14,18.705296430180525
2009-08-17,17.650936468219566
2009-08-18,17.268523510045274
2009-08-19,17.37778739153906
2009-08-20,18.038808333479157
2009-08-21,18.470391568194348
2009-08-24,19.082244196866633
2009-08-25,19.44280160669526
2009-08-26,18.514087332347547
2009-08-27,18.459463891314805
2009-08-28,18.83640913992725
2009-08-31,18.37205635823994
2009-09-01,18.235479266647296
2009-09-02,17.874923247892937
2009-09-03,17.77658793334712
2009-09-04,17.91862316585115
2009-09-08,19.257059170194157
2009-09-09,19.524752620022667
2009-09-10,19.743262634613874
2009-09-11,20.174839606232243
2009-09-14,20.29503114067364
2009-09-15,20.98336594493567
2009-09-16,22.207083708584364
2009-09-17,22.048647802404048
2009-09-18,21.71540391967622
2009-09-21,20.540868791957077
2009-09-22,21.32206669714593
2009-09-23,21.567905048140684
2009-09-24,21.02707057515898
2009-09-25,20.300490529027705
2009-09-28,20.316874448638615
2009-09-29,21.14725102630425
2009-09-30,21.824669388297835
2009-10-01,21.600685004065063
2009-10-02,20.360586379376308
2009-10-05,20.54086185363937
2009-10-06,21.720856479382167
2009-10-07,21.988558266425205
2009-10-08,22.33819262996479
2009-10-09,22.687819866693744
2009-10-12,22.906339747097107
2009-10-13,23.141253792217164
2009-10-14,23.103008247575648
2009-10-15,22.862637047918692
2009-10-16,23.600144872180888
2009-10-19,24.16830042892271
2009-10-20,24.195610411353886
2009-10-21,23.88968322524347
2009-10-22,24.403205518137735
2009-10-23,24.714596510319442
2009-10-26,23.474486266547785
2009-10-27,22.753370818562402
2009-10-28,22.234384724678975
2009-10-29,21.27836073292163
2009-10-30,22.010415758840864
2009-11-02,20.83586441913226
2009-11-03,20.519013799349285
2009-11-04,21.56790495025102
2009-11-05,20.988834198753228
2009-11-06,20.77031041660446
2009-11-09,21.11447522717674
2009-11-10,21.376603696345985
2009-11-11,21.562572728100307
2009-11-12,21.37113745983838
2009-11-13,20.731147001030013
2009-11-16,20.867898999381758
2009-11-17,20.988241872691695
2009-11-18,20.813197795662358
2009-11-19,20.55611250130031
2009-11-20,20.34825274858823
2009-11-23,20.949945268177775
2009-11-24,20.93354536883001
2009-11-25,20.856960709424413
2009-11-27,20.52876275654805
2009-11-30,20.62175170474713
2009-12-01,20.82413184552998
2009-12-02,20.51235055210052
2009-12-03,20.61627588911194
2009-12-04,20.457648654949114
2009-12-07,19.932529107183296
2009-12-08,19.965354246011103
2009-12-09,20.118509206783777
2009-12-10,20.282615969033643
2009-12-11,21.108576321408012
2009-12-14,21.332842728200433
2009-12-15,21.27267179339956
2009-12-16,21.540703151080223
2009-12-17,21.710269075704012
2009-12-18,21.923593814928495
2009-12-21,22.191633536185634
2009-12-22,22.109578200216728
2009-12-23,22.503421401027666
2009-12-24,23.24732484332558
2009-12-28,23.31296519716806
2009-12-29,23.154341761495274
2009-12-30,22.47606576202015
2009-12-31,22.33931702118908
2010-01-04,22.26820734069398
2010-01-05,22.968358856230676
2010-01-06,24.33038525604155
2010-01-07,25.096172154420753
2010-01-08,25.654111250426165
2010-01-11,26.58400814458616
2010-01-12,24.888318342072658
2010-01-13,24.877377586230928
2010-01-14,25.56659765704342
2010-01-15,26.332387121128278
2010-01-19,25.90026370588558
2010-01-20,25.845565501048558
2010-01-21,25.96590591394068
2010-01-22,25.69239587894447
2010-01-25,24.549193914413326
2010-01-26,24.31943987518977
2010-01-27,24.565595569417646
2010-01-28,25.37514237509779
2010-01-29,24.75703644840751
2010-02-01,23.0887008150805
2010-02-02,23.542713026458877
2010-02-03,23.570057881678586
2010-02-04,23.307502285449868
2010-02-05,22.065820693969727
2010-02-08,22.120531163130313
2010-02-09,22.262744525596343
2010-02-10,22.131306703783615
2010-02-11,22.481821624569637
2010-02-12,22.547539801348666
2010-02-16,23.303321559689373
2010-02-17,23.675736759646814
2010-02-18,24.10838926699241
2010-02-19,24.272701047721025
2010-02-22,24.217931922837476
2010-02-23,23.401903716150997
2010-02-24,22.78851919407693
2010-02-25,22.25179271530558
2010-02-26,22.815893620816833
2010-03-01,22.13131378346727
2010-03-02,22.290135688055194
2010-03-03,22.454432785443366
2010-03-04,22.668024669724126
2010-03-05,22.213465817626975
2010-03-08,22.043684161549738
2010-03-09,21.40291823268078
2010-03-10,21.75341653293478
2010-03-11,22.20251033365772
2010-03-12,22.498251910039258
2010-03-15,22.301100921614868
2010-03-16,22.48729827525283
2010-03-17,22.48181370246759
2010-03-18,22.350384544689476
2010-03-19,20.827856063842773
2010-03-22,20.575930654380624
2010-03-23,21.33718231080183
2010-03-24,21.01406638654816
2010-03-25,21.035977879534954
2010-03-26,20.006347155973494
2010-03-29,20.32947531279567
2010-03-30,20.723797319581298
2010-03-31,20.581414735762078
2010-04-01,21.140028698225787
2010-04-05,21.528881926779853
2010-04-06,21.80270723209126
2010-04-07,21.60554910351068
2010-04-08,21.20027295222371
2010-04-09,21.30981192961824
2010-04-12,21.337190243967637
2010-04-13,21.18931379185747
2010-04-14,21.523393549287285
2010-04-15,21.93414355813791
2010-04-16,22.098442703061195
2010-04-19,21.490533144442708
2010-04-20,21.83009308156562
2010-04-21,22.36680450701938
2010-04-22,22.804942303867325
2010-04-23,23.401910081044004
2010-04-26,23.686684426740413
2010-04-27,23.516913394791455
2010-04-28,23.095208000446394
2010-04-29,23.752406309296532
2010-04-30,22.815897153068175
2010-05-03,22.399661134297983
2010-05-04,21.85748228209741
2010-05-05,21.35909678499714
2010-05-06,21.512449863753695
2010-05-07,20.444489267083057
2010-05-10,20.439018860330407
2010-05-11,19.968014249172874
2010-05-12,20.225653862293672
2010-05-13,20.796001861826255
2010-05-14,20.774072987221906
2010-05-17,20.66438337451765
2010-05-18,20.461468162838408
2010-05-19,19.918534329414662
2010-05-20,19.035576660951676
2010-05-21,18.031974975046115
2010-05-24,18.89299438415921
2010-05-25,17.78518601807063
2010-05-26,18.90395861807883
2010-05-27,19.08493447825711
2010-05-28,20.039183276101166
2010-06-01,20.38469157068855
2010-06-02,19.918540220705705
2010-06-03,20.966012827849973
2010-06-04,22.057354752613648
2010-06-07,21.38280506184574
2010-06-08,21.426670297050503
2010-06-09,21.69541087833625
2010-06-10,22.128651588793794
2010-06-11,22.731912409701383
2010-06-14,23.302269684774938
2010-06-15,22.808688386693703
2010-06-16,23.000638041659805
2010-06-17,23.455836029222148
2010-06-18,23.34065879606903
2010-06-21,23.686157106439243
2010-06-22,22.92934460677613
2010-06-23,22.10123377445633
2010-06-24,21.98058935699229
2010-06-25,21.470546386862523
2010-06-28,21.43216801622079
2010-06-29,20.4011360267691
2010-06-30,20.5546978755222
2010-07-01,20.061127388959
2010-07-02,20.165322131410647
2010-07-06,20.35178213652899
2010-07-07,20.757612253798303
2010-07-08,21.936717000723487
2010-07-09,21.96961201710324
2010-07-12,22.14509616102194
2010-07-13,22.15607181811059
2010-07-14,21.859933255984878
2010-07-15,21.958648681640625
2010-07-16,21.76122698034946
2010-07-19,21.19085656198915
2010-07-20,20.823423869585245
2010-07-21,22.090264501512454
2010-07-22,22.221882745757576
2010-07-23,22.42480021149982
2010-07-26,22.518036889741573
2010-07-27,22.918376860046276
2010-07-28,22.358992715868045
2010-07-29,22.282219307259368
2010-07-30,21.503454401936043
2010-08-02,22.73191802214523
2010-08-03,22.446737030008805
2010-08-04,22.704490661621094
2010-08-05,22.594815093595013
2010-08-06,22.17801041842297
2010-08-09,22.693530525663373
2010-08-10,22.199950091432065
2010-08-11,21.480690118167267
2010-08-12,20.470096925888548
2010-08-13,20.84907546366651
2010-08-16,20.415174556811788
2010-08-17,20.728239492217533
2010-08-18,20.90948668821959
2010-08-19,20.65134943434066
2010-08-20,20.316308534513414
2010-08-23,20.607415036387312
2010-08-24,20.047187918811563
2010-08-25,20.44812474018612
2010-08-26,20.470096837319375
2010-08-27,20.17350607961406
2010-08-30,20.788658142089847
2010-08-31,20.618395712060643
2010-09-01,20.673309082836845
2010-09-02,21.255506427281013
2010-09-03,21.716864127267623
2010-09-07,21.425768440627063
2010-09-08,21.206084928423294
2010-09-09,21.91458835333011
2010-09-10,21.650957715729618
2010-09-13,22.414407166680245
2010-09-14,22.64507754292892
2010-09-15,22.05190337922824
2010-09-16,21.958529697764753
2010-09-17,21.26100574768122
2010-09-20,21.222547278288022
2010-09-21,21.618002462406903
2010-09-22,21.33789313719008
2010-09-23,21.206072124880592
2010-09-24,21.821221211728396
2010-09-27,22.0244484820504
2010-09-28,21.83220105338711
2010-09-29,21.656447638435644
2010-09-30,22.277089199237807
2010-10-01,22.452848999234085
2010-10-04,22.13978136283302
2010-10-05,22.408905141287004
2010-10-06,22.639592500557825
2010-10-07,23.304164834693488
2010-10-08,22.496790351284446
2010-10-11,23.002086198830025
2010-10-12,23.139388051772933
2010-10-13,23.518361304257194
2010-10-14,24.171953300717746
2010-10-15,24.441080729504254
2010-10-18,24.19942769797008
2010-10-19,23.61722704243892
2010-10-20,23.12841447450338
2010-10-21,23.249245798362505
2010-10-22,23.062502470422693
2010-10-25,23.01855627910502
2010-10-26,22.634093811383348
2010-10-27,22.551712267837544
2010-10-28,23.589760798353996
2010-10-29,23.545820868482195
2010-11-01,23.699618742990673
2010-11-02,23.392034974734145
2010-11-03,23.584267341919208
2010-11-04,23.765520694824378
2010-11-05,24.15547772882854
2010-11-08,23.776512686194838
2010-11-09,24.182940515655197
2010-11-10,24.215982381623082
2010-11-11,24.578965099760012
2010-11-12,25.310451002217974
2010-11-15,25.277453033659988
2010-11-16,24.694460757156214
2010-11-17,24.699967405316023
2010-11-18,25.607451011860007
2010-11-19,25.99243859781389
2010-11-22,25.475440164320943
2010-11-23,25.051959171805706
2010-11-24,24.875959667954852
2010-11-26,24.881463687690562
2010-11-29,24.864961286158643
2010-11-30,24.65047175544719
2010-12-01,25.458945056750352
2010-12-02,25.816445349579137
2010-12-03,26.476422772294455
2010-12-06,26.492926128718157
2010-12-07,26.657920839106055
2010-12-08,26.08043585736077
2010-12-09,26.06393597102392
2010-12-10,26.118934561070503
2010-12-13,26.48192307553821
2010-12-14,26.520427212521067
2010-12-15,26.19593883271393
2010-12-16,26.39942450417947
2010-12-17,26.77891829071272
2010-12-20,26.67991505617413
2010-12-21,26.82841054496887
2010-12-22,26.78441934629709
2010-12-23,26.70741978380489
2010-12-27,26.729413029908503
2010-12-28,26.668920516967777
2010-12-29,26.740421943522335
2010-12-30,26.960409384280666
2010-12-31,26.899914746745033
2011-01-03,27.004416325770833
2011-01-04,27.108914655239133
2011-01-05,26.278434977275026
2011-01-06,27.092404986184977
2011-01-07,26.630420955111596
2011-01-10,26.767911537003307
2011-01-11,26.81741003042543
2011-01-12,27.136415216655706
2011-01-13,27.499397719774738
2011-01-14,27.251915135647582
2011-01-18,27.840387774426027
2011-01-19,28.53887914820873
2011-01-20,27.845909383327598
2011-01-21,28.15939071903535
2011-01-24,27.730401481599745
2011-01-25,27.680900569328404
2011-01-26,27.422414608264084
2011-01-27,28.852375050380143
2011-01-28,31.470306188904928
2011-01-31,31.200827826589922
2011-02-01,32.432790685868255
2011-02-02,32.42179315934618
2011-02-03,32.47129252870336
2011-02-04,32.6692857867807
2011-02-07,32.63628946763155
2011-02-08,32.80128680420652
2011-02-09,32.80128201862475
2011-02-10,32.25679993763872
2011-02-11,32.564636353283085
2011-02-14,32.56463765869504
2011-02-15,33.01055368283094
2011-02-16,33.18675031203114
2011-02-17,33.715269587031464
2011-02-18,33.97953284716386
2011-02-22,34.01256360019357
2011-02-23,34.051095859701036
2011-02-24,34.86040101765431
2011-02-25,34.35389706050867
2011-02-28,35.785291761838444
2011-03-01,36.16518806490005
2011-03-02,34.72826120622454
2011-03-03,35.23476261826866
2011-03-04,35.45498243233099
2011-03-07,35.36139940608066
2011-03-08,35.04207354389448
2011-03-09,34.79432167538499
2011-03-10,33.98503498438619
2011-03-11,33.07664147574374
2011-03-14,33.71527017200757
2011-03-15,32.92799312962097
2011-03-16,33.9520017741287
2011-03-17,34.09513684292648
2011-03-18,35.26779075427714
2011-03-21,34.31537197955415
2011-03-22,35.064093674534384
2011-03-23,34.766804634937856
2011-03-24,35.28431481671357
2011-03-25,35.3779105389273
2011-03-28,36.30833839970413
2011-03-29,36.330355354864516
2011-03-30,37.7287279681276
2011-03-31,37.22772960090036
2011-04-01,38.174658777927576
2011-04-04,37.574583840600035
2011-04-05,37.79478837770379
2011-04-06,38.15815191170221
2011-04-07,37.03505148811188
2011-04-08,37.93792926333446
2011-04-11,37.95995387251692
2011-04-12,36.26978300789226
2011-04-13,35.87889314282039
2011-04-14,35.80182447670841
2011-04-15,36.798307026977724
2011-04-18,36.886405936434706
2011-04-19,36.902914873757496
2011-04-20,37.84985550792336
2011-04-21,38.08109263653208
2011-04-25,38.02051924548368
2011-04-26,38.21872081989066
2011-04-27,38.774762289651264
2011-04-28,37.49200186007452
2011-04-29,35.466002340164444
2011-05-02,36.418433332970174
2011-05-03,34.199742898392344
2011-05-04,33.324373525120556
2011-05-05,31.815896051711864
2011-05-06,32.75731365861429
2011-05-09,32.21227041300703
2011-05-10,32.713283544588215
2011-05-11,33.3407316825673
2011-05-12,32.222020333646114
2011-05-13,32.36529891616358
2011-05-16,32.32671102237208
2011-05-17,31.80320093935624
2011-05-18,32.07322912057
2011-05-19,33.16437365116331
2011-05-20,33.136827224836985
2011-05-23,32.4644976077902
2011-05-24,32.81167942156901
2011-05-25,33.037618302094764
2011-05-26,33.85873548173755
2011-05-27,34.49801156586758
2011-05-31,34.977442349777235
2011-06-01,34.50350918878569
2011-06-02,34.52555209238959
2011-06-03,34.6578197361909
2011-06-06,34.83967454480091
2011-06-07,34.134287087696855
2011-06-08,33.99099876553377
2011-06-09,34.23348293819974
2011-06-10,34.25001557605686
2011-06-13,33.417881026492566
2011-06-14,32.98251209469213
2011-06-15,32.93291147967925
2011-06-16,32.673906173695336
2011-06-17,32.76759378713525
2011-06-20,32.10077421174613
2011-06-21,32.88883155443033
2011-06-22,33.46196434501876
2011-06-23,33.213973889134145
2011-06-24,33.71545783566307
2011-06-27,33.18642557165162
2011-06-28,33.82568764189454
2011-06-29,35.02705677622504
2011-06-30,35.7214104447338
2011-07-01,36.49845112494732
2011-07-05,37.04952968022951
2011-07-06,37.19832638964566
2011-07-07,38.07455054797025
2011-07-08,37.391192884102
2011-07-11,37.13770885756161
2011-07-12,36.531515700742425
2011-07-13,37.13218043063999
2011-07-14,37.85963888012277
2011-07-15,37.25344286398185
2011-07-18,38.46582234885266
2011-07-19,38.43275630303665
2011-07-20,39.39715011474511
2011-07-21,39.534942328498325
2011-07-22,39.722312522221515
2011-07-25,39.23734742092856
2011-07-26,40.17969632090303
2011-07-27,39.727811103531536
2011-07-28,38.79096214107892
2011-07-29,38.862602607550805
2011-08-01,38.807505396085396
2011-08-02,37.28098326568854
2011-08-03,36.30555650984934
2011-08-04,34.5475970712739
2011-08-05,32.34875674457785
2011-08-08,29.731106920902082
2011-08-09,28.992653887421433
2011-08-10,29.91848537471513
2011-08-11,30.33201960896272
2011-08-12,32.583328325861395
2011-08-15,32.886815806431954
2011-08-16,32.62748065688637
2011-08-17,32.10877582686096
2011-08-18,30.155440556463613
2011-08-19,28.340042184031503
2011-08-22,28.036566333914923
2011-08-23,27.065404368634375
2011-08-24,28.516625990416042
2011-08-25,28.985648520795717
2011-08-26,28.086226825450765
2011-08-29,30.30443009857916
2011-08-30,30.834143059213933
2011-08-31,31.700458960704246
2011-09-01,31.51284532469001
2011-09-02,31.016241214011373
2011-09-06,28.847702563062484
2011-09-07,30.227186489306323
2011-09-08,30.751381845923575
2011-09-09,29.74161169125917
2011-09-12,28.53317590056426
2011-09-13,29.581581986603474
2011-09-14,29.774717748036355
2011-09-15,30.260290870818675
2011-09-16,29.82436693108273
2011-09-19,28.660088902873188
2011-09-20,29.140146345950967
2011-09-21,28.235197796058003
2011-09-22,25.476248050041
2011-09-23,24.576822716176228
2011-09-26,24.830650461435905
2011-09-27,26.469467199711296
2011-09-28,25.167239686345873
2011-09-29,24.56027358993159
2011-09-30,23.285634167187954
2011-10-03,21.92270765147464
2011-10-04,20.18456182530272
2011-10-05,21.922710027029847
2011-10-06,23.3021858438936
2011-10-07,23.58912115767197
2011-10-10,24.05813963082752
2011-10-11,24.505094891640226
2011-10-12,25.426585710908366
2011-10-13,25.410033158842836
2011-10-14,26.414294852475784
2011-10-17,26.828144253982984
2011-10-18,25.211382169274117
2011-10-19,26.39221370452971
2011-10-20,25.840422195752478
2011-10-21,26.57431672346521
2011-10-24,26.811588543424
2011-10-25,27.413040154848236
2011-10-26,27.727551523537482
2011-10-27,29.013232379298646
2011-10-28,30.75689686358262
2011-10-31,30.856208247947595
2011-11-01,27.83239276913496
2011-11-02,28.56628756975524
2011-11-03,28.593865060503692
2011-11-04,29.669856055639457
2011-11-07,30.210616826566298
2011-11-08,30.569291323263055
2011-11-09,29.851954471850267
2011-11-10,29.223737398484886
2011-11-11,30.152002853495798
2011-11-14,30.301197261630797
2011-11-15,29.94204332898744
2011-11-16,30.157546189894088
2011-11-17,30.964249369576805
2011-11-18,30.505628579012075
2011-11-21,29.3010971273179
2011-11-22,29.566324570407527
2011-11-23,29.074559900703232
2011-11-25,27.74294248864037
2011-11-28,29.0303614353987
2011-11-29,29.870210749793824
2011-11-30,30.649295383427607
2011-12-01,31.301290324564725
2011-12-02,32.41740634251942
2011-12-05,32.78209191959404
2011-12-06,32.79867738793772
2011-12-07,32.7986596020692
2011-12-08,32.8704958410566
2011-12-09,32.38977927321194
2011-12-12,32.782094739727924
2011-12-13,32.32349469862228
2011-12-14,31.04712885669343
2011-12-15,30.27908596838188
2011-12-16,30.124382337614087
2011-12-19,31.041598589880337
2011-12-20,30.93660973510423
2011-12-21,32.22955235819939
2011-12-22,32.16325455822855
2011-12-23,32.42294227522383
2011-12-27,32.53345081971191
2011-12-28,32.72131942880311
2011-12-29,31.770944119266844
2011-12-30,32.224018425347786
2012-01-03,33.31252726646788
2012-01-04,33.93689918367105
2012-01-05,34.00872552282945
2012-01-06,34.942514280506536
2012-01-09,35.24641779456944
2012-01-10,36.489612788990264
2012-01-11,35.73264100263383
2012-01-12,34.40654146173028
2012-01-13,32.48372597609169
2012-01-17,32.30137920640001
2012-01-18,31.765414826447657
2012-01-19,33.71036223627682
2012-01-20,33.5390728068743
2012-01-23,32.87602015832857
2012-01-24,32.79866621364957
2012-01-25,33.749030427315326
2012-01-26,34.925946786896944
2012-01-27,33.467227935791016
2012-01-30,33.18543590363263
2012-01-31,35.29614663936346
2012-02-01,34.671770902183965
2012-02-02,33.99767358777587
2012-02-03,34.67729460446556
2012-02-06,33.71587399978505
2012-02-07,33.52248759657167
2012-02-08,33.693772371535886
2012-02-09,33.621942582908204
2012-02-10,32.577651912594355
2012-02-13,32.682557761770326
2012-02-14,32.70467490066311
2012-02-15,32.80425285179244
2012-02-16,32.6051100644726
2012-02-17,34.286806269997946
2012-02-21,35.25489062302733
2012-02-22,34.56340159109965
2012-02-23,34.93404478698161
2012-02-24,34.817879155439655
2012-02-27,34.38637924194336
2012-02-28,34.5965794607821
2012-02-29,33.965949673516775
2012-03-01,34.11531580905306
2012-03-02,34.36426236122369
2012-03-05,33.307668435809056
2012-03-06,32.19021380236199
2012-03-07,31.913611031692025
2012-03-08,33.069784150037414
2012-03-09,33.49575556570661
2012-03-12,33.67829754507493
2012-03-13,32.97574445497808
2012-03-14,33.19148489017324
2012-03-15,32.582976223327385
2012-03-16,32.59957471753591
2012-03-19,32.8540453948557
2012-03-20,32.35063726491903
2012-03-21,31.637019452279915
2012-03-22,31.13360905236281
2012-03-23,30.31488025700865
2012-03-26,31.03958788841158
2012-03-27,30.32042824918155
2012-03-28,30.021704700492315
2012-03-29,29.175317381666286
2012-03-30,29.18638903507797
2012-04-02,29.90552377302038
2012-04-03,30.071493243815866
2012-04-04,29.811483971279458
2012-04-05,29.53489178093749
2012-04-09,29.53488895574406
2012-04-10,29.6510542966247
2012-04-11,29.22511347450946
2012-04-12,28.865528501224837
2012-04-13,29.888938224182336
2012-04-16,29.070205374967564
2012-04-17,28.793621782505195
2012-04-18,28.843405693743126
2012-04-19,29.03702358911212
2012-04-20,29.180846242071354
2012-04-23,28.063412252830943
2012-04-24,28.848939260200808
2012-04-25,29.573609956208244
2012-04-26,29.21956947458707
2012-04-27,29.048082589787885
2012-04-30,28.140841394255144
2012-05-01,28.345537657798417
2012-05-02,28.367655008244654
2012-05-03,28.091069385257015
2012-05-04,26.868502206545607
2012-05-07,26.193615693053566
2012-05-08,26.038724198353048
2012-05-09,25.784262902457343
2012-05-10,26.309792529701827
2012-05-11,25.44649274208258
2012-05-14,25.102995631627806
2012-05-15,24.986647135997206
2012-05-16,24.382757303917636
2012-05-17,24.227626212362217
2012-05-18,24.421541053418064
2012-05-21,24.072505307553534
2012-05-22,25.363383585525646
2012-05-23,24.914620278817786
2012-05-24,25.88417665012074
2012-05-25,25.374460760600755
2012-05-29,25.873097645962513
2012-05-30,25.679183231685993
2012-05-31,25.474193071373282
2012-06-01,24.759492102610807
2012-06-04,24.798281828944294
2012-06-05,24.897998886905665
2012-06-06,25.96727373328171
2012-06-07,26.676427604166022
2012-06-08,25.834306857328983
2012-06-11,25.878632371807228
2012-06-12,24.99218609724077
2012-06-13,24.942326480653588
2012-06-14,24.13344378216534
2012-06-15,24.266409343141014
2012-06-18,24.332894640591153
2012-06-19,24.997719254844167
2012-06-20,25.59053297053695
2012-06-21,25.241499221521995
2012-06-22,23.59604029398057
2012-06-25,22.67081091001327
2012-06-26,21.80652559294669
2012-06-27,21.928414983394024
2012-06-28,22.216517565839947
2012-06-29,23.712383788569564
2012-07-02,23.956160204780527
2012-07-03,24.25532487287985
2012-07-05,25.208258708762056
2012-07-06,24.432614434772404
2012-07-09,24.133446407330165
2012-07-10,24.25533517586098
2012-07-11,23.457533213781574
2012-07-12,23.64036219283438
2012-07-13,23.684682040247488
2012-07-16,23.573876320267207
2012-07-17,23.87305001962105
2012-07-18,24.47694290308424
2012-07-19,25.457565726137585
2012-07-20,25.119618367137626
2012-07-23,24.548972499703286
2012-07-24,25.13623303592797
2012-07-25,24.715174590876714
2012-07-26,24.565591156329496
2012-07-27,26.288618554301337
2012-07-30,27.108573837470576
2012-07-31,26.593320785030244
2012-08-01,26.011599957312743
2012-08-02,25.55729538043213
2012-08-03,26.050382132479132
2012-08-06,26.166718620558495
2012-08-07,26.499131093333997
2012-08-08,26.46589339793849
2012-08-09,26.377256748686488
2012-08-10,26.737372919904356
2012-08-13,27.473978968274736
2012-08-14,27.04677223975285
2012-08-15,26.669505233317707
2012-08-16,26.49751747858122
2012-08-17,27.04678137924936
2012-08-20,27.3574620328903
2012-08-21,27.446234745541364
2012-08-22,27.007938468882568
2012-08-23,26.691699952618762
2012-08-24,26.025929226730696
2012-08-27,26.08140503875801
2012-08-28,25.58208869641636
2012-08-29,25.482222458003243
2012-08-30,24.899678628403713
2012-08-31,25.154893532236983
2012-09-04,25.371256718494482
2012-09-05,24.53350129659182
2012-09-06,24.827559639737295
2012-09-07,25.593184600002587
2012-09-10,26.453137973482566
2012-09-11,26.17018299234416
2012-09-12,26.985736463540384
2012-09-13,26.885877703790744
2012-09-14,27.878973010036084
2012-09-17,28.422687054251433
2012-09-18,27.657066881753178
2012-09-19,27.412952176687966
2012-09-20,27.013489148948654
2012-09-21,27.745830746487893
2012-09-24,26.763821966706544
2012-09-25,26.835936553990617
2012-09-26,25.79846070434609
2012-09-27,26.003741591710142
2012-09-28,26.3699021156729
2012-10-01,26.65842738733256
2012-10-02,26.231212733602952
2012-10-03,26.214566940342927
2012-10-04,25.29913624995443
2012-10-05,25.881691845948268
2012-10-08,25.859489407529168
2012-10-09,25.876131531570756
2012-10-10,26.81930559924736
2012-10-11,26.774919509887695
2012-10-12,26.819298495665944
2012-10-15,27.49061428623774
2012-10-16,28.36720844614164
2012-10-17,28.23404814855247
2012-10-18,28.39495498147291
2012-10-19,28.400506398574553
2012-10-22,27.78467282630993
2012-10-23,27.290883428237347
2012-10-24,27.523913594922607
2012-10-25,27.324175829305716
2012-10-26,27.15218308761899
2012-10-31,26.74717693286607
2012-11-01,26.5308059943947
2012-11-02,27.740279487208635
2012-11-05,26.325525713104966
2012-11-06,27.135563481196133
2012-11-07,26.919175360160924
2012-11-08,26.170177627018976
2012-11-09,25.310231863035376
2012-11-12,25.582089170583156
2012-11-13,25.60383863044942
2012-11-14,25.998339915377137
2012-11-15,26.54841121284089
2012-11-16,27.020702347650737
2012-11-19,28.093085830803457
2012-11-20,28.548722629640775
2012-11-21,28.520928774469482
2012-11-23,28.609832723992874
2012-11-26,28.332015077698827
2012-11-27,28.115317502386393
2012-11-28,27.531897540459145
2012-11-29,28.459810336825058
2012-11-30,28.576493426213183
2012-12-03,29.18213613263208
2012-12-04,29.126585756536883
2012-12-05,30.104502635695027
2012-12-06,30.32119722294039
2012-12-07,30.565681783333407
2012-12-10,30.58792071290629
2012-12-11,30.91573712238741
2012-12-12,30.82127514567132
2012-12-13,30.42677637271095
2012-12-14,29.72667888620787
2012-12-17,29.965596895714157
2012-12-18,30.14339468677726
2012-12-19,31.24355044382327
2012-12-20,31.188007158072864
2012-12-21,31.037972900895742
2012-12-24,31.2046743689516
2012-12-26,31.30467157058194
2012-12-27,31.02686019016663
2012-12-28,30.49345517023836
2012-12-31,30.354540892144033
2013-01-02,32.015907909276784
2013-01-03,31.593610353923108
2013-01-04,31.832545960397116
2013-01-07,31.921450328183578
2013-01-08,31.599169563244143
2013-01-09,31.588057854913266
2013-01-10,32.47707819793161
2013-01-11,32.71044782371428
2013-01-14,32.58265377259466
2013-01-15,32.10480654965083
2013-01-16,32.67711314618904
2013-01-17,33.02160815581821
2013-01-18,33.477237576343974
2013-01-22,33.905066874378505
2013-01-23,33.99398987237473
2013-01-24,34.06621015882606
2013-01-25,34.59962070363054
2013-01-28,34.74408292972173
2013-01-29,34.6496208688133
2013-01-30,34.79965113277216
2013-01-31,35.28304821127803
2013-02-01,35.88869838812506
2013-02-04,35.64978045086358
2013-02-05,35.74978332157157
2013-02-06,35.56087650421251
2013-02-07,36.01649686100707
2013-02-08,35.82201710273655
2013-02-11,36.29432010267228
2013-02-12,36.19986344409408
2013-02-13,36.46126858982645
2013-02-14,36.47796132596313
2013-02-15,37.92038399684401
2013-02-19,38.00392901515459
2013-02-20,37.66419004760898
2013-02-21,36.422274540054026
2013-02-22,36.04357734552247
2013-02-25,36.69517214215436
2013-02-26,35.80411383557396
2013-02-27,35.74284167838873
2013-02-28,36.37773534153405
2013-03-01,36.66730789249786
2013-03-04,36.83440316862965
2013-03-05,35.99902651813993
2013-03-06,36.366597277282935
2013-03-07,36.06585393299555
2013-03-08,36.33317673566466
2013-03-11,35.726131621796604
2013-03-12,35.58134073994338
2013-03-13,35.55349681551783
2013-03-14,35.36412694700598
2013-03-15,36.43342606479079
2013-03-18,35.999023351062554
2013-03-19,34.80166583912574
2013-03-20,34.32827177508174
2013-03-21,33.554162530343035
2013-03-22,33.854898204564904
2013-03-25,33.83261884000786
2013-03-26,33.743520567045515
2013-03-27,33.68781706622799
2013-03-28,33.93844144356678
2013-04-01,33.916158219406256
2013-04-02,33.348111434959975
2013-04-03,33.42607107537234
2013-04-04,32.79675895133156
2013-04-05,32.468184779791976
2013-04-08,33.88831604002239
2013-04-09,34.27814806375171
2013-04-10,34.473071350602176
2013-04-11,35.30844831127258
2013-04-12,34.62343768773949
2013-04-15,33.67668616597646
2013-04-16,32.55727640068924
2013-04-17,32.317799107565854
2013-04-18,31.6383833172044
2013-04-19,32.028208179045976
2013-04-22,32.0115058373544
2013-04-23,32.82461026806892
2013-04-24,33.35367032258136
2013-04-25,33.82148668998801
2013-04-26,32.997252648399055
2013-04-29,32.512737419060564
2013-04-30,32.423620273160395
2013-05-01,32.278827184870025
2013-05-02,32.55729122854662
2013-05-03,33.821487404101596
2013-05-06,34.52876690325304
2013-05-07,34.82950146336298
2013-05-08,34.87407093266829
2013-05-09,34.8684806883459
2013-05-10,34.885187589811764
2013-05-13,34.745863670249605
2013-05-14,34.505828295290186
2013-05-15,34.50023412349928
2013-05-16,34.56164421711195
2013-05-17,35.82329841503099
2013-05-20,36.38714642038494
2013-05-21,36.52111625138926
2013-05-22,36.08010969334676
2013-05-23,34.09270310203452
2013-05-24,34.52814408971488
2013-05-28,35.867968883986606
2013-05-29,35.304131099197036
2013-05-30,35.78981246191952
2013-05-31,35.08641391424689
2013-06-03,34.76262321355685
2013-06-04,34.969170801061985
2013-06-05,35.08639549996423
2013-06-06,34.90219448529994
2013-06-07,35.119903167149545
2013-06-10,35.90704441836155
2013-06-11,35.237132617799766
2013-06-12,35.06407589497278
2013-06-13,34.04805452084917
2013-06-14,34.61746044842701
2013-06-17,34.304853942077514
2013-06-18,35.42134979523369
2013-06-19,35.778644950564065
2013-06-20,34.717947460751205
2013-06-21,34.410907504675855
2013-06-24,33.77449727123558
2013-06-25,34.846358335828036
2013-06-26,35.717244892939135
2013-06-27,35.45485192978738
2013-06-28,34.863101959228516
2013-07-01,35.337623995231134
2013-07-02,35.600007727114644
2013-07-03,35.64466143508614
2013-07-05,36.096845142548986
2013-07-08,36.66627831759013
2013-07-09,36.77791743826539
2013-07-10,36.56579275307881
2013-07-11,36.70534086171726
2013-07-12,36.19174766700603
2013-07-15,36.716512282495444
2013-07-16,36.49878839889042
2013-07-17,36.05218502854821
2013-07-18,36.649530240600214
2013-07-19,37.107296799225296
2013-07-22,37.71021420336693
2013-07-23,37.60972695440558
2013-07-24,37.4031629820958
2013-07-25,36.403894186059034
2013-07-26,37.97258041363675
2013-07-29,36.03543831784217
2013-07-30,35.58883144052491
2013-07-31,35.30970788835322
2013-08-01,36.147096149302314
2013-08-02,36.20292314373805
2013-08-05,36.52671320756255
2013-08-06,37.06820867617911
2013-08-07,36.97888895674163
2013-08-08,37.76604172063149
2013-08-09,37.877695567711996
2013-08-12,37.47016950466936
2013-08-13,37.70001809483376
2013-08-14,37.688758333609044
2013-08-15,36.861979261877366
2013-08-16,36.83386152454757
2013-08-19,36.417647864812174
2013-08-20,36.01832488424821
2013-08-21,36.53014063865139
2013-08-22,36.029590938281935
2013-08-23,36.462649404293494
2013-08-26,36.518892492983916
2013-08-27,35.545887579716876
2013-08-28,35.61336801083614
2013-08-29,35.967710554438895
2013-08-30,35.72586679219593
2013-09-03,35.99019722660517
2013-09-04,35.34340878626503
2013-09-05,36.01270114936209
2013-09-06,36.41202689687244
2013-09-09,36.26580336386979
2013-09-10,37.154441454354895
2013-09-11,37.385038351584754
2013-09-12,37.643763750038566
2013-09-13,37.666263084332485
2013-09-16,39.167967977072244
2013-09-17,38.740509875604005
2013-09-18,38.886739918995566
2013-09-19,39.34232597771592
2013-09-20,40.07912058795384
2013-09-23,39.37043923590426
2013-09-24,39.06109770479352
2013-09-25,38.74052514644801
2013-09-26,39.05548100252824
2013-09-27,38.88674422929253
2013-09-30,38.52117237980137
2013-10-01,38.75738375566958
2013-10-02,39.724785504310894
2013-10-03,40.439070836940445
2013-10-04,40.90027031372782
2013-10-07,40.799027228919044
2013-10-08,40.60216060227161
2013-10-09,40.545923241223946
2013-10-10,40.54592401087298
2013-10-11,41.05774068454374
2013-10-14,41.26584473710056
2013-10-15,42.03076578960507
2013-10-16,42.356965144309115
2013-10-17,42.266978879936744
2013-10-18,43.13876303633943
2013-10-21,43.211859916068796
2013-10-22,43.25123864785205
2013-10-23,43.05439299245675
2013-10-24,42.10950273638895
2013-10-25,42.95314662443157
2013-10-28,43.21186946090253
2013-10-29,43.40309974711541
2013-10-30,44.347990532221274
2013-10-31,43.5605629458253
2013-11-01,43.667442471483724
2013-11-04,43.75180063654391
2013-11-05,43.53807954543063
2013-11-06,44.02740527316507
2013-11-07,43.92616129612307
2013-11-08,42.790047593409035
2013-11-11,43.95428724600642
2013-11-12,44.145528816178356
2013-11-13,42.906555824325096
2013-11-14,44.27092271336442
2013-11-15,44.76911015870248
2013-11-18,44.97291105688889
2013-11-19,44.587963682271216
2013-11-20,44.712511144007784
2013-11-21,44.78044657697393
2013-11-22,45.0804764927836
2013-11-25,44.58798235635217
2013-11-26,43.64251846616357
2013-11-27,44.45774554924638
2013-11-29,43.738776820358005
2013-12-02,43.761411401218346
2013-12-03,44.19733963196904
2013-12-04,45.148412297769696
2013-12-05,45.856068382879386
2013-12-06,46.054229146967735
2013-12-09,45.25599074590548
2013-12-10,45.125769281775625
2013-12-11,45.01255517697858
2013-12-12,44.45207978388695
2013-12-13,45.07483108081886
2013-12-16,45.50509206102817
2013-12-17,45.92968338288893
2013-12-18,45.87305575054192
2013-12-19,46.16744610231547
2013-12-20,46.21271268478252
2013-12-23,46.80151335612217
2013-12-24,46.048562140509624
2013-12-26,47.10720589316046
2013-12-27,47.073247536540755
2013-12-30,47.57143020629883
2013-12-31,47.59973907470703
2014-01-02,47.52613801110994
2014-01-03,46.756211061107415
2014-01-06,46.7449044192996
2014-01-07,46.10516753917577
2014-01-08,47.905437065516075
2014-01-09,48.08662321967423
2014-01-10,48.01299927556703
2014-01-13,48.19417502419967
2014-01-14,47.53180824453319
2014-01-15,48.23944764657168
2014-01-16,48.18850670584928
2014-01-17,48.245133629147546
2014-01-21,48.96408487835506
2014-01-22,49.422665243906785
2014-01-23,49.609480059109906
2014-01-24,49.14526839469871
2014-01-27,48.799935572765726
2014-01-28,48.630086227184975
2014-01-29,48.50554685893309
2014-01-30,49.354722302727446
2014-01-31,49.08865569133915
2014-02-03,49.8868836121747
2014-02-04,48.12623976673847
2014-02-05,47.99601929900334
2014-02-06,48.43760381185568
2014-02-07,49.535885965537226
2014-02-10,49.405671720426945
2014-02-11,48.74897577947247
2014-02-12,50.11221870200446
2014-02-13,49.76442245337453
2014-02-14,51.2981850785805
2014-02-18,51.817030319816
2014-02-19,53.08851406755277
2014-02-20,53.41920560855797
2014-02-21,54.16613197284149
2014-02-24,54.143332321959065
2014-02-25,55.37488702854814
2014-02-26,55.28936883400068
2014-02-27,54.90734975360634
2014-02-28,55.48892865282501
2014-03-03,54.690672356656364
2014-03-04,56.68626740020718
2014-03-05,56.58935787751311
2014-03-06,56.982756967084974
2014-03-07,57.5244441728608
2014-03-10,57.3020484742579
2014-03-11,57.302062831030106
2014-03-12,55.72267416795307
2014-03-13,56.14462044212337
2014-03-14,54.992870829926254
2014-03-17,55.962162191107225
2014-03-18,57.535852810174866
2014-03-19,58.71037056734679
2014-03-20,58.35118801841052
2014-03-21,59.919141122165264
2014-03-24,60.780111832061074
2014-03-25,60.64896565895021
2014-03-26,61.287535949417205
2014-03-27,60.64324741638309
2014-03-28,60.59765879411587
2014-03-31,61.64105636730988
2014-04-01,61.56123404580815
2014-04-02,61.57832651657046
2014-04-03,61.57264487785796
2014-04-04,61.88050918348554
2014-04-07,61.04809424662327
2014-04-08,59.525712549462376
2014-04-09,61.25904453438919
2014-04-10,61.24764744197048
2014-04-11,59.95336930953081
2014-04-14,60.72307456567668
2014-04-15,61.08228485910393
2014-04-16,62.65026900830954
2014-04-17,63.11210601845544
2014-04-21,63.4770080755585
2014-04-22,64.50329824877092
2014-04-23,64.79408629124399
2014-04-24,64.99933615283028
2014-04-25,60.76870079981446
2014-04-28,61.33316841416293
2014-04-29,61.3616675235331
2014-04-30,61.29326310779467
2014-05-01,61.29895145437847
2014-05-02,60.215626593263345
2014-05-05,60.60336053697563
2014-05-06,60.84854256648142
2014-05-07,61.88049424739686
2014-05-08,62.502018426153185
2014-05-09,61.61255569449465
2014-05-12,61.09939667854746
2014-05-13,61.83945665783838
2014-05-14,62.011537056328876
2014-05-15,62.01152256065377
2014-05-16,60.457356556491426
2014-05-19,60.09031613425688
2014-05-20,60.49177971965087
2014-05-21,60.42297138802521
2014-05-22,60.61793800631504
2014-05-23,61.04232021189902
2014-05-27,60.749843185795356
2014-05-28,61.38643219738104
2014-05-29,62.533399211398844
2014-05-30,62.7685411225338
2014-06-02,63.02660060235006
2014-06-03,62.37283653881732
2014-06-04,62.32692935957467
2014-06-05,63.31907756874838
2014-06-06,63.93270456190324
2014-06-09,64.04738775866875
2014-06-10,64.5062014011943
2014-06-11,63.82948303222656
2014-06-12,63.84668311510593
2014-06-13,64.43163851972088
2014-06-16,64.78145894510449
2014-06-17,64.9707232815792
2014-06-18,65.27467814797505
2014-06-19,66.00300627166618
2014-06-20,67.13852595566061
2014-06-23,66.5306216056806
2014-06-24,66.15783874737986
2014-06-25,64.05314818624743
2014-06-26,65.67611679971992
2014-06-27,65.8022832909151
2014-06-30,66.1750683184621
2014-07-01,67.04676458818567
2014-07-02,66.94927681322484
2014-07-03,68.02168964656882
2014-07-07,67.22454548655809
2014-07-08,66.25535556491972
2014-07-09,66.58223627300201
2014-07-10,65.46967608719154
2014-07-11,65.65891114852887
2014-07-14,65.51555317679485
2014-07-15,65.3435088556557
2014-07-16,65.33201092089564
2014-07-17,66.40446410204548
2014-07-18,65.21159393821631
2014-07-21,65.40086010527364
2014-07-22,66.08905731984326
2014-07-23,66.63387351965793
2014-07-24,67.04102380233387
2014-07-25,66.78869171315557
2014-07-28,67.18441600538337
2014-07-29,66.51914343542249
2014-07-30,66.8575265662527
2014-07-31,65.09117219620654
2014-08-01,60.480303253304996
2014-08-04,60.44589963459273
2014-08-05,60.996454178746944
2014-08-06,59.17274979228011
2014-08-07,59.80933257690882
2014-08-08,58.55911273803713
2014-08-11,59.384938412204654
2014-08-12,59.12685102060387
2014-08-13,58.72311518344319
2014-08-14,59.519958761826516
2014-08-15,57.08903206280883
2014-08-18,57.6491194796936
2014-08-19,57.53942033700553
2014-08-20,57.649140093878785
2014-08-21,58.1976831690902
2014-08-22,57.74152499745827
2014-08-25,57.810795976826725
2014-08-26,58.50371122088282
2014-08-27,58.96565062813497
2014-08-28,59.02336966768775
2014-08-29,59.64120367794868
2014-09-02,60.478459787114254
2014-09-03,60.05117326251467
2014-09-04,60.71519764452575
2014-09-05,59.27743004670256
2014-09-08,59.60655456625986
2014-09-09,58.78665892743426
2014-09-10,58.28428045458317
2014-09-11,58.22654794630617
2014-09-12,59.37559037238788
2014-09-15,58.11683607023171
2014-09-16,58.63075290983704
2014-09-17,60.39764796213178
2014-09-18,59.99344149316161
2014-09-19,59.67585896118122
2014-09-22,58.255431526682166
2014-09-23,56.69062941472277
2014-09-24,57.10059371756019
2014-09-25,57.73575193938153
2014-09-26,56.41345165016581
2014-09-29,56.396117525439635
2014-09-30,57.27381508488184
2014-10-01,56.58667396963246
2014-10-02,54.115350774678944
2014-10-03,52.75264494817629
2014-10-06,52.60830209864535
2014-10-07,52.163688818057125
2014-10-08,50.96844766097755
2014-10-09,51.580493314998456
2014-10-10,49.386321426331016
2014-10-13,48.21994088849011
2014-10-14,46.279823837160386
2014-10-15,44.62841461503833
2014-10-16,46.40684938147293
2014-10-17,50.75480086308243
2014-10-20,49.0283189761208
2014-10-21,51.0839229617257
2014-10-22,53.23189544979371
2014-10-23,50.55270566396274
2014-10-24,50.89916191084287
2014-10-27,49.18422868474252
2014-10-28,47.12285727747862
2014-10-29,49.92332564065489
2014-10-30,48.99944975949066
2014-10-31,49.18423060695232
2014-11-03,50.402571779390314
2014-11-04,47.59633013782504
2014-11-05,47.49240168552934
2014-11-06,48.1102316160395
2014-11-07,49.334353520970616
2014-11-10,50.731685862254714
2014-11-11,49.83091446512991
2014-11-12,49.12680178557802
2014-11-13,47.77640205124766
2014-11-14,46.44345568580423
2014-11-17,45.81481792065821
2014-11-18,44.388749265696426
2014-11-19,45.54126299917399
2014-11-20,45.384099445591
2014-11-21,47.70074469852634
2014-11-24,47.35148800398123
2014-11-25,47.05463218197122
2014-11-26,46.36778207212155
2014-11-28,42.98013673982038
2014-12-01,40.09306030034919
2014-12-02,39.59249165531278
2014-12-03,40.29096579790676
2014-12-04,40.16290367366786
2014-12-05,39.85440381394815
2014-12-08,38.56804971221832
2014-12-09,36.30376945199523
2014-12-10,36.77525274069145
2014-12-11,37.21761792885042
2014-12-12,35.355002657691884
2014-12-15,35.325901134700246
2014-12-16,34.92426069825796
2014-12-17,35.79736819316755
2014-12-18,39.2839746467337
2014-12-19,39.40039438215107
2014-12-22,41.35616798105783
2014-12-23,40.599462608554
2014-12-24,39.40039985131154
2014-12-26,39.266516988701916
2014-12-29,39.4527754958593
2014-12-30,39.50517754193536
2014-12-31,38.69027071608329
2015-01-02,39.01041173166909
2015-01-05,38.422518303837705
2015-01-06,37.82881840617129
2015-01-07,36.327065408111785
2015-01-08,34.982472874021866
2015-01-09,35.42484816170726
2015-01-12,34.73218851777821
2015-01-13,34.563389102233906
2015-01-14,35.127989825474934
2015-01-15,36.13498127666606
2015-01-16,35.419033074474974
2015-01-20,36.932418540075524
2015-01-21,36.449297725810325
2015-01-22,37.415524254632054
2015-01-23,37.32241013412804
2015-01-26,36.751980172198124
2015-01-27,37.1419677734375
2015-01-28,37.08957535931159
2015-01-29,32.479566666771056
2015-01-30,33.26537904308541
2015-02-02,35.314267995989006
2015-02-03,38.212979092951755
2015-02-04,38.434163810411675
2015-02-05,38.94056848644649
2015-02-06,39.3712942561381
2015-02-09,40.02321301011768
2015-02-10,40.12798111940787
2015-02-11,37.73110483095429
2015-02-12,39.09566039863134
2015-02-13,39.52502943863416
2015-02-17,40.63078975518164
2015-02-18,40.95428257538445
2015-02-19,40.31317724836794
2015-02-20,41.38953199413383
2015-02-23,40.37198940633452
2015-02-24,40.124962427037886
2015-02-25,39.80145716362609
2015-02-26,39.54267810801817
2015-02-27,39.08978302265995
2015-03-02,39.442683638394605
2015-03-03,38.6898283872121
2015-03-04,39.483843246873384
2015-03-05,38.983911586545126
2015-03-06,39.73089590536241
2015-03-09,39.283880726482614
2015-03-10,38.04872048105546
2015-03-11,37.9722547072975
2015-03-12,38.31340529140383
2015-03-13,36.82531761341692
2015-03-16,36.44301411837716
2015-03-17,37.26057802439943
2015-03-18,37.437039147594014
2015-03-19,38.683945230952894
2015-03-20,39.560310626383334
2015-03-23,40.08967360222397
2015-03-24,40.33669684351389
2015-03-25,40.33081961148784
2015-03-26,41.289533029463314
2015-03-27,40.30728907200426
2015-03-30,40.360235314912195
2015-03-31,40.06615346742113
2015-04-01,40.25436833434443
2015-04-02,39.86616465603126
2015-04-06,41.113083010603816
2015-04-07,42.90111952054282
2015-04-08,43.0481619025323
2015-04-09,42.171799857714475
2015-04-10,43.601054552982816
2015-04-13,42.99522142345536
2015-04-14,42.64232892577645
2015-04-15,44.700935502288765
2015-04-16,45.45377286639288
2015-04-17,44.412726873744425
2015-04-20,43.712779405922504
2015-04-21,43.65985416168504
2015-04-22,42.330602151473045
2015-04-23,43.16578796415723
2015-04-24,44.14217561936294
2015-04-27,45.18910093859059
2015-04-28,44.471554572110264
2015-04-29,44.75385700691505
2015-04-30,46.300742823118455
2015-05-01,45.71256293638741
2015-05-04,46.39484018559202
2015-05-05,46.13605894514018
2015-05-06,46.441900864746884
2015-05-07,45.48907422343656
2015-05-08,45.18911338674279
2015-05-11,45.67141249215534
2015-05-12,44.524467615106936
2015-05-13,45.14450114579226
2015-05-14,44.69342800628825
2015-05-15,43.9455765275863
2015-05-18,43.8387317025041
2015-05-19,43.595378733530474
2015-05-20,43.20958722187836
2015-05-21,44.38478810478731
2015-05-22,44.319483859613726
2015-05-26,44.016791137377425
2015-05-27,42.81191323508329
2015-05-28,43.1858268772313
2015-05-29,43.405444529466216
2015-06-01,43.31641338750505
2015-06-02,43.01372001883
2015-06-03,43.838739652650254
2015-06-04,43.22738394975169
2015-06-05,42.62197581958411
2015-06-08,43.53008401392901
2015-06-09,43.86245993007867
2015-06-10,44.44414499432467
2015-06-11,44.461953926789704
2015-06-12,43.322347685624216
2015-06-15,42.97809594927224
2015-06-16,43.14427628113736
2015-06-17,44.15332291413683
2015-06-18,44.08801829413453
2015-06-19,42.895005942207874
2015-06-22,42.85937741546073
2015-06-23,43.007782287052464
2015-06-24,42.56261285876353
2015-06-25,42.117462825270295
2015-06-26,41.90378526352494
2015-06-29,41.33993647208357
2015-06-30,41.88599438175809
2015-07-01,41.71979764705753
2015-07-02,40.58614189113562
2015-07-06,39.32190072445469
2015-07-07,38.63339991826132
2015-07-08,38.34849943824518
2015-07-09,38.56811836300912
2015-07-10,38.752106306848006
2015-07-13,38.372237495543175
2015-07-14,38.271343738421685
2015-07-15,38.81740258033848
2015-07-16,37.51161131625907
2015-07-17,36.65690851533863
2015-07-20,35.91500267169477
2015-07-21,35.49357914847997
2015-07-22,35.01280601409775
2015-07-23,35.113720947235684
2015-07-24,35.37487142612514
2015-07-27,32.75143663680524
2015-07-28,33.321235966777955
2015-07-29,34.11064452551372
2015-07-30,35.42236710564896
2015-07-31,34.50238797041491
2015-08-03,34.09876904725442
2015-08-04,34.60921214064889
2015-08-05,35.19681229651415
2015-08-06,33.891022671154055
2015-08-07,36.31265707740177
2015-08-10,35.42829323421492
2015-08-11,36.06931350634529
2015-08-12,36.463784030816434
2015-08-13,36.9619712490896
2015-08-14,36.3077232880632
2015-08-17,34.78914580495841
2015-08-18,34.85517536999705
2015-08-19,34.861165207846916
2015-08-20,34.66909979013933
2015-08-21,33.924820898290506
2015-08-24,30.197415371761124
2015-08-25,32.040113559447846
2015-08-26,31.301833172549546
2015-08-27,31.72798119910551
2015-08-28,33.07850391590362
2015-08-31,33.96084223691036
2015-09-01,34.15291017519191
2015-09-02,33.8647981211637
2015-09-03,32.79639065950223
2015-09-04,32.4302576694183
2015-09-08,31.48790454772539
2015-09-09,31.715976433837803
2015-09-10,30.431495413150216
2015-09-11,29.963323968978628
2015-09-14,29.597189885390424
2015-09-15,29.639205413206856
2015-09-16,30.347469082178417
2015-09-17,31.493899027603725
2015-09-18,30.311465867286163
2015-09-21,29.7352336023722
2015-09-22,28.24667172405523
2015-09-23,28.73887424432185
2015-09-24,28.10262144693123
2015-09-25,28.636824712228982
2015-09-28,27.772478280776124
2015-09-29,28.426739001936422
2015-09-30,28.92492357916312
2015-10-01,28.936934158912912
2015-10-02,27.826512999128365
2015-10-05,30.101371519409057
2015-10-06,31.39186350630059
2015-10-07,34.29096580170321
2015-10-08,34.362983255797275
2015-10-09,35.85755414813869
2015-10-12,36.163658908289726
2015-10-13,34.93920353226181
2015-10-14,34.459020628577186
2015-10-15,34.447006558146896
2015-10-16,35.20929954439475
2015-10-19,33.228554719153955
2015-10-20,33.4086239502909
2015-10-21,33.714742419283944
2015-10-22,33.92482566037208
2015-10-23,33.66671857757455
2015-10-26,34.0808704145337
2015-10-27,32.71235661037983
2015-10-28,33.048488956664535
2015-10-29,33.36060417881903
2015-10-30,33.39061642693459
2015-11-02,33.56468391155126
2015-11-03,35.34135790289423
2015-11-04,36.61383206559684
2015-11-05,36.043618036248304
2015-11-06,34.95120542775411
2015-11-09,35.43137849456994
2015-11-10,34.911695381985126
2015-11-11,35.49476428599484
2015-11-12,32.69478913266659
2015-11-13,32.2696175690755
2015-11-16,32.506497835677955
2015-11-17,33.18675982886147
2015-11-18,33.484374404627815
2015-11-19,33.68480707316209
2015-11-20,33.16853686101136
2015-11-23,33.10779230202217
2015-11-24,34.280026464789216
2015-11-25,35.555495494596165
2015-11-27,35.391517627722344
2015-11-30,35.6951972408392
2015-12-01,35.1364199860599
2015-12-02,35.051387398380854
2015-12-03,33.87915375265173
2015-12-04,33.271780980149344
2015-12-07,31.54685451925453
2015-12-08,30.271368639132515
2015-12-09,30.866603830703475
2015-12-10,31.401090910789385
2015-12-11,31.516494036046648
2015-12-14,31.091335291174314
2015-12-15,32.081342404196924
2015-12-16,32.97418875326832
2015-12-17,32.85270487619746
2015-12-18,31.46182881851261
2015-12-21,30.386775460591306
2015-12-22,30.483955528273004
2015-12-23,32.97417653949674
2015-12-24,34.03100384860572
2015-12-28,33.33859215752898
2015-12-29,33.30215914263814
2015-12-30,32.445763829774585
2015-12-31,31.947712530829335
2016-01-04,32.37896673712543
2016-01-05,32.65227224306031
2016-01-06,31.540781879024635
2016-01-07,29.955550738810686
2016-01-08,29.421060108246152
2016-01-11,29.17204267982452
2016-01-12,28.394598577481702
2016-01-13,28.522155493239467
2016-01-14,27.459246253942712
2016-01-15,27.100903186080064
2016-01-19,27.544277652998066
2016-01-20,25.254494751778484
2016-01-21,25.764682477763305
2016-01-22,29.172035999152808
2016-01-25,27.775077804295936
2016-01-26,27.598942867578725
2016-01-27,27.51998356280062
2016-01-28,28.2670508668185
2016-01-29,30.155989791313242
2016-02-01,30.077021984293904
2016-02-02,29.439277292648846
2016-02-03,29.10522556410976
2016-02-04,30.33211337119019
2016-02-05,30.890896366339863
2016-02-08,29.80977788163757
2016-02-09,30.708683452002752
2016-02-10,28.75803573738248
2016-02-11,28.012431249076872
2016-02-12,29.010682728041466
2016-02-16,29.7562834878716
2016-02-17,30.600470098425884
2016-02-18,32.79414386831485
2016-02-19,31.290619153096866
2016-02-22,32.69555621490006
2016-02-23,32.954360863697474
2016-02-24,30.773005526969346
2016-02-25,31.752770593886044
2016-02-26,32.751021102579834
2016-02-29,32.775653245075624
2016-03-01,33.23780430396844
2016-03-02,33.268614396475044
2016-03-03,35.22812662370538
2016-03-04,36.62073413433629
2016-03-07,37.5943394003382
2016-03-08,38.37075360307569
2016-03-09,38.216691124838555
2016-03-10,38.09345046918576
2016-03-11,38.44468687589218
2016-03-14,38.179729858508715
2016-03-15,37.00278940857741
2016-03-16,38.46934486654336
2016-03-17,38.6665240410218
2016-03-18,39.14100530520785
2016-03-21,37.224617855408574
2016-03-22,36.94116591238187
2016-03-23,36.71934070012487
2016-03-24,34.8645831261017
2016-03-28,36.02918342654754
2016-03-29,35.20964719734452
2016-03-30,36.44821083586231
2016-03-31,35.77655868228004
2016-04-01,35.13569554010807
2016-04-04,35.08025181095806
2016-04-05,34.53798662265572
2016-04-06,35.36985448842824
2016-04-07,35.006288996251115
2016-04-08,35.58552260719729
2016-04-11,35.50542574393317
2016-04-12,36.04151663003556
2016-04-13,37.206139392890364
2016-04-14,37.409468553835595
2016-04-15,36.23253647081905
2016-04-18,34.51333424219891
2016-04-19,37.32938402268761
2016-04-20,38.6603732111878
2016-04-21,39.38131610348799
2016-04-22,39.276560782262365
2016-04-25,39.09170472944788
2016-04-26,39.23959731003102
2016-04-27,39.41213084093198
2016-04-28,39.83114602860218
2016-04-29,39.58466376282667
2016-05-02,40.48431864265793
2016-05-03,38.10578254421552
2016-05-04,38.32761768421326
2016-05-05,38.00102556614246
2016-05-06,36.7871156745487
2016-05-09,37.26775702095683
2016-05-10,36.24486820905014
2016-05-11,36.54274896324903
2016-05-12,37.42173037137212
2016-05-13,36.39313797050983
2016-05-16,37.028995864345156
2016-05-17,36.85443766960996
2016-05-18,37.309511818108604
2016-05-19,35.59520692588611
2016-05-20,35.94430168848527
2016-05-23,36.29963192241694
2016-05-24,36.156259727380466
2016-05-25,36.929254554059256
2016-05-26,38.09497164030677
2016-05-27,37.65860374834882
2016-05-31,37.876793362890886
2016-06-01,37.309509954354986
2016-06-02,36.96664828719191
2016-06-03,36.72354043832426
2016-06-06,37.50275728411493
2016-06-07,40.51993928429141
2016-06-08,42.15944618288931
2016-06-09,41.43630987785481
2016-06-10,41.28046553093663
2016-06-13,40.24564804965603
2016-06-14,39.80927665658555
2016-06-15,40.08980329058554
2016-06-16,40.07110371977195
2016-06-17,40.582280304538145
2016-06-20,41.89761360718556
2016-06-21,41.0934519931914
2016-06-22,42.08462805105482
2016-06-23,42.502304841006826
2016-06-24,41.3178806406718
2016-06-27,40.58851259862496
2016-06-28,39.99006153694518
2016-06-29,40.54487880227225
2016-06-30,41.2118909815756
2016-07-01,41.847739963772746
2016-07-05,41.741762755985974
2016-07-06,40.470064625999896
2016-07-07,41.07475058791029
2016-07-08,41.26799366438334
2016-07-11,41.7168435843981
2016-07-12,42.35268835818118
2016-07-13,43.44984544863405
2016-07-14,43.50594256489908
2016-07-15,43.00724355710289
2016-07-18,42.60204486852472
2016-07-19,42.072151703325304
2016-07-20,41.137090074671974
2016-07-21,40.999934595269
2016-07-22,40.214489081438835
2016-07-25,39.9900571925305
2016-07-26,39.03004906820481
2016-07-27,40.083576150708204
2016-07-28,38.6435574226872
2016-07-29,37.689773825978136
2016-08-01,38.412895105699164
2016-08-02,38.39420249184821
2016-08-03,38.444075450022844
2016-08-04,39.254467544628476
2016-08-05,38.91784656317781
2016-08-08,39.902780956303936
2016-08-09,40.42642190547791
2016-08-10,39.82174256735469
2016-08-11,39.41129391069116
2016-08-12,39.56259344169954
2016-08-15,39.10870885600959
2016-08-16,39.57519210964546
2016-08-17,39.59409874849077
2016-08-18,39.61301315381413
2016-08-19,40.34425482463615
2016-08-22,39.953430021444454
2016-08-23,39.43651369440776
2016-08-24,39.505844031590065
2016-08-25,39.87147504550706
2016-08-26,39.575192538429
2016-08-29,39.12131407386199
2016-08-30,39.44281168212454
2016-08-31,38.45312193794195
2016-09-01,37.8227352543761
2016-09-02,38.45942698513313
2016-09-06,38.6926651894394
2016-09-07,39.68866314084889
2016-09-08,39.9029950573556
2016-09-09,39.096097387303416
2016-09-12,37.42560033014716
2016-09-13,37.11040634246997
2016-09-14,35.893783355364604
2016-09-15,36.14592904694044
2016-09-16,35.81813164557268
2016-09-19,36.58720117630028
2016-09-20,36.23417707256486
2016-09-21,35.937900724011435
2016-09-22,37.873170895812976
2016-09-23,37.23018967234284
2016-09-26,36.398082704926665
2016-09-27,35.849653783983136
2016-09-28,37.04106771585523
2016-09-29,39.884090383340556
2016-09-30,41.61761800940795
2016-10-03,42.506450068487766
2016-10-04,42.6703598360404
2016-10-05,42.69557165466093
2016-10-06,43.53396870679135
2016-10-07,43.754611478942174
2016-10-10,43.73569609119272
2016-10-11,43.63483751467783
2016-10-12,43.43310793956331
2016-10-13,43.31963796404131
2016-10-14,44.00674411416738
2016-10-17,43.18096346149474
2016-10-18,42.89097972935649
2016-10-19,42.82164338557326
2016-10-20,42.556893727412636
2016-10-21,41.775208967781204
2016-10-24,41.93911976355947
2016-10-25,41.77521186967723
2016-10-26,40.87377107987644
2016-10-27,41.170042168879384
2016-10-28,40.34424685132632
2016-10-31,39.83365127199934
2016-11-01,40.2118858828173
2016-11-02,39.58149528471074
2016-11-03,39.51215854241521
2016-11-04,39.14653786943935
2016-11-07,39.87777300680068
2016-11-08,39.347975736278265
2016-11-09,39.81973375231928
2016-11-10,40.240508659309604
2016-11-11,40.17674231692714
2016-11-14,39.4627307637403
2016-11-15,40.99277411883937
2016-11-16,42.26145864896076
2016-11-17,42.40171000670133
2016-11-18,43.05198364908852
2016-11-21,44.43539954192112
2016-11-22,44.45453776622307
2016-11-23,43.95089011200477
2016-11-25,44.480040034751966
2016-11-28,44.74779859806021
2016-11-29,42.42720446325686
2016-11-30,44.21226351567809
2016-12-01,49.35709775165649
2016-12-02,49.38259318490487
2016-12-05,51.00828474666934
2016-12-06,51.008284521841944
2016-12-07,50.925399250754694
2016-12-08,51.480037549784896
2016-12-09,52.1813203748871
2016-12-12,53.6858846494337
2016-12-13,53.36712174872664
2016-12-14,52.2960772260687
2016-12-15,51.35891966892947
2016-12-16,51.027410728884966
2016-12-19,50.19226277552141
2016-12-20,50.517393042980174
2016-12-21,50.58113746999019
2016-12-22,50.77240170800456
2016-12-23,50.064753692866745
2016-12-27,50.3006399059591
2016-12-28,51.065651792533274
2016-12-29,49.89261908754772
2016-12-30,49.86074939910409
2017-01-03,50.058374581271224
2017-01-04,50.440870825881284
2017-01-05,50.30700544859784
2017-01-06,50.45362672688586
2017-01-09,51.66493126586148
2017-01-10,50.683150620744755
2017-01-11,50.50463189272535
2017-01-12,51.30153058862979
2017-01-13,50.37075765354234
2017-01-17,50.33888612135469
2017-01-18,50.28786801680505
2017-01-19,50.12212754845606
2017-01-20,50.16674762057608
2017-01-23,49.26784268011346
2017-01-24,49.376221316226236
2017-01-25,50.861637489145004
2017-01-26,50.25600006594928
2017-01-27,47.17675915120572
2017-01-30,45.863469223090185
2017-01-31,45.002806229602335
2017-02-01,45.551078088606104
2017-02-02,45.5765700652739
2017-02-03,44.77329904015549
2017-02-06,44.94544117677945
2017-02-07,43.70226618504849
2017-02-08,43.19223847222338
2017-02-09,44.288776232247045
2017-02-10,44.907028471361635
2017-02-13,44.42402907829847
2017-02-14,44.894156848799476
2017-02-15,45.22904694300089
2017-02-16,44.314539652556114
2017-02-17,43.82509642187839
2017-02-21,44.56571122774434
2017-02-22,43.998975090156435
2017-02-23,44.3725088847179
2017-02-24,44.333855557437715
2017-02-27,43.93457487170616
2017-02-28,43.85084972504105
2017-03-01,44.385395403034856
2017-03-02,44.501307569322385
2017-03-03,44.591468811035156
2017-03-06,44.49486929180971
2017-03-07,44.92635533881057
2017-03-08,43.805763458925554
2017-03-09,42.5113013141987
2017-03-10,43.335645284756694
2017-03-13,43.49664863017101
2017-03-14,43.38072505519844
2017-03-15,44.32098020425476
2017-03-16,44.83619499076166
2017-03-17,44.140655966690275
2017-03-20,43.258355712820666
2017-03-21,44.01185806636075
2017-03-22,42.82687149957522
2017-03-23,42.517740145147464
2017-03-24,42.50486624684465
2017-03-27,41.37140105201632
2017-03-28,41.55172482777512
2017-03-29,41.62901016759546
2017-03-30,42.78178726899637
2017-03-31,42.57570661920819
2017-04-03,43.32276170999737
2017-04-04,43.04582990743264
2017-04-05,43.53528165783922
2017-04-06,43.41292101234326
2017-04-07,43.908805323644444
2017-04-10,43.689838021040444
2017-04-11,44.404697553229724
2017-04-12,44.604338791539455
2017-04-13,44.05694396293503
2017-04-17,43.354952705247115
2017-04-18,42.91703172183814
2017-04-19,42.98143176527632
2017-04-20,41.96389113945887
2017-04-21,41.73848890988854
2017-04-24,42.20217789192483
2017-04-25,41.976765008868526
2017-04-26,41.84797728945111
2017-04-27,41.08802524506568
2017-04-28,40.01252845074885
2017-05-01,38.96923507897474
2017-05-02,37.88084471471395
2017-05-03,37.94524384037388
2017-05-04,37.81000100855284
2017-05-05,37.48798914173297
2017-05-08,38.325223348910136
2017-05-09,38.48622072828197
2017-05-10,37.8100024792636
2017-05-11,38.615031821265816
2017-05-12,37.455791994213186
2017-05-15,37.958127275209165
2017-05-16,37.93881567733811
2017-05-17,37.507316666958666
2017-05-18,36.666434307802945
2017-05-19,37.53991981546358
2017-05-22,39.48242025702244
2017-05-23,38.00925031618755
2017-05-24,37.442133155918235
2017-05-25,36.4448055552235
2017-05-26,35.44748640481568
2017-05-30,34.860810919157814
2017-05-31,34.05253050425462
2017-06-01,34.32631083356156
2017-06-02,34.75652014502237
2017-06-05,34.40453347052208
2017-06-06,34.71741380218076
2017-06-07,34.45667898646718
2017-06-08,32.644539242069825
2017-06-09,32.85964537358882
2017-06-12,34.72392982997324
2017-06-13,35.727780823270585
2017-06-14,36.17755880926458
2017-06-15,34.67178582862478
2017-06-16,35.12155854370503
2017-06-19,35.838584569556645
2017-06-20,34.613123561250354
2017-06-21,34.39801680195471
2017-06-22,33.91564161007905
2017-06-23,34.08512787306262
2017-06-26,34.58704933056612
2017-06-27,34.554451282315625
2017-06-28,34.43711315682614
2017-06-29,35.173710035865156
2017-06-30,35.538734755378734
2017-07-03,35.55830284734219
2017-07-05,36.047175134949626
2017-07-06,35.630007211741564
2017-07-07,34.29371589993305
2017-07-10,34.31978304149738
2017-07-11,34.730452258850775
2017-07-12,35.779935331981434
2017-07-13,34.893408940798125
2017-07-14,35.571340007982094
2017-07-17,35.97547790380876
2017-07-18,36.444815741479566
2017-07-19,36.05370061535563
2017-07-20,38.07443611511163
2017-07-21,37.21398792738761
2017-07-24,35.42141291966766
2017-07-25,36.03413854955477
2017-07-26,36.93370080250019
2017-07-27,35.88422792963135
2017-07-28,33.700526530972994
2017-07-31,33.63534682595142
2017-08-01,32.92483432768461
2017-08-02,32.038332179323916
2017-08-03,32.12957954938908
2017-08-04,32.33816961377522
2017-08-07,31.97313368704779
2017-08-08,30.85846723741025
2017-08-09,30.61076676388417
2017-08-10,30.44129093354305
2017-08-11,30.069741174580905
2017-08-14,30.115364763663177
2017-08-15,29.984996556896903
2017-08-16,29.790659011823468
2017-08-17,28.910176693708106
2017-08-18,28.66523538244186
2017-08-21,28.843972204521908
2017-08-22,28.685108549157917
2017-08-23,28.877074823640182
2017-08-24,29.400070989698843
2017-08-25,29.419940095092354
2017-08-28,29.60530503526237
2017-08-29,28.645389368105977
2017-08-30,28.539456216721018
2017-08-31,28.400443885333644
2017-09-01,28.155485332120328
2017-09-05,28.77115585288189
2017-09-06,29.22794929388608
2017-09-07,30.68437942883422
2017-09-08,30.432821132609334
2017-09-11,30.26069370040299
2017-09-12,31.154411796419943
2017-09-13,31.829665845430036
2017-09-14,32.85579268671067
2017-09-15,33.041157210066025
2017-09-18,33.06764199028029
2017-09-19,33.39865889568107
2017-09-20,32.690280283293845
2017-09-21,33.431747328009955
2017-09-22,33.21327854587579
2017-09-25,34.159969440712494
2017-09-26,34.86831815890929
2017-09-27,35.07354462264989
2017-09-28,35.28538255174221
2017-09-29,34.7028082306949
2017-10-02,33.934871673583984
2017-10-03,33.86206454400563
2017-10-04,33.107357031918504
2017-10-05,34.0209332930316
2017-10-06,33.90839779278773
2017-10-09,34.30560357279313
2017-10-10,34.92128318437865
2017-10-11,34.86831181525448
2017-10-12,34.16658547173809
2017-10-13,34.20630132896582
2017-10-16,34.874934164848554
2017-10-17,34.73592654279429
2017-10-18,34.69619803391054
2017-10-19,33.584011399402776
2017-10-20,33.92163644841248
2017-10-23,34.49757753989253
2017-10-24,34.702816975563614
2017-10-25,34.64985384964496
2017-10-26,34.1069996561712
2017-10-27,34.206306258791436
2017-10-30,34.95438322852051
2017-10-31,35.57667325392752
2017-11-01,36.410803482576114
2017-11-02,36.19897164900852
2017-11-03,36.19895993109632
2017-11-06,36.76829940616418
2017-11-07,38.44982926630233
2017-11-08,38.72786084552025
2017-11-09,38.899981215497114
2017-11-10,39.423142161680445
2017-11-13,38.820231227870394
2017-11-14,37.50724875372677
2017-11-15,35.91960143277835
2017-11-16,35.9196048221811
2017-11-17,36.95793333475392
2017-11-20,37.09190554744229
2017-11-21,37.49384782583527
2017-11-22,37.94937319080054
2017-11-24,38.15704120270945
2017-11-27,37.3330728939948
2017-11-28,37.42016569259877
2017-11-29,37.98957436896966
2017-11-30,38.60586981071828
2017-12-01,39.71118268949849
2017-12-04,39.89876324492801
2017-12-05,39.23556848059409
2017-12-06,38.49869216854328
2017-12-07,37.89578587459379
2017-12-08,38.88722414565439
2017-12-11,39.034606679037566
2017-12-12,39.4164468035811
2017-12-13,39.54371696380887
2017-12-14,38.41829519814505
2017-12-15,38.52548491545364
2017-12-18,39.06809746417939
2017-12-19,38.981008706905904
2017-12-20,40.13322460235403
2017-12-21,41.11126048584237
2017-12-22,42.5515426293308
2017-12-26,43.375499323575866
2017-12-27,43.91142295828314
2017-12-28,43.64346319187639
2017-12-29,43.56306864563258
2018-01-02,43.656846946101844
2018-01-03,43.97840118408203
2018-01-04,44.29325080256231
2018-01-05,44.44062789608068
2018-01-08,44.58799486236623
2018-01-09,46.13545614178538
2018-01-10,45.720121104211586
2018-01-11,45.94118607461389
2018-01-12,46.43689708834647
2018-01-16,47.25417775748637
2018-01-17,46.89243827918962
2018-01-18,47.354663950060036
2018-01-19,46.416819004961965
2018-01-22,47.64940306304572
2018-01-23,47.629318047165626
2018-01-24,48.1518367277356
2018-01-25,48.65424900046946
2018-01-26,49.739471223928355
2018-01-29,49.19015664140394
2018-01-30,49.31075142838697
2018-01-31,48.761423260796334
2018-02-01,48.50017291625717
2018-02-02,48.446582164188044
2018-02-05,46.336413019456195
2018-02-06,44.64158574541822
2018-02-07,46.0282735027963
2018-02-08,45.23780050363852
2018-02-09,43.91637853769439
2018-02-12,43.71322445429503
2018-02-13,43.42879906866419
2018-02-14,42.58230455806694
2018-02-15,44.60712898045453
2018-02-16,44.207579295096146
2018-02-20,44.43105263819519
2018-02-21,43.48973726575352
2018-02-22,44.180489212442104
2018-02-23,44.491996003979715
2018-02-26,45.60938176416178
2018-02-27,45.55520713596726
2018-02-28,45.27077799400895
2018-03-01,43.63195491184633
2018-03-02,43.6793610773404
2018-03-05,44.74933861545456
2018-03-06,45.41975202025651
2018-03-07,44.48522751830073
2018-03-08,44.18725607379979
2018-03-09,45.02698982362585
2018-03-12,45.09470873044399
2018-03-13,44.769656299054326
2018-03-14,44.05182222808798
2018-03-15,43.8080222212602
2018-03-16,42.42654906719534
2018-03-19,43.73354298821759
2018-03-20,44.08567496189657
2018-03-21,44.62066415647181
2018-03-22,45.853177866906066
2018-03-23,45.35204889322327
2018-03-26,45.60259293589649
2018-03-27,46.04955089516273
2018-03-28,45.013453918525386
2018-03-29,43.97731952444218
2018-04-02,44.559722676527684
2018-04-03,44.092461642059774
2018-04-04,43.94347544623734
2018-04-05,45.1827479721424
2018-04-06,45.31141231230399
2018-04-09,44.44459087623102
2018-04-10,45.42653696223665
2018-04-11,47.58680173116362
2018-04-12,48.446848776319015
2018-04-13,49.27980500275754
2018-04-16,49.46264621365214
2018-04-17,49.06987085980336
2018-04-18,49.78770741038864
2018-04-19,49.96376919161771
2018-04-20,49.23916832663004
2018-04-23,48.71773377929545
2018-04-24,49.22562204522529
2018-04-25,48.27755607801594
2018-04-26,48.920881212680335
2018-04-27,48.453617412366725
2018-04-30,47.586807211663164
2018-05-01,46.59131963869396
2018-05-02,46.35430141877697
2018-05-03,46.61164496348264
2018-05-04,46.77416966065459
2018-05-07,47.66128315140573
2018-05-08,45.968298526465844
2018-05-09,47.33624306387219
2018-05-10,46.24595789074062
2018-05-11,46.99087528881554
2018-05-14,46.855433377628984
2018-05-15,47.14662151501667
2018-05-16,48.51456502425341
2018-05-17,49.56035077277089
2018-05-18,50.15523677087862
2018-05-21,49.574026219857274
2018-05-22,49.519314804903054
2018-05-23,48.0150035478074
2018-05-24,47.6115777245065
2018-05-25,46.54487977794348
2018-05-29,44.95851996992877
2018-05-30,45.88846363149442
2018-05-31,45.51237039774424
2018-06-01,45.649125509473116
2018-06-04,44.65081309316953
2018-06-05,43.242228911734614
2018-06-06,43.70036037328452
2018-06-07,44.29524791266015
2018-06-08,45.55340354842532
2018-06-11,44.44566797842791
2018-06-12,44.90379899632173
2018-06-13,44.69867520995901
2018-06-14,45.06791391890372
2018-06-15,43.97386288091952
2018-06-18,43.201197145662746
2018-06-19,43.249070405824455
2018-06-20,44.15165236191928
2018-06-21,43.748226081119164
2018-06-22,45.074751691222595
2018-06-25,43.56359759081206
2018-06-26,42.39434078354647
2018-06-27,43.64565402135922
2018-06-28,44.17901648352491
2018-06-29,44.247377088430525
2018-07-02,43.32427959892886
2018-07-03,43.76874629941333
2018-07-05,43.91233516785957
2018-07-06,43.283248114414675
2018-07-09,45.02005712605516
2018-07-10,46.22350704796979
2018-07-11,45.32775579299885
2018-07-12,45.32092332736227
2018-07-13,43.823441894907255
2018-07-16,43.303766156420146
2018-07-17,42.531087319889075
2018-07-18,42.161855036632105
2018-07-19,41.184040290630726
2018-07-20,40.67804875101187
2018-07-23,40.80797118226013
2018-07-24,40.65754007772274
2018-07-25,40.53445529855917
2018-07-26,40.07632613595927
2018-07-27,40.787450692874195
2018-07-30,42.64733239360058
2018-07-31,42.79092603043401
2018-08-01,41.49858443517728
2018-08-02,41.58063277465688
2018-08-03,41.80629434724014
2018-08-06,42.045608927265825
2018-08-07,42.49006996717042
2018-08-08,42.12082069246513
2018-08-09,42.189199789613625
2018-08-10,41.532775453040564
2018-08-13,42.667850695916854
2018-08-14,43.01657130273162
2018-08-15,42.97554921379447
2018-08-16,42.616314406895334
2018-08-17,42.505637733231886
2018-08-20,43.23884881876919
2018-08-21,44.200344028474824
2018-08-22,45.113404271477776
2018-08-23,45.002721733480854
2018-08-24,45.56993319409741
2018-08-27,45.59759372366149
2018-08-28,46.09562063712452
2018-08-29,45.5491654045917
2018-08-30,45.777431798556385
2018-08-31,45.735942505755176
2018-09-04,45.466169499503074
2018-09-05,45.30015804444031
2018-09-06,44.601537550241304
2018-09-07,42.97601041107185
2018-09-10,43.64695372612818
2018-09-11,43.86139573179346
2018-09-12,45.41775862272617
2018-09-13,45.25172937469032
2018-09-14,45.11340389206665
2018-09-17,45.376247244179616
2018-09-18,45.50074680846114
2018-09-19,45.51459636995121
2018-09-20,46.58674794099605
2018-09-21,46.6559158947313
2018-09-24,47.27152986489461
2018-09-25,47.755741764859245
2018-09-26,47.07785540195886
2018-09-27,47.90791351630407
2018-09-28,47.57588449992134
2018-10-01,47.72805242726437
2018-10-02,48.426690416797676
2018-10-03,48.537362601858675
2018-10-04,49.111485009448494
2018-10-05,49.69252688215549
2018-10-08,49.18757566486471
2018-10-09,50.08680126375942
2018-10-10,50.349647247988564
2018-10-11,47.71423590941021
2018-10-12,48.29527563530649
2018-10-15,48.163841467910345
2018-10-16,48.22610698635069
2018-10-17,47.52054606187879
2018-10-18,46.344638032868545
2018-10-19,46.137128923077086
2018-10-22,45.70134359026555
2018-10-23,43.9720687713476
2018-10-24,43.99973685559714
2018-10-25,42.567896931371024
2018-10-26,42.80999927103031
2018-10-29,44.241840624762546
2018-10-30,41.952276257816266
2018-10-31,43.10742803628315
2018-11-01,43.3356908645697
2018-11-02,43.37028440567161
2018-11-05,42.83767302928843
2018-11-06,44.214162313220754
2018-11-07,45.08572175432805
2018-11-08,45.21458618477311
2018-11-09,42.725200216336205
2018-11-12,44.37545221048516
2018-11-13,42.23570718397933
2018-11-14,41.62034854111182
2018-11-15,40.494535598141916
2018-11-16,42.45948075415296
2018-11-19,44.15868694173421
2018-11-20,44.21463658774606
2018-11-21,42.68322843145743
2018-11-23,40.41760447923613
2018-11-26,41.80216206082162
2018-11-27,41.97697416233805
2018-11-28,41.97698072264686
2018-11-29,42.64827978146067
2018-11-30,42.235713357233685
2018-12-03,44.01184135657007
2018-12-04,43.494392122654226
2018-12-06,41.2567295704921
2018-12-07,43.459423202552124
2018-12-10,41.92802886700071
2018-12-11,42.62030516886395
2018-12-12,42.53639628239073
2018-12-13,43.0608450362286
2018-12-14,42.09585163923521
2018-12-17,40.85115583837318
2018-12-18,39.40367445506908
2018-12-19,38.2289084983708
2018-12-20,34.83747031066296
2018-12-21,32.641772344841016
2018-12-24,31.77467074363755
2018-12-26,32.09633680906337
2018-12-27,32.6767290121421
2018-12-28,33.62073690496627
2018-12-31,33.501861448909146
2019-01-02,32.98440656465461
2019-01-03,33.63472294014079
2019-01-04,34.229117234118405
2019-01-07,34.41791191716821
2019-01-08,36.14508293162833
2019-01-09,36.291949225323194
2019-01-10,36.94226576083638
2019-01-11,37.242947296691014
2019-01-14,37.054139479584656
2019-01-15,37.830325740887325
2019-01-16,37.103085854687095
2019-01-17,36.37585218084235
2019-01-18,38.026120607871576
2019-01-22,37.277903232458215
2019-01-23,36.50172080539241
2019-01-24,35.39687424902096
2019-01-25,37.096092358025416
2019-01-28,36.64856719970703
2019-01-29,37.36881647789816
2019-01-30,38.22889688699292
2019-01-31,40.55746017886085
2019-02-01,39.35472719018911
2019-02-04,39.15893498994082
2019-02-05,39.928134597875435
2019-02-06,39.26383456257524
2019-02-07,39.86413689891729
2019-02-08,39.290604912488526
2019-02-11,38.87284564973479
2019-02-12,40.147362739971086
2019-02-13,39.96326760607215
2019-02-14,39.88538524967427
2019-02-15,40.897906961867356
2019-02-19,40.29606091765187
2019-02-20,41.14574109170903
2019-02-21,40.324383719264816
2019-02-22,39.77916627556832
2019-02-25,38.58960867019627
2019-02-26,38.87992858134213
2019-02-27,38.306387582761516
2019-02-28,38.377201080322266
2019-03-01,38.5542232642417
2019-03-04,38.90824220430771
2019-03-05,38.48339189226084
2019-03-06,38.10106296526332
2019-03-07,38.50464319660623
2019-03-08,37.683297248105696
2019-03-11,37.676210314273355
2019-03-12,38.70291168452878
2019-03-13,39.5242641826691
2019-03-14,39.10651479431103
2019-03-15,38.10105524702758
2019-03-18,38.773706337266916
2019-03-19,40.04823794687068
2019-03-20,39.34016807872718
2019-03-21,39.885379367040905
2019-03-22,39.56675260246509
2019-03-25,38.30639372048668
2019-03-26,39.57383225848946
2019-03-27,39.25519827650211
2019-03-28,38.73830023578052
2019-03-29,40.7421430209093
2019-04-01,39.885379748363235
2019-04-02,40.735069035638226
2019-04-03,40.61468184002446
2019-04-04,39.77208840969051
2019-04-05,40.69257232426388
2019-04-08,41.577657287232896
2019-04-09,41.443121764231044
2019-04-10,41.4431314196533
2019-04-11,42.02374146876379
2019-04-12,42.61852188728065
2019-04-15,42.63267463511547
2019-04-16,42.993792869503615
2019-04-17,43.93552256147529
2019-04-18,44.105455603068094
2019-04-22,44.926820507321864
2019-04-23,45.61363065802691
2019-04-24,44.77103970263217
2019-04-25,44.48781179309754
2019-04-26,42.80970756865956
2019-04-29,41.570581929561826
2019-04-30,41.64139800811665
2019-05-01,41.24487149103312
2019-05-02,39.488858158384254
2019-05-03,40.66425078118024
2019-05-06,40.26065494103994
2019-05-07,40.14737063935593
2019-05-08,40.52264179771517
2019-05-09,40.06239714577289
2019-05-10,41.37939530955108
2019-05-13,40.877667629454145
2019-05-14,41.23604649874608
2019-05-15,41.551430128040465
2019-05-16,41.71628410180659
2019-05-17,41.1356943617038
2019-05-20,39.694976166312685
2019-05-21,39.60896836836889
2019-05-22,39.494284833883945
2019-05-23,37.8385290825721
2019-05-24,37.25794572918129
2019-05-28,36.31180603119115
2019-05-29,35.014437393323
2019-05-30,36.54117357236358
2019-05-31,35.179302457728554
2019-06-03,35.19363705019592
2019-06-04,36.07527160644531
2019-06-05,36.34047201651037
2019-06-06,36.6630297978548
2019-06-07,37.0357367759724
2019-06-10,37.22927645431568
2019-06-11,36.76337903206494
2019-06-12,36.41933092009321
2019-06-13,36.16127307596413
2019-06-14,36.01076001097385
2019-06-17,34.47685878071076
2019-06-18,35.10045678675221
2019-06-19,35.329817483210796
2019-06-20,36.16128284087883
2019-06-21,36.720362008412934
2019-06-24,36.61285033263195
2019-06-25,35.56635300993244
2019-06-26,35.50902277257056
2019-06-27,35.66670735520662
2019-06-28,35.681043604537585
2019-07-01,37.09309675532611
2019-07-02,36.548345365175834
2019-07-03,35.41584346081425
2019-07-05,35.22231182725158
2019-07-08,35.681040038338885
2019-07-09,36.01791885333342
2019-07-10,36.691698267087006
2019-07-11,37.107425689697266
2019-07-12,37.20060902403889
2019-07-15,37.50163970686488
2019-07-16,36.69169858431008
2019-07-17,36.24730234590209
2019-07-18,35.70254870479483
2019-07-19,36.326127696882075
2019-07-22,36.89956546243792
2019-07-23,36.55550365732025
2019-07-24,36.10394463776682
2019-07-25,35.48035345321974
2019-07-26,35.14345051157359
2019-07-29,34.48402467440115
2019-07-30,33.89627114845085
2019-07-31,35.3584897432783
2019-08-01,34.98576646462311
2019-08-02,33.6812421605425
2019-08-05,32.29787042224687
2019-08-06,31.487908795746186
2019-08-07,30.57761370804112
2019-08-08,31.47357267489802
2019-08-09,31.611413356660286
2019-08-12,30.85373513860452
2019-08-13,29.790054928738236
2019-08-14,28.777387537332682
2019-08-15,28.624387556399533
2019-08-16,28.653536823702904
2019-08-19,29.287355012161356
2019-08-20,28.87937277784241
2019-08-21,28.799237022171617
2019-08-22,28.828382980218436
2019-08-23,28.012414505128326
2019-08-26,27.37858726035945
2019-08-27,27.24015539221583
2019-08-28,26.832182829567778
2019-08-29,27.21101371660022
2019-08-30,27.298445794357512
2019-09-03,26.664607783251363
2019-09-04,27.13816532089482
2019-09-05,27.415007559624517
2019-09-06,27.225591708438703
2019-09-09,28.347542755715484
2019-09-10,30.788158356740034
2019-09-11,30.788160732660703
2019-09-12,29.731774216643945
2019-09-13,29.9940446171865
2019-09-16,32.28167057030615
2019-09-17,34.124881212701524
2019-09-18,31.516692586714377
2019-09-19,32.29623944233842
2019-09-20,31.429268994078313
2019-09-23,31.32727187090072
2019-09-24,31.25442578631929
2019-09-25,29.068799275931056
2019-09-26,29.92847532318766
2019-09-27,29.30921873769243
2019-09-30,28.893949905541156
2019-10-01,29.491356677879576
2019-10-02,28.478679065901915
2019-10-03,27.793858164857262
2019-10-04,28.238258910834396
2019-10-07,28.17269190104953
2019-10-08,26.51890864567246
2019-10-09,27.152741680163363
2019-10-10,26.868606446158118
2019-10-11,27.291166025628776
2019-10-14,27.37130565844865
2019-10-15,27.37859634711141
2019-10-16,27.415019982217437
2019-10-17,27.61899715484574
2019-10-18,26.759320116709663
2019-10-21,26.642759136380764
2019-10-22,28.17998449206465
2019-10-23,28.3475478317565
2019-10-24,28.64624505851893
2019-10-25,28.71181287844152
2019-10-28,29.549636822008363
2019-10-29,28.602532952812563
2019-10-30,29.14894323086761
2019-10-31,27.648143294175195
2019-11-01,27.670004833145867
2019-11-04,29.870193451964827
2019-11-05,30.627879582316297
2019-11-06,30.147055022784812
2019-11-07,30.11399699084977
2019-11-08,29.83220030791523
2019-11-11,29.55041386966982
2019-11-12,30.61082572425247
2019-11-13,29.476266020852638
2019-11-14,29.209307789590145
2019-11-15,29.898940794588157
2019-11-18,29.683897205648965
2019-11-19,28.260133664590807
2019-11-20,28.208221853442332
2019-11-21,28.756963426544694
2019-11-22,28.883030393455837
2019-11-25,28.801466069268976
2019-11-26,29.572668172563237
2019-11-27,28.401036275777432
2019-11-29,29.5949120860841
2019-12-02,29.535591974068975
2019-12-03,28.897855247259084
2019-12-04,28.912693003043422
2019-12-05,29.365029407795863
2019-12-06,28.54934087695651
2019-12-09,29.884111360446294
2019-12-10,30.12140508527692
2019-12-11,30.254878151366047
2019-12-12,30.914855057625402
2019-12-13,31.500679894753013
2019-12-16,31.567411289767843
2019-12-17,31.559996376381658
2019-12-18,31.611896784793426
2019-12-19,31.96784920859992
2019-12-20,32.405348659028114
2019-12-23,32.672310204139585
2019-12-24,33.62889432392923
2019-12-26,33.413851383235354
2019-12-27,33.68080241942596
2019-12-30,33.20621018911729
2019-12-31,33.36194382905062
2020-01-02,34.00707803134076
2020-01-03,34.296281930514766
2020-01-06,34.259196639565914
2020-01-07,34.7634537831626
2020-01-08,34.25178381967508
2020-01-09,33.695633845764554
2020-01-10,34.103478392836365
2020-01-13,34.303694074446135
2020-01-14,34.096062607403546
2020-01-15,34.036737600942566
2020-01-16,34.45941428316356
2020-01-17,33.66597192797924
2020-01-21,33.16173159955485
2020-01-22,32.42759252614189
2020-01-23,31.226297158286165
2020-01-24,31.426518955313142
2020-01-27,30.573742714019623
2020-01-28,30.291961092856788
2020-01-29,30.469931875823637
2020-01-30,28.9571883521254
2020-01-31,29.958260967235674
2020-02-03,29.92860145005755
2020-02-04,31.48584465969765
2020-02-05,31.463595278033296
2020-02-06,32.590751252897604
2020-02-07,31.296100831947612
2020-02-10,31.884037171255965
2020-02-11,33.42169948988196
2020-02-12,33.97948585830738
2020-02-13,34.04732062345173
2020-02-14,34.33375564717284
2020-02-18,33.70813956282277
2020-02-19,34.26591110229492
2020-02-20,34.49204471456628
2020-02-21,33.76090081502963
2020-02-24,32.11769964506063
2020-02-25,31.748356035213327
2020-02-26,30.14284062854025
2020-02-27,28.032321893080443
2020-02-28,26.916755801205753
2020-03-02,28.19814884415202
2020-03-03,28.17554005805581
2020-03-04,27.188119834733193
2020-03-05,25.4921560839698
2020-03-06,23.057511618710894
2020-03-09,15.082732747717666
2020-03-10,15.09780920858997
2020-03-11,15.444536521919987
2020-03-12,13.733499740243104
2020-03-13,12.85914033962426
2020-03-16,11.359157862902567
2020-03-17,10.982277537350772
2020-03-18,11.200868284231465
2020-03-19,10.040079380913394
2020-03-20,10.13806579599956
2020-03-23,10.032541572827927
2020-03-24,11.630511773231325
2020-03-25,13.982243285396073
2020-03-26,13.002352933361166
2020-03-27,13.288783020400023
2020-03-30,12.090302198837069
2020-03-31,12.082769503393727
2020-04-01,11.344083331226468
2020-04-02,11.223482524932303
2020-04-03,12.979743438769994
2020-04-06,12.354119097184325
2020-04-07,13.575211171054065
2020-04-08,13.492298744278303
2020-04-09,15.1505693446937
2020-04-13,14.90936639725585
2020-04-14,13.906866699895966
2020-04-15,12.655627187508316
2020-04-16,12.180754468675415
2020-04-17,12.391806817629
2020-04-20,12.07523011568619
2020-04-21,12.753613198541398
2020-04-22,14.758613688152787
2020-04-23,14.472188059355188
2020-04-24,14.570171595815095
2020-04-27,12.926978931188913
2020-04-28,14.1480704382989
2020-04-29,15.143032700116557
2020-04-30,16.2359837039762
2020-05-01,13.567674513044574
2020-05-04,12.42949460144833
2020-05-05,14.592789739771808
2020-05-06,12.844064597500346
2020-05-07,12.429496540893307
2020-05-08,12.7186680153742
2020-05-11,13.640653457699328
2020-05-12,14.444434957743294
2020-05-13,14.278949330284718
2020-05-14,13.475168122547279
2020-05-15,13.569731599766692
2020-05-18,14.854206026573838
2020-05-19,15.760430540688299
2020-05-20,15.232457013865762
2020-05-21,14.87784936297049
2020-05-22,14.460195673971185
2020-05-26,15.051209039851852
2020-05-27,15.839233254845258
2020-05-28,15.957436104053459
2020-05-29,16.052000536356747
2020-06-01,15.77618971442906
2020-06-02,16.241124681917945
2020-06-03,17.549240614159153
2020-06-04,18.045690637014676
2020-06-05,21.662713070663575
2020-06-08,22.58469414843459
2020-06-09,20.81164591005214
2020-06-10,20.41763363287206
2020-06-11,17.336472244137695
2020-06-12,17.714720138804182
2020-06-15,16.532692178888848
2020-06-16,19.5980909492676
2020-06-17,18.15601369002792
2020-06-18,16.832134028540384
2020-06-19,17.659564364035575
2020-06-22,16.847900089900484
2020-06-23,17.367992656407903
2020-06-24,15.996836901170207
2020-06-25,14.80692354552737
2020-06-26,15.49249999967139
2020-06-29,14.917241612222263
2020-06-30,14.846326446570831
2020-07-01,15.366418668464839
2020-07-02,14.99605124656738
2020-07-06,14.87784377339046
2020-07-07,14.767521477424497
2020-07-08,14.07406393834357
2020-07-09,14.625679842832756
2020-07-10,13.703690448402915
2020-07-13,14.893606239130097
2020-07-14,14.018900126917574
2020-07-15,15.516138842066345
2020-07-16,14.988165939050363
2020-07-17,15.090611894739357
2020-07-20,14.397153589012879
2020-07-21,14.680838847968234
2020-07-22,15.25609854221815
2020-07-23,15.059086936938112
2020-07-24,16.01259719894708
2020-07-27,15.791951136350114
2020-07-28,16.059873854172157
2020-07-29,15.358536614005015
2020-07-30,14.310468233725048
2020-07-31,14.034662831025425
2020-08-03,13.821897522207117
2020-08-04,14.215909146918849
2020-08-05,14.980289350159136
2020-08-06,15.114252065564001
2020-08-07,14.468076726505544
2020-08-10,14.625675465618981
2020-08-11,15.807707460753768
2020-08-12,15.650109542165124
2020-08-13,15.066968785311081
2020-08-14,14.450584934668854
2020-08-17,14.897924909233629
2020-08-18,14.730177854595745
2020-08-19,14.354727695076004
2020-08-20,14.210939823481727
2020-08-21,13.70768549687041
2020-08-24,13.228396135910305
2020-08-25,14.067157101862993
2020-08-26,13.53195193552597
2020-08-27,13.348218608349532
2020-08-28,13.260349186747328
2020-08-31,13.651769072637261
2020-09-01,13.244372956551295
2020-09-02,13.316267123390206
2020-09-03,13.10058458390634
2020-09-04,12.924847607078329
2020-09-08,12.445555890540227
2020-09-09,12.25384128944764
2020-09-10,11.990233486963385
2020-09-11,11.686682682637816
2020-09-14,12.038160162642786
2020-09-15,12.493487277575525
2020-09-16,12.52543925034414
2020-09-17,13.03668258198533
2020-09-18,13.148514638292188
2020-09-21,12.485498835704561
2020-09-22,12.301770242122474
2020-09-23,11.942302608755346
2020-09-24,11.215380779457147
2020-09-25,11.007688014122278
2020-09-28,11.646739743002565
2020-09-29,11.734609837818361
2020-09-30,11.766564856086532
2020-10-01,11.447038701672584
2020-10-02,10.32869484122136
2020-10-05,11.65473210240725
2020-10-06,11.926329245240023
2020-10-07,11.46301413757143
2020-10-08,11.88638658304625
2020-10-09,12.461532817398155
2020-10-12,11.862421278867341
2020-10-13,11.77455100260696
2020-10-14,11.902360877252862
2020-10-15,11.73461027441395
2020-10-16,11.8384577280272
2020-10-19,11.622775806549832
2020-10-20,11.670706344131528
2020-10-21,11.646741608394997
2020-10-22,11.614787357561038
2020-10-23,12.245853032115415
2020-10-26,12.277806211211486
2020-10-27,11.854433793393317
2020-10-28,11.53490999628153
2020-10-29,11.111534195346534
2020-10-30,11.407095300671891
2020-11-02,12.030173063521254
2020-11-03,12.74112011341692
2020-11-04,12.501474705402442
2020-11-05,12.461534891975395
2020-11-06,12.421592022423686
2020-11-09,13.49999500578787
2020-11-10,14.322775784685373
2020-11-11,14.04318828740721
2020-11-12,13.519856167588003
2020-11-13,13.641437125317212
2020-11-16,14.57356069189307
2020-11-17,14.792410316382476
2020-11-18,15.489474957952332
2020-11-19,15.773160950717633
2020-11-20,16.27570038072971
2020-11-23,16.74581565207963
2020-11-24,19.428713827428584
2020-11-25,19.18555183476825
2020-11-27,19.412502104119323
2020-11-30,18.958596092930904
2020-12-01,19.072075333447344
2020-12-02,18.642486784826797
2020-12-03,19.453025921500654
2020-12-04,20.060932421765603
2020-12-07,19.477343814112828
2020-12-08,19.590821212373605
2020-12-09,20.490523523077297
2020-12-10,19.939358092902946
2020-12-11,20.717474885571892
2020-12-14,20.668845382749584
2020-12-15,19.493551896492363
2020-12-16,20.141993781501164
2020-12-17,20.15820316433716
2020-12-18,19.906933239132876
2020-12-21,19.40439583216545
2020-12-22,19.615143491898195
2020-12-23,19.688086616184933
2020-12-24,20.02041240864678
2020-12-28,19.744824401655528
2020-12-29,19.53408351718099
2020-12-30,18.909964614193118
2020-12-31,18.999127420624642
2021-01-04,18.893754727845128
2021-01-05,19.161233790709023
2021-01-06,20.749899523161574
2021-01-07,20.74989947692879
2021-01-08,21.211907739098084
2021-01-11,19.963665967265364
2021-01-12,20.652636141355188
2021-01-13,21.341593551976363
2021-01-14,20.531050335049038
2021-01-15,21.836026192832367
2021-01-19,21.228118095585987
2021-01-20,21.382125250551326
2021-01-21,20.871478592494654
2021-01-22,19.323343478496007
2021-01-25,20.14199289814915
2021-01-26,20.96063950933133
2021-01-27,19.590818749911367
2021-01-28,20.55536619749361
2021-01-29,19.833985184521136
2021-02-01,19.915038684739937
2021-02-02,20.409469203900034
2021-02-03,19.97988223766301
2021-02-04,21.138963083823967
2021-02-05,21.479387529817295
2021-02-08,21.59286589104874
2021-02-09,21.592862576043046
2021-02-10,20.72558247671717
2021-02-11,21.30350111913322
2021-02-12,21.892313697148186
2021-02-16,23.307095591641417
2021-02-17,22.78371196624043
2021-02-18,21.818714373399438
2021-02-19,21.40981652414476
2021-02-22,21.90866947816088
2021-02-23,22.78370869330415
2021-02-24,22.98815494647382
2021-02-25,24.476536833306962
2021-02-26,23.200779632774697
2021-03-01,24.141245263964393
2021-03-02,24.337516666670126
2021-03-03,23.961327581292593
2021-03-04,23.634215716118852
2021-03-05,24.263914534030594
2021-03-08,26.741827039907292
2021-03-09,26.978988902999554
2021-03-10,26.488308484188597
2021-03-11,27.199790223882484
2021-03-12,26.741829891917757
2021-03-15,26.496490957031234
2021-03-16,26.26750146830682
2021-03-17,25.34340200712237
2021-03-18,26.005810473552295
2021-03-19,24.738233938206008
2021-03-22,25.122593391463692
2021-03-23,23.61785513257784
2021-03-24,22.890020791556612
2021-03-25,21.810538577630634
2021-03-26,23.168073060370105
2021-03-29,22.91455429676297
2021-03-30,22.113115155023095
2021-03-31,22.440238866655324
2021-04-01,22.325743163224228
2021-04-05,23.184426167710953
2021-04-06,22.211250502958716
2021-04-07,22.039516154614425
2021-04-08,22.14583350746846
2021-04-09,21.91684642089468
2021-04-12,21.417996288541136
2021-04-13,21.058165098402217
2021-04-14,21.589730072698337
2021-04-15,22.02316032234039
2021-04-16,22.04768887926384
2021-04-19,21.646976938335094
2021-04-20,21.32803564676407
2021-04-21,20.49388643179666
2021-04-22,21.09905319977526
2021-04-23,20.731047980733358
2021-04-26,20.690163570984712
2021-04-27,20.927319272845313
2021-04-28,20.78829347935859
2021-04-29,22.652861039721593
2021-04-30,22.309389022974635
2021-05-03,21.303502684793557
2021-05-04,21.712396436699684
2021-05-05,22.325743375762677
2021-05-06,23.02086878555663
2021-05-07,22.80006394894341
2021-05-10,25.057173845818852
2021-05-11,23.626032461140078
2021-05-12,23.765061491764172
2021-05-13,22.669214474749438
2021-05-14,23.70325647953961
2021-05-17,23.95901565663567
2021-05-18,25.402830709672163
2021-05-19,23.926013017389852
2021-05-20,23.71151031244051
2021-05-21,24.008521134162486
2021-05-24,24.000269268579423
2021-05-25,23.587751939497355
2021-05-26,22.55645762067482
2021-05-27,23.142234227109267
2021-05-28,23.975519426327082
2021-06-01,23.967270492039326
2021-06-02,25.056316641558592
2021-06-03,26.689883787390137
2021-06-04,27.473671519375273
2021-06-07,27.712930945475147
2021-06-08,26.491872614122407
2021-06-09,27.20140093948371
2021-06-10,27.589170705083372
2021-06-11,27.226156840505283
2021-06-14,27.23440281579617
2021-06-15,27.53967303043119
2021-06-16,28.323457014473345
2021-06-17,28.686469321821484
2021-06-18,25.906099549397258
2021-06-21,26.57437926898083
2021-06-22,27.22615635279492
2021-06-23,28.562713608410988
2021-06-24,27.927439200112538
2021-06-25,28.397709351691343
2021-06-28,27.457169000781725
2021-06-29,27.34166222884418
2021-06-30,26.739387798763577
2021-07-01,27.82017813848626
2021-07-02,27.349914261272698
2021-07-06,27.34991538921873
2021-07-07,26.161860009069496
2021-07-08,25.24607507205868
2021-07-09,26.095857573995737
2021-07-12,25.88960143360354
2021-07-13,26.07935624657946
2021-07-14,25.848349680163537
2021-07-15,24.602543285137358
2021-07-16,24.891303565284225
2021-07-19,22.630712714317156
2021-07-20,22.935974188207204
2021-07-21,24.2477786098965
2021-07-22,24.40453568352589
2021-07-23,24.421038925572958
2021-07-26,23.76100721639415
2021-07-27,24.355034023236502
2021-07-28,24.561291376765684
2021-07-29,24.03326988220215
2021-07-30,24.000269975471937
2021-08-02,23.868264930094334
2021-08-03,22.886471687473207
2021-08-04,22.820470607752213
2021-08-05,21.79742913850509
2021-08-06,22.27594468041019
2021-08-09,22.218195322933443
2021-08-10,22.911222713736358
2021-08-11,23.224735985521757
2021-08-12,23.75276411537625
2021-08-13,23.348491022352277
2021-08-16,22.26331878933554
2021-08-17,21.597249261674346
2021-08-18,21.297517154920033
2021-08-19,20.265116406880384
2021-08-20,19.89877875790144
2021-08-23,20.8146220572066
2021-08-24,21.4557119419527
2021-08-25,21.613899622394538
2021-08-26,21.40575635783498
2021-08-27,21.380777966591832
2021-08-30,23.378982704727584
2021-08-31,22.16341028987671
2021-09-01,22.48811386444477
2021-09-02,22.804496825853697
2021-09-03,22.721240025248967
2021-09-07,22.105125030492164
2021-09-08,23.062602325724313
2021-09-09,22.205034017432233
2021-09-10,22.912734148720237
2021-09-13,22.754540815450394
2021-09-14,23.18748315200629
2021-09-15,22.51309185927166
2021-09-16,22.762869038024924
2021-09-17,22.113448127734898
2021-09-20,21.022768233500972
2021-09-21,21.73878779370447
2021-09-22,21.79706995517921
2021-09-23,21.64720506099312
2021-09-24,22.046846359579206
2021-09-27,22.896083995413047
2021-09-28,23.578802750175566
2021-09-29,22.846128062864654
2021-09-30,23.09590082326082
2021-10-01,22.929384981913337
2021-10-04,24.15328883449306
2021-10-05,25.46044108889055
2021-10-06,25.643610057251717
2021-10-07,25.210669862315704
2021-10-08,25.826784294082156
2021-10-11,26.42624309875017
2021-10-12,25.585328994601433
2021-10-13,25.3522067977004
2021-10-14,26.60941175532488
2021-10-15,27.358736840729073
2021-10-18,27.63348654000855
2021-10-19,28.54100087781418
2021-10-20,28.61593972665237
2021-10-21,28.88236824975763
2021-10-22,28.5326810495605
2021-10-25,28.88236823053105
2021-10-26,28.207973960500723
2021-10-27,27.758375443057652
2021-10-28,26.47620102110038
2021-10-29,26.734296903624706
2021-11-01,26.15981570455898
2021-11-02,26.817556618271997
2021-11-03,26.692671392552878
2021-11-04,28.41612342013795
2021-11-05,28.590960471529968
2021-11-08,28.84073777396512
2021-11-09,28.724171831626578
2021-11-10,28.76580310152172
2021-11-11,27.583540678636748
2021-11-12,27.899913645398655
2021-11-15,27.450325991386876
2021-11-16,27.208871375399575
2021-11-17,26.542800346289532
2021-11-18,24.086674470916094
2021-11-19,20.914536556114182
2021-11-22,20.54819222464138
2021-11-23,21.39770697391086
2021-11-24,21.389299592303097
2021-11-26,19.925773506985635
2021-11-29,20.38838268664632
2021-11-30,18.95009128152321
2021-12-01,19.597742771325052
2021-12-02,17.873478186348834
2021-12-03,18.563185543428382
2021-12-06,18.537953771991422
2021-12-07,18.437018281986138
2021-12-08,19.79119804072831
2021-12-09,20.245394016213464
2021-12-10,20.893047828238814
2021-12-13,20.590246705378494
2021-12-14,19.681853219631282
2021-12-15,19.5809199211642
2021-12-16,20.07717294324911
2021-12-17,19.841664961907522
2021-12-20,19.076256998370507
2021-12-21,19.656623897305455
2021-12-22,20.800525767083705
2021-12-23,20.94351582664181
2021-12-27,20.817343937301793
2021-12-28,21.296773481894633
2021-12-29,20.850991845114482
2021-12-30,20.388379354137502
2021-12-31,19.99306784818775
2022-01-03,20.144461041016363
2022-01-04,21.61639479370234
2022-01-05,22.735062385668932
2022-01-06,23.18926354170708
2022-01-07,23.382715196099003
2022-01-10,23.492059355128838
2022-01-11,24.05560195283572
2022-01-12,24.720072492804817
2022-01-13,24.206999877541296
2022-01-14,24.1565294683767
2022-01-18,26.166772293248613
2022-01-19,25.064925636555103
2022-01-20,24.021956552358724
2022-01-21,23.07991925852069
2022-01-24,21.877139856504996
2022-01-25,23.273375118495366
2022-01-26,24.81259078797179
2022-01-27,24.543439406062472
2022-01-28,23.130381561599414
2022-01-31,23.58458227185695
2022-02-01,24.871472262959802
2022-02-02,25.687342149097542
2022-02-03,24.980815798474133
2022-02-04,25.74621905254023
2022-02-07,26.87330170070933
2022-02-08,27.411609649658203
2022-02-09,27.43684196472168
2022-02-10,27.27579763910152
2022-02-11,27.80130433654267
2022-02-14,28.58957271679188
2022-02-15,27.6741721116135
2022-02-16,29.242228640274366
2022-02-17,29.454128087837816
2022-02-18,28.674344431538405
2022-02-22,29.259182810354467
2022-02-23,28.411586605044977
2022-02-24,28.996426702277173
2022-02-25,28.657389204642495
2022-02-28,28.547191290559145
2022-03-01,30.818762256610828
2022-03-02,31.386663390123015
2022-03-03,31.827421320494246
2022-03-04,32.63264094987021
2022-03-07,33.904032117810765
2022-03-08,36.34513697482308
2022-03-09,34.234598309473725
2022-03-10,35.44666704600996
2022-03-11,35.60771386975684
2022-03-14,35.09068342099823
2022-03-15,33.463292502775396
2022-03-16,33.2090020195553
2022-03-17,33.4632873092372
2022-03-18,34.27696993995143
2022-03-21,34.91268468825992
2022-03-22,35.048295230441425
2022-03-23,35.20934103149569
2022-03-24,35.4805781907265
2022-03-25,35.10762590874996
2022-03-28,36.44683998265286
2022-03-29,35.175442591498836
2022-03-30,36.97235057009675
2022-03-31,36.05694213238618
2022-04-01,36.319699334923506
2022-04-04,37.97252106491209
2022-04-05,37.599583712912604
2022-04-06,37.76062054979966
2022-04-07,38.09117883988719
2022-04-08,38.184422249196544
2022-04-11,38.00642533621205
2022-04-12,38.56584682531908
2022-04-13,40.1254268650684
2022-04-14,40.78655952951653
2022-04-18,41.88843954626748
2022-04-19,41.64263718323127
2022-04-20,42.049483994096015
2022-04-21,42.55804114260453
2022-04-22,39.86267470264778
2022-04-25,37.29444194816974
2022-04-26,36.879107873561125
2022-04-27,36.014564649648605
2022-04-28,36.45531550292117
2022-04-29,40.252571750506995
2022-05-02,38.887929723218754
2022-05-03,38.14204162788364
2022-05-04,41.42225952291313
2022-05-05,42.7190833452604
2022-05-06,41.693488331332304
2022-05-09,40.015240874139856
2022-05-10,38.58279134688952
2022-05-11,38.97269185172203
2022-05-12,37.83689192283831
2022-05-13,38.3909489747897
2022-05-16,38.84270609085686
2022-05-17,41.23787769769562
2022-05-18,41.40836141852692
2022-05-19,39.12399560601124
2022-05-20,39.703600927041045
2022-05-23,39.37970503349872
2022-05-24,40.35993492196088
2022-05-25,40.81169258869467
2022-05-26,43.19833864970972
2022-05-27,43.32620281809652
2022-05-31,44.4854263301141
2022-06-01,43.351768492112996
2022-06-02,43.13015681417219
2022-06-03,42.62724339864405
2022-06-06,43.641576948593766
2022-06-07,44.80080896625631
2022-06-08,45.88332338931166
2022-06-09,45.346328398328346
2022-06-10,42.48235024228959
2022-06-13,40.53893473912996
2022-06-14,40.83726350856312
2022-06-15,38.35685773488002
2022-06-16,36.54128874056017
2022-06-17,34.93030488179223
2022-06-21,33.85631533721095
2022-06-22,32.79084562053087
2022-06-23,33.64322283631986
2022-06-24,33.3704667744403
2022-06-27,38.27160957364456
2022-06-28,38.26309096219392
2022-06-29,37.99886167026764
2022-06-30,36.362299749605796
2022-07-01,36.75438932934111
2022-07-05,35.927583869624016
2022-07-06,34.094985394750786
2022-07-07,35.56958798660537
2022-07-08,36.132150695666745
2022-07-11,35.79973333763296
2022-07-12,34.51265392656371
2022-07-13,32.75674638499821
2022-07-14,32.091897742795204
2022-07-15,33.6858425476855
2022-07-18,34.094983860300154
2022-07-19,35.620732407976895
2022-07-20,35.919065126365254
2022-07-21,34.86211748446583
2022-07-22,34.00974438561039
2022-07-25,34.197259039176494
2022-07-26,36.26852959168565
2022-07-27,36.45605974639743
2022-07-28,38.876797171162565
2022-07-29,38.98761524193007
2022-08-01,38.322753115873034
2022-08-02,38.83418162825361
2022-08-03,38.47618833426464
2022-08-04,36.41343697652639
2022-08-05,32.73117920543896
2022-08-08,34.3336357254956
2022-08-09,35.4928749769838
2022-08-10,35.49287061070473
2022-08-11,35.92758823490908
2022-08-12,36.890766688887034
2022-08-15,35.80825070116873
2022-08-16,36.01440962347377
2022-08-17,34.86537602987546
2022-08-18,35.89435853409338
2022-08-19,37.11198832540994
2022-08-22,36.520326229530504
2022-08-23,37.5235792943182
2022-08-24,38.29531476511957
2022-08-25,39.61584808260788
2022-08-26,39.667296050349265
2022-08-29,38.31246852041144
2022-08-30,37.92659893234095
2022-08-31,35.4741852070676
2022-09-01,35.72286037808114
2022-09-02,36.54604883685464
2022-09-06,38.5697186913262
2022-09-07,36.22878111879353
2022-09-08,36.24593099105994
2022-09-09,37.98663147565644
2022-09-12,39.2128229769783
2022-09-13,39.084206548087124
2022-09-14,38.67260914018362
2022-09-15,38.04665146423878
2022-09-16,37.49785708888818
2022-09-19,35.27697485885728
2022-09-20,36.4174275424563
2022-09-21,36.70897226077057
2022-09-22,35.70570725096599
2022-09-23,32.31006076893324
2022-09-26,30.76659610019806
2022-09-27,31.752698804751663
2022-09-28,31.486885584220087
2022-09-29,32.30149741183038
2022-09-30,31.70983303408534
2022-10-03,33.133252252614184
2022-10-04,34.299431836540215
2022-10-05,35.3541414352556
2022-10-06,36.537477868791704
2022-10-07,36.91476747077834
2022-10-10,36.8718999719221
2022-10-11,35.61996284058067
2022-10-12,35.7057151948419
2022-10-13,34.76247353968115
2022-10-14,36.374552921065764
2022-10-17,35.714291118282944
2022-10-18,36.86332038998314
2022-10-19,37.46356153276506
2022-10-20,37.20630861673677
2022-10-21,38.37250312943631
2022-10-24,38.27817031922609
2022-10-25,38.749783201034276
2022-10-26,38.638309769674976
2022-10-27,42.99434227130851
2022-10-28,42.85714926220061
2022-10-31,41.52804140185852
2022-11-01,43.08866125091475
2022-11-02,41.99966489326254
2022-11-03,40.121767273074205
2022-11-04,43.56027726857226
2022-11-07,43.731782577579736
2022-11-08,44.58069078689133
2022-11-09,43.594583750310505
2022-11-10,42.8657173451966
2022-11-11,44.314862681968684
2022-11-14,44.60055731587311
2022-11-15,44.842909490591055
2022-11-16,45.24104394027156
2022-11-17,43.11185803313196
2022-11-18,44.31493689061192
2022-11-21,44.92946069875645
2022-11-22,45.63918979997197
2022-11-23,45.38818353703209
2022-11-25,44.661149230129666
2022-11-28,42.003983445389416
2022-11-29,42.97337342301949
2022-11-30,44.61786600165267
2022-12-01,44.79963331184963
2022-12-02,42.65313050296865
2022-12-05,44.60056081547246
2022-12-06,40.50662530106962
2022-12-07,40.80089994788808
2022-12-08,40.229652320086196
2022-12-09,40.03923866640858
2022-12-12,39.23429811130828
2022-12-13,42.24632752710569
2022-12-14,41.874149031117426
2022-12-15,40.939384815619235
2022-12-16,39.58050081491724
2022-12-19,41.06055306136996
2022-12-20,40.48066918050606
2022-12-21,42.73967503580192
2022-12-22,41.58853493460297
2022-12-23,40.645103531453934
2022-12-27,42.8262343949214
2022-12-28,42.28094860239123
2022-12-29,40.887449810638586
2022-12-30,42.627164727201816
2023-01-03,42.32422753231105
2023-01-04,39.26026410514648
2023-01-05,39.91806113393466
2023-01-06,41.1644219730559
2023-01-09,41.45004362046693
2023-01-10,41.19038588106405
2023-01-11,42.93008996450182
2023-01-12,42.523295976324135
2023-01-13,43.475380363918696
2023-01-17,44.15913817660998
2023-01-18,43.41478133316952
2023-01-19,41.06055554894121
2023-01-20,41.10383029430814
2023-01-23,40.800899505615234
2023-01-24,40.82686299207822
2023-01-25,41.67507873205127
2023-01-26,43.28495878955929
2023-01-27,42.843543936837484
2023-01-30,41.692397087524526
2023-01-31,42.41077455130646
2023-02-01,41.59718296351151
2023-02-02,40.54124131239471
2023-02-03,40.09983223665546
2023-02-06,39.11312348408177
2023-02-07,39.63243776286675
2023-02-08,39.34681539375493
2023-02-09,39.995955211354506
2023-02-10,37.624425227867405
2023-02-13,39.234965318710245
2023-02-14,39.777339637723315
2023-02-15,39.716103761358205
2023-02-16,38.342666436738
2023-02-17,38.3164220586027
2023-02-21,36.680530920342626
2023-02-22,35.97194957717001
2023-02-23,36.015671870966095
2023-02-24,34.992165733804036
2023-02-27,36.26937959853534
2023-02-28,37.10043589147059
2023-03-01,36.977961942114206
2023-03-02,37.100439552565156
2023-03-03,38.64884051906065
2023-03-06,38.89378778366289
2023-03-07,38.98127007501025
2023-03-08,37.97523904954198
2023-03-09,37.6690681840508
2023-03-10,35.64826680770486
2023-03-13,33.067588099616614
2023-03-14,32.962617145164735
2023-03-15,31.134284046573054
2023-03-16,30.32071144706445
2023-03-17,30.618144540974786
2023-03-20,30.154498455342257
2023-03-21,31.93909827363326
2023-03-22,31.930350481358033
2023-03-23,30.32945384309077
2023-03-24,28.807295569912842
2023-03-27,30.20698291493147
2023-03-28,30.749354944078686
2023-03-29,32.682680936557674
2023-03-30,32.700175003193344
2023-03-31,31.361723377286715
2023-04-03,33.233815957111865
2023-04-04,33.688705659269246
2023-04-05,32.577703231822724
2023-04-06,33.24255031080856
2023-04-10,32.45523280795604
2023-04-11,32.953862075550155
2023-04-12,33.2075542742946
2023-04-13,32.51645841254977
2023-04-14,32.81389814592029
2023-04-17,32.840148303222215
2023-04-18,31.61541837262264
2023-04-19,31.667907740858393
2023-04-20,31.904101370818243
2023-04-21,32.000335990380975
2023-04-24,31.484201942334845
2023-04-25,31.729148745172626
2023-04-26,30.180736754282062
2023-04-27,29.57712885790426
2023-04-28,29.008499145507812
2023-05-01,28.36114201830146
2023-05-02,28.387393358447827
2023-05-03,26.88272778254346
2023-05-04,27.083932085030916
2023-05-05,28.4136311118787
2023-05-08,28.8947735751997
2023-05-09,27.521332549045006
2023-05-10,28.107451601599948
2023-05-11,26.803993800626134
2023-05-12,27.416362027879124
2023-05-15,27.495092331996027
2023-05-16,27.60006586513276
2023-05-17,27.434558866925283
2023-05-18,27.905571228632553
2023-05-19,29.416385843920914
2023-05-22,28.847610310094804
2023-05-23,29.549693025908997
2023-05-24,29.88740515195067
2023-05-25,28.892046293190848
2023-05-26,29.514141470249065
2023-05-30,28.43879965287194
2023-05-31,28.172189026492894
2023-06-01,27.41678524787222
2023-06-02,29.016469769837926
2023-06-05,30.1806787156273
2023-06-06,28.545446475860835
2023-06-07,29.523037651670688
2023-06-08,31.10494104043775
2023-06-09,30.909421844611934
2023-06-12,30.234005403574933
2023-06-13,30.45617884270132
2023-06-14,31.691491027926237
2023-06-15,30.46506750177929
2023-06-16,31.664831939203857
2023-06-20,30.509504314017853
2023-06-21,29.86962962158783
2023-06-22,29.851855834946686
2023-06-23,29.176436837370186
2023-06-26,30.047377820726116
2023-06-27,30.393967784221093
2023-06-28,30.260662948285887
2023-06-29,30.625033322409802
2023-06-30,31.584838451196894
2023-07-03,31.682603605371696
2023-07-05,32.21583244648386
2023-07-06,31.03384048964877
2023-07-07,30.340644176192388
2023-07-10,31.424877309831256
2023-07-11,32.269152831350375
2023-07-12,33.76218778719769
2023-07-13,33.13120497580431
2023-07-14,33.95771002662303
2023-07-17,33.024557614236215
2023-07-18,34.14433596608758
2023-07-19,35.61960233631564
2023-07-20,36.366118658768116
2023-07-21,36.614963064823115
2023-07-24,36.64161871829967
2023-07-25,37.352589922664116
2023-07-26,37.31704538643407
2023-07-27,38.82785292257027
2023-07-28,39.529937118823725
2023-07-31,39.96540186791935
2023-08-01,39.4144024802365
2023-08-02,39.26332271925045
2023-08-03,40.072049525433805
2023-08-04,40.04538616029756
2023-08-07,39.227776899879466
2023-08-08,37.992464471987596
2023-08-09,39.30776237396138
2023-08-10,38.27684606457121
2023-08-11,38.18797316852108
2023-08-14,37.59254065423529
2023-08-15,36.88157360388698
2023-08-16,36.71848285138943
2023-08-17,37.383969815387736
2023-08-18,36.43070421688866
2023-08-21,37.356987972899375
2023-08-22,37.0332329672137
2023-08-23,35.79220392747419
2023-08-24,36.25984009426209
2023-08-25,36.448690460117
2023-08-28,36.47567029334325
2023-08-29,36.51164456773177
2023-08-30,36.7904367328877
2023-08-31,36.358761356407236
2023-09-01,36.74546821823018
2023-09-05,37.81563100344413
2023-09-06,38.12138927936724
2023-09-07,37.67174649637696
2023-09-08,38.66996987456353
2023-09-11,39.56027646636419
2023-09-12,39.991938512536834
2023-09-13,40.93620183510711
2023-09-14,41.34089267206329
2023-09-15,41.05311741605687
2023-09-18,41.26894943419636
2023-09-19,41.44881217669037
2023-09-20,40.02791369606493
2023-09-21,40.18978519826321
2023-09-22,38.66996935235491
2023-09-25,38.202333492231766
2023-09-26,38.202332513145244
2023-09-27,38.858820056407026
2023-09-28,39.84805169086941
2023-09-29,39.32645780658466
2023-10-02,37.99548993572211
2023-10-03,36.02601986566733
2023-10-04,35.97206021120613
2023-10-05,34.569155223872215
2023-10-06,34.65008911808015
2023-10-09,35.900120700842734
2023-10-10,37.0332379196179
2023-10-11,36.862372054801185
2023-10-12,39.146599018553395
2023-10-13,38.52608120553534
2023-10-16,39.2725010665097
2023-10-17,38.696937180434766
2023-10-18,39.650205709421535
2023-10-19,38.27427687924632
2023-10-20,38.112405609404824
2023-10-23,37.401952660244696
2023-10-24,37.08720105426923
2023-10-25,36.52962960204849
2023-10-26,35.92710173839136
2023-10-27,35.59436150131944
2023-10-30,35.4504673893955
2023-10-31,35.450461077943444
2023-11-01,35.783207762122046
2023-11-02,35.66629927215836
2023-11-03,37.186119198769184
2023-11-06,37.44692160940507
2023-11-07,35.1896628687221
2023-11-08,34.128493156822394
2023-11-09,35.063768077456096
2023-11-10,33.89467463608103
2023-11-13,33.93064572587869
2023-11-14,34.847939329015354
2023-11-15,35.42348904400995
2023-11-16,34.45224068484539
2023-11-17,33.67418273526442
2023-11-20,35.12048052941753
2023-11-21,34.72934819614133
2023-11-22,33.819725920248466
2023-11-24,34.13808982892026
2023-11-27,34.01074451106374
2023-11-28,33.792434720183095
2023-11-29,33.337621267993576
2023-11-30,33.65599053306473
2023-12-01,32.76456434138305
2023-12-04,32.94649172869736
2023-12-05,33.50135774339062
2023-12-06,32.24608484897502
2023-12-07,32.37342723680838
2023-12-08,32.82823996162714
2023-12-11,32.61902622283242
2023-12-12,32.127831616216824
2023-12-13,32.18241068504895
2023-12-14,33.73785865332697
2023-12-15,34.2472477641891
2023-12-18,34.529228641467704
2023-12-19,34.128997432670594
2023-12-20,34.48374425849507
2023-12-21,33.583223480867055
2023-12-22,33.90159286439571
2023-12-26,33.91978369152608
2023-12-27,33.94707468905792
2023-12-28,33.364915873746845
2023-12-29,33.07383386450916
2024-01-02,33.001060989328096
2024-01-03,33.04654273626717
2024-01-04,33.52864769375445
2024-01-05,32.22789053800594
2024-01-08,31.12724706104606
2024-01-09,30.96351211921641
2024-01-10,30.372259328097723
2024-01-11,30.82707123019791
2024-01-12,31.081760093830827
2024-01-16,30.545086749076223
2024-01-17,29.71733162622317
2024-01-18,29.826487333179834
2024-01-19,30.163048967600254
2024-01-22,30.363167695253683
2024-01-23,30.790679057268278
2024-01-24,31.381941131381367
2024-01-25,32.42800532297587
2024-01-26,32.46438399521205
2024-01-29,32.60993867098998
2024-01-30,35.184154039762205
2024-01-31,37.11255723118988
2024-02-01,37.02159461819244
2024-02-02,35.675353452055184
2024-02-05,34.35639952206962
2024-02-06,34.11989663804643
2024-02-07,35.30240912261578
2024-02-08,35.220539776000926
2024-02-09,34.53833121819066
2024-02-12,34.767355063184816
2024-02-13,34.47302720377081
2024-02-14,33.67282891199059
2024-02-15,34.01314276511962
2024-02-16,35.98144817146605
2024-02-20,36.18380287468648
2024-02-21,35.99064852700634
2024-02-22,35.28242457959123
2024-02-23,34.81334229308379
2024-02-26,34.49141873896898
2024-02-27,35.20884242689959
2024-02-28,35.3192181242388
2024-02-29,36.11022051351162
2024-03-01,35.852685392818785
2024-03-04,35.81589472954968
2024-03-05,35.17205246926217
2024-03-06,35.67793081326652
2024-03-07,35.42958923054051
2024-03-08,36.606893521330925
2024-03-11,35.8250918863334
2024-03-12,36.44133410906839
2024-03-13,36.38615539184852
2024-03-14,37.21395122037139
2024-03-15,36.77245998068495
2024-03-18,37.0207994229369
2024-03-19,36.99320172751154
2024-03-20,37.68302882272927
2024-03-21,38.21649795124247
2024-03-22,38.290076939995714
2024-03-25,38.07853169439364
2024-03-26,38.87873073290944
2024-03-27,38.18890129771364
2024-03-28,39.053491464180674
2024-04-01,38.92471756855954
2024-04-02,39.12707531333751
2024-04-03,39.36621068457448
2024-04-04,40.019246135956436
2024-04-05,39.550170787884056
2024-04-08,40.469938976304874
2024-04-09,39.95486072478724
2024-04-10,39.320220459339225
2024-04-11,39.5593698737328
2024-04-12,39.448991466729694
2024-04-15,38.84193854289113
2024-04-16,38.01415592735896
2024-04-17,37.811793378584035
2024-04-18,37.765813418405756
2024-04-19,37.719817828093106
2024-04-22,38.29007864014759
2024-04-23,37.71981910953525
2024-04-24,38.46483314479473
2024-04-25,36.70807135938383
2024-04-26,37.17715485236393
2024-04-29,37.26913991242536
2024-04-30,37.17715365559027
2024-05-01,36.147005654368755
2024-05-02,35.310018239839295
2024-05-03,35.16285549208976
2024-05-06,35.53076295652794
2024-05-07,35.43878524005049
2024-05-08,35.30082639997687
2024-05-09,35.51237123265407
2024-05-10,36.32177233021413
2024-05-13,35.93546792686422
2024-05-14,35.67792706487046
2024-05-15,35.99065072940324
2024-05-16,35.39259256372102
2024-05-17,35.65297260362626
2024-05-20,35.801759132698976
2024-05-21,35.848256628668935
2024-05-22,35.95984277986131
2024-05-23,34.918340787590495
2024-05-24,34.73235560693216
2024-05-28,35.039230720288906
2024-05-29,34.63006407143488
2024-05-30,34.062819011230275
2024-05-31,34.397591267605456
2024-06-03,35.33679690675779
2024-06-04,33.15150027791822
2024-06-05,32.64934419216266
2024-06-06,32.8725275385231
2024-06-07,32.56565153317003
2024-06-10,32.398266644698474
2024-06-11,32.853929831301436
2024-06-12,33.793140018929186
2024-06-13,32.64935107851172
2024-06-14,31.56134632883593
2024-06-17,30.44544425706389
2024-06-18,30.761615453572787
2024-06-20,31.059189682026332
2024-06-21,31.496251846295305
2024-06-24,31.70083204563089
2024-06-25,32.100696974832005
2024-06-26,32.2122856833996
2024-06-27,32.88181912882689
2024-06-28,33.421178572739706
2024-07-01,33.7652508040239
2024-07-02,33.65365190550176
2024-07-03,33.32818390783831
2024-07-05,33.235190570187626
2024-07-08,32.79812657543662
2024-07-09,32.77953348647718
2024-07-10,33.104999468566454
2024-07-11,34.04421547894971
2024-07-12,34.97413726604022
2024-07-15,35.0113322194619
2024-07-16,36.36900774741382
2024-07-17,38.15444978747364
2024-07-18,38.27533232555599
2024-07-19,35.98773803985211
2024-07-22,35.41119882706296
2024-07-23,35.02062914161724
2024-07-24,35.318204566751554
2024-07-25,35.6436764814934
2024-07-26,38.84258576656805
2024-07-29,37.577897106052276
2024-07-30,36.36900987506898
2024-07-31,37.1222422000804
2024-08-01,37.47560732227055
2024-08-02,35.16012012913465
2024-08-05,32.35177081601831
2024-08-06,31.73803045861143
2024-08-07,32.10999022175469
2024-08-08,31.831018002865264
2024-08-09,32.19368910520387
2024-08-12,32.5935472781035
2024-08-13,32.45406491247735
2024-08-14,32.05419679989559
2024-08-15,32.50055982066589
2024-08-16,31.95779258698974
2024-08-19,32.28724964397224
2024-08-20,32.466100020811425
2024-08-21,31.345927231938607
2024-08-22,30.912918339809636
2024-08-23,30.67759409266888
2024-08-26,32.089570965971184
2024-08-27,31.77893385690005
2024-08-28,30.8752674497781
2024-08-29,31.129426654725204
2024-08-30,30.88468394216959
2024-09-03,30.150452917047563
2024-09-04,30.037495850071345
2024-09-05,29.359745371509135
2024-09-06,28.83260726910833
2024-09-09,28.578450065505
2024-09-10,28.983219346355618
2024-09-11,28.5219699112648
2024-09-12,29.143238168792475
2024-09-13,28.785541736274123
2024-09-16,28.587864103169068
2024-09-17,29.237371755101833
2024-09-18,29.96219033428033
2024-09-19,30.37636960542801
2024-09-20,30.16927799295393
2024-09-23,30.743483967557285
2024-09-24,31.788345747948753
2024-09-25,30.715245805218096
2024-09-26,28.63493051277345
2024-09-27,28.239572525024414
2024-09-30,28.004247597051098
2024-10-01,28.427840349890605
2024-10-02,30.66817983659312
2024-10-03,30.32930821839115
2024-10-04,31.82600306622231
2024-10-07,32.40020626837213
2024-10-08,32.531992124152
2024-10-09,32.315490874071955
2024-10-10,32.54140622186729
2024-10-11,32.99323769695201
2024-10-14,33.79336339703629
2024-10-15,32.43785822176204
2024-10-16,32.29666051005725
2024-10-17,32.53199375569501
2024-10-18,32.466096904881255
2024-10-21,33.39800698725773
2024-10-22,33.09678396735788
2024-10-23,32.37196476589135
2024-10-24,32.13663716335684
2024-10-25,32.55082147646023
2024-10-28,31.637736360402865
2024-10-29,31.628322695416518
2024-10-30,31.534194005706752
2024-10-31,32.390796326590205
2024-11-01,32.20252800038347
2024-11-04,31.34592938350138
2024-11-05,31.7036303992781
2024-11-06,34.64054439636066
2024-11-07,34.5181744626102
2024-11-08,33.821600770378346
2024-11-11,33.98161649060277
2024-11-12,34.828810255225335
2024-11-13,34.235778614869574
2024-11-14,32.46610225055734
2024-11-15,32.306074351879836
2024-11-18,32.18608079712994
2024-11-19,31.436909495123253
2024-11-20,31.36104162058082
2024-11-21,32.35678300342269
2024-11-22,32.840427181021155
2024-11-25,34.2154963118713
2024-11-26,33.2576930508655
2024-11-27,32.698176591478884
2024-11-29,33.371485977925225
2024-12-02,33.07751093297453
2024-12-03,33.874099668363066
2024-12-04,33.58960206369017
2024-12-05,33.47580397583417
2024-12-06,32.85939605953547
2024-12-09,31.986936449230853
2024-12-10,32.480064942154826
2024-12-11,32.51799579361642
2024-12-12,32.31885262293411
2024-12-13,32.13866794762048
2024-12-16,31.6739895256921
2024-12-17,30.792051051968773
2024-12-18,31.123964784867315
2024-12-19,29.61612881765878
2024-12-20,28.402274730893126
2024-12-23,28.753154482743533
2024-12-24,28.914370561221943
2024-12-26,29.07558539096289
2024-12-27,29.19886812884329
2024-12-30,29.407498335065718
2024-12-31,29.900626862539603
2025-01-02,31.086026837098004
2025-01-03,31.63605590331818
2025-01-06,31.560191118805893
2025-01-07,31.63605750877941
2025-01-08,31.436913109389607
2025-01-10,31.816239198464864
2025-01-13,32.80249363536812
2025-01-14,33.276658453622716
2025-01-15,33.22924314745783
2025-01-16,34.386190911195996
2025-01-17,35.09743714741201
2025-01-21,34.65172774009383
2025-01-22,34.319809540867844
2025-01-23,33.86461760319374
2025-01-24,33.36200516984436
2025-01-27,32.82146182400692
2025-01-28,32.26194747910779
2025-01-29,30.99119671824289
2025-01-30,31.20931240776146
2025-01-31,30.118742161540005
2025-02-03,29.796309322270577
2025-02-04,29.09455251078456
2025-02-05,30.829980212313984
2025-02-06,28.297961405019727
2025-02-07,26.32544771295529
2025-02-10,25.59523823526136
2025-02-11,26.00301961532285
2025-02-12,26.145267504458435
2025-02-13,25.386609415769634
2025-02-14,26.18600590633994
2025-02-18,25.1619187439389
2025-02-19,24.788655502306955
2025-02-20,24.8269372592207
2025-02-21,26.042442637899825
2025-02-24,25.171489030564754
2025-02-25,26.406135924314558
2025-02-26,25.726601784133432
2025-02-27,25.09492215161827
2025-02-28,24.97050025774016
2025-03-03,25.602181951939915
2025-03-04,23.496580949556012
2025-03-05,23.841131043891277
2025-03-06,24.042124004711894
2025-03-07,24.185686128844203
2025-03-10,24.511096193125688
2025-03-11,24.587666171416142
2025-03-12,24.156972676897272
2025-03-13,24.5015248690004
2025-03-14,24.061265297870982
2025-03-17,24.874792415697073
2025-03-18,24.35796392979562
2025-03-19,24.415386457921887
2025-03-20,24.156974236548617
2025-03-21,23.955985485915317
2025-03-24,23.99426800628682
2025-03-25,24.616375757468905
2025-03-26,24.92264567236982
2025-03-27,24.491953864603392
2025-03-28,24.50152800334529
2025-03-31,23.917698648863666
2025-04-01,24.846077476775292
2025-04-02,24.903504439743028
2025-04-03,23.82199323774156
2025-04-04,20.472171928307105
2025-04-07,18.050735524783594
2025-04-08,20.08933746265243
2025-04-09,17.227636050805938
2025-04-10,19.70649900261499
2025-04-11,17.581758976623902
2025-04-14,18.902545343420957
2025-04-15,18.25172229152627
2025-04-16,19.227955667251894
2025-04-17,19.160959507476104
2025-04-21,19.371518152862045
2025-04-22,19.074822080985466
2025-04-23,19.553365729882007
2025-04-24,19.237529003644966
2025-04-25,18.950398346935025
2025-04-28,19.14181628094341
2025-04-29,18.873831936417
2025-04-30,18.66327283466952
2025-05-01,18.136874553648006
2025-05-02,19.141817549606625
2025-05-05,19.06525146940532
2025-05-06,18.883401236413615
2025-05-07,18.653701027100492
2025-05-08,17.237207257489118
2025-05-09,17.773178051791646
2025-05-12,18.91211625553691
2025-05-13,18.730267496862158
2025-05-14,18.175157055396056
2025-05-15,17.60569280318433
2025-05-16,17.59599141466125
2025-05-19,16.858781923272684
2025-05-20,16.247677291067784
2025-05-21,15.52986909712916
2025-05-22,14.588959474393409
2025-05-23,14.75386005599626
2025-05-27,15.141864099069531
2025-05-28,15.17096582601516
2025-05-29,14.685960100419797
2025-05-30,14.656858904769281
2025-06-02,15.345566739350415
2025-06-03,15.229164780951564
2025-06-04,16.305877700420492
2025-06-05,16.043975814170235
2025-06-06,15.985773554623453
2025-06-09,16.567780036540135
2025-06-10,17.26618755385057
2025-06-11,18.33319957184362
2025-06-12,17.207988294873886
2025-06-13,18.100398025855718
2025-06-16,17.789992978793226
2025-06-17,17.76089272948045
2025-06-18,17.508690909802763
2025-06-20,16.92668561664688
2025-06-23,16.732681653954703
2025-06-24,15.714171353595582
2025-06-25,15.335867624144363
2025-06-26,15.064263343811035
2025-06-27,15.15156442642499
2025-06-30,14.889661977315622
2025-07-01,14.89936243761282
2025-07-02,15.714171039346027
2025-07-03,16.014875259900517
2025-07-07,15.762672178330094
2025-07-08,15.646269527580962
2025-07-09,16.752083985682773
2025-07-10,16.490179203275414
2025-07-11,16.548380940574685
2025-07-14,16.490179528184232
2025-07-15,15.937273625920874
2025-07-16,15.03516403320426
2025-07-17,14.996363150144287
2025-07-18,15.752970421773806
2025-07-21,15.29706725938848
2025-07-22,14.91876260456127
2025-07-23,15.617170633770378
2025-07-24,16.296175899024526
2025-07-25,16.29617618806339
2025-07-28,16.48047976935008
2025-07-29,16.684182498544043
2025-07-30,16.674480589375865
2025-07-31,15.675370489501507
2025-08-01,15.520168567722449
2025-08-04,15.044864501546549
2025-08-05,15.170964804472689
2025-08-06,15.394067221969728
2025-08-07,15.898472852239921
2025-08-08,15.597770572021505
2025-08-11,17.110985716062338
2025-08-12,17.178886884794018
2025-08-13,17.062485375358246
2025-08-14,17.537790767290712
2025-08-15,17.799693129210645
2025-08-18,17.327657759763003
2025-08-19,17.514505407193457
2025-08-20,17.4456653396542
2025-08-21,17.239150058412385
2025-08-22,17.68168413586358
2025-08-25,18.576586080080087
2025-08-26,18.21272555906872
2025-08-27,18.54708451796714
2025-08-28,19.54032809597158
2025-08-29,20.10086904541558
2025-09-02,20.572903853914376
2025-09-03,20.563070382879996
2025-09-04,19.550159150926376
2025-09-05,20.100870725594937
2025-09-08,19.874685738666994
2025-09-09,19.82551418335403
2025-09-10,19.78618057252251
2025-09-11,20.258214226160558
2025-09-12,20.799089607831725
2025-09-15,20.867926387953684
2025-09-16,20.87776057841529
2025-09-17,21.20228755729729
2025-09-18,20.759751975573288
2025-09-19,20.789254709242865
2025-09-22,20.779420596101925
2025-09-23,21.25145674284136
2025-09-24,21.7824973046816
2025-09-25,21.575983109214597
2025-09-26,21.634987191290566
2025-09-29,22.087353138306746
2025-09-30,21.68415633632631
2025-10-01,21.703824429821523
2025-10-02,22.71673631021408
2025-10-03,22.815077162559046
2025-10-06,23.001923849268913
2025-10-07,23.464126882621496
2025-10-08,23.33628260853533
2025-10-09,23.532964452959792
2025-10-10,22.510220225350626
2025-10-13,21.96934580916716
2025-10-14,21.821835161255446
2025-10-15,22.618394486996127
2025-10-16,23.001923277592937
2025-10-17,22.62822890817362
2025-10-20,22.726570884849373
2025-10-21,23.31661317874208
2025-10-22,23.11993221417939
2025-10-23,23.739481007819172
2025-10-24,25.116252635846088
2025-10-27,25.32276809230967
2025-10-28,24.56554331143022
2025-10-29,25.00807862411416
2025-10-30,25.73580046084442
2025-10-31,26.158665515831487
2025-11-03,25.657127326321547
2025-11-04,25.66696164960883
2025-11-05,25.83414058520605
2025-11-06,25.70629641562839
2025-11-07,26.2373382940085
2025-11-10,26.089827753447274
2025-11-11,26.453687368985673
2025-11-12,27.220745695087285
2025-11-13,26.207835356753236
2025-11-14,26.42418629594562
2025-11-17,27.397760995792837
2025-11-18,25.00833720654833
2025-11-19,26.109891849964402
2025-11-20,26.844264598316663
2025-11-21,26.000731070520413
2025-11-24,26.149589603410483
2025-11-25,26.64578618234811
2025-11-26,27.648104874469883
2025-11-28,27.568713202620096
2025-12-01,27.439700973505282
2025-12-02,27.95574608417819
2025-12-03,29.047380628138352
2025-12-04,29.71228482072462
2025-12-05,29.652740478515625
2025-12-08,29.325250827362233
2025-12-09,29.20616346303454
2025-12-10,30.099318764610857
2025-12-11,29.85122002087792
2025-12-12,30.36726525617963
2025-12-15,29.325249809745852
2025-12-16,28.362627746991365
2025-12-17,27.509167501441638
2025-12-18,28.501561911170874
2025-12-19,27.61833312279455
2025-12-22,28.283237185511815
2025-12-23,28.09468026784504
2025-12-24,27.78703927270437
2025-12-26,27.777116282957543
2025-12-29,27.330538466336332
2025-12-30,28.551183727078655
2025-12-31,28.99776021367408
2026-01-02,28.56110692067629
2026-01-05,31.558137560456924
2026-01-06,31.16117899664292
2026-01-07,30.823765634831474
2026-01-08,30.317644737858775
2026-01-09,31.270343614665766
2026-01-12,30.16878465719006
2026-01-13,30.863462240074732
2026-01-14,31.310037765749154
2026-01-15,31.57798466697823
2026-01-16,32.19326926164145
2026-01-20,32.05433459030428
2026-01-21,32.500913169928076
2026-01-22,32.500911275911385
2026-01-23,33.22535822234159
2026-01-26,32.42151757119469
2026-01-27,32.64977412076278
2026-01-28,33.52307590793381
2026-01-29,33.741404960894826
2026-01-30,32.83832590134242
2026-02-02,32.5604556426134
2026-02-03,34.148286089726646
2026-02-04,35.42847668132601
2026-02-05,33.84064230235947
2026-02-06,33.92003595123655
2026-02-09,35.72619552999937
2026-02-10,35.32923312014696
2026-02-11,34.73379981864627
2026-02-12,33.88034012208658
2026-02-13,32.34000015258789
2026-02-17,33.619998931884766
2026-02-18,34.15999984741211
2026-02-19,34.9900016784668
2026-02-20,35.54999923706055
2026-02-23,35.31999969482422
2026-02-24,35.279998779296875
2026-02-25,35.13999938964844
2026-02-26,33.709999084472656
2026-02-27,34.72999954223633
2026-03-02,36.0099983215332
2026-03-03,34.9900016784668
2026-03-04,33.619998931884766
2026-03-05,34.34000015258789
2026-03-06,34.150001525878906
2026-03-09,33.970001220703125
2026-03-10,34.11000061035156
2026-03-11,34.52000045776367
2026-03-12,34.630001068115234
2026-03-13,33.65999984741211
2026-03-16,34.79999923706055
2026-03-17,35.119998931884766
2026-03-18,35.599998474121094
2026-03-19,35.880001068115234
2026-03-20,36.83000183105469
2026-03-23,36.060001373291016
2026-03-24,37.119998931884766
2026-03-25,36.869998931884766
2026-03-26,36.36000061035156
2026-03-27,36.81999969482422
